image_path,label,split,source,ood_type,ood_subtype,source_dataset,source_url,license_status,source_split,source_image_hash,parent_image_hash,synthetic_transform,severity,notes
images/dissertation_v1/ood/modality_shift/colour_fundus/colour_fundus_000001.png,1,train,public_modality_shift,modality_shift,colour_fundus,prepared_colour_fundus,,pending_manual_review,test,d931a2c439f4dfe18ec87705252d136acc05656557bce66e58cd435851a63d57,,,,public/prepared OOD source; verify license before dissertation submission
images/dissertation_v1/ood/modality_shift/colour_fundus/colour_fundus_000002.png,1,train,public_modality_shift,modality_shift,colour_fundus,prepared_colour_fundus,,pending_manual_review,test,8036792207ae54b08c375b64152727f200e390c348b35f4a09258947306a62b2,,,,public/prepared OOD source; verify license before dissertation submission
images/dissertation_v1/ood/modality_shift/colour_fundus/colour_fundus_000004.png,1,train,public_modality_shift,modality_shift,colour_fundus,prepared_colour_fundus,,pending_manual_review,test,7f4cb1360ba0dfa8166f526bc0457e5a513e2b6a763e12d7da5ab1328ee4c6cb,,,,public/prepared OOD source; verify license before dissertation submission
images/dissertation_v1/ood/modality_shift/colour_fundus/colour_fundus_000005.png,1,train,public_modality_shift,modality_shift,colour_fundus,prepared_colour_fundus,,pending_manual_review,test,b12051f7f972b51f43df53fd09f14c628ee31635fb1d6b508d435a2e6697a2c7,,,,public/prepared OOD source; verify license before dissertation submission
images/dissertation_v1/ood/modality_shift/colour_fundus/colour_fundus_000006.png,1,train,public_modality_shift,modality_shift,colour_fundus,prepared_colour_fundus,,pending_manual_review,test,5c1226e52bd40979190594d66575b5bb0cde930df2dca45aea0d532614dac6cf,,,,public/prepared OOD source; verify license before dissertation submission
images/dissertation_v1/ood/modality_shift/colour_fundus/colour_fundus_000007.png,1,train,public_modality_shift,modality_shift,colour_fundus,prepared_colour_fundus,,pending_manual_review,test,a76ac4a1dc46e56febed749640a64ca5bfb36a320301014e8397c236bacbdd84,,,,public/prepared OOD source; verify license before dissertation submission
images/dissertation_v1/ood/modality_shift/colour_fundus/colour_fundus_000008.png,1,train,public_modality_shift,modality_shift,colour_fundus,prepared_colour_fundus,,pending_manual_review,test,d782c56d30ecb5784ef4a0271f8a609062d24775c280711eaf2804693ac8928f,,,,public/prepared OOD source; verify license before dissertation submission
images/dissertation_v1/ood/modality_shift/colour_fundus/colour_fundus_000011.png,1,train,public_modality_shift,modality_shift,colour_fundus,prepared_colour_fundus,,pending_manual_review,test,6f13d44fb1a0ebc8b61eecd3d200b4765bfd5e7175ea2b135960d66f64da6ac1,,,,public/prepared OOD source; verify license before dissertation submission
images/dissertation_v1/ood/modality_shift/colour_fundus/colour_fundus_000014.png,1,train,public_modality_shift,modality_shift,colour_fundus,prepared_colour_fundus,,pending_manual_review,test,061e7724d44805c7bded58ffdc62301c41c149df03a4dc05bf16e1476881da59,,,,public/prepared OOD source; verify license before dissertation submission
images/dissertation_v1/ood/modality_shift/colour_fundus/colour_fundus_000017.png,1,train,public_modality_shift,modality_shift,colour_fundus,prepared_colour_fundus,,pending_manual_review,test,4bcf81ba95bf2b20ccb0e6e82174fa1219c67cda14b0b9c25a6c3416bd44da87,,,,public/prepared OOD source; verify license before dissertation submission
images/dissertation_v1/ood/modality_shift/colour_fundus/colour_fundus_000018.png,1,train,public_modality_shift,modality_shift,colour_fundus,prepared_colour_fundus,,pending_manual_review,test,7b52b6ad5ca78020b87e8a1b7dd99d1b71d23a0aff19ef761091d26e9c0f3147,,,,public/prepared OOD source; verify license before dissertation submission
images/dissertation_v1/ood/modality_shift/colour_fundus/colour_fundus_000019.png,1,train,public_modality_shift,modality_shift,colour_fundus,prepared_colour_fundus,,pending_manual_review,test,5fd6f5d0db024e95b84d22fcdc6d23736df37c6f1033f62d4e2c3ede5d4af7b0,,,,public/prepared OOD source; verify license before dissertation submission
images/dissertation_v1/ood/modality_shift/colour_fundus/colour_fundus_000020.png,1,train,public_modality_shift,modality_shift,colour_fundus,prepared_colour_fundus,,pending_manual_review,test,846368726a6f292c819943ab9108c04d62f65b7afbb7e17d5e4d97558464f02c,,,,public/prepared OOD source; verify license before dissertation submission
images/dissertation_v1/ood/modality_shift/colour_fundus/colour_fundus_000021.png,1,train,public_modality_shift,modality_shift,colour_fundus,prepared_colour_fundus,,pending_manual_review,test,d35f24ea8b858a2a5d752c053a6654bda6613b6ed0d725a83f944c455869488d,,,,public/prepared OOD source; verify license before dissertation submission
images/dissertation_v1/ood/modality_shift/colour_fundus/colour_fundus_000022.png,1,train,public_modality_shift,modality_shift,colour_fundus,prepared_colour_fundus,,pending_manual_review,test,f6161135c45cc3dd19f4526c938b99eb3edab7b916b774e6d2dfc2cb913d2bac,,,,public/prepared OOD source; verify license before dissertation submission
images/dissertation_v1/ood/modality_shift/colour_fundus/colour_fundus_000023.png,1,train,public_modality_shift,modality_shift,colour_fundus,prepared_colour_fundus,,pending_manual_review,test,6689cd94761203a78b847666faaeb1586e5bc51389abd751686dbe5e724aaca9,,,,public/prepared OOD source; verify license before dissertation submission
images/dissertation_v1/ood/modality_shift/colour_fundus/colour_fundus_000024.png,1,train,public_modality_shift,modality_shift,colour_fundus,prepared_colour_fundus,,pending_manual_review,test,97778bfb41d4501286114c08b6f455be1f3fe8360c7ff75a08b3492828bb89d3,,,,public/prepared OOD source; verify license before dissertation submission
images/dissertation_v1/ood/modality_shift/colour_fundus/colour_fundus_000025.png,1,train,public_modality_shift,modality_shift,colour_fundus,prepared_colour_fundus,,pending_manual_review,test,a96fbf9da591871a3652d497fb46bbd46672c8a464ee2027729135fa3a3c72fe,,,,public/prepared OOD source; verify license before dissertation submission
images/dissertation_v1/ood/modality_shift/colour_fundus/colour_fundus_000027.png,1,train,public_modality_shift,modality_shift,colour_fundus,prepared_colour_fundus,,pending_manual_review,test,7429949465061f8bfbb8f48086977f7ebd65e8b59cce164236513e13903b9cd1,,,,public/prepared OOD source; verify license before dissertation submission
images/dissertation_v1/ood/modality_shift/colour_fundus/colour_fundus_000028.png,1,train,public_modality_shift,modality_shift,colour_fundus,prepared_colour_fundus,,pending_manual_review,test,abab31c833874043754ac37fdcb7652a67a102f7b822ab87c386613b5d3d46b5,,,,public/prepared OOD source; verify license before dissertation submission
images/dissertation_v1/ood/modality_shift/colour_fundus/colour_fundus_000029.png,1,train,public_modality_shift,modality_shift,colour_fundus,prepared_colour_fundus,,pending_manual_review,test,083c91260c908065ed08be2ac3c98c19bc994c87ef11ffdfd35c87bbd26da800,,,,public/prepared OOD source; verify license before dissertation submission
images/dissertation_v1/ood/modality_shift/colour_fundus/colour_fundus_000030.png,1,train,public_modality_shift,modality_shift,colour_fundus,prepared_colour_fundus,,pending_manual_review,test,f2a2d70f4f64734011ee03b8e5e8564c8566da40505921c765dec83cb964cf3e,,,,public/prepared OOD source; verify license before dissertation submission
images/dissertation_v1/ood/modality_shift/colour_fundus/colour_fundus_000031.png,1,train,public_modality_shift,modality_shift,colour_fundus,prepared_colour_fundus,,pending_manual_review,test,af46996b8cfc1153e787f429f02cbcfb1d7d5831e7d7eb847951f3c8aef7f9dd,,,,public/prepared OOD source; verify license before dissertation submission
images/dissertation_v1/ood/modality_shift/colour_fundus/colour_fundus_000033.png,1,train,public_modality_shift,modality_shift,colour_fundus,prepared_colour_fundus,,pending_manual_review,test,2abc52c0b6aa998d29e9d22d4bd13f671e31bd04ad1f4305daa7c88db237867a,,,,public/prepared OOD source; verify license before dissertation submission
images/dissertation_v1/ood/modality_shift/colour_fundus/colour_fundus_000034.png,1,train,public_modality_shift,modality_shift,colour_fundus,prepared_colour_fundus,,pending_manual_review,test,0134273055e512fa5a190fad8d184791a2af0be17b9873ec37c3616634b0197a,,,,public/prepared OOD source; verify license before dissertation submission
images/dissertation_v1/ood/modality_shift/colour_fundus/colour_fundus_000035.png,1,train,public_modality_shift,modality_shift,colour_fundus,prepared_colour_fundus,,pending_manual_review,test,749c4b8599d322c47a9f432e6fecf844d59b745107b20218d5d6aab02e80630a,,,,public/prepared OOD source; verify license before dissertation submission
images/dissertation_v1/ood/modality_shift/colour_fundus/colour_fundus_000038.png,1,train,public_modality_shift,modality_shift,colour_fundus,prepared_colour_fundus,,pending_manual_review,test,2522c5a69553121418217aebdb71dce94195e1a7fd4279fc0b74ded02cc98ed6,,,,public/prepared OOD source; verify license before dissertation submission
images/dissertation_v1/ood/modality_shift/colour_fundus/colour_fundus_000039.png,1,train,public_modality_shift,modality_shift,colour_fundus,prepared_colour_fundus,,pending_manual_review,test,42cd2aabbbc7c8b4608428561fc653071b1468350d20ba64093870afbce39bea,,,,public/prepared OOD source; verify license before dissertation submission
images/dissertation_v1/ood/modality_shift/colour_fundus/colour_fundus_000040.png,1,train,public_modality_shift,modality_shift,colour_fundus,prepared_colour_fundus,,pending_manual_review,test,a57c11d63d9a5bf8422dafc8d885c324f9309c8cf4be42044ce8054e73d96faa,,,,public/prepared OOD source; verify license before dissertation submission
images/dissertation_v1/ood/modality_shift/colour_fundus/colour_fundus_000042.png,1,train,public_modality_shift,modality_shift,colour_fundus,prepared_colour_fundus,,pending_manual_review,test,800f6d9a64ffe0e5b0d6f16e160ff33ea5a3819ae9084f871f79ae5e6a46c848,,,,public/prepared OOD source; verify license before dissertation submission
images/dissertation_v1/ood/modality_shift/colour_fundus/colour_fundus_000046.png,1,train,public_modality_shift,modality_shift,colour_fundus,prepared_colour_fundus,,pending_manual_review,test,aaa0efe4e5a1e55bc6df7c9afcec4229e0009ddc41d46510cbe56ef5409b00df,,,,public/prepared OOD source; verify license before dissertation submission
images/dissertation_v1/ood/modality_shift/colour_fundus/colour_fundus_000047.png,1,train,public_modality_shift,modality_shift,colour_fundus,prepared_colour_fundus,,pending_manual_review,test,b027daaf29f509d57f1f24296faef5284df5be7e121e3573f729baf092164718,,,,public/prepared OOD source; verify license before dissertation submission
images/dissertation_v1/ood/modality_shift/colour_fundus/colour_fundus_000048.png,1,train,public_modality_shift,modality_shift,colour_fundus,prepared_colour_fundus,,pending_manual_review,test,9d8de32ee10934895bd85ffd244ea706d57f0ad295b384995740976ca821a441,,,,public/prepared OOD source; verify license before dissertation submission
images/dissertation_v1/ood/modality_shift/colour_fundus/colour_fundus_000049.png,1,train,public_modality_shift,modality_shift,colour_fundus,prepared_colour_fundus,,pending_manual_review,test,e23630809acf2ea607feb877eeb3eabeaec13c3dcbb68c653a49ba44d433f750,,,,public/prepared OOD source; verify license before dissertation submission
images/dissertation_v1/ood/modality_shift/colour_fundus/colour_fundus_000050.png,1,train,public_modality_shift,modality_shift,colour_fundus,prepared_colour_fundus,,pending_manual_review,test,21d0d0f645a08f4b4ed7a0cbceed6ee31dad19acd4d2e2db23d55605684c653a,,,,public/prepared OOD source; verify license before dissertation submission
images/dissertation_v1/ood/modality_shift/colour_fundus/colour_fundus_000051.png,1,train,public_modality_shift,modality_shift,colour_fundus,prepared_colour_fundus,,pending_manual_review,test,fb39e2117d7e8b972a558a1e77a0212051bd2f0e01cbc4e0d25aab9b8b1fb51c,,,,public/prepared OOD source; verify license before dissertation submission
images/dissertation_v1/ood/modality_shift/colour_fundus/colour_fundus_000053.png,1,train,public_modality_shift,modality_shift,colour_fundus,prepared_colour_fundus,,pending_manual_review,test,154f4b9e3935443807be3644ed2897cc2bf8e0892ea4d9672f084e2929e8c00e,,,,public/prepared OOD source; verify license before dissertation submission
images/dissertation_v1/ood/modality_shift/colour_fundus/colour_fundus_000059.png,1,train,public_modality_shift,modality_shift,colour_fundus,prepared_colour_fundus,,pending_manual_review,test,7ff3b075eb388a5835e899a17a519bc68a432136eef58843d97f21f6f34885b4,,,,public/prepared OOD source; verify license before dissertation submission
images/dissertation_v1/ood/modality_shift/colour_fundus/colour_fundus_000060.png,1,train,public_modality_shift,modality_shift,colour_fundus,prepared_colour_fundus,,pending_manual_review,test,ab7f0556661bf51daa25b3b717e754cbea55afefb67e48caed0893cb9b7b6c53,,,,public/prepared OOD source; verify license before dissertation submission
images/dissertation_v1/ood/modality_shift/colour_fundus/colour_fundus_000061.png,1,train,public_modality_shift,modality_shift,colour_fundus,prepared_colour_fundus,,pending_manual_review,test,63ac70a5bfbe9a8f08eb11eb904e2994ef42682a65c03dbca32ce804d6e763b7,,,,public/prepared OOD source; verify license before dissertation submission
images/dissertation_v1/ood/modality_shift/colour_fundus/colour_fundus_000062.png,1,train,public_modality_shift,modality_shift,colour_fundus,prepared_colour_fundus,,pending_manual_review,test,e43d4e0b3b01f532982326f9f447bdc0b5ccdf928e160c7b834c9a73fbb3a3d3,,,,public/prepared OOD source; verify license before dissertation submission
images/dissertation_v1/ood/modality_shift/colour_fundus/colour_fundus_000063.png,1,train,public_modality_shift,modality_shift,colour_fundus,prepared_colour_fundus,,pending_manual_review,test,beb648fb1ecb574b9e06a885ed99d57111e8699d5e956d491dfc5d80228b3ca4,,,,public/prepared OOD source; verify license before dissertation submission
images/dissertation_v1/ood/modality_shift/colour_fundus/colour_fundus_000064.png,1,train,public_modality_shift,modality_shift,colour_fundus,prepared_colour_fundus,,pending_manual_review,test,7c35ae990a8e822533471e9e08eefc890640df019475167fa1b713e35c1ad345,,,,public/prepared OOD source; verify license before dissertation submission
images/dissertation_v1/ood/modality_shift/colour_fundus/colour_fundus_000065.png,1,train,public_modality_shift,modality_shift,colour_fundus,prepared_colour_fundus,,pending_manual_review,test,f89ff5359f64c634c8dfed7f1040ce1cb5cc042fa170927995d00ebed9e3558c,,,,public/prepared OOD source; verify license before dissertation submission
images/dissertation_v1/ood/modality_shift/colour_fundus/colour_fundus_000066.png,1,train,public_modality_shift,modality_shift,colour_fundus,prepared_colour_fundus,,pending_manual_review,test,0dc7aaa65dc128dc444d3686573f5f6b15bf91d015c415b3cd6ecfaf5a21304c,,,,public/prepared OOD source; verify license before dissertation submission
images/dissertation_v1/ood/modality_shift/colour_fundus/colour_fundus_000067.png,1,train,public_modality_shift,modality_shift,colour_fundus,prepared_colour_fundus,,pending_manual_review,test,5a72861c8e1b5f3a6a9d9ac7d32a02cde56d935952256067ac0fdbbf39fd6942,,,,public/prepared OOD source; verify license before dissertation submission
images/dissertation_v1/ood/modality_shift/colour_fundus/colour_fundus_000069.png,1,train,public_modality_shift,modality_shift,colour_fundus,prepared_colour_fundus,,pending_manual_review,test,380bbb40a5801954523a6729b1ea6c183c515648fe011bca2f007c2acbc52933,,,,public/prepared OOD source; verify license before dissertation submission
images/dissertation_v1/ood/modality_shift/colour_fundus/colour_fundus_000072.png,1,train,public_modality_shift,modality_shift,colour_fundus,prepared_colour_fundus,,pending_manual_review,test,29862c0e768fc9b51c86d294ff572f08a38f3ce91d1ecf8d531f02a3500c92b6,,,,public/prepared OOD source; verify license before dissertation submission
images/dissertation_v1/ood/modality_shift/colour_fundus/colour_fundus_000073.png,1,train,public_modality_shift,modality_shift,colour_fundus,prepared_colour_fundus,,pending_manual_review,test,33b9f62bb10d42a5f7f5aff5d2a06237b78eb01fae333e0bf3505a8c548ae108,,,,public/prepared OOD source; verify license before dissertation submission
images/dissertation_v1/ood/modality_shift/colour_fundus/colour_fundus_000076.png,1,train,public_modality_shift,modality_shift,colour_fundus,prepared_colour_fundus,,pending_manual_review,test,3d078291cf3560641bb514d0b0e88dbacb2363b3416a0ceda2affc71d3f4c37a,,,,public/prepared OOD source; verify license before dissertation submission
images/dissertation_v1/ood/modality_shift/colour_fundus/colour_fundus_000077.png,1,train,public_modality_shift,modality_shift,colour_fundus,prepared_colour_fundus,,pending_manual_review,test,ba0053da565ed8308fc231d0d7c18cc19068862eab587255143a217ac4687963,,,,public/prepared OOD source; verify license before dissertation submission
images/dissertation_v1/ood/modality_shift/colour_fundus/colour_fundus_000078.png,1,train,public_modality_shift,modality_shift,colour_fundus,prepared_colour_fundus,,pending_manual_review,test,78b50633a84d9d5c61473a255ebe63dfa38600092c536989fa891e0ab2719ab3,,,,public/prepared OOD source; verify license before dissertation submission
images/dissertation_v1/ood/modality_shift/colour_fundus/colour_fundus_000079.png,1,train,public_modality_shift,modality_shift,colour_fundus,prepared_colour_fundus,,pending_manual_review,test,d7fef962bb49452884c8aef084f71978eca8c5ee633bfc1dff3eea702efca3d6,,,,public/prepared OOD source; verify license before dissertation submission
images/dissertation_v1/ood/modality_shift/colour_fundus/colour_fundus_000081.png,1,train,public_modality_shift,modality_shift,colour_fundus,prepared_colour_fundus,,pending_manual_review,test,9996def40f480a387af3250d71bbede85129698093c1ef878e8d837d42b09e86,,,,public/prepared OOD source; verify license before dissertation submission
images/dissertation_v1/ood/modality_shift/colour_fundus/colour_fundus_000084.png,1,train,public_modality_shift,modality_shift,colour_fundus,prepared_colour_fundus,,pending_manual_review,test,70213385149edf83cd8869bd38dcefd47239de0b485acf6f288ed3321e05f704,,,,public/prepared OOD source; verify license before dissertation submission
images/dissertation_v1/ood/modality_shift/colour_fundus/colour_fundus_000085.png,1,train,public_modality_shift,modality_shift,colour_fundus,prepared_colour_fundus,,pending_manual_review,test,4a2328c173bd59d7aab7a3d017eaad07dd5e182a66df05ec6eb162913a0465df,,,,public/prepared OOD source; verify license before dissertation submission
images/dissertation_v1/ood/modality_shift/colour_fundus/colour_fundus_000086.png,1,train,public_modality_shift,modality_shift,colour_fundus,prepared_colour_fundus,,pending_manual_review,test,7a878ede5b0859831f6a34a8d381e119d65cbc7682833131e9041af16fa438aa,,,,public/prepared OOD source; verify license before dissertation submission
images/dissertation_v1/ood/modality_shift/colour_fundus/colour_fundus_000093.png,1,train,public_modality_shift,modality_shift,colour_fundus,prepared_colour_fundus,,pending_manual_review,test,d3f3547de145461e514cc07d5159dff9a13fe633a6ce492fa0a15d98e83d634c,,,,public/prepared OOD source; verify license before dissertation submission
images/dissertation_v1/ood/modality_shift/colour_fundus/colour_fundus_000094.png,1,train,public_modality_shift,modality_shift,colour_fundus,prepared_colour_fundus,,pending_manual_review,test,eeb9e99d588a6d9f10d44686ca42925975abf7570fec7b483ebb738602d73764,,,,public/prepared OOD source; verify license before dissertation submission
images/dissertation_v1/ood/modality_shift/colour_fundus/colour_fundus_000095.png,1,train,public_modality_shift,modality_shift,colour_fundus,prepared_colour_fundus,,pending_manual_review,test,7f024f419ba2df378d1fd248f4c36e4aec4b3dbb647c75621434eb5bf0b7f782,,,,public/prepared OOD source; verify license before dissertation submission
images/dissertation_v1/ood/modality_shift/colour_fundus/colour_fundus_000096.png,1,train,public_modality_shift,modality_shift,colour_fundus,prepared_colour_fundus,,pending_manual_review,test,0537ca166f00857e038b61a2efa61ffbbff780b14b3c6facb17d49ff3773b7f4,,,,public/prepared OOD source; verify license before dissertation submission
images/dissertation_v1/ood/modality_shift/colour_fundus/colour_fundus_000098.png,1,train,public_modality_shift,modality_shift,colour_fundus,prepared_colour_fundus,,pending_manual_review,test,ec009d12b230de814bcbf2ad4f54678aeafa196d2ebfebb5f53c4bd3485e901d,,,,public/prepared OOD source; verify license before dissertation submission
images/dissertation_v1/ood/modality_shift/colour_fundus/colour_fundus_000099.png,1,train,public_modality_shift,modality_shift,colour_fundus,prepared_colour_fundus,,pending_manual_review,test,ef32d759d517c42ea4eae28c92073abda536cdb5dac5df92d4fe2af0bd0a39e3,,,,public/prepared OOD source; verify license before dissertation submission
images/dissertation_v1/ood/modality_shift/colour_fundus/colour_fundus_000100.png,1,train,public_modality_shift,modality_shift,colour_fundus,prepared_colour_fundus,,pending_manual_review,test,05a6810ae120d75eaa33d4a9e1b194af8c3f7dc31918d99a4aba6d3567040446,,,,public/prepared OOD source; verify license before dissertation submission
images/dissertation_v1/ood/modality_shift/colour_fundus/colour_fundus_000101.png,1,train,public_modality_shift,modality_shift,colour_fundus,prepared_colour_fundus,,pending_manual_review,test,a0980c918396a9db92572f9f9e3f01cf8a60b28cabe4b6111bf4ecaca3932ffb,,,,public/prepared OOD source; verify license before dissertation submission
images/dissertation_v1/ood/modality_shift/colour_fundus/colour_fundus_000106.png,1,train,public_modality_shift,modality_shift,colour_fundus,prepared_colour_fundus,,pending_manual_review,test,47e75fad006afdce2253a469e8a6f78827e9c17fa2396123cad11d2fd7cb4136,,,,public/prepared OOD source; verify license before dissertation submission
images/dissertation_v1/ood/modality_shift/colour_fundus/colour_fundus_000109.png,1,train,public_modality_shift,modality_shift,colour_fundus,prepared_colour_fundus,,pending_manual_review,test,ae446e4cde2190d19ef9bb880009bc984a8475365a62255e95659e96ba9898e5,,,,public/prepared OOD source; verify license before dissertation submission
images/dissertation_v1/ood/modality_shift/colour_fundus/colour_fundus_000111.png,1,train,public_modality_shift,modality_shift,colour_fundus,prepared_colour_fundus,,pending_manual_review,test,ed9275b7bfab5ecab5f5978cfe7fdfa99619686003a0dc363926efca34d2116c,,,,public/prepared OOD source; verify license before dissertation submission
images/dissertation_v1/ood/modality_shift/colour_fundus/colour_fundus_000112.png,1,train,public_modality_shift,modality_shift,colour_fundus,prepared_colour_fundus,,pending_manual_review,test,64139ccad3aa081cf894ce14e45f1e862633e15a24f5cf69a3a33b47cc49422a,,,,public/prepared OOD source; verify license before dissertation submission
images/dissertation_v1/ood/modality_shift/colour_fundus/colour_fundus_000114.png,1,train,public_modality_shift,modality_shift,colour_fundus,prepared_colour_fundus,,pending_manual_review,test,e12fd4d82365e2a87d35062ab4cf19c1867d11a967f321c8d45faaef102797e8,,,,public/prepared OOD source; verify license before dissertation submission
images/dissertation_v1/ood/modality_shift/colour_fundus/colour_fundus_000115.png,1,train,public_modality_shift,modality_shift,colour_fundus,prepared_colour_fundus,,pending_manual_review,test,bf63053c91c4b861246a38d2f749feac6efe88ca409d935610a252d73f24af07,,,,public/prepared OOD source; verify license before dissertation submission
images/dissertation_v1/ood/modality_shift/colour_fundus/colour_fundus_000116.png,1,train,public_modality_shift,modality_shift,colour_fundus,prepared_colour_fundus,,pending_manual_review,test,64bde2f5f1e66660fcfd33e931c8d0845a3aea212ef940cc3cb68ff5417fb2f7,,,,public/prepared OOD source; verify license before dissertation submission
images/dissertation_v1/ood/modality_shift/colour_fundus/colour_fundus_000119.png,1,train,public_modality_shift,modality_shift,colour_fundus,prepared_colour_fundus,,pending_manual_review,test,94c7365d9f9bbe0599aa63a71476f3d8909d8fb717c131602903f2181fe1d19c,,,,public/prepared OOD source; verify license before dissertation submission
images/dissertation_v1/ood/modality_shift/colour_fundus/colour_fundus_000120.png,1,train,public_modality_shift,modality_shift,colour_fundus,prepared_colour_fundus,,pending_manual_review,test,9422388e5167d72a1e8f5f3708456a38e476c9294daaa0e4999bcec5017281a4,,,,public/prepared OOD source; verify license before dissertation submission
images/dissertation_v1/ood/modality_shift/colour_fundus/colour_fundus_000121.png,1,train,public_modality_shift,modality_shift,colour_fundus,prepared_colour_fundus,,pending_manual_review,test,9d95318223589425d91f7957895e609081e02463c5e4b9c8add7ca5c35dfd260,,,,public/prepared OOD source; verify license before dissertation submission
images/dissertation_v1/ood/modality_shift/colour_fundus/colour_fundus_000122.png,1,train,public_modality_shift,modality_shift,colour_fundus,prepared_colour_fundus,,pending_manual_review,test,9613a7af03c271668456863f9b0326129ccaf390ca9a2e6c051866d9d0e3bd39,,,,public/prepared OOD source; verify license before dissertation submission
images/dissertation_v1/ood/modality_shift/colour_fundus/colour_fundus_000124.png,1,train,public_modality_shift,modality_shift,colour_fundus,prepared_colour_fundus,,pending_manual_review,test,4ab6d05bd1ced5140ba371849c30b6af9e8b82621ff5d69e41336ae75b14ba92,,,,public/prepared OOD source; verify license before dissertation submission
images/dissertation_v1/ood/modality_shift/colour_fundus/colour_fundus_000125.png,1,train,public_modality_shift,modality_shift,colour_fundus,prepared_colour_fundus,,pending_manual_review,test,5896b0af172ebeec48c0304e1543ef78e6e1136fd2e001e6d5bbc695dd1292b5,,,,public/prepared OOD source; verify license before dissertation submission
images/dissertation_v1/ood/modality_shift/colour_fundus/colour_fundus_000127.png,1,train,public_modality_shift,modality_shift,colour_fundus,prepared_colour_fundus,,pending_manual_review,test,b637e98e2632bea5e9313120f85c5bd1147012967b37002df966e23c2d4cf9b4,,,,public/prepared OOD source; verify license before dissertation submission
images/dissertation_v1/ood/modality_shift/colour_fundus/colour_fundus_000129.png,1,train,public_modality_shift,modality_shift,colour_fundus,prepared_colour_fundus,,pending_manual_review,test,f37d241530ca2282d53e28c22bc9428b532914485d7cbcbc84e73cc4e67d9a3e,,,,public/prepared OOD source; verify license before dissertation submission
images/dissertation_v1/ood/modality_shift/colour_fundus/colour_fundus_000130.png,1,train,public_modality_shift,modality_shift,colour_fundus,prepared_colour_fundus,,pending_manual_review,test,63883d0edf8afac4d138f9caf3d29654a66635fd45e1adf6ab133c002103dc53,,,,public/prepared OOD source; verify license before dissertation submission
images/dissertation_v1/ood/modality_shift/colour_fundus/colour_fundus_000132.png,1,train,public_modality_shift,modality_shift,colour_fundus,prepared_colour_fundus,,pending_manual_review,test,5cbac868c80d008bf31289c1e4f921a60554bdd883927c4895f8b02022688154,,,,public/prepared OOD source; verify license before dissertation submission
images/dissertation_v1/ood/modality_shift/colour_fundus/colour_fundus_000134.png,1,train,public_modality_shift,modality_shift,colour_fundus,prepared_colour_fundus,,pending_manual_review,test,1768ecf1a863b9a6bc794cb779a167441a751efe4dbdc9bafa982060cf3ff71f,,,,public/prepared OOD source; verify license before dissertation submission
images/dissertation_v1/ood/modality_shift/colour_fundus/colour_fundus_000136.png,1,train,public_modality_shift,modality_shift,colour_fundus,prepared_colour_fundus,,pending_manual_review,test,f5b44148218a8df2961bf9bc18367f69b10f96edff5930ac2828e72954ad3d27,,,,public/prepared OOD source; verify license before dissertation submission
images/dissertation_v1/ood/modality_shift/colour_fundus/colour_fundus_000137.png,1,train,public_modality_shift,modality_shift,colour_fundus,prepared_colour_fundus,,pending_manual_review,test,545dc2a06333071a6f798f0e24353036c07ce2ad6f686e9c0668783baf5b4caa,,,,public/prepared OOD source; verify license before dissertation submission
images/dissertation_v1/ood/modality_shift/colour_fundus/colour_fundus_000138.png,1,train,public_modality_shift,modality_shift,colour_fundus,prepared_colour_fundus,,pending_manual_review,test,2b684f08bf5bc6bca6441c834312d26fb378ec1215288bc3a53fa98b617415dc,,,,public/prepared OOD source; verify license before dissertation submission
images/dissertation_v1/ood/modality_shift/colour_fundus/colour_fundus_000139.png,1,train,public_modality_shift,modality_shift,colour_fundus,prepared_colour_fundus,,pending_manual_review,test,d5b7d4978916d00b75bbacac1630fe6f44fff49635872340fb5180c3d8330cb6,,,,public/prepared OOD source; verify license before dissertation submission
images/dissertation_v1/ood/modality_shift/colour_fundus/colour_fundus_000141.png,1,train,public_modality_shift,modality_shift,colour_fundus,prepared_colour_fundus,,pending_manual_review,test,4b18f6568f0d01a0f5ed07fc7a8b2ca74d09ccd22bdb6a7b24eaf13811bed941,,,,public/prepared OOD source; verify license before dissertation submission
images/dissertation_v1/ood/modality_shift/colour_fundus/colour_fundus_000142.png,1,train,public_modality_shift,modality_shift,colour_fundus,prepared_colour_fundus,,pending_manual_review,test,a8289c759a6c127fb3915b8eeff7ff34b962f8b7cf446ffbeb5d66e54d72a8db,,,,public/prepared OOD source; verify license before dissertation submission
images/dissertation_v1/ood/modality_shift/colour_fundus/colour_fundus_000143.png,1,train,public_modality_shift,modality_shift,colour_fundus,prepared_colour_fundus,,pending_manual_review,test,bbc1c60037414735d46facfa8f3442e54b8bb8272f23fd7cc8b6461b4305cfde,,,,public/prepared OOD source; verify license before dissertation submission
images/dissertation_v1/ood/modality_shift/colour_fundus/colour_fundus_000144.png,1,train,public_modality_shift,modality_shift,colour_fundus,prepared_colour_fundus,,pending_manual_review,test,84fe908757b032e59523f9406e35c4b9856aed9188513f105b15c7546dd75f1d,,,,public/prepared OOD source; verify license before dissertation submission
images/dissertation_v1/ood/modality_shift/colour_fundus/colour_fundus_000147.png,1,train,public_modality_shift,modality_shift,colour_fundus,prepared_colour_fundus,,pending_manual_review,test,b9eae8d83c6a57b922a2d9a7a6730340e53eb896ea77df74c67eba306335ade9,,,,public/prepared OOD source; verify license before dissertation submission
images/dissertation_v1/ood/modality_shift/colour_fundus/colour_fundus_000148.png,1,train,public_modality_shift,modality_shift,colour_fundus,prepared_colour_fundus,,pending_manual_review,test,538d677fe220004545332d305fa1f3558064a9c7def3a279d1c16095d26620c5,,,,public/prepared OOD source; verify license before dissertation submission
images/dissertation_v1/ood/modality_shift/colour_fundus/colour_fundus_000149.png,1,train,public_modality_shift,modality_shift,colour_fundus,prepared_colour_fundus,,pending_manual_review,test,25ab0de222ddee40140fea9490b0c778595a5ad0cd024b8c9a2f349158c75540,,,,public/prepared OOD source; verify license before dissertation submission
images/dissertation_v1/ood/modality_shift/colour_fundus/colour_fundus_000150.png,1,train,public_modality_shift,modality_shift,colour_fundus,prepared_colour_fundus,,pending_manual_review,test,347cc5d6cb6edec72cb14d8b6b0d7ebd7b985e361fca6c3cc7fddf7624e3a807,,,,public/prepared OOD source; verify license before dissertation submission
images/dissertation_v1/ood/modality_shift/colour_fundus/colour_fundus_000152.png,1,train,public_modality_shift,modality_shift,colour_fundus,prepared_colour_fundus,,pending_manual_review,test,3fdf543c06692214820f5b123ff631c1a32e19fcdbc94266b9c20a7c54a71bbd,,,,public/prepared OOD source; verify license before dissertation submission
images/dissertation_v1/ood/modality_shift/colour_fundus/colour_fundus_000153.png,1,train,public_modality_shift,modality_shift,colour_fundus,prepared_colour_fundus,,pending_manual_review,test,2ea758c2986b2fc11ef8229e3804ceaef1495c5ef6085d1d7567219f4b84679c,,,,public/prepared OOD source; verify license before dissertation submission
images/dissertation_v1/ood/modality_shift/colour_fundus/colour_fundus_000155.png,1,train,public_modality_shift,modality_shift,colour_fundus,prepared_colour_fundus,,pending_manual_review,test,9da6e3a7f4d286063934031e08022e70d50d875f218ba7ec1c2ad867c30f1848,,,,public/prepared OOD source; verify license before dissertation submission
images/dissertation_v1/ood/modality_shift/colour_fundus/colour_fundus_000156.png,1,train,public_modality_shift,modality_shift,colour_fundus,prepared_colour_fundus,,pending_manual_review,test,18911416d9dc7b9d2cdfb0218c59722dd6248cd806d20dfd7cd9365c38b749b7,,,,public/prepared OOD source; verify license before dissertation submission
images/dissertation_v1/ood/modality_shift/colour_fundus/colour_fundus_000158.png,1,train,public_modality_shift,modality_shift,colour_fundus,prepared_colour_fundus,,pending_manual_review,test,d471acd55ef0b6b9e12e2ea95e7ee868f414c4e69bc6f2ca8885e238d61f5336,,,,public/prepared OOD source; verify license before dissertation submission
images/dissertation_v1/ood/modality_shift/colour_fundus/colour_fundus_000159.png,1,train,public_modality_shift,modality_shift,colour_fundus,prepared_colour_fundus,,pending_manual_review,test,13024f446bf9dc9408b5ac4932e70958812cf4c5e11ffc3e8f84c7bf2f9dc436,,,,public/prepared OOD source; verify license before dissertation submission
images/dissertation_v1/ood/modality_shift/colour_fundus/colour_fundus_000162.png,1,train,public_modality_shift,modality_shift,colour_fundus,prepared_colour_fundus,,pending_manual_review,test,3d7570c1850196120f6b07fe71ec00471b96de4c7365ae74b691dbd313dcec3f,,,,public/prepared OOD source; verify license before dissertation submission
images/dissertation_v1/ood/modality_shift/colour_fundus/colour_fundus_000164.png,1,train,public_modality_shift,modality_shift,colour_fundus,prepared_colour_fundus,,pending_manual_review,test,e9221ca39f507a5be0f004f53e69178de45ff630b6410dbd15f96e5adb77ce16,,,,public/prepared OOD source; verify license before dissertation submission
images/dissertation_v1/ood/modality_shift/colour_fundus/colour_fundus_000166.png,1,train,public_modality_shift,modality_shift,colour_fundus,prepared_colour_fundus,,pending_manual_review,test,034d417e86cfbb2b32efc2c8660aafc7bcf8fd44d0115d1076d03d863beaf49c,,,,public/prepared OOD source; verify license before dissertation submission
images/dissertation_v1/ood/modality_shift/colour_fundus/colour_fundus_000168.png,1,train,public_modality_shift,modality_shift,colour_fundus,prepared_colour_fundus,,pending_manual_review,test,b698c9dee08c3501bba1ca670186f499e68fcd12348c79872734374e67f942d5,,,,public/prepared OOD source; verify license before dissertation submission
images/dissertation_v1/ood/modality_shift/colour_fundus/colour_fundus_000176.png,1,train,public_modality_shift,modality_shift,colour_fundus,prepared_colour_fundus,,pending_manual_review,test,c5eff5c7b1840b6f114cc46d5c229479da785515a9f51103fa93a62ebcecb041,,,,public/prepared OOD source; verify license before dissertation submission
images/dissertation_v1/ood/modality_shift/colour_fundus/colour_fundus_000177.png,1,train,public_modality_shift,modality_shift,colour_fundus,prepared_colour_fundus,,pending_manual_review,test,7f50b16b76482ff71754b9394764e0210c0cd194e63b9a42d3d2cff0af6df130,,,,public/prepared OOD source; verify license before dissertation submission
images/dissertation_v1/ood/modality_shift/colour_fundus/colour_fundus_000179.png,1,train,public_modality_shift,modality_shift,colour_fundus,prepared_colour_fundus,,pending_manual_review,test,110feeb109554197604d932902f9931fc6e9cf86dbe5043b3aa9c60f5ee7cfc2,,,,public/prepared OOD source; verify license before dissertation submission
images/dissertation_v1/ood/modality_shift/colour_fundus/colour_fundus_000183.png,1,train,public_modality_shift,modality_shift,colour_fundus,prepared_colour_fundus,,pending_manual_review,test,62ac02cd179baf2daeb6c0b3c3025c3d49f30aee0b5aa7aaa509857ff9c70cff,,,,public/prepared OOD source; verify license before dissertation submission
images/dissertation_v1/ood/modality_shift/colour_fundus/colour_fundus_000184.png,1,train,public_modality_shift,modality_shift,colour_fundus,prepared_colour_fundus,,pending_manual_review,test,84090397a201cce3b0126748a0f4b5a4a5d7fd090494e63383ed80aa590eb7bc,,,,public/prepared OOD source; verify license before dissertation submission
images/dissertation_v1/ood/modality_shift/colour_fundus/colour_fundus_000185.png,1,train,public_modality_shift,modality_shift,colour_fundus,prepared_colour_fundus,,pending_manual_review,test,4812f107f74bd37ac380f06e69935742d7df5e751b9436c2235e24e0d8116037,,,,public/prepared OOD source; verify license before dissertation submission
images/dissertation_v1/ood/modality_shift/colour_fundus/colour_fundus_000186.png,1,train,public_modality_shift,modality_shift,colour_fundus,prepared_colour_fundus,,pending_manual_review,test,4ef8acf3a473858571fe3ae965b7eca778b01a23c5066630a10ffbcb32af717c,,,,public/prepared OOD source; verify license before dissertation submission
images/dissertation_v1/ood/modality_shift/colour_fundus/colour_fundus_000187.png,1,train,public_modality_shift,modality_shift,colour_fundus,prepared_colour_fundus,,pending_manual_review,test,cb1c7b449c97075041f987814e18b4718091bd3099e965e5b228801879e52f0d,,,,public/prepared OOD source; verify license before dissertation submission
images/dissertation_v1/ood/modality_shift/colour_fundus/colour_fundus_000188.png,1,train,public_modality_shift,modality_shift,colour_fundus,prepared_colour_fundus,,pending_manual_review,test,bd5edad828082ea2dd06d74f0d07e6a72e7eb627d3910e0defa89be7231315e0,,,,public/prepared OOD source; verify license before dissertation submission
images/dissertation_v1/ood/modality_shift/colour_fundus/colour_fundus_000189.png,1,train,public_modality_shift,modality_shift,colour_fundus,prepared_colour_fundus,,pending_manual_review,test,5f65aeaaca4a1f8999d5cddedf3bfb7a3142f758afddf1de20e4bdd9ecd51f75,,,,public/prepared OOD source; verify license before dissertation submission
images/dissertation_v1/ood/modality_shift/colour_fundus/colour_fundus_000190.png,1,train,public_modality_shift,modality_shift,colour_fundus,prepared_colour_fundus,,pending_manual_review,test,8985efbb5dc669e349c7640943083b162c62817cf442c182778015ca4d910148,,,,public/prepared OOD source; verify license before dissertation submission
images/dissertation_v1/ood/modality_shift/colour_fundus/colour_fundus_000193.png,1,train,public_modality_shift,modality_shift,colour_fundus,prepared_colour_fundus,,pending_manual_review,test,8b6a4326277c4a91fbee96611f576880605b475874484ff94184b9d5617232cc,,,,public/prepared OOD source; verify license before dissertation submission
images/dissertation_v1/ood/modality_shift/colour_fundus/colour_fundus_000195.png,1,train,public_modality_shift,modality_shift,colour_fundus,prepared_colour_fundus,,pending_manual_review,test,1e1b18bc3b4afb856970e7b48576309f69076c4deffe8869c62af3e74268a5cb,,,,public/prepared OOD source; verify license before dissertation submission
images/dissertation_v1/ood/modality_shift/colour_fundus/colour_fundus_000196.png,1,train,public_modality_shift,modality_shift,colour_fundus,prepared_colour_fundus,,pending_manual_review,test,cd2befe58f2b68f007691c571e7773d6aa3f54b2c47d1bec5c377ba4a79b77ef,,,,public/prepared OOD source; verify license before dissertation submission
images/dissertation_v1/ood/modality_shift/colour_fundus/colour_fundus_000197.png,1,train,public_modality_shift,modality_shift,colour_fundus,prepared_colour_fundus,,pending_manual_review,test,ff7b70ead88ec9a97431c3e3a1b54ad19054eeb5586c2dd284615077051553fa,,,,public/prepared OOD source; verify license before dissertation submission
images/dissertation_v1/ood/modality_shift/oct_screenshot/oct_screenshot_000001.png,1,train,public_modality_shift,modality_shift,oct_screenshot,prepared_oct_screenshot,,pending_manual_review,test,872b630bccbcd39e86b5d639c76295f8999164c29829ce48cea16d44ecc6a2a4,,,,public/prepared OOD source; verify license before dissertation submission
images/dissertation_v1/ood/modality_shift/oct_screenshot/oct_screenshot_000002.png,1,train,public_modality_shift,modality_shift,oct_screenshot,prepared_oct_screenshot,,pending_manual_review,test,b2a8e79bfd8f6000adb5308ce274c42313c917c9dfa07260610f04997205d911,,,,public/prepared OOD source; verify license before dissertation submission
images/dissertation_v1/ood/modality_shift/oct_screenshot/oct_screenshot_000004.png,1,train,public_modality_shift,modality_shift,oct_screenshot,prepared_oct_screenshot,,pending_manual_review,test,04d0b45029571ed0ba37db42e8bed499b1267b2b6692a368ae55703f8acf623a,,,,public/prepared OOD source; verify license before dissertation submission
images/dissertation_v1/ood/modality_shift/oct_screenshot/oct_screenshot_000005.png,1,train,public_modality_shift,modality_shift,oct_screenshot,prepared_oct_screenshot,,pending_manual_review,test,bb93e082654eae82e95ac233f8710836b3d3baa4899a381c7c8fea3e299db18b,,,,public/prepared OOD source; verify license before dissertation submission
images/dissertation_v1/ood/modality_shift/oct_screenshot/oct_screenshot_000006.png,1,train,public_modality_shift,modality_shift,oct_screenshot,prepared_oct_screenshot,,pending_manual_review,test,668645d8e3b5f812109a63a5d69ec87d7c3048f3ebd69b7ba05ab5a75edf6b41,,,,public/prepared OOD source; verify license before dissertation submission
images/dissertation_v1/ood/modality_shift/oct_screenshot/oct_screenshot_000007.png,1,train,public_modality_shift,modality_shift,oct_screenshot,prepared_oct_screenshot,,pending_manual_review,test,e0f2cf28ac95df24fdb30675e47e6da5cde1ae8f20279fef17bafa9353d97ca7,,,,public/prepared OOD source; verify license before dissertation submission
images/dissertation_v1/ood/modality_shift/oct_screenshot/oct_screenshot_000011.png,1,train,public_modality_shift,modality_shift,oct_screenshot,prepared_oct_screenshot,,pending_manual_review,test,dc9c46bf71d014dcbdac946a6dea16855b73399fd45ffa77d1dde87e1c827ca9,,,,public/prepared OOD source; verify license before dissertation submission
images/dissertation_v1/ood/modality_shift/oct_screenshot/oct_screenshot_000012.png,1,train,public_modality_shift,modality_shift,oct_screenshot,prepared_oct_screenshot,,pending_manual_review,test,f623e2404d9104539f70c64a177250d0598d476add83fc334c89d001e87707e6,,,,public/prepared OOD source; verify license before dissertation submission
images/dissertation_v1/ood/modality_shift/oct_screenshot/oct_screenshot_000015.png,1,train,public_modality_shift,modality_shift,oct_screenshot,prepared_oct_screenshot,,pending_manual_review,test,2874c6519a2d8738648a41b789b60d7be2d449022c9288a0741e4912ac45445a,,,,public/prepared OOD source; verify license before dissertation submission
images/dissertation_v1/ood/modality_shift/oct_screenshot/oct_screenshot_000018.png,1,train,public_modality_shift,modality_shift,oct_screenshot,prepared_oct_screenshot,,pending_manual_review,test,f73326d23b8cac75306205094b0567d3041eed829ea8de19760fb0f6b34500b8,,,,public/prepared OOD source; verify license before dissertation submission
images/dissertation_v1/ood/modality_shift/oct_screenshot/oct_screenshot_000021.png,1,train,public_modality_shift,modality_shift,oct_screenshot,prepared_oct_screenshot,,pending_manual_review,test,adfd3183fd894de1d1eab3f521d67bd69c3ab45f85cb70202fab760ec68a196b,,,,public/prepared OOD source; verify license before dissertation submission
images/dissertation_v1/ood/modality_shift/oct_screenshot/oct_screenshot_000025.png,1,train,public_modality_shift,modality_shift,oct_screenshot,prepared_oct_screenshot,,pending_manual_review,test,d9309117977764e4a2d6fc38f487c540d7d236ca410f3045476eda9befb01d57,,,,public/prepared OOD source; verify license before dissertation submission
images/dissertation_v1/ood/modality_shift/oct_screenshot/oct_screenshot_000027.png,1,train,public_modality_shift,modality_shift,oct_screenshot,prepared_oct_screenshot,,pending_manual_review,test,244e308c28cd50bdaef8811a2656923f2819c0d104033897ab822af9cb5d2142,,,,public/prepared OOD source; verify license before dissertation submission
images/dissertation_v1/ood/modality_shift/oct_screenshot/oct_screenshot_000028.png,1,train,public_modality_shift,modality_shift,oct_screenshot,prepared_oct_screenshot,,pending_manual_review,test,6abf8022caeaeff5f2f9f5ede823af059f7af8524b5af7108332e46b1c5e17a7,,,,public/prepared OOD source; verify license before dissertation submission
images/dissertation_v1/ood/modality_shift/oct_screenshot/oct_screenshot_000029.png,1,train,public_modality_shift,modality_shift,oct_screenshot,prepared_oct_screenshot,,pending_manual_review,test,93f70a2d4bcf83e46357acc9271ac179ec8bc474f758634a6fd046478e894444,,,,public/prepared OOD source; verify license before dissertation submission
images/dissertation_v1/ood/modality_shift/oct_screenshot/oct_screenshot_000030.png,1,train,public_modality_shift,modality_shift,oct_screenshot,prepared_oct_screenshot,,pending_manual_review,test,d73655d3f6a85c4debcb154123c685729d6c9543fe850dd34e4bb9ebee567b33,,,,public/prepared OOD source; verify license before dissertation submission
images/dissertation_v1/ood/modality_shift/oct_screenshot/oct_screenshot_000032.png,1,train,public_modality_shift,modality_shift,oct_screenshot,prepared_oct_screenshot,,pending_manual_review,test,405e0badf26093f6d1ab4c10c4e6734e82df66cea0de1edcca513af3cb4bc61e,,,,public/prepared OOD source; verify license before dissertation submission
images/dissertation_v1/ood/modality_shift/oct_screenshot/oct_screenshot_000034.png,1,train,public_modality_shift,modality_shift,oct_screenshot,prepared_oct_screenshot,,pending_manual_review,test,87a56ecbb987e69d4838acc29ac547336a49e5d7181b1d3880593c6da850152b,,,,public/prepared OOD source; verify license before dissertation submission
images/dissertation_v1/ood/modality_shift/oct_screenshot/oct_screenshot_000036.png,1,train,public_modality_shift,modality_shift,oct_screenshot,prepared_oct_screenshot,,pending_manual_review,test,c81b4f6f29d01547928d35880a0694e8ce7889dabf00c981c48061176f1466bc,,,,public/prepared OOD source; verify license before dissertation submission
images/dissertation_v1/ood/modality_shift/oct_screenshot/oct_screenshot_000037.png,1,train,public_modality_shift,modality_shift,oct_screenshot,prepared_oct_screenshot,,pending_manual_review,test,0ab480ce2bd2f3a3dc144f41bd2eab105b9e92db5fe2edce18dae8e3c701ff2a,,,,public/prepared OOD source; verify license before dissertation submission
images/dissertation_v1/ood/modality_shift/oct_screenshot/oct_screenshot_000038.png,1,train,public_modality_shift,modality_shift,oct_screenshot,prepared_oct_screenshot,,pending_manual_review,test,143f11eec260805846153ce9f00aff3bbe8447ad5d2d209c4393a6a8ab971677,,,,public/prepared OOD source; verify license before dissertation submission
images/dissertation_v1/ood/modality_shift/oct_screenshot/oct_screenshot_000042.png,1,train,public_modality_shift,modality_shift,oct_screenshot,prepared_oct_screenshot,,pending_manual_review,test,ef94ddc955b12bd6cfc6b688ee06977533b7bf6cc478c2002d4ce09d366329e3,,,,public/prepared OOD source; verify license before dissertation submission
images/dissertation_v1/ood/modality_shift/oct_screenshot/oct_screenshot_000045.png,1,train,public_modality_shift,modality_shift,oct_screenshot,prepared_oct_screenshot,,pending_manual_review,test,97fdd272f5323b6ac27291f683d1a7819d9d098d78baf9d2cc32b1ee002f6a02,,,,public/prepared OOD source; verify license before dissertation submission
images/dissertation_v1/ood/modality_shift/oct_screenshot/oct_screenshot_000046.png,1,train,public_modality_shift,modality_shift,oct_screenshot,prepared_oct_screenshot,,pending_manual_review,test,ea2879ca56e5ef7face9dfdc042b9929358828e37ec6dadd2a98efe5b62e6fdc,,,,public/prepared OOD source; verify license before dissertation submission
images/dissertation_v1/ood/modality_shift/oct_screenshot/oct_screenshot_000049.png,1,train,public_modality_shift,modality_shift,oct_screenshot,prepared_oct_screenshot,,pending_manual_review,test,6d71e70c0e9f96f2fbeef455b0b36ec5e9bb417f58adddfafb1ffca93196eac6,,,,public/prepared OOD source; verify license before dissertation submission
images/dissertation_v1/ood/modality_shift/oct_screenshot/oct_screenshot_000050.png,1,train,public_modality_shift,modality_shift,oct_screenshot,prepared_oct_screenshot,,pending_manual_review,test,106b38b828814d2f753f28091584ca9ff1864a5401004cb0e23d1e574e7d5354,,,,public/prepared OOD source; verify license before dissertation submission
images/dissertation_v1/ood/modality_shift/oct_screenshot/oct_screenshot_000052.png,1,train,public_modality_shift,modality_shift,oct_screenshot,prepared_oct_screenshot,,pending_manual_review,test,06661b7f6becb9405a83d4057eefbe926a30a2ca0fdd62a5ff3fb605a2ff0fd8,,,,public/prepared OOD source; verify license before dissertation submission
images/dissertation_v1/ood/modality_shift/oct_screenshot/oct_screenshot_000053.png,1,train,public_modality_shift,modality_shift,oct_screenshot,prepared_oct_screenshot,,pending_manual_review,test,94cf15311e32137d61e0a874fd9d79edd75c64edb17ee4daff94c56b40fd5567,,,,public/prepared OOD source; verify license before dissertation submission
images/dissertation_v1/ood/modality_shift/oct_screenshot/oct_screenshot_000057.png,1,train,public_modality_shift,modality_shift,oct_screenshot,prepared_oct_screenshot,,pending_manual_review,test,07442620c0889c2f630f70b4fd356a54b44b2c770cb1a1df47fd35a1a7d1ecd2,,,,public/prepared OOD source; verify license before dissertation submission
images/dissertation_v1/ood/modality_shift/oct_screenshot/oct_screenshot_000058.png,1,train,public_modality_shift,modality_shift,oct_screenshot,prepared_oct_screenshot,,pending_manual_review,test,07c3bcca5d51176c18a07bf2edd51fea36e4ce0cd0d71ffa26b5397d6c82e27e,,,,public/prepared OOD source; verify license before dissertation submission
images/dissertation_v1/ood/modality_shift/oct_screenshot/oct_screenshot_000059.png,1,train,public_modality_shift,modality_shift,oct_screenshot,prepared_oct_screenshot,,pending_manual_review,test,d185cd35aa65254e5533d639181353abb75e513f9f51d0b4ee3ce364017633dd,,,,public/prepared OOD source; verify license before dissertation submission
images/dissertation_v1/ood/modality_shift/oct_screenshot/oct_screenshot_000062.png,1,train,public_modality_shift,modality_shift,oct_screenshot,prepared_oct_screenshot,,pending_manual_review,test,d72bc81db3d13da705d312ee8674e6c631f419fd3ea96b2dde035ec3ce40f3eb,,,,public/prepared OOD source; verify license before dissertation submission
images/dissertation_v1/ood/modality_shift/oct_screenshot/oct_screenshot_000065.png,1,train,public_modality_shift,modality_shift,oct_screenshot,prepared_oct_screenshot,,pending_manual_review,test,5fa2cf0a5719c06e71e9bc1eb9035945aa07cc076891e3853cb257c54d2288c2,,,,public/prepared OOD source; verify license before dissertation submission
images/dissertation_v1/ood/modality_shift/oct_screenshot/oct_screenshot_000067.png,1,train,public_modality_shift,modality_shift,oct_screenshot,prepared_oct_screenshot,,pending_manual_review,test,5bc5b236837268bdbb0662c60b1babadf64251a0d3ff6bb0fc2fc08be50826b1,,,,public/prepared OOD source; verify license before dissertation submission
images/dissertation_v1/ood/modality_shift/oct_screenshot/oct_screenshot_000068.png,1,train,public_modality_shift,modality_shift,oct_screenshot,prepared_oct_screenshot,,pending_manual_review,test,31b5a7e965bbf76d68f567f2b720970adffded6bb536f7dfbaf129053dfea8b1,,,,public/prepared OOD source; verify license before dissertation submission
images/dissertation_v1/ood/modality_shift/oct_screenshot/oct_screenshot_000069.png,1,train,public_modality_shift,modality_shift,oct_screenshot,prepared_oct_screenshot,,pending_manual_review,test,04857c26cc461913e31f063e903dc9c1d18e92c4ef7baebf54a12ec4943691c1,,,,public/prepared OOD source; verify license before dissertation submission
images/dissertation_v1/ood/modality_shift/oct_screenshot/oct_screenshot_000071.png,1,train,public_modality_shift,modality_shift,oct_screenshot,prepared_oct_screenshot,,pending_manual_review,test,7b697501f7f543701ca1dbb6f2825a2d9bce0c9a6e370a2b5f134e8addcc8b39,,,,public/prepared OOD source; verify license before dissertation submission
images/dissertation_v1/ood/modality_shift/oct_screenshot/oct_screenshot_000072.png,1,train,public_modality_shift,modality_shift,oct_screenshot,prepared_oct_screenshot,,pending_manual_review,test,6ba133823d640846f697be1d3ca7f08041deed0a3cfc400f2477d9dd12bfffce,,,,public/prepared OOD source; verify license before dissertation submission
images/dissertation_v1/ood/modality_shift/oct_screenshot/oct_screenshot_000073.png,1,train,public_modality_shift,modality_shift,oct_screenshot,prepared_oct_screenshot,,pending_manual_review,test,647137c7a48d6a9bf4887b64632a6ac31c15279445186e2fa8f9c4667cd15d7f,,,,public/prepared OOD source; verify license before dissertation submission
images/dissertation_v1/ood/modality_shift/oct_screenshot/oct_screenshot_000074.png,1,train,public_modality_shift,modality_shift,oct_screenshot,prepared_oct_screenshot,,pending_manual_review,test,a63b2f61999e6b7d4b1a9442579e03d0415d05a653f08525b7c12467ea67a3fd,,,,public/prepared OOD source; verify license before dissertation submission
images/dissertation_v1/ood/modality_shift/oct_screenshot/oct_screenshot_000075.png,1,train,public_modality_shift,modality_shift,oct_screenshot,prepared_oct_screenshot,,pending_manual_review,test,4ca35f32ae8df4b5d609e819d3efc34bde46241996d4cbbd3b0bfd79268a30e3,,,,public/prepared OOD source; verify license before dissertation submission
images/dissertation_v1/ood/modality_shift/oct_screenshot/oct_screenshot_000078.png,1,train,public_modality_shift,modality_shift,oct_screenshot,prepared_oct_screenshot,,pending_manual_review,test,956ac330f825c280618a48a6ee0df2c61bda4c9f47c3eae76ad825dd42ff345b,,,,public/prepared OOD source; verify license before dissertation submission
images/dissertation_v1/ood/modality_shift/oct_screenshot/oct_screenshot_000079.png,1,train,public_modality_shift,modality_shift,oct_screenshot,prepared_oct_screenshot,,pending_manual_review,test,1c886dba7db62998360441829251e82945e90ae7c488e118bc1feb44d36251c6,,,,public/prepared OOD source; verify license before dissertation submission
images/dissertation_v1/ood/modality_shift/oct_screenshot/oct_screenshot_000080.png,1,train,public_modality_shift,modality_shift,oct_screenshot,prepared_oct_screenshot,,pending_manual_review,test,0dd4eef8cd3722ec8f3b84e5b5c38b88f2a96959e144825e04652b22db59d4da,,,,public/prepared OOD source; verify license before dissertation submission
images/dissertation_v1/ood/modality_shift/oct_screenshot/oct_screenshot_000084.png,1,train,public_modality_shift,modality_shift,oct_screenshot,prepared_oct_screenshot,,pending_manual_review,test,5846d18e44a53914fe0ea81c009ff9a1eaaf3ae5033b47b845018b76233c3f49,,,,public/prepared OOD source; verify license before dissertation submission
images/dissertation_v1/ood/modality_shift/oct_screenshot/oct_screenshot_000085.png,1,train,public_modality_shift,modality_shift,oct_screenshot,prepared_oct_screenshot,,pending_manual_review,test,40f0213e42b7e79e4d5f7c02c6dbe1428c820d8dd6f108004bf5dce20f6b580b,,,,public/prepared OOD source; verify license before dissertation submission
images/dissertation_v1/ood/modality_shift/oct_screenshot/oct_screenshot_000087.png,1,train,public_modality_shift,modality_shift,oct_screenshot,prepared_oct_screenshot,,pending_manual_review,test,57a95042aab7e1827979c24b94588699d4cfec37766046f2512f700c09cb699d,,,,public/prepared OOD source; verify license before dissertation submission
images/dissertation_v1/ood/modality_shift/oct_screenshot/oct_screenshot_000089.png,1,train,public_modality_shift,modality_shift,oct_screenshot,prepared_oct_screenshot,,pending_manual_review,test,1b204e117dbef5bbe75871fbf6fa308663ecbf3492242ff6969e18ec5e2fdafc,,,,public/prepared OOD source; verify license before dissertation submission
images/dissertation_v1/ood/modality_shift/oct_screenshot/oct_screenshot_000090.png,1,train,public_modality_shift,modality_shift,oct_screenshot,prepared_oct_screenshot,,pending_manual_review,test,55b42497da06a1e12356d2bca8dd9113af17dc9ea99f5972ab1f85c0c190acc2,,,,public/prepared OOD source; verify license before dissertation submission
images/dissertation_v1/ood/modality_shift/oct_screenshot/oct_screenshot_000091.png,1,train,public_modality_shift,modality_shift,oct_screenshot,prepared_oct_screenshot,,pending_manual_review,test,1fae052f5145b197eeb2471ea8ebd07251bcb66d044fdb9d302721da9edbfe5b,,,,public/prepared OOD source; verify license before dissertation submission
images/dissertation_v1/ood/modality_shift/oct_screenshot/oct_screenshot_000093.png,1,train,public_modality_shift,modality_shift,oct_screenshot,prepared_oct_screenshot,,pending_manual_review,test,b4490f559cf27c07e9f339c219753350400fae84fe5772a03b4dec12bb2550b3,,,,public/prepared OOD source; verify license before dissertation submission
images/dissertation_v1/ood/modality_shift/oct_screenshot/oct_screenshot_000095.png,1,train,public_modality_shift,modality_shift,oct_screenshot,prepared_oct_screenshot,,pending_manual_review,test,efc1c4f63f93744341fe7dbfb07da1a33a5034af6235b6bbfad7b12167c3e91e,,,,public/prepared OOD source; verify license before dissertation submission
images/dissertation_v1/ood/modality_shift/oct_screenshot/oct_screenshot_000096.png,1,train,public_modality_shift,modality_shift,oct_screenshot,prepared_oct_screenshot,,pending_manual_review,test,8942952d748f8ad6f062ffbfa023220ada246a7861ccea06e1a661ca7e64961b,,,,public/prepared OOD source; verify license before dissertation submission
images/dissertation_v1/ood/modality_shift/oct_screenshot/oct_screenshot_000097.png,1,train,public_modality_shift,modality_shift,oct_screenshot,prepared_oct_screenshot,,pending_manual_review,test,34d83cf3cf537e30e1daf313eb93e2cb94888f19e498817b8a8a78b1b9c5e93c,,,,public/prepared OOD source; verify license before dissertation submission
images/dissertation_v1/ood/modality_shift/oct_screenshot/oct_screenshot_000099.png,1,train,public_modality_shift,modality_shift,oct_screenshot,prepared_oct_screenshot,,pending_manual_review,test,a8662287c001e3706f38b375a390a0067db1b9fe54722832e9142dfd148b75ff,,,,public/prepared OOD source; verify license before dissertation submission
images/dissertation_v1/ood/modality_shift/oct_screenshot/oct_screenshot_000100.png,1,train,public_modality_shift,modality_shift,oct_screenshot,prepared_oct_screenshot,,pending_manual_review,test,66fcb0f870509120e9494ac60631e87e07d122837fbfb0d0bbda35405a99b591,,,,public/prepared OOD source; verify license before dissertation submission
images/dissertation_v1/ood/modality_shift/oct_screenshot/oct_screenshot_000103.png,1,train,public_modality_shift,modality_shift,oct_screenshot,prepared_oct_screenshot,,pending_manual_review,test,447adb1783256aedabed291bf99f833316c7f444ae91ebc6ff46a5a9e638a88f,,,,public/prepared OOD source; verify license before dissertation submission
images/dissertation_v1/ood/modality_shift/oct_screenshot/oct_screenshot_000105.png,1,train,public_modality_shift,modality_shift,oct_screenshot,prepared_oct_screenshot,,pending_manual_review,test,1923d6c605d0dfc3c4423278b4a4c24bf645fcfea79835342115548133c149a0,,,,public/prepared OOD source; verify license before dissertation submission
images/dissertation_v1/ood/modality_shift/oct_screenshot/oct_screenshot_000106.png,1,train,public_modality_shift,modality_shift,oct_screenshot,prepared_oct_screenshot,,pending_manual_review,test,b4f84b0e57b9be27e6177667f9609d4edebe79d22c9c21b0e48d174540212008,,,,public/prepared OOD source; verify license before dissertation submission
images/dissertation_v1/ood/modality_shift/oct_screenshot/oct_screenshot_000107.png,1,train,public_modality_shift,modality_shift,oct_screenshot,prepared_oct_screenshot,,pending_manual_review,test,9efca4a9c7c05feb5b3faf7b39ac4c400851106932f47340608ddc3e8b98644f,,,,public/prepared OOD source; verify license before dissertation submission
images/dissertation_v1/ood/modality_shift/oct_screenshot/oct_screenshot_000110.png,1,train,public_modality_shift,modality_shift,oct_screenshot,prepared_oct_screenshot,,pending_manual_review,test,ebdc926842395c638f67fe92176ceac05d57bfacc246b8ce6b103c3e4cd25cff,,,,public/prepared OOD source; verify license before dissertation submission
images/dissertation_v1/ood/modality_shift/oct_screenshot/oct_screenshot_000111.png,1,train,public_modality_shift,modality_shift,oct_screenshot,prepared_oct_screenshot,,pending_manual_review,test,4b914c759d614482cf74b34e19779ec4d014132421ce5f0282c367cc27586228,,,,public/prepared OOD source; verify license before dissertation submission
images/dissertation_v1/ood/modality_shift/oct_screenshot/oct_screenshot_000113.png,1,train,public_modality_shift,modality_shift,oct_screenshot,prepared_oct_screenshot,,pending_manual_review,test,20c48f952101109f6de36d0864d3f93807af4bc7a9f46918ecf6b9a45d227b25,,,,public/prepared OOD source; verify license before dissertation submission
images/dissertation_v1/ood/modality_shift/oct_screenshot/oct_screenshot_000114.png,1,train,public_modality_shift,modality_shift,oct_screenshot,prepared_oct_screenshot,,pending_manual_review,test,56a6b36fa1887ccfaccbaff1fcbd49b31320eb453381ec93a755ac76b692c022,,,,public/prepared OOD source; verify license before dissertation submission
images/dissertation_v1/ood/modality_shift/oct_screenshot/oct_screenshot_000116.png,1,train,public_modality_shift,modality_shift,oct_screenshot,prepared_oct_screenshot,,pending_manual_review,test,20708ec872ed1e560e6424d8212abfd6687656b042ba565dc6eac42fc1025a6b,,,,public/prepared OOD source; verify license before dissertation submission
images/dissertation_v1/ood/modality_shift/oct_screenshot/oct_screenshot_000118.png,1,train,public_modality_shift,modality_shift,oct_screenshot,prepared_oct_screenshot,,pending_manual_review,test,b3b585e9816a1e4bcc1c6f6002577de5ea748fdc237154ad77215ad30a37e4e1,,,,public/prepared OOD source; verify license before dissertation submission
images/dissertation_v1/ood/modality_shift/oct_screenshot/oct_screenshot_000120.png,1,train,public_modality_shift,modality_shift,oct_screenshot,prepared_oct_screenshot,,pending_manual_review,test,9af26e68eb948482774b11409e4717dbf893449e029391b9e182858292fd1092,,,,public/prepared OOD source; verify license before dissertation submission
images/dissertation_v1/ood/modality_shift/oct_screenshot/oct_screenshot_000121.png,1,train,public_modality_shift,modality_shift,oct_screenshot,prepared_oct_screenshot,,pending_manual_review,test,9f5e41ff97c0383377f3d508f255ebce9b816776ef379ca8839dbad6d1cdc7e4,,,,public/prepared OOD source; verify license before dissertation submission
images/dissertation_v1/ood/modality_shift/oct_screenshot/oct_screenshot_000122.png,1,train,public_modality_shift,modality_shift,oct_screenshot,prepared_oct_screenshot,,pending_manual_review,test,48d7067d875d6701b2dc26ea4d56ddf103eeb5cffb4ffe5d5ce03486342f9098,,,,public/prepared OOD source; verify license before dissertation submission
images/dissertation_v1/ood/modality_shift/oct_screenshot/oct_screenshot_000123.png,1,train,public_modality_shift,modality_shift,oct_screenshot,prepared_oct_screenshot,,pending_manual_review,test,0012daf645d283d1096cdd1f75d8ec67c5c5bcae3bc28f37877af2aaf1659ab8,,,,public/prepared OOD source; verify license before dissertation submission
images/dissertation_v1/ood/modality_shift/oct_screenshot/oct_screenshot_000125.png,1,train,public_modality_shift,modality_shift,oct_screenshot,prepared_oct_screenshot,,pending_manual_review,test,bf8c23aeecbe8fccc409ef809e0666f002c41e41c1becf32eb7cc5e3f1d06938,,,,public/prepared OOD source; verify license before dissertation submission
images/dissertation_v1/ood/modality_shift/oct_screenshot/oct_screenshot_000126.png,1,train,public_modality_shift,modality_shift,oct_screenshot,prepared_oct_screenshot,,pending_manual_review,test,06ddb90a3b69a199ca797995068a7dc723279224b324d86dcb37081c34805433,,,,public/prepared OOD source; verify license before dissertation submission
images/dissertation_v1/ood/modality_shift/oct_screenshot/oct_screenshot_000127.png,1,train,public_modality_shift,modality_shift,oct_screenshot,prepared_oct_screenshot,,pending_manual_review,test,d7980a8ee957ebc9224fff98ced64acef47cb6c0b28f59a82cc4667de865eada,,,,public/prepared OOD source; verify license before dissertation submission
images/dissertation_v1/ood/modality_shift/oct_screenshot/oct_screenshot_000128.png,1,train,public_modality_shift,modality_shift,oct_screenshot,prepared_oct_screenshot,,pending_manual_review,test,c36c6e3480a8936738a2deea3c72a0f3eeebb68340b089751ed88d15604c89ae,,,,public/prepared OOD source; verify license before dissertation submission
images/dissertation_v1/ood/modality_shift/oct_screenshot/oct_screenshot_000130.png,1,train,public_modality_shift,modality_shift,oct_screenshot,prepared_oct_screenshot,,pending_manual_review,test,4428790e4d26190af4cafa097670e13084f900843cf2a9ed4ed5bef07af96679,,,,public/prepared OOD source; verify license before dissertation submission
images/dissertation_v1/ood/modality_shift/oct_screenshot/oct_screenshot_000132.png,1,train,public_modality_shift,modality_shift,oct_screenshot,prepared_oct_screenshot,,pending_manual_review,test,bdd657ca0777ba2dc4185bca34f6b24c21d582110ffd77c7db943669c37021c0,,,,public/prepared OOD source; verify license before dissertation submission
images/dissertation_v1/ood/modality_shift/oct_screenshot/oct_screenshot_000133.png,1,train,public_modality_shift,modality_shift,oct_screenshot,prepared_oct_screenshot,,pending_manual_review,test,a4a7afda67375615949358b62deab9b25122208490746bfe4bf4b499bb42ee7d,,,,public/prepared OOD source; verify license before dissertation submission
images/dissertation_v1/ood/modality_shift/oct_screenshot/oct_screenshot_000135.png,1,train,public_modality_shift,modality_shift,oct_screenshot,prepared_oct_screenshot,,pending_manual_review,test,eb57801d69ba6a1cea34f95eb020666d78825732b87894b490ca098bf86797bf,,,,public/prepared OOD source; verify license before dissertation submission
images/dissertation_v1/ood/modality_shift/oct_screenshot/oct_screenshot_000136.png,1,train,public_modality_shift,modality_shift,oct_screenshot,prepared_oct_screenshot,,pending_manual_review,test,546a379ef166f566ddb13af3c5624deb8a003ddbd4876fe09abd33657c53d82d,,,,public/prepared OOD source; verify license before dissertation submission
images/dissertation_v1/ood/modality_shift/oct_screenshot/oct_screenshot_000137.png,1,train,public_modality_shift,modality_shift,oct_screenshot,prepared_oct_screenshot,,pending_manual_review,test,fabac6b799e26e1fbeda8d902f9ec9112f75ff38a1ad6918beeb30895dfb0948,,,,public/prepared OOD source; verify license before dissertation submission
images/dissertation_v1/ood/modality_shift/oct_screenshot/oct_screenshot_000139.png,1,train,public_modality_shift,modality_shift,oct_screenshot,prepared_oct_screenshot,,pending_manual_review,test,7c433984dfb76b91ce40a1141c3e2b18c40bf54da27d3618a69ec5379d3036ef,,,,public/prepared OOD source; verify license before dissertation submission
images/dissertation_v1/ood/modality_shift/oct_screenshot/oct_screenshot_000140.png,1,train,public_modality_shift,modality_shift,oct_screenshot,prepared_oct_screenshot,,pending_manual_review,test,76d120d59e665f0304400c9cce3a640590a3cc6e4569349a70d1cc2fd0a8b219,,,,public/prepared OOD source; verify license before dissertation submission
images/dissertation_v1/ood/modality_shift/oct_screenshot/oct_screenshot_000141.png,1,train,public_modality_shift,modality_shift,oct_screenshot,prepared_oct_screenshot,,pending_manual_review,test,26edbdc47de3f72c44605f2bb8316892c8bcc24a1b1ba9ffdcdb304dc235a06a,,,,public/prepared OOD source; verify license before dissertation submission
images/dissertation_v1/ood/modality_shift/oct_screenshot/oct_screenshot_000145.png,1,train,public_modality_shift,modality_shift,oct_screenshot,prepared_oct_screenshot,,pending_manual_review,test,383c200750f3b8dfe4373755699bd590c860e9fa49d735956182395f3e9b2390,,,,public/prepared OOD source; verify license before dissertation submission
images/dissertation_v1/ood/modality_shift/oct_screenshot/oct_screenshot_000146.png,1,train,public_modality_shift,modality_shift,oct_screenshot,prepared_oct_screenshot,,pending_manual_review,test,4d0f71ac7922a2ba65c6bc1eefa654dc9dbf7e6958d66f445af52c8734bd0c0f,,,,public/prepared OOD source; verify license before dissertation submission
images/dissertation_v1/ood/modality_shift/oct_screenshot/oct_screenshot_000147.png,1,train,public_modality_shift,modality_shift,oct_screenshot,prepared_oct_screenshot,,pending_manual_review,test,c357108acf0bb34c8530834b61d6f4bccd00a384499bf9d9f9b9baedf464b343,,,,public/prepared OOD source; verify license before dissertation submission
images/dissertation_v1/ood/modality_shift/oct_screenshot/oct_screenshot_000151.png,1,train,public_modality_shift,modality_shift,oct_screenshot,prepared_oct_screenshot,,pending_manual_review,test,1f5c98045898d895b43be43a6ae6d7663f78fc77629d4ae93f57ad001b84f905,,,,public/prepared OOD source; verify license before dissertation submission
images/dissertation_v1/ood/modality_shift/oct_screenshot/oct_screenshot_000154.png,1,train,public_modality_shift,modality_shift,oct_screenshot,prepared_oct_screenshot,,pending_manual_review,test,d7f91f4d0d34a4eaf32f7a77bcf459bf190ab5c6dc39959d6c66049469bc5e62,,,,public/prepared OOD source; verify license before dissertation submission
images/dissertation_v1/ood/modality_shift/oct_screenshot/oct_screenshot_000155.png,1,train,public_modality_shift,modality_shift,oct_screenshot,prepared_oct_screenshot,,pending_manual_review,test,ae56ee6997fa53cd712b921d39c6cdbfbf686be0c0ba53ccdc2a128c1f00e3ba,,,,public/prepared OOD source; verify license before dissertation submission
images/dissertation_v1/ood/modality_shift/oct_screenshot/oct_screenshot_000156.png,1,train,public_modality_shift,modality_shift,oct_screenshot,prepared_oct_screenshot,,pending_manual_review,test,662229725e0493af5b4989db6b1af76f9c0a8258708e6e533c2fc496252ec0fb,,,,public/prepared OOD source; verify license before dissertation submission
images/dissertation_v1/ood/modality_shift/oct_screenshot/oct_screenshot_000158.png,1,train,public_modality_shift,modality_shift,oct_screenshot,prepared_oct_screenshot,,pending_manual_review,test,6ed8f593bebdfa590201b43257681b2cfafb17ff977b0c86e67edcffb34a5fc6,,,,public/prepared OOD source; verify license before dissertation submission
images/dissertation_v1/ood/modality_shift/oct_screenshot/oct_screenshot_000159.png,1,train,public_modality_shift,modality_shift,oct_screenshot,prepared_oct_screenshot,,pending_manual_review,test,b93ab61bed005aa1762d00b2a369183b76a1e88f145bf880ce6e85fd0acd714c,,,,public/prepared OOD source; verify license before dissertation submission
images/dissertation_v1/ood/modality_shift/oct_screenshot/oct_screenshot_000160.png,1,train,public_modality_shift,modality_shift,oct_screenshot,prepared_oct_screenshot,,pending_manual_review,test,093282f3be923d862eec17ea4bbc5f1475c4065ee11a7633c5ec0b69be4275b9,,,,public/prepared OOD source; verify license before dissertation submission
images/dissertation_v1/ood/modality_shift/oct_screenshot/oct_screenshot_000161.png,1,train,public_modality_shift,modality_shift,oct_screenshot,prepared_oct_screenshot,,pending_manual_review,test,cacefc1e5e18a3598cc3ee8f28b77d1356117e1436d94b7de295c479aa9be225,,,,public/prepared OOD source; verify license before dissertation submission
images/dissertation_v1/ood/modality_shift/oct_screenshot/oct_screenshot_000162.png,1,train,public_modality_shift,modality_shift,oct_screenshot,prepared_oct_screenshot,,pending_manual_review,test,9aca81722fa26a3e83a279a1e0b42587d2d5049f4664da54bb0c485283100867,,,,public/prepared OOD source; verify license before dissertation submission
images/dissertation_v1/ood/modality_shift/oct_screenshot/oct_screenshot_000163.png,1,train,public_modality_shift,modality_shift,oct_screenshot,prepared_oct_screenshot,,pending_manual_review,test,fd9262dbd9e30dbf50c71af5ae597b2eec9e487a596536c6229ba512e2c9d983,,,,public/prepared OOD source; verify license before dissertation submission
images/dissertation_v1/ood/modality_shift/oct_screenshot/oct_screenshot_000166.png,1,train,public_modality_shift,modality_shift,oct_screenshot,prepared_oct_screenshot,,pending_manual_review,test,01855fd69bf7151b20cb9c94b6e93f3387627147de29ca325a4e66779f1ac5d2,,,,public/prepared OOD source; verify license before dissertation submission
images/dissertation_v1/ood/modality_shift/oct_screenshot/oct_screenshot_000167.png,1,train,public_modality_shift,modality_shift,oct_screenshot,prepared_oct_screenshot,,pending_manual_review,test,6caa3a9f52e36f61450c9924e8fc59ec55e034a6645ab2159ed862e7d88d3421,,,,public/prepared OOD source; verify license before dissertation submission
images/dissertation_v1/ood/modality_shift/oct_screenshot/oct_screenshot_000169.png,1,train,public_modality_shift,modality_shift,oct_screenshot,prepared_oct_screenshot,,pending_manual_review,test,0a520584aeea1b1199f478340f5679b33433eaca6dafbb5109f3a84eb5043696,,,,public/prepared OOD source; verify license before dissertation submission
images/dissertation_v1/ood/modality_shift/oct_screenshot/oct_screenshot_000170.png,1,train,public_modality_shift,modality_shift,oct_screenshot,prepared_oct_screenshot,,pending_manual_review,test,8b90a4e5a800fc02edac7c7b6f9e4d0341281d7ac1eda3642e2af1fecca00187,,,,public/prepared OOD source; verify license before dissertation submission
images/dissertation_v1/ood/modality_shift/oct_screenshot/oct_screenshot_000171.png,1,train,public_modality_shift,modality_shift,oct_screenshot,prepared_oct_screenshot,,pending_manual_review,test,5ed258565cd0c032ee76953b4b4315d2bda1fd0b02fde3c9cfa2ad9495619945,,,,public/prepared OOD source; verify license before dissertation submission
images/dissertation_v1/ood/modality_shift/oct_screenshot/oct_screenshot_000172.png,1,train,public_modality_shift,modality_shift,oct_screenshot,prepared_oct_screenshot,,pending_manual_review,test,d353eb94d97dc60c9bc6d9244492880db8fbe3b674803f20e9fc0a35c67a4153,,,,public/prepared OOD source; verify license before dissertation submission
images/dissertation_v1/ood/modality_shift/oct_screenshot/oct_screenshot_000173.png,1,train,public_modality_shift,modality_shift,oct_screenshot,prepared_oct_screenshot,,pending_manual_review,test,321abe24464b0a851c425fe27c802d4994989dd86477608340a0408eef490401,,,,public/prepared OOD source; verify license before dissertation submission
images/dissertation_v1/ood/modality_shift/oct_screenshot/oct_screenshot_000174.png,1,train,public_modality_shift,modality_shift,oct_screenshot,prepared_oct_screenshot,,pending_manual_review,test,5fe943917ad119197ee74f7eb21258e8e2eb607631632a703c075b627a619b0c,,,,public/prepared OOD source; verify license before dissertation submission
images/dissertation_v1/ood/modality_shift/oct_screenshot/oct_screenshot_000176.png,1,train,public_modality_shift,modality_shift,oct_screenshot,prepared_oct_screenshot,,pending_manual_review,test,3c857670e8752dbba8fbad949ec73b962640dfecba832994841b6fbd9c309ad4,,,,public/prepared OOD source; verify license before dissertation submission
images/dissertation_v1/ood/modality_shift/oct_screenshot/oct_screenshot_000177.png,1,train,public_modality_shift,modality_shift,oct_screenshot,prepared_oct_screenshot,,pending_manual_review,test,7a728a6d0514c018ae224100ad3ba99bceb6e90bb6b7505ba500e2da5691a734,,,,public/prepared OOD source; verify license before dissertation submission
images/dissertation_v1/ood/modality_shift/oct_screenshot/oct_screenshot_000178.png,1,train,public_modality_shift,modality_shift,oct_screenshot,prepared_oct_screenshot,,pending_manual_review,test,b440550c174bdc2601737c0209044a320373f2912600e340f8a4b609181e3374,,,,public/prepared OOD source; verify license before dissertation submission
images/dissertation_v1/ood/modality_shift/oct_screenshot/oct_screenshot_000180.png,1,train,public_modality_shift,modality_shift,oct_screenshot,prepared_oct_screenshot,,pending_manual_review,test,764f5518e4a37d671c7895f20d762c9346e3ba16e9c299940e0107589e898b31,,,,public/prepared OOD source; verify license before dissertation submission
images/dissertation_v1/ood/modality_shift/oct_screenshot/oct_screenshot_000181.png,1,train,public_modality_shift,modality_shift,oct_screenshot,prepared_oct_screenshot,,pending_manual_review,test,21c81c67e40c79386a9f49d818dfd4a1d7fbe055a5e113895d9efc8cef1bb265,,,,public/prepared OOD source; verify license before dissertation submission
images/dissertation_v1/ood/modality_shift/oct_screenshot/oct_screenshot_000184.png,1,train,public_modality_shift,modality_shift,oct_screenshot,prepared_oct_screenshot,,pending_manual_review,test,41d0cf63aefa61eb4d37a3f5b29bf99ebced2afc375580b086bccdd7d10b17a4,,,,public/prepared OOD source; verify license before dissertation submission
images/dissertation_v1/ood/modality_shift/oct_screenshot/oct_screenshot_000186.png,1,train,public_modality_shift,modality_shift,oct_screenshot,prepared_oct_screenshot,,pending_manual_review,test,95d54f103169d22bd9c4bc576e1ae38d6ea955c519d50218b181bc33e8e849a6,,,,public/prepared OOD source; verify license before dissertation submission
images/dissertation_v1/ood/modality_shift/oct_screenshot/oct_screenshot_000188.png,1,train,public_modality_shift,modality_shift,oct_screenshot,prepared_oct_screenshot,,pending_manual_review,test,c1ac3ca2b49b5718dee1ff4e5426e32d8d9df6f9ab144a13b9519c781793dc51,,,,public/prepared OOD source; verify license before dissertation submission
images/dissertation_v1/ood/modality_shift/oct_screenshot/oct_screenshot_000189.png,1,train,public_modality_shift,modality_shift,oct_screenshot,prepared_oct_screenshot,,pending_manual_review,test,379dc08397d3a45838f53890748d5e0363dd6663d852cb4e3f4b3327926df729,,,,public/prepared OOD source; verify license before dissertation submission
images/dissertation_v1/ood/modality_shift/oct_screenshot/oct_screenshot_000192.png,1,train,public_modality_shift,modality_shift,oct_screenshot,prepared_oct_screenshot,,pending_manual_review,test,f1251c2c0ee20093fe45c00152f3be497056aca0e967e87ce89f3dd4a2b46c96,,,,public/prepared OOD source; verify license before dissertation submission
images/dissertation_v1/ood/modality_shift/oct_screenshot/oct_screenshot_000193.png,1,train,public_modality_shift,modality_shift,oct_screenshot,prepared_oct_screenshot,,pending_manual_review,test,04044e921518ed3577e968b6cbfbf98e50bfa5cdd81f3a258d5ff8c2028dfb99,,,,public/prepared OOD source; verify license before dissertation submission
images/dissertation_v1/ood/modality_shift/oct_screenshot/oct_screenshot_000194.png,1,train,public_modality_shift,modality_shift,oct_screenshot,prepared_oct_screenshot,,pending_manual_review,test,f6f26cba7e25b7b0b2076960b5187fb986c44fb335d53b9f7903f0f9e3494e35,,,,public/prepared OOD source; verify license before dissertation submission
images/dissertation_v1/ood/modality_shift/oct_screenshot/oct_screenshot_000195.png,1,train,public_modality_shift,modality_shift,oct_screenshot,prepared_oct_screenshot,,pending_manual_review,test,60e0bfdeb29f75eb232be246870e3510ead7b454687dadba6336cab040825ddd,,,,public/prepared OOD source; verify license before dissertation submission
images/dissertation_v1/ood/modality_shift/oct_screenshot/oct_screenshot_000196.png,1,train,public_modality_shift,modality_shift,oct_screenshot,prepared_oct_screenshot,,pending_manual_review,test,02a62354e63106067c9c8d58744b52b63bc4fe1dc24f1b1eb866febe712f597d,,,,public/prepared OOD source; verify license before dissertation submission
images/dissertation_v1/ood/modality_shift/oct_screenshot/oct_screenshot_000198.png,1,train,public_modality_shift,modality_shift,oct_screenshot,prepared_oct_screenshot,,pending_manual_review,test,b4efda80347a779a38169b9a40a6e17bccecb8f6ab1b97dc0ebcfcd1ba98bada,,,,public/prepared OOD source; verify license before dissertation submission
images/dissertation_v1/ood/modality_shift/oct_screenshot/oct_screenshot_000199.png,1,train,public_modality_shift,modality_shift,oct_screenshot,prepared_oct_screenshot,,pending_manual_review,test,a222162335da5abf5da2801a994d9b494bb5604fcec6ee7bdb79cb363fdd345d,,,,public/prepared OOD source; verify license before dissertation submission
images/dissertation_v1/ood/semantic_outlier/cifar10_natural/cifar10_natural_000001.png,1,train,public_semantic_outlier,semantic_outlier,cifar10_natural,prepared_cifar10_or_natural,,pending_manual_review,test,ca0ae9f745dd9a8d407452cb7d0510cfb7dad77f0577d60f4166b6958d09e522,,,,public/prepared OOD source; verify license before dissertation submission
images/dissertation_v1/ood/semantic_outlier/cifar10_natural/cifar10_natural_000005.png,1,train,public_semantic_outlier,semantic_outlier,cifar10_natural,prepared_cifar10_or_natural,,pending_manual_review,test,f0fa48daf0a9796afef3c4e5b5b2ec15d2e637009e604ea533226a9503620820,,,,public/prepared OOD source; verify license before dissertation submission
images/dissertation_v1/ood/semantic_outlier/cifar10_natural/cifar10_natural_000006.png,1,train,public_semantic_outlier,semantic_outlier,cifar10_natural,prepared_cifar10_or_natural,,pending_manual_review,test,d8a157e9daca293e089a2a952d0e76376d2b2992448e3851b603b9c3d281f4ea,,,,public/prepared OOD source; verify license before dissertation submission
images/dissertation_v1/ood/semantic_outlier/cifar10_natural/cifar10_natural_000007.png,1,train,public_semantic_outlier,semantic_outlier,cifar10_natural,prepared_cifar10_or_natural,,pending_manual_review,test,564dc276209f84cb0ff26158bdf50b48c95c4da5bbf9e26b5c8299ce9d06e8e5,,,,public/prepared OOD source; verify license before dissertation submission
images/dissertation_v1/ood/semantic_outlier/cifar10_natural/cifar10_natural_000008.png,1,train,public_semantic_outlier,semantic_outlier,cifar10_natural,prepared_cifar10_or_natural,,pending_manual_review,test,d4b8f1f3fb8e7ff91efeb762abff72f6c121b8494c0d585a277eb421f20340fa,,,,public/prepared OOD source; verify license before dissertation submission
images/dissertation_v1/ood/semantic_outlier/cifar10_natural/cifar10_natural_000009.png,1,train,public_semantic_outlier,semantic_outlier,cifar10_natural,prepared_cifar10_or_natural,,pending_manual_review,test,672c7c4d89e39a0aea9c2bf88a1cae96281d68d4b64032d9a1cac5e64a54bf77,,,,public/prepared OOD source; verify license before dissertation submission
images/dissertation_v1/ood/semantic_outlier/cifar10_natural/cifar10_natural_000010.png,1,train,public_semantic_outlier,semantic_outlier,cifar10_natural,prepared_cifar10_or_natural,,pending_manual_review,test,cb49828d640faf50efce7017cdcda1d3a418bc70483f09b53267f273d1eef408,,,,public/prepared OOD source; verify license before dissertation submission
images/dissertation_v1/ood/semantic_outlier/cifar10_natural/cifar10_natural_000011.png,1,train,public_semantic_outlier,semantic_outlier,cifar10_natural,prepared_cifar10_or_natural,,pending_manual_review,test,f8c3f12a68581267fc5236c5ddf90c85f138ee33fee3142727f19167a70de6b2,,,,public/prepared OOD source; verify license before dissertation submission
images/dissertation_v1/ood/semantic_outlier/cifar10_natural/cifar10_natural_000012.png,1,train,public_semantic_outlier,semantic_outlier,cifar10_natural,prepared_cifar10_or_natural,,pending_manual_review,test,d4a4eb1ba9c6fa946a3d0e892c32b7829a34b4def9d081961fc045b5f0888919,,,,public/prepared OOD source; verify license before dissertation submission
images/dissertation_v1/ood/semantic_outlier/cifar10_natural/cifar10_natural_000013.png,1,train,public_semantic_outlier,semantic_outlier,cifar10_natural,prepared_cifar10_or_natural,,pending_manual_review,test,2c0ccd807cbf7c2d9ba4da03778728bb15535d9b473fb9664b18e57758ca1449,,,,public/prepared OOD source; verify license before dissertation submission
images/dissertation_v1/ood/semantic_outlier/cifar10_natural/cifar10_natural_000014.png,1,train,public_semantic_outlier,semantic_outlier,cifar10_natural,prepared_cifar10_or_natural,,pending_manual_review,test,499662c489e81046393a288384e73d31227200faefa910dd23c54024734b577a,,,,public/prepared OOD source; verify license before dissertation submission
images/dissertation_v1/ood/semantic_outlier/cifar10_natural/cifar10_natural_000015.png,1,train,public_semantic_outlier,semantic_outlier,cifar10_natural,prepared_cifar10_or_natural,,pending_manual_review,test,cf21412507605ab55414584d88b2cf4d82cbef4e8102adcf9b76c615c7ed1ecf,,,,public/prepared OOD source; verify license before dissertation submission
images/dissertation_v1/ood/semantic_outlier/cifar10_natural/cifar10_natural_000016.png,1,train,public_semantic_outlier,semantic_outlier,cifar10_natural,prepared_cifar10_or_natural,,pending_manual_review,test,62dca3374b58ac24a0c794306361126f356492ef506e13742ce4839dc8aaa6a0,,,,public/prepared OOD source; verify license before dissertation submission
images/dissertation_v1/ood/semantic_outlier/cifar10_natural/cifar10_natural_000019.png,1,train,public_semantic_outlier,semantic_outlier,cifar10_natural,prepared_cifar10_or_natural,,pending_manual_review,test,592dc43caddaef008c7d764c536b9ad4dfb0622ac9a02a3b72409b7507213a1e,,,,public/prepared OOD source; verify license before dissertation submission
images/dissertation_v1/ood/semantic_outlier/cifar10_natural/cifar10_natural_000021.png,1,train,public_semantic_outlier,semantic_outlier,cifar10_natural,prepared_cifar10_or_natural,,pending_manual_review,test,6c4d48c90dc4ed1910ad6f625ee3b716a848f85f05e35fb7f2496b5397e010c2,,,,public/prepared OOD source; verify license before dissertation submission
images/dissertation_v1/ood/semantic_outlier/cifar10_natural/cifar10_natural_000024.png,1,train,public_semantic_outlier,semantic_outlier,cifar10_natural,prepared_cifar10_or_natural,,pending_manual_review,test,338695e8f8650bce38ea840c8b0b85f2d227a11a3b98e0ac31d462cf2fd33987,,,,public/prepared OOD source; verify license before dissertation submission
images/dissertation_v1/ood/semantic_outlier/cifar10_natural/cifar10_natural_000026.png,1,train,public_semantic_outlier,semantic_outlier,cifar10_natural,prepared_cifar10_or_natural,,pending_manual_review,test,0e852b15a0afbecd1d0bcf7e19d2d871676255b5ce5fe5a1c7914e9b8d54772e,,,,public/prepared OOD source; verify license before dissertation submission
images/dissertation_v1/ood/semantic_outlier/cifar10_natural/cifar10_natural_000027.png,1,train,public_semantic_outlier,semantic_outlier,cifar10_natural,prepared_cifar10_or_natural,,pending_manual_review,test,55734fe9dac4ed11e5d28a11c78acbf12409d37a12875ecaf948f27e808e7c20,,,,public/prepared OOD source; verify license before dissertation submission
images/dissertation_v1/ood/semantic_outlier/cifar10_natural/cifar10_natural_000028.png,1,train,public_semantic_outlier,semantic_outlier,cifar10_natural,prepared_cifar10_or_natural,,pending_manual_review,test,e4f9a730bf0b504622d0609e62ef17c6b33eb6357507eb0ab5e1a2a19e2dd42c,,,,public/prepared OOD source; verify license before dissertation submission
images/dissertation_v1/ood/semantic_outlier/cifar10_natural/cifar10_natural_000029.png,1,train,public_semantic_outlier,semantic_outlier,cifar10_natural,prepared_cifar10_or_natural,,pending_manual_review,test,849f9292721e7a0492309b8dc8dc7d2c3377827264cd1fbc451ada5391abb37c,,,,public/prepared OOD source; verify license before dissertation submission
images/dissertation_v1/ood/semantic_outlier/cifar10_natural/cifar10_natural_000030.png,1,train,public_semantic_outlier,semantic_outlier,cifar10_natural,prepared_cifar10_or_natural,,pending_manual_review,test,212adc0dafd78a4bb3a607e89283379f59c330ab95141ea6688aa64c9cf02799,,,,public/prepared OOD source; verify license before dissertation submission
images/dissertation_v1/ood/semantic_outlier/cifar10_natural/cifar10_natural_000031.png,1,train,public_semantic_outlier,semantic_outlier,cifar10_natural,prepared_cifar10_or_natural,,pending_manual_review,test,06e3e4f4b5190c4346d89d8c41cf7be5898ced4d214fb969279bac6705474a58,,,,public/prepared OOD source; verify license before dissertation submission
images/dissertation_v1/ood/semantic_outlier/cifar10_natural/cifar10_natural_000033.png,1,train,public_semantic_outlier,semantic_outlier,cifar10_natural,prepared_cifar10_or_natural,,pending_manual_review,test,aa5ae3605c102d36024dff1c75b2805c51d81bd642ec6c4f9a763c6a8946c93f,,,,public/prepared OOD source; verify license before dissertation submission
images/dissertation_v1/ood/semantic_outlier/cifar10_natural/cifar10_natural_000034.png,1,train,public_semantic_outlier,semantic_outlier,cifar10_natural,prepared_cifar10_or_natural,,pending_manual_review,test,e535b1357fe80c56d41ae43924067586e38ca635effa07f38d26386b26f45e06,,,,public/prepared OOD source; verify license before dissertation submission
images/dissertation_v1/ood/semantic_outlier/cifar10_natural/cifar10_natural_000038.png,1,train,public_semantic_outlier,semantic_outlier,cifar10_natural,prepared_cifar10_or_natural,,pending_manual_review,test,f3d35e2595662893112ad50d7b1a558a4145bbe8b0cda50acd63d0c2303cb714,,,,public/prepared OOD source; verify license before dissertation submission
images/dissertation_v1/ood/semantic_outlier/cifar10_natural/cifar10_natural_000039.png,1,train,public_semantic_outlier,semantic_outlier,cifar10_natural,prepared_cifar10_or_natural,,pending_manual_review,test,6e43b666868c060bae5b5f2e0e9557fff2991de8727a619d7ff0b33100391f23,,,,public/prepared OOD source; verify license before dissertation submission
images/dissertation_v1/ood/semantic_outlier/cifar10_natural/cifar10_natural_000042.png,1,train,public_semantic_outlier,semantic_outlier,cifar10_natural,prepared_cifar10_or_natural,,pending_manual_review,test,c586f15bb1c4cbb2da7016d61379502df85fa6fbb028e4a79af4500ed94fa215,,,,public/prepared OOD source; verify license before dissertation submission
images/dissertation_v1/ood/semantic_outlier/cifar10_natural/cifar10_natural_000044.png,1,train,public_semantic_outlier,semantic_outlier,cifar10_natural,prepared_cifar10_or_natural,,pending_manual_review,test,0daa8898ab8cae0e1efa9cd52eccb3cda415d69ac9bae39c10005fd9350d043a,,,,public/prepared OOD source; verify license before dissertation submission
images/dissertation_v1/ood/semantic_outlier/cifar10_natural/cifar10_natural_000047.png,1,train,public_semantic_outlier,semantic_outlier,cifar10_natural,prepared_cifar10_or_natural,,pending_manual_review,test,cde3c2d0b5957dc503447808d89cbf2af4ec08a2dac798b6cf51ae8c60699503,,,,public/prepared OOD source; verify license before dissertation submission
images/dissertation_v1/ood/semantic_outlier/cifar10_natural/cifar10_natural_000049.png,1,train,public_semantic_outlier,semantic_outlier,cifar10_natural,prepared_cifar10_or_natural,,pending_manual_review,test,d902400ded9aaf6922c9936d973a0dac9ebbdf0dff1405d41e32ef934122c63e,,,,public/prepared OOD source; verify license before dissertation submission
images/dissertation_v1/ood/semantic_outlier/cifar10_natural/cifar10_natural_000050.png,1,train,public_semantic_outlier,semantic_outlier,cifar10_natural,prepared_cifar10_or_natural,,pending_manual_review,test,b9811953dcab3787408d5b52c4001c53a3cdb388d58d0411dae26f49593278da,,,,public/prepared OOD source; verify license before dissertation submission
images/dissertation_v1/ood/semantic_outlier/cifar10_natural/cifar10_natural_000051.png,1,train,public_semantic_outlier,semantic_outlier,cifar10_natural,prepared_cifar10_or_natural,,pending_manual_review,test,7ed8331079da7af682db7a0a3d6ffe9fc563089fb9638751d52bcfcb7dae11bc,,,,public/prepared OOD source; verify license before dissertation submission
images/dissertation_v1/ood/semantic_outlier/cifar10_natural/cifar10_natural_000053.png,1,train,public_semantic_outlier,semantic_outlier,cifar10_natural,prepared_cifar10_or_natural,,pending_manual_review,test,b407315dc819c650dc97ef427ca31dfa8e13f9ab24c7db794ae6f3d94f56b77f,,,,public/prepared OOD source; verify license before dissertation submission
images/dissertation_v1/ood/semantic_outlier/cifar10_natural/cifar10_natural_000054.png,1,train,public_semantic_outlier,semantic_outlier,cifar10_natural,prepared_cifar10_or_natural,,pending_manual_review,test,4cad50b6a16c4d37204f95716f1a181c87302aaf3b36452df6b671d75c4b94e7,,,,public/prepared OOD source; verify license before dissertation submission
images/dissertation_v1/ood/semantic_outlier/cifar10_natural/cifar10_natural_000056.png,1,train,public_semantic_outlier,semantic_outlier,cifar10_natural,prepared_cifar10_or_natural,,pending_manual_review,test,453e88f1f036905a2df1b88fff4dab2dcc7bc44ac380d05aab33ac17c76bbbc2,,,,public/prepared OOD source; verify license before dissertation submission
images/dissertation_v1/ood/semantic_outlier/cifar10_natural/cifar10_natural_000058.png,1,train,public_semantic_outlier,semantic_outlier,cifar10_natural,prepared_cifar10_or_natural,,pending_manual_review,test,38a65b870c586e13e52832b02203115c116ebc838a87364c785bf57be9c54271,,,,public/prepared OOD source; verify license before dissertation submission
images/dissertation_v1/ood/semantic_outlier/cifar10_natural/cifar10_natural_000059.png,1,train,public_semantic_outlier,semantic_outlier,cifar10_natural,prepared_cifar10_or_natural,,pending_manual_review,test,68b322b87dcd4354767193cd5ed155b7302ee4f488717168e59a9f76183e50c6,,,,public/prepared OOD source; verify license before dissertation submission
images/dissertation_v1/ood/semantic_outlier/cifar10_natural/cifar10_natural_000063.png,1,train,public_semantic_outlier,semantic_outlier,cifar10_natural,prepared_cifar10_or_natural,,pending_manual_review,test,7ba2ce1fccb2871644d294e46078974761a8f1c20d4405667b5ba76b1b94e5ad,,,,public/prepared OOD source; verify license before dissertation submission
images/dissertation_v1/ood/semantic_outlier/cifar10_natural/cifar10_natural_000066.png,1,train,public_semantic_outlier,semantic_outlier,cifar10_natural,prepared_cifar10_or_natural,,pending_manual_review,test,c808daae162be145d8d37a3e7eae821545a5766d128870b09f4f3007069f35ee,,,,public/prepared OOD source; verify license before dissertation submission
images/dissertation_v1/ood/semantic_outlier/cifar10_natural/cifar10_natural_000069.png,1,train,public_semantic_outlier,semantic_outlier,cifar10_natural,prepared_cifar10_or_natural,,pending_manual_review,test,612a8a5e025791e6728dde6ba75559344992bdd168d08fd626f919cd71d767a1,,,,public/prepared OOD source; verify license before dissertation submission
images/dissertation_v1/ood/semantic_outlier/cifar10_natural/cifar10_natural_000070.png,1,train,public_semantic_outlier,semantic_outlier,cifar10_natural,prepared_cifar10_or_natural,,pending_manual_review,test,d605c40069194174598d331d94761adc822b744e78c43ab87a377a5ccf4196b9,,,,public/prepared OOD source; verify license before dissertation submission
images/dissertation_v1/ood/semantic_outlier/cifar10_natural/cifar10_natural_000071.png,1,train,public_semantic_outlier,semantic_outlier,cifar10_natural,prepared_cifar10_or_natural,,pending_manual_review,test,b9a55bdbc66dcca2af3c2075d7e82c3d79f68ccdcb1d3da173475c41b4601106,,,,public/prepared OOD source; verify license before dissertation submission
images/dissertation_v1/ood/semantic_outlier/cifar10_natural/cifar10_natural_000072.png,1,train,public_semantic_outlier,semantic_outlier,cifar10_natural,prepared_cifar10_or_natural,,pending_manual_review,test,fbf96ffc53991e5d7cc23ad957e3329328380ded09df97de6c364a266691cc09,,,,public/prepared OOD source; verify license before dissertation submission
images/dissertation_v1/ood/semantic_outlier/cifar10_natural/cifar10_natural_000073.png,1,train,public_semantic_outlier,semantic_outlier,cifar10_natural,prepared_cifar10_or_natural,,pending_manual_review,test,6a34765752a5a383a3b6fc92973114aaa4e8b0562fede30ec3a88be5553723e6,,,,public/prepared OOD source; verify license before dissertation submission
images/dissertation_v1/ood/semantic_outlier/cifar10_natural/cifar10_natural_000074.png,1,train,public_semantic_outlier,semantic_outlier,cifar10_natural,prepared_cifar10_or_natural,,pending_manual_review,test,37aff778e5e6ab8e3a6c43dbe7f952d7c3f2550d8c7f688aade1e3071a45df0f,,,,public/prepared OOD source; verify license before dissertation submission
images/dissertation_v1/ood/semantic_outlier/cifar10_natural/cifar10_natural_000075.png,1,train,public_semantic_outlier,semantic_outlier,cifar10_natural,prepared_cifar10_or_natural,,pending_manual_review,test,967f5283f39188878418a9511ac63824da2e1c614844171c86c3f822c3236c04,,,,public/prepared OOD source; verify license before dissertation submission
images/dissertation_v1/ood/semantic_outlier/cifar10_natural/cifar10_natural_000079.png,1,train,public_semantic_outlier,semantic_outlier,cifar10_natural,prepared_cifar10_or_natural,,pending_manual_review,test,8d50b9d4392cff32526e80617f0796c66b125529dfae9e32cce3c4af8b527a1f,,,,public/prepared OOD source; verify license before dissertation submission
images/dissertation_v1/ood/semantic_outlier/cifar10_natural/cifar10_natural_000080.png,1,train,public_semantic_outlier,semantic_outlier,cifar10_natural,prepared_cifar10_or_natural,,pending_manual_review,test,01df16242f514d630f7095cef3284e26b94ef06a5bb1b83f3979de33e53b191a,,,,public/prepared OOD source; verify license before dissertation submission
images/dissertation_v1/ood/semantic_outlier/cifar10_natural/cifar10_natural_000081.png,1,train,public_semantic_outlier,semantic_outlier,cifar10_natural,prepared_cifar10_or_natural,,pending_manual_review,test,7215c8e2b4c209195a93ceb53ffe195d307dfa816146e6aa5077ea5d57ff0297,,,,public/prepared OOD source; verify license before dissertation submission
images/dissertation_v1/ood/semantic_outlier/cifar10_natural/cifar10_natural_000082.png,1,train,public_semantic_outlier,semantic_outlier,cifar10_natural,prepared_cifar10_or_natural,,pending_manual_review,test,05001d7ddf881b50d9a8c39a77da89eccb91722ef51c73e66e0993b40d5fabb7,,,,public/prepared OOD source; verify license before dissertation submission
images/dissertation_v1/ood/semantic_outlier/cifar10_natural/cifar10_natural_000083.png,1,train,public_semantic_outlier,semantic_outlier,cifar10_natural,prepared_cifar10_or_natural,,pending_manual_review,test,23640c3490a6a1b3a688285bbfaeae5f0fcc1f861a1773f0d992c5d1fe385164,,,,public/prepared OOD source; verify license before dissertation submission
images/dissertation_v1/ood/semantic_outlier/cifar10_natural/cifar10_natural_000084.png,1,train,public_semantic_outlier,semantic_outlier,cifar10_natural,prepared_cifar10_or_natural,,pending_manual_review,test,bcd5bd13e1435b0494063ecf566ad3b5cee18defb7ef51c3dc657b30e0ea91e7,,,,public/prepared OOD source; verify license before dissertation submission
images/dissertation_v1/ood/semantic_outlier/cifar10_natural/cifar10_natural_000087.png,1,train,public_semantic_outlier,semantic_outlier,cifar10_natural,prepared_cifar10_or_natural,,pending_manual_review,test,79b0b41920cd6d9487f9f70cb27d96c4c6102a58a539ffef0d8e533aa978f6de,,,,public/prepared OOD source; verify license before dissertation submission
images/dissertation_v1/ood/semantic_outlier/cifar10_natural/cifar10_natural_000088.png,1,train,public_semantic_outlier,semantic_outlier,cifar10_natural,prepared_cifar10_or_natural,,pending_manual_review,test,9dc8e0cc9c8064220add4768189bb7ac7f4d7d11323555cdf8340dbb2ffb260a,,,,public/prepared OOD source; verify license before dissertation submission
images/dissertation_v1/ood/semantic_outlier/cifar10_natural/cifar10_natural_000089.png,1,train,public_semantic_outlier,semantic_outlier,cifar10_natural,prepared_cifar10_or_natural,,pending_manual_review,test,d697c3f579140a8506f18139e8ec260d4fcd1ba55d1eef477e9cbc6b9b751c8f,,,,public/prepared OOD source; verify license before dissertation submission
images/dissertation_v1/ood/semantic_outlier/cifar10_natural/cifar10_natural_000093.png,1,train,public_semantic_outlier,semantic_outlier,cifar10_natural,prepared_cifar10_or_natural,,pending_manual_review,test,af95f5d0f44583d04ed636416c6a25d7678db04edc3fa034078da509ba04bc54,,,,public/prepared OOD source; verify license before dissertation submission
images/dissertation_v1/ood/semantic_outlier/cifar10_natural/cifar10_natural_000096.png,1,train,public_semantic_outlier,semantic_outlier,cifar10_natural,prepared_cifar10_or_natural,,pending_manual_review,test,b34643f3ac2d9f1c983b9b904c3cf0bc3ba9fd68ca6b64d48354e670f6ddcdd5,,,,public/prepared OOD source; verify license before dissertation submission
images/dissertation_v1/ood/semantic_outlier/cifar10_natural/cifar10_natural_000097.png,1,train,public_semantic_outlier,semantic_outlier,cifar10_natural,prepared_cifar10_or_natural,,pending_manual_review,test,030cc169b53abc0f866c4b2561f143cff81ec83d46ffb1d45a4ce08fda3078a9,,,,public/prepared OOD source; verify license before dissertation submission
images/dissertation_v1/ood/semantic_outlier/cifar10_natural/cifar10_natural_000098.png,1,train,public_semantic_outlier,semantic_outlier,cifar10_natural,prepared_cifar10_or_natural,,pending_manual_review,test,0017ebf3f162b753560fbd1d12a97c540e034533bdabd98cb5a38a2c728a1210,,,,public/prepared OOD source; verify license before dissertation submission
images/dissertation_v1/ood/semantic_outlier/cifar10_natural/cifar10_natural_000099.png,1,train,public_semantic_outlier,semantic_outlier,cifar10_natural,prepared_cifar10_or_natural,,pending_manual_review,test,8b6eb6d62fc1eddb77c3167df4a9070d3debdbca9754bffc239ea0664ea51a46,,,,public/prepared OOD source; verify license before dissertation submission
images/dissertation_v1/ood/semantic_outlier/cifar10_natural/cifar10_natural_000102.png,1,train,public_semantic_outlier,semantic_outlier,cifar10_natural,prepared_cifar10_or_natural,,pending_manual_review,test,e3047072fe0c662d917a88c270c61576e83ef95551d11ca9ab96de4ddd65c58e,,,,public/prepared OOD source; verify license before dissertation submission
images/dissertation_v1/ood/semantic_outlier/cifar10_natural/cifar10_natural_000103.png,1,train,public_semantic_outlier,semantic_outlier,cifar10_natural,prepared_cifar10_or_natural,,pending_manual_review,test,b963b69de1b636e92e88ab556355d343b734618c62c6a24f7b552f2df98c62e0,,,,public/prepared OOD source; verify license before dissertation submission
images/dissertation_v1/ood/semantic_outlier/cifar10_natural/cifar10_natural_000104.png,1,train,public_semantic_outlier,semantic_outlier,cifar10_natural,prepared_cifar10_or_natural,,pending_manual_review,test,f298acbb4aa0858d219f7de9ba3d4a650119d95abbc1fe5816e1553b5e2afc1a,,,,public/prepared OOD source; verify license before dissertation submission
images/dissertation_v1/ood/semantic_outlier/cifar10_natural/cifar10_natural_000106.png,1,train,public_semantic_outlier,semantic_outlier,cifar10_natural,prepared_cifar10_or_natural,,pending_manual_review,test,2270b0fa461f495d14434ab2085ffa120ea70ffefba42b583305276955350eb2,,,,public/prepared OOD source; verify license before dissertation submission
images/dissertation_v1/ood/semantic_outlier/cifar10_natural/cifar10_natural_000107.png,1,train,public_semantic_outlier,semantic_outlier,cifar10_natural,prepared_cifar10_or_natural,,pending_manual_review,test,852957ea8a2d7da5f7e3cd7502fa85f8766f4f72c43bb6bd08cac49f8e58e5c7,,,,public/prepared OOD source; verify license before dissertation submission
images/dissertation_v1/ood/semantic_outlier/cifar10_natural/cifar10_natural_000111.png,1,train,public_semantic_outlier,semantic_outlier,cifar10_natural,prepared_cifar10_or_natural,,pending_manual_review,test,38730f06f7a980d308306131919fdfffdf6e28b94d58fc78737e02bc3f244806,,,,public/prepared OOD source; verify license before dissertation submission
images/dissertation_v1/ood/semantic_outlier/cifar10_natural/cifar10_natural_000113.png,1,train,public_semantic_outlier,semantic_outlier,cifar10_natural,prepared_cifar10_or_natural,,pending_manual_review,test,2e43bda9cdecabf2fd16ca6f70a12cfa38ff93be00eae4bb3797340b3ae86558,,,,public/prepared OOD source; verify license before dissertation submission
images/dissertation_v1/ood/semantic_outlier/cifar10_natural/cifar10_natural_000115.png,1,train,public_semantic_outlier,semantic_outlier,cifar10_natural,prepared_cifar10_or_natural,,pending_manual_review,test,aaa8a882294ec62b62dca48e86d24041cea3435115f3f3108444bec01f6b387a,,,,public/prepared OOD source; verify license before dissertation submission
images/dissertation_v1/ood/semantic_outlier/cifar10_natural/cifar10_natural_000118.png,1,train,public_semantic_outlier,semantic_outlier,cifar10_natural,prepared_cifar10_or_natural,,pending_manual_review,test,1584421e3dd6b103ee2aba0a9104841028a897e1e20728f43b30a9d37fb6c831,,,,public/prepared OOD source; verify license before dissertation submission
images/dissertation_v1/ood/semantic_outlier/cifar10_natural/cifar10_natural_000119.png,1,train,public_semantic_outlier,semantic_outlier,cifar10_natural,prepared_cifar10_or_natural,,pending_manual_review,test,7583ce06df6d438382d0ad12d039648f8ac390268cf7d7549f03e709afa0f4cc,,,,public/prepared OOD source; verify license before dissertation submission
images/dissertation_v1/ood/semantic_outlier/cifar10_natural/cifar10_natural_000120.png,1,train,public_semantic_outlier,semantic_outlier,cifar10_natural,prepared_cifar10_or_natural,,pending_manual_review,test,42751ce74359ca18d84a2d86ce6325e315d3f604b9df20076b4b18bd1ed6b1c1,,,,public/prepared OOD source; verify license before dissertation submission
images/dissertation_v1/ood/semantic_outlier/cifar10_natural/cifar10_natural_000124.png,1,train,public_semantic_outlier,semantic_outlier,cifar10_natural,prepared_cifar10_or_natural,,pending_manual_review,test,d5a93445d63400dde52280b708469e5bf1230af8dac5822f16ae5ebf657e9652,,,,public/prepared OOD source; verify license before dissertation submission
images/dissertation_v1/ood/semantic_outlier/cifar10_natural/cifar10_natural_000125.png,1,train,public_semantic_outlier,semantic_outlier,cifar10_natural,prepared_cifar10_or_natural,,pending_manual_review,test,6da9c1cdd9348e604ebfec5b2007498d9ec5ed9f33e11702ff5959d2b694e623,,,,public/prepared OOD source; verify license before dissertation submission
images/dissertation_v1/ood/semantic_outlier/cifar10_natural/cifar10_natural_000126.png,1,train,public_semantic_outlier,semantic_outlier,cifar10_natural,prepared_cifar10_or_natural,,pending_manual_review,test,a55078cbedc973e11562b527b8d8ade00e96142a22ce54cb54b9b2e6d57f291b,,,,public/prepared OOD source; verify license before dissertation submission
images/dissertation_v1/ood/semantic_outlier/cifar10_natural/cifar10_natural_000127.png,1,train,public_semantic_outlier,semantic_outlier,cifar10_natural,prepared_cifar10_or_natural,,pending_manual_review,test,3002ca44a1d8e024f061a088701d740e22ca2c1c35efef3e1cb014e90f4a9816,,,,public/prepared OOD source; verify license before dissertation submission
images/dissertation_v1/ood/semantic_outlier/cifar10_natural/cifar10_natural_000128.png,1,train,public_semantic_outlier,semantic_outlier,cifar10_natural,prepared_cifar10_or_natural,,pending_manual_review,test,d1ab7279b715cc6cbb6c898bd5477b28cef22f93e6e1235249cfecb9a30f5a0f,,,,public/prepared OOD source; verify license before dissertation submission
images/dissertation_v1/ood/semantic_outlier/cifar10_natural/cifar10_natural_000129.png,1,train,public_semantic_outlier,semantic_outlier,cifar10_natural,prepared_cifar10_or_natural,,pending_manual_review,test,f24ff19e7bfab2f06bb10f7cd764c1bcbda5548daa6e8738ba87ff381b987653,,,,public/prepared OOD source; verify license before dissertation submission
images/dissertation_v1/ood/semantic_outlier/cifar10_natural/cifar10_natural_000132.png,1,train,public_semantic_outlier,semantic_outlier,cifar10_natural,prepared_cifar10_or_natural,,pending_manual_review,test,bb560c5e79a6ee51eada2a63f6c4044bf9eafc6b171cd1e7f1dc37a9bac85562,,,,public/prepared OOD source; verify license before dissertation submission
images/dissertation_v1/ood/semantic_outlier/cifar10_natural/cifar10_natural_000133.png,1,train,public_semantic_outlier,semantic_outlier,cifar10_natural,prepared_cifar10_or_natural,,pending_manual_review,test,4ccf623a96f476d4880a44335215c505c3f1af5d0b26d5ef12a9606e5ea1037d,,,,public/prepared OOD source; verify license before dissertation submission
images/dissertation_v1/ood/semantic_outlier/cifar10_natural/cifar10_natural_000135.png,1,train,public_semantic_outlier,semantic_outlier,cifar10_natural,prepared_cifar10_or_natural,,pending_manual_review,test,e3d888e6584e68c34fdd00d8ab2c4fb65421d9a758311a72880480d85c18782e,,,,public/prepared OOD source; verify license before dissertation submission
images/dissertation_v1/ood/semantic_outlier/cifar10_natural/cifar10_natural_000138.png,1,train,public_semantic_outlier,semantic_outlier,cifar10_natural,prepared_cifar10_or_natural,,pending_manual_review,test,0528932d413146b3bf062a43b84b324826a5a746f367a13d14ed32b53f144973,,,,public/prepared OOD source; verify license before dissertation submission
images/dissertation_v1/ood/semantic_outlier/cifar10_natural/cifar10_natural_000139.png,1,train,public_semantic_outlier,semantic_outlier,cifar10_natural,prepared_cifar10_or_natural,,pending_manual_review,test,5703c5741ce2a6a899330ed85852deba25405666b91861aac3cf14d67de579c2,,,,public/prepared OOD source; verify license before dissertation submission
images/dissertation_v1/ood/semantic_outlier/cifar10_natural/cifar10_natural_000141.png,1,train,public_semantic_outlier,semantic_outlier,cifar10_natural,prepared_cifar10_or_natural,,pending_manual_review,test,f9f0a03cd51921604036bf6778358ad67f809520c9ebfacf8ccbd83b12730904,,,,public/prepared OOD source; verify license before dissertation submission
images/dissertation_v1/ood/semantic_outlier/cifar10_natural/cifar10_natural_000142.png,1,train,public_semantic_outlier,semantic_outlier,cifar10_natural,prepared_cifar10_or_natural,,pending_manual_review,test,a8cd10cbe98b83bfc319ce8887ebc091df0f45baca2a4bcd1513a7a96d0bc7f2,,,,public/prepared OOD source; verify license before dissertation submission
images/dissertation_v1/ood/semantic_outlier/cifar10_natural/cifar10_natural_000143.png,1,train,public_semantic_outlier,semantic_outlier,cifar10_natural,prepared_cifar10_or_natural,,pending_manual_review,test,588d2b2ad3e7fa091d409ee30351e61e5361eaf2e21fcebd416a0b02bbe38844,,,,public/prepared OOD source; verify license before dissertation submission
images/dissertation_v1/ood/semantic_outlier/cifar10_natural/cifar10_natural_000147.png,1,train,public_semantic_outlier,semantic_outlier,cifar10_natural,prepared_cifar10_or_natural,,pending_manual_review,test,c772af8d13fa515eb03c4a3e7bc8de2eac2da0f137c4dd08c7d808e227498306,,,,public/prepared OOD source; verify license before dissertation submission
images/dissertation_v1/ood/semantic_outlier/cifar10_natural/cifar10_natural_000149.png,1,train,public_semantic_outlier,semantic_outlier,cifar10_natural,prepared_cifar10_or_natural,,pending_manual_review,test,244959870df61fe745d8caaa9a6d2d648a886d5f1efa7943f710eeacd36a1bb5,,,,public/prepared OOD source; verify license before dissertation submission
images/dissertation_v1/ood/semantic_outlier/cifar10_natural/cifar10_natural_000150.png,1,train,public_semantic_outlier,semantic_outlier,cifar10_natural,prepared_cifar10_or_natural,,pending_manual_review,test,5868800cc6bad982abe404034d547feadc01095186fe3c4b41eae09b87526e2b,,,,public/prepared OOD source; verify license before dissertation submission
images/dissertation_v1/ood/semantic_outlier/cifar10_natural/cifar10_natural_000152.png,1,train,public_semantic_outlier,semantic_outlier,cifar10_natural,prepared_cifar10_or_natural,,pending_manual_review,test,79add353c002e371db1dc1b799de5126ea04939d40fe07233147281ff1704de5,,,,public/prepared OOD source; verify license before dissertation submission
images/dissertation_v1/ood/semantic_outlier/cifar10_natural/cifar10_natural_000156.png,1,train,public_semantic_outlier,semantic_outlier,cifar10_natural,prepared_cifar10_or_natural,,pending_manual_review,test,1c98dae8ed3f83f716f1ce4d9e75f512d752f85fa740b78332f3c3a7340775b2,,,,public/prepared OOD source; verify license before dissertation submission
images/dissertation_v1/ood/semantic_outlier/cifar10_natural/cifar10_natural_000159.png,1,train,public_semantic_outlier,semantic_outlier,cifar10_natural,prepared_cifar10_or_natural,,pending_manual_review,test,8489c3403911b5a3129de2cc1775a486f85600da1ae2f590d1acc1b17af1a4cc,,,,public/prepared OOD source; verify license before dissertation submission
images/dissertation_v1/ood/semantic_outlier/cifar10_natural/cifar10_natural_000160.png,1,train,public_semantic_outlier,semantic_outlier,cifar10_natural,prepared_cifar10_or_natural,,pending_manual_review,test,ba189b62b7dbb641aa29f7b026753b62e25eac8090e70d4c3a9ca1d606b0b832,,,,public/prepared OOD source; verify license before dissertation submission
images/dissertation_v1/ood/semantic_outlier/cifar10_natural/cifar10_natural_000162.png,1,train,public_semantic_outlier,semantic_outlier,cifar10_natural,prepared_cifar10_or_natural,,pending_manual_review,test,ea18225f31c2f78bd556f82328751d77a9dc890868546b215d157d0f00ea7d4c,,,,public/prepared OOD source; verify license before dissertation submission
images/dissertation_v1/ood/semantic_outlier/cifar10_natural/cifar10_natural_000163.png,1,train,public_semantic_outlier,semantic_outlier,cifar10_natural,prepared_cifar10_or_natural,,pending_manual_review,test,d33380275c3779be54299e4971081ca05f9393be6a479e69a6e9ed7a4441e440,,,,public/prepared OOD source; verify license before dissertation submission
images/dissertation_v1/ood/semantic_outlier/cifar10_natural/cifar10_natural_000166.png,1,train,public_semantic_outlier,semantic_outlier,cifar10_natural,prepared_cifar10_or_natural,,pending_manual_review,test,ccff99c8fa67a40a26b90c0182d70bc64435b8c4c12bdac920cd5b8aa7e54d99,,,,public/prepared OOD source; verify license before dissertation submission
images/dissertation_v1/ood/semantic_outlier/cifar10_natural/cifar10_natural_000167.png,1,train,public_semantic_outlier,semantic_outlier,cifar10_natural,prepared_cifar10_or_natural,,pending_manual_review,test,8150e2f6143fb71688ec978e309cae138995822ded15571f3bd526221ad1ad68,,,,public/prepared OOD source; verify license before dissertation submission
images/dissertation_v1/ood/semantic_outlier/cifar10_natural/cifar10_natural_000168.png,1,train,public_semantic_outlier,semantic_outlier,cifar10_natural,prepared_cifar10_or_natural,,pending_manual_review,test,08f2ad04d33cfeca2538bd08dbec061606c9a6dadc20c0700fb76118fb33a119,,,,public/prepared OOD source; verify license before dissertation submission
images/dissertation_v1/ood/semantic_outlier/cifar10_natural/cifar10_natural_000169.png,1,train,public_semantic_outlier,semantic_outlier,cifar10_natural,prepared_cifar10_or_natural,,pending_manual_review,test,766aeba693ae64a262dd578c71aec9282b2dbc990720c193b2bb5bbce82b5ee6,,,,public/prepared OOD source; verify license before dissertation submission
images/dissertation_v1/ood/semantic_outlier/cifar10_natural/cifar10_natural_000170.png,1,train,public_semantic_outlier,semantic_outlier,cifar10_natural,prepared_cifar10_or_natural,,pending_manual_review,test,83443783538521f8d6efc7c1c84b113c7e908bb67845ba7fd334eb0f70e081ad,,,,public/prepared OOD source; verify license before dissertation submission
images/dissertation_v1/ood/semantic_outlier/cifar10_natural/cifar10_natural_000174.png,1,train,public_semantic_outlier,semantic_outlier,cifar10_natural,prepared_cifar10_or_natural,,pending_manual_review,test,c0e781608a81e7d5e639e81580803a8c02fe7b7794c5a4ab551cf0fea54f43ad,,,,public/prepared OOD source; verify license before dissertation submission
images/dissertation_v1/ood/semantic_outlier/cifar10_natural/cifar10_natural_000176.png,1,train,public_semantic_outlier,semantic_outlier,cifar10_natural,prepared_cifar10_or_natural,,pending_manual_review,test,4cde2bbc290a14c54874e9cda2362d0f6e64ce09182db98457d1813fa81faea7,,,,public/prepared OOD source; verify license before dissertation submission
images/dissertation_v1/ood/semantic_outlier/cifar10_natural/cifar10_natural_000178.png,1,train,public_semantic_outlier,semantic_outlier,cifar10_natural,prepared_cifar10_or_natural,,pending_manual_review,test,637b684427f5d408c9db63f37738c5f5a23da4380292176baba0623a9deac794,,,,public/prepared OOD source; verify license before dissertation submission
images/dissertation_v1/ood/semantic_outlier/cifar10_natural/cifar10_natural_000179.png,1,train,public_semantic_outlier,semantic_outlier,cifar10_natural,prepared_cifar10_or_natural,,pending_manual_review,test,29639d2973b69682bdc47d78cd30bfd3ca5e298614f22b02db394294cc744a21,,,,public/prepared OOD source; verify license before dissertation submission
images/dissertation_v1/ood/semantic_outlier/cifar10_natural/cifar10_natural_000180.png,1,train,public_semantic_outlier,semantic_outlier,cifar10_natural,prepared_cifar10_or_natural,,pending_manual_review,test,13f168fe180b744c735b8752fccb6d5e6378dd5e60b5abe733578efc8813a421,,,,public/prepared OOD source; verify license before dissertation submission
images/dissertation_v1/ood/semantic_outlier/cifar10_natural/cifar10_natural_000183.png,1,train,public_semantic_outlier,semantic_outlier,cifar10_natural,prepared_cifar10_or_natural,,pending_manual_review,test,5808511a1456202870d6eb01eb44dba88b78947988a004c66e2908e4cd7f888a,,,,public/prepared OOD source; verify license before dissertation submission
images/dissertation_v1/ood/semantic_outlier/cifar10_natural/cifar10_natural_000185.png,1,train,public_semantic_outlier,semantic_outlier,cifar10_natural,prepared_cifar10_or_natural,,pending_manual_review,test,e9b506607642bb2e09348783c29cf7b1c00fe1ca5b57ded4b703223f4f5bd374,,,,public/prepared OOD source; verify license before dissertation submission
images/dissertation_v1/ood/semantic_outlier/cifar10_natural/cifar10_natural_000186.png,1,train,public_semantic_outlier,semantic_outlier,cifar10_natural,prepared_cifar10_or_natural,,pending_manual_review,test,efc273ed96b005dcb6c86b16f2ed8d61817de3098998908ff3a6af0c80c02d94,,,,public/prepared OOD source; verify license before dissertation submission
images/dissertation_v1/ood/semantic_outlier/cifar10_natural/cifar10_natural_000187.png,1,train,public_semantic_outlier,semantic_outlier,cifar10_natural,prepared_cifar10_or_natural,,pending_manual_review,test,31a6bee79ebe4a7f1a45119c95c385a62b7fcbf70627450031ae55275c11ca0a,,,,public/prepared OOD source; verify license before dissertation submission
images/dissertation_v1/ood/semantic_outlier/cifar10_natural/cifar10_natural_000188.png,1,train,public_semantic_outlier,semantic_outlier,cifar10_natural,prepared_cifar10_or_natural,,pending_manual_review,test,a3878c09addb2546b5cbd49fbc38deaaa4efba2f79495b0edc49fa2cd070ea57,,,,public/prepared OOD source; verify license before dissertation submission
images/dissertation_v1/ood/semantic_outlier/cifar10_natural/cifar10_natural_000189.png,1,train,public_semantic_outlier,semantic_outlier,cifar10_natural,prepared_cifar10_or_natural,,pending_manual_review,test,6b747e60f9d0f158f88d0712a81c852fea917fd6f7a39eaa3e24f1529e28f082,,,,public/prepared OOD source; verify license before dissertation submission
images/dissertation_v1/ood/semantic_outlier/cifar10_natural/cifar10_natural_000191.png,1,train,public_semantic_outlier,semantic_outlier,cifar10_natural,prepared_cifar10_or_natural,,pending_manual_review,test,8764f50ebea78d70d28b6d9be0323e4b5e11723c719bdadca6b40af51068a9c2,,,,public/prepared OOD source; verify license before dissertation submission
images/dissertation_v1/ood/semantic_outlier/cifar10_natural/cifar10_natural_000197.png,1,train,public_semantic_outlier,semantic_outlier,cifar10_natural,prepared_cifar10_or_natural,,pending_manual_review,test,b2509e255de939b5fc794a79d87e7258b2ee3645f0de86812e5ca5a8b513a37b,,,,public/prepared OOD source; verify license before dissertation submission
images/dissertation_v1/ood/semantic_outlier/cifar10_natural/cifar10_natural_000199.png,1,train,public_semantic_outlier,semantic_outlier,cifar10_natural,prepared_cifar10_or_natural,,pending_manual_review,test,f62d88558b5ef54131f8a3203464140610682e59a8b25e4dcdcf1d56e116aa38,,,,public/prepared OOD source; verify license before dissertation submission
images/dissertation_v1/ood/semantic_outlier/cifar10_natural/cifar10_natural_000203.png,1,train,public_semantic_outlier,semantic_outlier,cifar10_natural,prepared_cifar10_or_natural,,pending_manual_review,test,388f6408d73baab53eaa53ac34eb732348bb52fc4c2d6853cb82e8fffd487daa,,,,public/prepared OOD source; verify license before dissertation submission
images/dissertation_v1/ood/semantic_outlier/cifar10_natural/cifar10_natural_000204.png,1,train,public_semantic_outlier,semantic_outlier,cifar10_natural,prepared_cifar10_or_natural,,pending_manual_review,test,0f3e4ff5db4a8c7e74115837c2ac659e594474f087ee47f8bf33d9f6183a0f56,,,,public/prepared OOD source; verify license before dissertation submission
images/dissertation_v1/ood/semantic_outlier/cifar10_natural/cifar10_natural_000205.png,1,train,public_semantic_outlier,semantic_outlier,cifar10_natural,prepared_cifar10_or_natural,,pending_manual_review,test,2166a494343ad3c550a60e5ffce1c9132f737e202e95d113cd950a7599eafcf2,,,,public/prepared OOD source; verify license before dissertation submission
images/dissertation_v1/ood/semantic_outlier/cifar10_natural/cifar10_natural_000207.png,1,train,public_semantic_outlier,semantic_outlier,cifar10_natural,prepared_cifar10_or_natural,,pending_manual_review,test,59a00337d9912cba3b6dc4a75609fb8b3685f3912ea8730ee50a932575e53d2a,,,,public/prepared OOD source; verify license before dissertation submission
images/dissertation_v1/ood/semantic_outlier/cifar10_natural/cifar10_natural_000210.png,1,train,public_semantic_outlier,semantic_outlier,cifar10_natural,prepared_cifar10_or_natural,,pending_manual_review,test,1653eb7897ed0e0a0720ef43518f7404a567ceddf7e7d96cd363ef6effd27865,,,,public/prepared OOD source; verify license before dissertation submission
images/dissertation_v1/ood/semantic_outlier/cifar10_natural/cifar10_natural_000212.png,1,train,public_semantic_outlier,semantic_outlier,cifar10_natural,prepared_cifar10_or_natural,,pending_manual_review,test,39c9ac7e7e1fd4a5f8f0c05e1fe5321db940575b59e18124b69626edcfa8d490,,,,public/prepared OOD source; verify license before dissertation submission
images/dissertation_v1/ood/semantic_outlier/cifar10_natural/cifar10_natural_000213.png,1,train,public_semantic_outlier,semantic_outlier,cifar10_natural,prepared_cifar10_or_natural,,pending_manual_review,test,128841a8a35edc150b778ebe8e96ccc7c798c7087252fc2f2a9ea9755981ee3b,,,,public/prepared OOD source; verify license before dissertation submission
images/dissertation_v1/ood/semantic_outlier/cifar10_natural/cifar10_natural_000215.png,1,train,public_semantic_outlier,semantic_outlier,cifar10_natural,prepared_cifar10_or_natural,,pending_manual_review,test,915239e72f93e7ef906080d18d172bbe64764be1db34764a12928f16444dbbe8,,,,public/prepared OOD source; verify license before dissertation submission
images/dissertation_v1/ood/semantic_outlier/cifar10_natural/cifar10_natural_000216.png,1,train,public_semantic_outlier,semantic_outlier,cifar10_natural,prepared_cifar10_or_natural,,pending_manual_review,test,71c542b97bdc52dcccd736ec3235a83354afd464f0c8d1d526dc862bbcc94376,,,,public/prepared OOD source; verify license before dissertation submission
images/dissertation_v1/ood/semantic_outlier/cifar10_natural/cifar10_natural_000217.png,1,train,public_semantic_outlier,semantic_outlier,cifar10_natural,prepared_cifar10_or_natural,,pending_manual_review,test,ecdffb9d28f0485f035362eec4bc146fff251cb35808081ca548584b975d466a,,,,public/prepared OOD source; verify license before dissertation submission
images/dissertation_v1/ood/semantic_outlier/cifar10_natural/cifar10_natural_000218.png,1,train,public_semantic_outlier,semantic_outlier,cifar10_natural,prepared_cifar10_or_natural,,pending_manual_review,test,e8d7da8eb542e119308522ac9739cb304b9e4f53e158aa7979dfe5e3d4c47bd9,,,,public/prepared OOD source; verify license before dissertation submission
images/dissertation_v1/ood/semantic_outlier/cifar10_natural/cifar10_natural_000221.png,1,train,public_semantic_outlier,semantic_outlier,cifar10_natural,prepared_cifar10_or_natural,,pending_manual_review,test,9827a77593fabcc06d2d9f70c03dd4e1f9a4308dde4f0d3f16dd1b0e8c83b01a,,,,public/prepared OOD source; verify license before dissertation submission
images/dissertation_v1/ood/semantic_outlier/cifar10_natural/cifar10_natural_000222.png,1,train,public_semantic_outlier,semantic_outlier,cifar10_natural,prepared_cifar10_or_natural,,pending_manual_review,test,b17d0e603a165d124cf58d14b410bb8373b83fc984e1d751c40238490cc5a496,,,,public/prepared OOD source; verify license before dissertation submission
images/dissertation_v1/ood/semantic_outlier/cifar10_natural/cifar10_natural_000223.png,1,train,public_semantic_outlier,semantic_outlier,cifar10_natural,prepared_cifar10_or_natural,,pending_manual_review,test,81c99458a1a2c542c2bf1373628665bf155600a492ee503190d9aa9567397f66,,,,public/prepared OOD source; verify license before dissertation submission
images/dissertation_v1/ood/semantic_outlier/cifar10_natural/cifar10_natural_000226.png,1,train,public_semantic_outlier,semantic_outlier,cifar10_natural,prepared_cifar10_or_natural,,pending_manual_review,test,619b46004dbf29953ea502498169ab5ef1a73d1c0942ceeb1d614b34f015a242,,,,public/prepared OOD source; verify license before dissertation submission
images/dissertation_v1/ood/semantic_outlier/cifar10_natural/cifar10_natural_000228.png,1,train,public_semantic_outlier,semantic_outlier,cifar10_natural,prepared_cifar10_or_natural,,pending_manual_review,test,93d862f3714a173bc70088f86d5c0f9060ab2075f07ee733cd31a526ad6e90b2,,,,public/prepared OOD source; verify license before dissertation submission
images/dissertation_v1/ood/semantic_outlier/cifar10_natural/cifar10_natural_000229.png,1,train,public_semantic_outlier,semantic_outlier,cifar10_natural,prepared_cifar10_or_natural,,pending_manual_review,test,c12c3347e0d291f1534160aa5ceabb503f1898acf9aa602cdce68eebb510da6c,,,,public/prepared OOD source; verify license before dissertation submission
images/dissertation_v1/ood/semantic_outlier/cifar10_natural/cifar10_natural_000230.png,1,train,public_semantic_outlier,semantic_outlier,cifar10_natural,prepared_cifar10_or_natural,,pending_manual_review,test,ab7c70ff4830d487b614860aef2e7a8b6c747934ab890567c40efd611f648281,,,,public/prepared OOD source; verify license before dissertation submission
images/dissertation_v1/ood/semantic_outlier/cifar10_natural/cifar10_natural_000231.png,1,train,public_semantic_outlier,semantic_outlier,cifar10_natural,prepared_cifar10_or_natural,,pending_manual_review,test,c4e67960f3f68fff15cd38de3c90a07a1767b9585a535674ec0b61a8d3dffbf7,,,,public/prepared OOD source; verify license before dissertation submission
images/dissertation_v1/ood/semantic_outlier/cifar10_natural/cifar10_natural_000232.png,1,train,public_semantic_outlier,semantic_outlier,cifar10_natural,prepared_cifar10_or_natural,,pending_manual_review,test,9f5c28a1760ab793937c339380aac7759505000b3a578cfc91496a51c5b46919,,,,public/prepared OOD source; verify license before dissertation submission
images/dissertation_v1/ood/semantic_outlier/cifar10_natural/cifar10_natural_000234.png,1,train,public_semantic_outlier,semantic_outlier,cifar10_natural,prepared_cifar10_or_natural,,pending_manual_review,test,25549b566efe05f630859ce400e9bcbcdc4315fe8120ebdc4bdda2a4344c763c,,,,public/prepared OOD source; verify license before dissertation submission
images/dissertation_v1/ood/semantic_outlier/cifar10_natural/cifar10_natural_000237.png,1,train,public_semantic_outlier,semantic_outlier,cifar10_natural,prepared_cifar10_or_natural,,pending_manual_review,test,6d0a452df5cc6f4152d2e607fde5bf9278cbd605153dfaf6ab1e0fedeb7397a1,,,,public/prepared OOD source; verify license before dissertation submission
images/dissertation_v1/ood/semantic_outlier/cifar10_natural/cifar10_natural_000238.png,1,train,public_semantic_outlier,semantic_outlier,cifar10_natural,prepared_cifar10_or_natural,,pending_manual_review,test,86047afb42cdc23c8dc8b937e6c4f0413dbc06719ed82d2888bf52f035511dc1,,,,public/prepared OOD source; verify license before dissertation submission
images/dissertation_v1/ood/semantic_outlier/cifar10_natural/cifar10_natural_000239.png,1,train,public_semantic_outlier,semantic_outlier,cifar10_natural,prepared_cifar10_or_natural,,pending_manual_review,test,21192312de051d567fdd55e0b5028f2f3739447991a28ac88bb4c35807b1e0ba,,,,public/prepared OOD source; verify license before dissertation submission
images/dissertation_v1/ood/semantic_outlier/cifar10_natural/cifar10_natural_000243.png,1,train,public_semantic_outlier,semantic_outlier,cifar10_natural,prepared_cifar10_or_natural,,pending_manual_review,test,5c10c7877efa95918b697506979dc453db6b2a0e5fc9d5a4c0cd85067742d042,,,,public/prepared OOD source; verify license before dissertation submission
images/dissertation_v1/ood/semantic_outlier/cifar10_natural/cifar10_natural_000244.png,1,train,public_semantic_outlier,semantic_outlier,cifar10_natural,prepared_cifar10_or_natural,,pending_manual_review,test,e0075519d5b49383131616547aa1a70e919c84c0ef2facb3be7a06171e812799,,,,public/prepared OOD source; verify license before dissertation submission
images/dissertation_v1/ood/semantic_outlier/cifar10_natural/cifar10_natural_000245.png,1,train,public_semantic_outlier,semantic_outlier,cifar10_natural,prepared_cifar10_or_natural,,pending_manual_review,test,85b68cc083c792d9e5523ef3af626bde9166088ee5fdf70e63f7ac50044d8e1e,,,,public/prepared OOD source; verify license before dissertation submission
images/dissertation_v1/ood/semantic_outlier/cifar10_natural/cifar10_natural_000246.png,1,train,public_semantic_outlier,semantic_outlier,cifar10_natural,prepared_cifar10_or_natural,,pending_manual_review,test,fd904767c960769e37c28cb1ff29d75736eb2f6cb1c14bd240ec32c90b37ece6,,,,public/prepared OOD source; verify license before dissertation submission
images/dissertation_v1/ood/semantic_outlier/cifar10_natural/cifar10_natural_000248.png,1,train,public_semantic_outlier,semantic_outlier,cifar10_natural,prepared_cifar10_or_natural,,pending_manual_review,test,8b8e0bdd038a033d1a42347003fe16747f7263cc889c01da0da02f696a8cf9f4,,,,public/prepared OOD source; verify license before dissertation submission
images/dissertation_v1/ood/semantic_outlier/cifar10_natural/cifar10_natural_000250.png,1,train,public_semantic_outlier,semantic_outlier,cifar10_natural,prepared_cifar10_or_natural,,pending_manual_review,test,0030a4295c01fdcd90661fca9678f34e2e39eae3b649cd686deb6843dd6785f0,,,,public/prepared OOD source; verify license before dissertation submission
images/dissertation_v1/ood/semantic_outlier/cifar10_natural/cifar10_natural_000251.png,1,train,public_semantic_outlier,semantic_outlier,cifar10_natural,prepared_cifar10_or_natural,,pending_manual_review,test,a09c37ff33c650e34c8ca7fbe9e2a3ae7c6a6d90414828f9cce4410868e2dbce,,,,public/prepared OOD source; verify license before dissertation submission
images/dissertation_v1/ood/semantic_outlier/cifar10_natural/cifar10_natural_000253.png,1,train,public_semantic_outlier,semantic_outlier,cifar10_natural,prepared_cifar10_or_natural,,pending_manual_review,test,1fb2030b22842d462bb47b34a8162dc65fa030fc4a653351ba682f915184955f,,,,public/prepared OOD source; verify license before dissertation submission
images/dissertation_v1/ood/semantic_outlier/cifar10_natural/cifar10_natural_000255.png,1,train,public_semantic_outlier,semantic_outlier,cifar10_natural,prepared_cifar10_or_natural,,pending_manual_review,test,269bbbb5ddf98e1d1a86cf4d8b8670ef60bd8f815df0e8d30d5dd5b5bc212b12,,,,public/prepared OOD source; verify license before dissertation submission
images/dissertation_v1/ood/semantic_outlier/cifar10_natural/cifar10_natural_000256.png,1,train,public_semantic_outlier,semantic_outlier,cifar10_natural,prepared_cifar10_or_natural,,pending_manual_review,test,ea8683afdbe877d9df0ea1de3336ed1d0b0c414cc1a4cab3f110711e559ede13,,,,public/prepared OOD source; verify license before dissertation submission
images/dissertation_v1/ood/semantic_outlier/cifar10_natural/cifar10_natural_000257.png,1,train,public_semantic_outlier,semantic_outlier,cifar10_natural,prepared_cifar10_or_natural,,pending_manual_review,test,2f72710598ac9f8b3100b16c855f9d62e6f01e7f962b59fe72b76ae6ea66f2d1,,,,public/prepared OOD source; verify license before dissertation submission
images/dissertation_v1/ood/semantic_outlier/cifar10_natural/cifar10_natural_000258.png,1,train,public_semantic_outlier,semantic_outlier,cifar10_natural,prepared_cifar10_or_natural,,pending_manual_review,test,57c74226bad80ba56700afc8e2c0a42e3626bc8cc32e22815f379121ec453d3e,,,,public/prepared OOD source; verify license before dissertation submission
images/dissertation_v1/ood/semantic_outlier/cifar10_natural/cifar10_natural_000260.png,1,train,public_semantic_outlier,semantic_outlier,cifar10_natural,prepared_cifar10_or_natural,,pending_manual_review,test,78b9f006482b866d5929deff77e544025f52d3b693aacbefd042d7d11f9793b7,,,,public/prepared OOD source; verify license before dissertation submission
images/dissertation_v1/ood/semantic_outlier/cifar10_natural/cifar10_natural_000261.png,1,train,public_semantic_outlier,semantic_outlier,cifar10_natural,prepared_cifar10_or_natural,,pending_manual_review,test,1ae820bb903c556f9960289ea0a012050530adf4e491b4c69f16cfeae21cb09d,,,,public/prepared OOD source; verify license before dissertation submission
images/dissertation_v1/ood/semantic_outlier/cifar10_natural/cifar10_natural_000263.png,1,train,public_semantic_outlier,semantic_outlier,cifar10_natural,prepared_cifar10_or_natural,,pending_manual_review,test,7173fa49a9a778442ebeb523296d4eca0a60fed184b847758a52561e060fe644,,,,public/prepared OOD source; verify license before dissertation submission
images/dissertation_v1/ood/semantic_outlier/cifar10_natural/cifar10_natural_000265.png,1,train,public_semantic_outlier,semantic_outlier,cifar10_natural,prepared_cifar10_or_natural,,pending_manual_review,test,477be11fa96d76c033814226dee22a5c96c70eb8dd497d2ee80775c876c82fcd,,,,public/prepared OOD source; verify license before dissertation submission
images/dissertation_v1/ood/semantic_outlier/cifar10_natural/cifar10_natural_000267.png,1,train,public_semantic_outlier,semantic_outlier,cifar10_natural,prepared_cifar10_or_natural,,pending_manual_review,test,6c50931a3843faf1958af980a5e7fd03f5e9353296e9a742ca4d07e828d7a2a0,,,,public/prepared OOD source; verify license before dissertation submission
images/dissertation_v1/ood/semantic_outlier/cifar10_natural/cifar10_natural_000268.png,1,train,public_semantic_outlier,semantic_outlier,cifar10_natural,prepared_cifar10_or_natural,,pending_manual_review,test,29cd442bad5167f8850e6464310f4789e24e5abb1d3716a5627e3a3a2e1ab210,,,,public/prepared OOD source; verify license before dissertation submission
images/dissertation_v1/ood/semantic_outlier/cifar10_natural/cifar10_natural_000269.png,1,train,public_semantic_outlier,semantic_outlier,cifar10_natural,prepared_cifar10_or_natural,,pending_manual_review,test,89e27a71617198a5561116ab37872e77235425ca3b97744e1199d8786ce56e2c,,,,public/prepared OOD source; verify license before dissertation submission
images/dissertation_v1/ood/semantic_outlier/cifar10_natural/cifar10_natural_000270.png,1,train,public_semantic_outlier,semantic_outlier,cifar10_natural,prepared_cifar10_or_natural,,pending_manual_review,test,6cfe13c17b25e8bc59ef0d69c4265fa0825dd8704181a20b2e907e652c9c8c29,,,,public/prepared OOD source; verify license before dissertation submission
images/dissertation_v1/ood/semantic_outlier/cifar10_natural/cifar10_natural_000271.png,1,train,public_semantic_outlier,semantic_outlier,cifar10_natural,prepared_cifar10_or_natural,,pending_manual_review,test,3f4aea92b00d6330c06e793595de71973fcc8d89fd0076873d48e2100e831f24,,,,public/prepared OOD source; verify license before dissertation submission
images/dissertation_v1/ood/semantic_outlier/cifar10_natural/cifar10_natural_000272.png,1,train,public_semantic_outlier,semantic_outlier,cifar10_natural,prepared_cifar10_or_natural,,pending_manual_review,test,68a8791761f274c52182257e50cadd460d7cf81d7084e03c78395e28accc77ba,,,,public/prepared OOD source; verify license before dissertation submission
images/dissertation_v1/ood/semantic_outlier/cifar10_natural/cifar10_natural_000273.png,1,train,public_semantic_outlier,semantic_outlier,cifar10_natural,prepared_cifar10_or_natural,,pending_manual_review,test,00cf1b46b4de5933df50355a9dcceaed42a28b813c0767ac72a0a573988633de,,,,public/prepared OOD source; verify license before dissertation submission
images/dissertation_v1/ood/semantic_outlier/cifar10_natural/cifar10_natural_000274.png,1,train,public_semantic_outlier,semantic_outlier,cifar10_natural,prepared_cifar10_or_natural,,pending_manual_review,test,bd2f9db8c3b07c30a459a116832281f5ac6c3ba158150cea88adb6e670d41649,,,,public/prepared OOD source; verify license before dissertation submission
images/dissertation_v1/ood/semantic_outlier/cifar10_natural/cifar10_natural_000275.png,1,train,public_semantic_outlier,semantic_outlier,cifar10_natural,prepared_cifar10_or_natural,,pending_manual_review,test,d9aec1fe51be126f4baf1bbfddd193e22a6e93081f4fa196d617a39adf26e340,,,,public/prepared OOD source; verify license before dissertation submission
images/dissertation_v1/ood/semantic_outlier/cifar10_natural/cifar10_natural_000276.png,1,train,public_semantic_outlier,semantic_outlier,cifar10_natural,prepared_cifar10_or_natural,,pending_manual_review,test,dd90be38c5989b0f0ed5751acdd5ba716f29acbee2435d787db918e4c7493e0a,,,,public/prepared OOD source; verify license before dissertation submission
images/dissertation_v1/ood/semantic_outlier/cifar10_natural/cifar10_natural_000277.png,1,train,public_semantic_outlier,semantic_outlier,cifar10_natural,prepared_cifar10_or_natural,,pending_manual_review,test,2b7750002da797df83a23b86a92f80845e9e0c1328536f0c329f0179065f1c82,,,,public/prepared OOD source; verify license before dissertation submission
images/dissertation_v1/ood/semantic_outlier/cifar10_natural/cifar10_natural_000280.png,1,train,public_semantic_outlier,semantic_outlier,cifar10_natural,prepared_cifar10_or_natural,,pending_manual_review,test,afb23744bf172cceabbcaa486fc74123d3e939155996327b18cdb0b4c3bbc21e,,,,public/prepared OOD source; verify license before dissertation submission
images/dissertation_v1/ood/semantic_outlier/cifar10_natural/cifar10_natural_000281.png,1,train,public_semantic_outlier,semantic_outlier,cifar10_natural,prepared_cifar10_or_natural,,pending_manual_review,test,ff3e4283d1c4c612f4d4e941a61af35d9552aa76ce9e99e75254eb7afe71e4a6,,,,public/prepared OOD source; verify license before dissertation submission
images/dissertation_v1/ood/semantic_outlier/cifar10_natural/cifar10_natural_000282.png,1,train,public_semantic_outlier,semantic_outlier,cifar10_natural,prepared_cifar10_or_natural,,pending_manual_review,test,bdb1c9c5a8ddbbf6d04f9f7331788639868d1c1a8b05a9086357c1d995fcf371,,,,public/prepared OOD source; verify license before dissertation submission
images/dissertation_v1/ood/semantic_outlier/cifar10_natural/cifar10_natural_000283.png,1,train,public_semantic_outlier,semantic_outlier,cifar10_natural,prepared_cifar10_or_natural,,pending_manual_review,test,adb7cce29bcb4716babe4ff4d17d1dc472a310d78bbee671a92232cdfa6a98a9,,,,public/prepared OOD source; verify license before dissertation submission
images/dissertation_v1/ood/semantic_outlier/cifar10_natural/cifar10_natural_000284.png,1,train,public_semantic_outlier,semantic_outlier,cifar10_natural,prepared_cifar10_or_natural,,pending_manual_review,test,196a1deb114c14c4fef30c4869b4fb6cb873560bdb9b370cb6f3dc05d632a821,,,,public/prepared OOD source; verify license before dissertation submission
images/dissertation_v1/ood/semantic_outlier/cifar10_natural/cifar10_natural_000285.png,1,train,public_semantic_outlier,semantic_outlier,cifar10_natural,prepared_cifar10_or_natural,,pending_manual_review,test,f9dcddb6afe8366812e32c668ecdca1519a7f569cdbd5596c24cad3de7939712,,,,public/prepared OOD source; verify license before dissertation submission
images/dissertation_v1/ood/semantic_outlier/cifar10_natural/cifar10_natural_000286.png,1,train,public_semantic_outlier,semantic_outlier,cifar10_natural,prepared_cifar10_or_natural,,pending_manual_review,test,5efddf472416b1548d372bb0dcd12a885e5083df6b91d5341b722b843bed08d0,,,,public/prepared OOD source; verify license before dissertation submission
images/dissertation_v1/ood/semantic_outlier/cifar10_natural/cifar10_natural_000287.png,1,train,public_semantic_outlier,semantic_outlier,cifar10_natural,prepared_cifar10_or_natural,,pending_manual_review,test,d5dc46d95f1d36a8f6c938158f2ab50e5aa1871146b431aae49d656def50e645,,,,public/prepared OOD source; verify license before dissertation submission
images/dissertation_v1/ood/semantic_outlier/cifar10_natural/cifar10_natural_000288.png,1,train,public_semantic_outlier,semantic_outlier,cifar10_natural,prepared_cifar10_or_natural,,pending_manual_review,test,90f8d62373b8ae3ffe9ec0568199bd5d4acf12f5e68c9ecb7a96fe73fe1dd3c0,,,,public/prepared OOD source; verify license before dissertation submission
images/dissertation_v1/ood/semantic_outlier/cifar10_natural/cifar10_natural_000289.png,1,train,public_semantic_outlier,semantic_outlier,cifar10_natural,prepared_cifar10_or_natural,,pending_manual_review,test,c269f38bfc8eb9f075c4c0ccac547ce6213f473ba8593a2d4d8a339e776e6217,,,,public/prepared OOD source; verify license before dissertation submission
images/dissertation_v1/ood/semantic_outlier/cifar10_natural/cifar10_natural_000290.png,1,train,public_semantic_outlier,semantic_outlier,cifar10_natural,prepared_cifar10_or_natural,,pending_manual_review,test,bed91208b3d73d723e7dff13d367a011aa46a905eb66b8bd45a78fcfcf429b7a,,,,public/prepared OOD source; verify license before dissertation submission
images/dissertation_v1/ood/semantic_outlier/cifar10_natural/cifar10_natural_000292.png,1,train,public_semantic_outlier,semantic_outlier,cifar10_natural,prepared_cifar10_or_natural,,pending_manual_review,test,6d00d92823bbb10dbc5441f1812dded8fc83a468c5f8974c67ffef18fd15710e,,,,public/prepared OOD source; verify license before dissertation submission
images/dissertation_v1/ood/semantic_outlier/cifar10_natural/cifar10_natural_000293.png,1,train,public_semantic_outlier,semantic_outlier,cifar10_natural,prepared_cifar10_or_natural,,pending_manual_review,test,d8318377222c3e363928d8b93cef5f3b3f359cbcbae086cd9da3c554f54ff4f6,,,,public/prepared OOD source; verify license before dissertation submission
images/dissertation_v1/ood/semantic_outlier/cifar10_natural/cifar10_natural_000294.png,1,train,public_semantic_outlier,semantic_outlier,cifar10_natural,prepared_cifar10_or_natural,,pending_manual_review,test,c478397be57ab038d760a72b8268017baf98d46419f36a2ffbeafed165145792,,,,public/prepared OOD source; verify license before dissertation submission
images/dissertation_v1/ood/semantic_outlier/cifar10_natural/cifar10_natural_000296.png,1,train,public_semantic_outlier,semantic_outlier,cifar10_natural,prepared_cifar10_or_natural,,pending_manual_review,test,d790ff06a7fc8969e3ab8d30b063d5fddc803935220796902eb8e3d148f93bd8,,,,public/prepared OOD source; verify license before dissertation submission
images/dissertation_v1/ood/semantic_outlier/cifar10_natural/cifar10_natural_000297.png,1,train,public_semantic_outlier,semantic_outlier,cifar10_natural,prepared_cifar10_or_natural,,pending_manual_review,test,084cb51fc71b72a9a08ca76a638fae966a6b63a55c00bfa4d0c265808e6bb1ef,,,,public/prepared OOD source; verify license before dissertation submission
images/dissertation_v1/ood/semantic_outlier/cifar10_natural/cifar10_natural_000299.png,1,train,public_semantic_outlier,semantic_outlier,cifar10_natural,prepared_cifar10_or_natural,,pending_manual_review,test,ed776b3fce2f35983836f7717931cf1208066d8c6721dc65d69e8a2243c250d2,,,,public/prepared OOD source; verify license before dissertation submission
images/dissertation_v1/ood/semantic_outlier/cifar10_natural/cifar10_natural_000301.png,1,train,public_semantic_outlier,semantic_outlier,cifar10_natural,prepared_cifar10_or_natural,,pending_manual_review,test,b74117845405e79c60624bec5d30a16b31dd5c722b97b0ffec0a18b170010b3c,,,,public/prepared OOD source; verify license before dissertation submission
images/dissertation_v1/ood/semantic_outlier/cifar10_natural/cifar10_natural_000303.png,1,train,public_semantic_outlier,semantic_outlier,cifar10_natural,prepared_cifar10_or_natural,,pending_manual_review,test,58465910c6f3364a6ed69fd865f1e2266e4f461512de3d97bb20efb27bc83117,,,,public/prepared OOD source; verify license before dissertation submission
images/dissertation_v1/ood/semantic_outlier/cifar10_natural/cifar10_natural_000304.png,1,train,public_semantic_outlier,semantic_outlier,cifar10_natural,prepared_cifar10_or_natural,,pending_manual_review,test,490aea105618f9a84c9f868b4b6ce3f74d83987ce804b9eab9ad079a0c538211,,,,public/prepared OOD source; verify license before dissertation submission
images/dissertation_v1/ood/semantic_outlier/cifar10_natural/cifar10_natural_000305.png,1,train,public_semantic_outlier,semantic_outlier,cifar10_natural,prepared_cifar10_or_natural,,pending_manual_review,test,6b5c9abc4c2d6327f50c3991eea1a9ea43a7e483359549a9cb9b18970077360e,,,,public/prepared OOD source; verify license before dissertation submission
images/dissertation_v1/ood/semantic_outlier/cifar10_natural/cifar10_natural_000306.png,1,train,public_semantic_outlier,semantic_outlier,cifar10_natural,prepared_cifar10_or_natural,,pending_manual_review,test,99edb630fc29579853c107db5962bfbbe020dfa9923e1f53f52c2d37c54472e9,,,,public/prepared OOD source; verify license before dissertation submission
images/dissertation_v1/ood/semantic_outlier/cifar10_natural/cifar10_natural_000307.png,1,train,public_semantic_outlier,semantic_outlier,cifar10_natural,prepared_cifar10_or_natural,,pending_manual_review,test,2076297454b2d8fd2393bb1458a94a8a38a4c4dd6c084491a2ad52cd02c54976,,,,public/prepared OOD source; verify license before dissertation submission
images/dissertation_v1/ood/semantic_outlier/cifar10_natural/cifar10_natural_000309.png,1,train,public_semantic_outlier,semantic_outlier,cifar10_natural,prepared_cifar10_or_natural,,pending_manual_review,test,3127bee6ea4c50ad86ff92f067f14e6fef3bb17ae6063f795d9c1315ebfaa62c,,,,public/prepared OOD source; verify license before dissertation submission
images/dissertation_v1/ood/semantic_outlier/cifar10_natural/cifar10_natural_000310.png,1,train,public_semantic_outlier,semantic_outlier,cifar10_natural,prepared_cifar10_or_natural,,pending_manual_review,test,7f2c8c90358ba2a8b1e1e4d01f0547945bb64697f78cd71b46c31b7b0adbea48,,,,public/prepared OOD source; verify license before dissertation submission
images/dissertation_v1/ood/semantic_outlier/cifar10_natural/cifar10_natural_000311.png,1,train,public_semantic_outlier,semantic_outlier,cifar10_natural,prepared_cifar10_or_natural,,pending_manual_review,test,1608b42638863c9581b860ec5e478d6504897cd1ce253a3575c2756a9fb6316b,,,,public/prepared OOD source; verify license before dissertation submission
images/dissertation_v1/ood/semantic_outlier/cifar10_natural/cifar10_natural_000312.png,1,train,public_semantic_outlier,semantic_outlier,cifar10_natural,prepared_cifar10_or_natural,,pending_manual_review,test,7fd71f47ea4380c87361a5a4c52c5490f551c1ff42260232e14ae29d3baa17e2,,,,public/prepared OOD source; verify license before dissertation submission
images/dissertation_v1/ood/semantic_outlier/cifar10_natural/cifar10_natural_000313.png,1,train,public_semantic_outlier,semantic_outlier,cifar10_natural,prepared_cifar10_or_natural,,pending_manual_review,test,bc81b5617b50e18477565e7c9620d53b616e421397cc9b8b082807158ed0fd31,,,,public/prepared OOD source; verify license before dissertation submission
images/dissertation_v1/ood/semantic_outlier/cifar10_natural/cifar10_natural_000314.png,1,train,public_semantic_outlier,semantic_outlier,cifar10_natural,prepared_cifar10_or_natural,,pending_manual_review,test,81b8dac5b7df58f427aa72925f7ee067eca7775526cc54566437c61da7299814,,,,public/prepared OOD source; verify license before dissertation submission
images/dissertation_v1/ood/semantic_outlier/cifar10_natural/cifar10_natural_000316.png,1,train,public_semantic_outlier,semantic_outlier,cifar10_natural,prepared_cifar10_or_natural,,pending_manual_review,test,3ceea43324c8ea2999e3acd3397d02a324208e09b921ba51455560a594501118,,,,public/prepared OOD source; verify license before dissertation submission
images/dissertation_v1/ood/semantic_outlier/cifar10_natural/cifar10_natural_000317.png,1,train,public_semantic_outlier,semantic_outlier,cifar10_natural,prepared_cifar10_or_natural,,pending_manual_review,test,b2a07408994d67664c0c25a555ee7cafe5db118fc44ebc45b14df8f59b5b9f7f,,,,public/prepared OOD source; verify license before dissertation submission
images/dissertation_v1/ood/semantic_outlier/cifar10_natural/cifar10_natural_000320.png,1,train,public_semantic_outlier,semantic_outlier,cifar10_natural,prepared_cifar10_or_natural,,pending_manual_review,test,185bd4804bfb1d8d11ca299fecc5a91d490c3e66451a7e275c03702c3c74d888,,,,public/prepared OOD source; verify license before dissertation submission
images/dissertation_v1/ood/semantic_outlier/cifar10_natural/cifar10_natural_000321.png,1,train,public_semantic_outlier,semantic_outlier,cifar10_natural,prepared_cifar10_or_natural,,pending_manual_review,test,501f50900fd1ed02c830b67edda2b273ad29b5c5b11b679d237a1e64a5619b07,,,,public/prepared OOD source; verify license before dissertation submission
images/dissertation_v1/ood/semantic_outlier/cifar10_natural/cifar10_natural_000324.png,1,train,public_semantic_outlier,semantic_outlier,cifar10_natural,prepared_cifar10_or_natural,,pending_manual_review,test,1aa90c31fcf841987dcd12191042b7f00e39bc6a29b97504c60ff5ae521fe984,,,,public/prepared OOD source; verify license before dissertation submission
images/dissertation_v1/ood/semantic_outlier/cifar10_natural/cifar10_natural_000325.png,1,train,public_semantic_outlier,semantic_outlier,cifar10_natural,prepared_cifar10_or_natural,,pending_manual_review,test,1450d8307392dcd61b3dfa23837822d84eed3c72485417dbf019cc6fedc99003,,,,public/prepared OOD source; verify license before dissertation submission
images/dissertation_v1/ood/semantic_outlier/cifar10_natural/cifar10_natural_000329.png,1,train,public_semantic_outlier,semantic_outlier,cifar10_natural,prepared_cifar10_or_natural,,pending_manual_review,test,78d5339611a81ef27733dfc42f1941c3e5a15ac58166509751244a8c80bc00f1,,,,public/prepared OOD source; verify license before dissertation submission
images/dissertation_v1/ood/semantic_outlier/cifar10_natural/cifar10_natural_000332.png,1,train,public_semantic_outlier,semantic_outlier,cifar10_natural,prepared_cifar10_or_natural,,pending_manual_review,test,d40b6c67c755284a426c93205026a7cb7b8d3f7987d9fcf7ed0579405e72fef4,,,,public/prepared OOD source; verify license before dissertation submission
images/dissertation_v1/ood/semantic_outlier/cifar10_natural/cifar10_natural_000333.png,1,train,public_semantic_outlier,semantic_outlier,cifar10_natural,prepared_cifar10_or_natural,,pending_manual_review,test,4c6217b53ebffe284b2f0f4730f0cde5fcf216e7d2ef3943409f0b2d478d7570,,,,public/prepared OOD source; verify license before dissertation submission
images/dissertation_v1/ood/semantic_outlier/cifar10_natural/cifar10_natural_000334.png,1,train,public_semantic_outlier,semantic_outlier,cifar10_natural,prepared_cifar10_or_natural,,pending_manual_review,test,550f3fb4d5b13852e17cfc6b07859038faf041e794be99d2cee597fd22f9d7f3,,,,public/prepared OOD source; verify license before dissertation submission
images/dissertation_v1/ood/semantic_outlier/cifar10_natural/cifar10_natural_000335.png,1,train,public_semantic_outlier,semantic_outlier,cifar10_natural,prepared_cifar10_or_natural,,pending_manual_review,test,353657aaa8aae5cf547c06b2426e99fdfaf56e75179c7b4d728a13d2fb39432b,,,,public/prepared OOD source; verify license before dissertation submission
images/dissertation_v1/ood/semantic_outlier/cifar10_natural/cifar10_natural_000336.png,1,train,public_semantic_outlier,semantic_outlier,cifar10_natural,prepared_cifar10_or_natural,,pending_manual_review,test,a9801c89ebb16af97e7485602848ec607df58941c08865fe02764b7ccdaf0dd4,,,,public/prepared OOD source; verify license before dissertation submission
images/dissertation_v1/ood/semantic_outlier/cifar10_natural/cifar10_natural_000338.png,1,train,public_semantic_outlier,semantic_outlier,cifar10_natural,prepared_cifar10_or_natural,,pending_manual_review,test,93b504874b21879c577eaf1a00f366abbdff4215326ed68cb7ab0831bce04e2f,,,,public/prepared OOD source; verify license before dissertation submission
images/dissertation_v1/ood/semantic_outlier/cifar10_natural/cifar10_natural_000339.png,1,train,public_semantic_outlier,semantic_outlier,cifar10_natural,prepared_cifar10_or_natural,,pending_manual_review,test,202bf6616396c95c52498ea89269af5d11e4d71d4e82f850166f2e4ec75b2c88,,,,public/prepared OOD source; verify license before dissertation submission
images/dissertation_v1/ood/semantic_outlier/cifar10_natural/cifar10_natural_000341.png,1,train,public_semantic_outlier,semantic_outlier,cifar10_natural,prepared_cifar10_or_natural,,pending_manual_review,test,445e3fdc7816326b555692501f610fd4ceed7a05155a6a9cb2c5b7740994a286,,,,public/prepared OOD source; verify license before dissertation submission
images/dissertation_v1/ood/semantic_outlier/cifar10_natural/cifar10_natural_000342.png,1,train,public_semantic_outlier,semantic_outlier,cifar10_natural,prepared_cifar10_or_natural,,pending_manual_review,test,5af144c2aeca8ddbb0196e38b05a4787f8a2066ce2b802b34584c016127f6645,,,,public/prepared OOD source; verify license before dissertation submission
images/dissertation_v1/ood/semantic_outlier/cifar10_natural/cifar10_natural_000343.png,1,train,public_semantic_outlier,semantic_outlier,cifar10_natural,prepared_cifar10_or_natural,,pending_manual_review,test,2dc3065762e8f1b3c9f9d23b63afe4a190e5e82f22d19f1670ff2ea08e380037,,,,public/prepared OOD source; verify license before dissertation submission
images/dissertation_v1/ood/semantic_outlier/cifar10_natural/cifar10_natural_000344.png,1,train,public_semantic_outlier,semantic_outlier,cifar10_natural,prepared_cifar10_or_natural,,pending_manual_review,test,d43f4da3806b48299206f130e377fbae8e591cfc83d312e8d991e32cdc12c527,,,,public/prepared OOD source; verify license before dissertation submission
images/dissertation_v1/ood/semantic_outlier/cifar10_natural/cifar10_natural_000345.png,1,train,public_semantic_outlier,semantic_outlier,cifar10_natural,prepared_cifar10_or_natural,,pending_manual_review,test,695f7057976a672f6d51f7c15b4137fe5107140aca41e10daef41ab0fe172dfc,,,,public/prepared OOD source; verify license before dissertation submission
images/dissertation_v1/ood/semantic_outlier/cifar10_natural/cifar10_natural_000346.png,1,train,public_semantic_outlier,semantic_outlier,cifar10_natural,prepared_cifar10_or_natural,,pending_manual_review,test,9a2c41df8c3ecc4f068f0cd4a2bb7470f926bcbf5e8fc0d85e88918d62bf97f4,,,,public/prepared OOD source; verify license before dissertation submission
images/dissertation_v1/ood/semantic_outlier/cifar10_natural/cifar10_natural_000349.png,1,train,public_semantic_outlier,semantic_outlier,cifar10_natural,prepared_cifar10_or_natural,,pending_manual_review,test,f1321775733199b36c478b7898cb1747d9421aedb6e9905174ddcb0a131287e7,,,,public/prepared OOD source; verify license before dissertation submission
images/dissertation_v1/ood/semantic_outlier/cifar10_natural/cifar10_natural_000351.png,1,train,public_semantic_outlier,semantic_outlier,cifar10_natural,prepared_cifar10_or_natural,,pending_manual_review,test,cdad7be3f671af9560bfc2f5e859193c57104dbac290499f2ac9b60c6a4b9d94,,,,public/prepared OOD source; verify license before dissertation submission
images/dissertation_v1/ood/semantic_outlier/cifar10_natural/cifar10_natural_000352.png,1,train,public_semantic_outlier,semantic_outlier,cifar10_natural,prepared_cifar10_or_natural,,pending_manual_review,test,8e740538e4d8bc1fc9f767c602a87664432fa420f06ed3f3b55d80a31361c037,,,,public/prepared OOD source; verify license before dissertation submission
images/dissertation_v1/ood/semantic_outlier/cifar10_natural/cifar10_natural_000353.png,1,train,public_semantic_outlier,semantic_outlier,cifar10_natural,prepared_cifar10_or_natural,,pending_manual_review,test,e6685f948d963cd55b63548635c62dac22beb870e3391b5df154d772b3cdcb6e,,,,public/prepared OOD source; verify license before dissertation submission
images/dissertation_v1/ood/semantic_outlier/cifar10_natural/cifar10_natural_000355.png,1,train,public_semantic_outlier,semantic_outlier,cifar10_natural,prepared_cifar10_or_natural,,pending_manual_review,test,850b2b8cb46ebee35273893eff97b60ad64cfda204215585173f980b359a62e2,,,,public/prepared OOD source; verify license before dissertation submission
images/dissertation_v1/ood/semantic_outlier/cifar10_natural/cifar10_natural_000356.png,1,train,public_semantic_outlier,semantic_outlier,cifar10_natural,prepared_cifar10_or_natural,,pending_manual_review,test,c3ddc13ffb96c2f9c82c3a89c1ad8e30d0db485d49e27e71a3ad048e102827ff,,,,public/prepared OOD source; verify license before dissertation submission
images/dissertation_v1/ood/semantic_outlier/cifar10_natural/cifar10_natural_000358.png,1,train,public_semantic_outlier,semantic_outlier,cifar10_natural,prepared_cifar10_or_natural,,pending_manual_review,test,048ae66f559931a1a8a88f168aca703398e94a58d7a00ccdf4e57b53e83b4b87,,,,public/prepared OOD source; verify license before dissertation submission
images/dissertation_v1/ood/semantic_outlier/cifar10_natural/cifar10_natural_000364.png,1,train,public_semantic_outlier,semantic_outlier,cifar10_natural,prepared_cifar10_or_natural,,pending_manual_review,test,ff59b73335b961dfc081f783c8833f2d4047d2e3fe798b03bccbf1cf29af056b,,,,public/prepared OOD source; verify license before dissertation submission
images/dissertation_v1/ood/semantic_outlier/cifar10_natural/cifar10_natural_000367.png,1,train,public_semantic_outlier,semantic_outlier,cifar10_natural,prepared_cifar10_or_natural,,pending_manual_review,test,4bc2c0ea37ab051af463884519b8f72a7378c69cb0bc93870ba47f634236ffc4,,,,public/prepared OOD source; verify license before dissertation submission
images/dissertation_v1/ood/semantic_outlier/cifar10_natural/cifar10_natural_000369.png,1,train,public_semantic_outlier,semantic_outlier,cifar10_natural,prepared_cifar10_or_natural,,pending_manual_review,test,44256baf93c099ea02e1a04c0771bbf478056f77e64857b46bf9bc0f021f1093,,,,public/prepared OOD source; verify license before dissertation submission
images/dissertation_v1/ood/semantic_outlier/cifar10_natural/cifar10_natural_000370.png,1,train,public_semantic_outlier,semantic_outlier,cifar10_natural,prepared_cifar10_or_natural,,pending_manual_review,test,dc074fed5592767c8842c846fbd8d02c8267eb3688fd8b467c4d796b719b763b,,,,public/prepared OOD source; verify license before dissertation submission
images/dissertation_v1/ood/semantic_outlier/cifar10_natural/cifar10_natural_000372.png,1,train,public_semantic_outlier,semantic_outlier,cifar10_natural,prepared_cifar10_or_natural,,pending_manual_review,test,c5a2aeeda58d4b942dc27934ffd72ec84a2d796dcfd54039ea1d39f0998730dc,,,,public/prepared OOD source; verify license before dissertation submission
images/dissertation_v1/ood/semantic_outlier/cifar10_natural/cifar10_natural_000374.png,1,train,public_semantic_outlier,semantic_outlier,cifar10_natural,prepared_cifar10_or_natural,,pending_manual_review,test,a113ef5a81dc236bb5687e041d80369ba7ec3c13690301d64355c6b712d34dd4,,,,public/prepared OOD source; verify license before dissertation submission
images/dissertation_v1/ood/semantic_outlier/cifar10_natural/cifar10_natural_000375.png,1,train,public_semantic_outlier,semantic_outlier,cifar10_natural,prepared_cifar10_or_natural,,pending_manual_review,test,9c328a6dc2653db60c436c8e8af6dbcd7732ccd89f98f2ecdfc3504a2e70c456,,,,public/prepared OOD source; verify license before dissertation submission
images/dissertation_v1/ood/semantic_outlier/cifar10_natural/cifar10_natural_000377.png,1,train,public_semantic_outlier,semantic_outlier,cifar10_natural,prepared_cifar10_or_natural,,pending_manual_review,test,dc89f10521d7e274ccbd12614e12df7374f7d6c9962fea1d04caf94e562a4fe9,,,,public/prepared OOD source; verify license before dissertation submission
images/dissertation_v1/ood/semantic_outlier/cifar10_natural/cifar10_natural_000379.png,1,train,public_semantic_outlier,semantic_outlier,cifar10_natural,prepared_cifar10_or_natural,,pending_manual_review,test,79de855414d4253f900a51f09d6bc9109549506e0e94ee8e3a9f85fd807123f0,,,,public/prepared OOD source; verify license before dissertation submission
images/dissertation_v1/ood/semantic_outlier/cifar10_natural/cifar10_natural_000380.png,1,train,public_semantic_outlier,semantic_outlier,cifar10_natural,prepared_cifar10_or_natural,,pending_manual_review,test,1699b052a5655233d7a76a9326ed04b1574da12a0b81de5d6aa8a0236738cbcc,,,,public/prepared OOD source; verify license before dissertation submission
images/dissertation_v1/ood/semantic_outlier/cifar10_natural/cifar10_natural_000382.png,1,train,public_semantic_outlier,semantic_outlier,cifar10_natural,prepared_cifar10_or_natural,,pending_manual_review,test,b3cd53ce972fa5721caaea2225a93dbba319ba34d5fbe7580eca383f00f6d06a,,,,public/prepared OOD source; verify license before dissertation submission
images/dissertation_v1/ood/semantic_outlier/cifar10_natural/cifar10_natural_000384.png,1,train,public_semantic_outlier,semantic_outlier,cifar10_natural,prepared_cifar10_or_natural,,pending_manual_review,test,17de7c002e0290102f8638339107c862a2ca8db3a89261d2c622bf5c00fd591f,,,,public/prepared OOD source; verify license before dissertation submission
images/dissertation_v1/ood/semantic_outlier/cifar10_natural/cifar10_natural_000388.png,1,train,public_semantic_outlier,semantic_outlier,cifar10_natural,prepared_cifar10_or_natural,,pending_manual_review,test,1f298522fe94d620001a3246289d1dc3fcabb7bedd053b13f153ec78c1faf99d,,,,public/prepared OOD source; verify license before dissertation submission
images/dissertation_v1/ood/semantic_outlier/cifar10_natural/cifar10_natural_000390.png,1,train,public_semantic_outlier,semantic_outlier,cifar10_natural,prepared_cifar10_or_natural,,pending_manual_review,test,6db8e8ea30c45e889872fb34dc649fab34c8d00c8b9937ce9be38938414ecb6b,,,,public/prepared OOD source; verify license before dissertation submission
images/dissertation_v1/ood/semantic_outlier/cifar10_natural/cifar10_natural_000391.png,1,train,public_semantic_outlier,semantic_outlier,cifar10_natural,prepared_cifar10_or_natural,,pending_manual_review,test,b78fadd1e5c60a487970058743a25f912861e64f7eb3105987b63d338b22d594,,,,public/prepared OOD source; verify license before dissertation submission
images/dissertation_v1/ood/semantic_outlier/cifar10_natural/cifar10_natural_000392.png,1,train,public_semantic_outlier,semantic_outlier,cifar10_natural,prepared_cifar10_or_natural,,pending_manual_review,test,299b055a35315f9962e5ffe5978e1488f9f73678dee36101d9b62def19b603a2,,,,public/prepared OOD source; verify license before dissertation submission
images/dissertation_v1/ood/semantic_outlier/cifar10_natural/cifar10_natural_000394.png,1,train,public_semantic_outlier,semantic_outlier,cifar10_natural,prepared_cifar10_or_natural,,pending_manual_review,test,7e74982a7e6c6a1c39b78029a7478f5e40d327809895f83d87e7d63d5adf24fd,,,,public/prepared OOD source; verify license before dissertation submission
images/dissertation_v1/ood/semantic_outlier/cifar10_natural/cifar10_natural_000397.png,1,train,public_semantic_outlier,semantic_outlier,cifar10_natural,prepared_cifar10_or_natural,,pending_manual_review,test,d5d4f5750dee2fef034a7dce1d3e4ded22dcfc75c07854b094d67f40c0e1d48b,,,,public/prepared OOD source; verify license before dissertation submission
images/dissertation_v1/ood/semantic_outlier/cifar10_natural/cifar10_natural_000399.png,1,train,public_semantic_outlier,semantic_outlier,cifar10_natural,prepared_cifar10_or_natural,,pending_manual_review,test,d5ce8f98d0dff9b70a4428efcbf42e9f16e8c7f3057fa24c21bdb04afe3abddf,,,,public/prepared OOD source; verify license before dissertation submission
images/dissertation_v1/ood/semantic_outlier/cifar10_natural/cifar10_natural_000402.png,1,train,public_semantic_outlier,semantic_outlier,cifar10_natural,prepared_cifar10_or_natural,,pending_manual_review,test,a1849d9cae52c7153d5de218d0d0d8c0b1a50a3faf8ac0664709dceb91ec804d,,,,public/prepared OOD source; verify license before dissertation submission
images/dissertation_v1/ood/semantic_outlier/cifar10_natural/cifar10_natural_000403.png,1,train,public_semantic_outlier,semantic_outlier,cifar10_natural,prepared_cifar10_or_natural,,pending_manual_review,test,c893f69fcf36956df71d05cdc683e9d05d449358572ef2fbd50081eab976f067,,,,public/prepared OOD source; verify license before dissertation submission
images/dissertation_v1/ood/semantic_outlier/cifar10_natural/cifar10_natural_000404.png,1,train,public_semantic_outlier,semantic_outlier,cifar10_natural,prepared_cifar10_or_natural,,pending_manual_review,test,e4defc3cda87f1802b5897c08e4e2ef959b8c7ed4416d3e3e6403d91e88e4f4f,,,,public/prepared OOD source; verify license before dissertation submission
images/dissertation_v1/ood/semantic_outlier/cifar10_natural/cifar10_natural_000405.png,1,train,public_semantic_outlier,semantic_outlier,cifar10_natural,prepared_cifar10_or_natural,,pending_manual_review,test,fe23cf620a1576664a7fa77de04306eb155b334b4da6497847602e2bda2f9f32,,,,public/prepared OOD source; verify license before dissertation submission
images/dissertation_v1/ood/semantic_outlier/cifar10_natural/cifar10_natural_000406.png,1,train,public_semantic_outlier,semantic_outlier,cifar10_natural,prepared_cifar10_or_natural,,pending_manual_review,test,bbc6d5a6f44816dc7d41940b69dbd243398fbdba0d6089daa9166faa692c3b7b,,,,public/prepared OOD source; verify license before dissertation submission
images/dissertation_v1/ood/semantic_outlier/cifar10_natural/cifar10_natural_000407.png,1,train,public_semantic_outlier,semantic_outlier,cifar10_natural,prepared_cifar10_or_natural,,pending_manual_review,test,1fed851c8accd70aee4a78f2f79baeee699bc5bced87a0f3143c03c3d9d4c075,,,,public/prepared OOD source; verify license before dissertation submission
images/dissertation_v1/ood/semantic_outlier/cifar10_natural/cifar10_natural_000408.png,1,train,public_semantic_outlier,semantic_outlier,cifar10_natural,prepared_cifar10_or_natural,,pending_manual_review,test,dd71e5c9e363c7d6a2437c12d18c34a35c33e7e9f71b2c8bcf9bdc25f459efed,,,,public/prepared OOD source; verify license before dissertation submission
images/dissertation_v1/ood/semantic_outlier/cifar10_natural/cifar10_natural_000409.png,1,train,public_semantic_outlier,semantic_outlier,cifar10_natural,prepared_cifar10_or_natural,,pending_manual_review,test,f89a0c5c721a8d3efaaa906a9421174d7c67238b6a932e5930da93e998878806,,,,public/prepared OOD source; verify license before dissertation submission
images/dissertation_v1/ood/semantic_outlier/cifar10_natural/cifar10_natural_000411.png,1,train,public_semantic_outlier,semantic_outlier,cifar10_natural,prepared_cifar10_or_natural,,pending_manual_review,test,d3c0cd82902e00a96396d7c8def1bf15f528592d28fe2f049d1645abb604be7b,,,,public/prepared OOD source; verify license before dissertation submission
images/dissertation_v1/ood/semantic_outlier/cifar10_natural/cifar10_natural_000414.png,1,train,public_semantic_outlier,semantic_outlier,cifar10_natural,prepared_cifar10_or_natural,,pending_manual_review,test,e3c559173ed8b61ed03cc48bcd59ff5b9964f2d1a1ececfe0fecdd0bc159fd02,,,,public/prepared OOD source; verify license before dissertation submission
images/dissertation_v1/ood/semantic_outlier/cifar10_natural/cifar10_natural_000415.png,1,train,public_semantic_outlier,semantic_outlier,cifar10_natural,prepared_cifar10_or_natural,,pending_manual_review,test,ceb81421b6c81ba1afcb4e60b0b93238709878f7879b42428dcbd6ca9c885a99,,,,public/prepared OOD source; verify license before dissertation submission
images/dissertation_v1/ood/semantic_outlier/cifar10_natural/cifar10_natural_000416.png,1,train,public_semantic_outlier,semantic_outlier,cifar10_natural,prepared_cifar10_or_natural,,pending_manual_review,test,6d23a4e468aee0e25c1371065c6738f34436f8b99a06041e5b4eead79092f81a,,,,public/prepared OOD source; verify license before dissertation submission
images/dissertation_v1/ood/semantic_outlier/cifar10_natural/cifar10_natural_000419.png,1,train,public_semantic_outlier,semantic_outlier,cifar10_natural,prepared_cifar10_or_natural,,pending_manual_review,test,81ce2c7e9fa4a07d01b45254ba47780e89bd6b1490ffd6e4bfb96d6568fe523b,,,,public/prepared OOD source; verify license before dissertation submission
images/dissertation_v1/ood/semantic_outlier/cifar10_natural/cifar10_natural_000420.png,1,train,public_semantic_outlier,semantic_outlier,cifar10_natural,prepared_cifar10_or_natural,,pending_manual_review,test,bee769d889edc6ab82aa6debe3f3d6a7e1165305d0f443406303c7d7c171c35c,,,,public/prepared OOD source; verify license before dissertation submission
images/dissertation_v1/ood/semantic_outlier/cifar10_natural/cifar10_natural_000422.png,1,train,public_semantic_outlier,semantic_outlier,cifar10_natural,prepared_cifar10_or_natural,,pending_manual_review,test,77985f1fbdabe23c370f7df95951b4f385ca4d445e7fc63ab0a8f49eb64fb543,,,,public/prepared OOD source; verify license before dissertation submission
images/dissertation_v1/ood/semantic_outlier/cifar10_natural/cifar10_natural_000423.png,1,train,public_semantic_outlier,semantic_outlier,cifar10_natural,prepared_cifar10_or_natural,,pending_manual_review,test,8d4d3cb23bb9b69320d38366cfe191864b8128dd8d0507e206c2d9ffdb881c54,,,,public/prepared OOD source; verify license before dissertation submission
images/dissertation_v1/ood/semantic_outlier/cifar10_natural/cifar10_natural_000427.png,1,train,public_semantic_outlier,semantic_outlier,cifar10_natural,prepared_cifar10_or_natural,,pending_manual_review,test,27a3c4818f391abe3cf59f2291b9ffb8f7e280cd9cc2943a850a70bbc648f2a4,,,,public/prepared OOD source; verify license before dissertation submission
images/dissertation_v1/ood/semantic_outlier/cifar10_natural/cifar10_natural_000429.png,1,train,public_semantic_outlier,semantic_outlier,cifar10_natural,prepared_cifar10_or_natural,,pending_manual_review,test,b00c1c5390232a297d34888ae0d166682735736ddbb20b798d9daaee1ef8b960,,,,public/prepared OOD source; verify license before dissertation submission
images/dissertation_v1/ood/semantic_outlier/cifar10_natural/cifar10_natural_000440.png,1,train,public_semantic_outlier,semantic_outlier,cifar10_natural,prepared_cifar10_or_natural,,pending_manual_review,test,d875cfea9d4428ead24912cb56a68610ccf55a37b16c0126749fe4a947ef4268,,,,public/prepared OOD source; verify license before dissertation submission
images/dissertation_v1/ood/semantic_outlier/cifar10_natural/cifar10_natural_000443.png,1,train,public_semantic_outlier,semantic_outlier,cifar10_natural,prepared_cifar10_or_natural,,pending_manual_review,test,d803e42820851c4bb3c7b66e0b5c573e7d1a28268f870aadd23b70f5a6ccffda,,,,public/prepared OOD source; verify license before dissertation submission
images/dissertation_v1/ood/semantic_outlier/cifar10_natural/cifar10_natural_000444.png,1,train,public_semantic_outlier,semantic_outlier,cifar10_natural,prepared_cifar10_or_natural,,pending_manual_review,test,1f53112e780f9463b6cad25229e45a71b12367c8ec9b701a0363fdfa8cf75e86,,,,public/prepared OOD source; verify license before dissertation submission
images/dissertation_v1/ood/semantic_outlier/cifar10_natural/cifar10_natural_000445.png,1,train,public_semantic_outlier,semantic_outlier,cifar10_natural,prepared_cifar10_or_natural,,pending_manual_review,test,4a853adb293c9c71eb6aedb2104e1db3074e0e05073067d3d3c8897e26484452,,,,public/prepared OOD source; verify license before dissertation submission
images/dissertation_v1/ood/semantic_outlier/cifar10_natural/cifar10_natural_000446.png,1,train,public_semantic_outlier,semantic_outlier,cifar10_natural,prepared_cifar10_or_natural,,pending_manual_review,test,1b59608862e816ca2cdaf887ae7ef2111ee08ad5c1d03050edb11301339fe3c9,,,,public/prepared OOD source; verify license before dissertation submission
images/dissertation_v1/ood/semantic_outlier/cifar10_natural/cifar10_natural_000447.png,1,train,public_semantic_outlier,semantic_outlier,cifar10_natural,prepared_cifar10_or_natural,,pending_manual_review,test,ffe069a32b33de8f0c804eaa59b8098eecc71a8af9f893090a74799faa4044d9,,,,public/prepared OOD source; verify license before dissertation submission
images/dissertation_v1/ood/semantic_outlier/cifar10_natural/cifar10_natural_000448.png,1,train,public_semantic_outlier,semantic_outlier,cifar10_natural,prepared_cifar10_or_natural,,pending_manual_review,test,fa6a63ba05d947f43f88434b0b3b5b4fcba48820f4e4a5f71d590d8fa9e19031,,,,public/prepared OOD source; verify license before dissertation submission
images/dissertation_v1/ood/semantic_outlier/cifar10_natural/cifar10_natural_000451.png,1,train,public_semantic_outlier,semantic_outlier,cifar10_natural,prepared_cifar10_or_natural,,pending_manual_review,test,4e4e3d35bec6daa4992b5938518f0b9ce743a0242c9308f10ed911a3480b728b,,,,public/prepared OOD source; verify license before dissertation submission
images/dissertation_v1/ood/semantic_outlier/cifar10_natural/cifar10_natural_000452.png,1,train,public_semantic_outlier,semantic_outlier,cifar10_natural,prepared_cifar10_or_natural,,pending_manual_review,test,360c6ff1a2b165fdc473f50588f38b59ec856ce97fafc7cb1c539b96fc5265af,,,,public/prepared OOD source; verify license before dissertation submission
images/dissertation_v1/ood/semantic_outlier/cifar10_natural/cifar10_natural_000453.png,1,train,public_semantic_outlier,semantic_outlier,cifar10_natural,prepared_cifar10_or_natural,,pending_manual_review,test,9886645ed3d649373baa496a05ec88dd05ae64025a3b093b8a9ba1767dbf2237,,,,public/prepared OOD source; verify license before dissertation submission
images/dissertation_v1/ood/semantic_outlier/cifar10_natural/cifar10_natural_000454.png,1,train,public_semantic_outlier,semantic_outlier,cifar10_natural,prepared_cifar10_or_natural,,pending_manual_review,test,5684619802a6c3fa152236ba2a883fe34f7f77ad7aa5bb670f45352f90c91cc8,,,,public/prepared OOD source; verify license before dissertation submission
images/dissertation_v1/ood/semantic_outlier/cifar10_natural/cifar10_natural_000456.png,1,train,public_semantic_outlier,semantic_outlier,cifar10_natural,prepared_cifar10_or_natural,,pending_manual_review,test,aab7dfadb75df9a2d51063d449176f5d8d1d52a1ca601994ddee3e61354e3f5f,,,,public/prepared OOD source; verify license before dissertation submission
images/dissertation_v1/ood/semantic_outlier/cifar10_natural/cifar10_natural_000457.png,1,train,public_semantic_outlier,semantic_outlier,cifar10_natural,prepared_cifar10_or_natural,,pending_manual_review,test,28509a303c9999a8c1403b906a7eca63a9c4a1c68086bf07a3d042599dce0e4a,,,,public/prepared OOD source; verify license before dissertation submission
images/dissertation_v1/ood/semantic_outlier/cifar10_natural/cifar10_natural_000458.png,1,train,public_semantic_outlier,semantic_outlier,cifar10_natural,prepared_cifar10_or_natural,,pending_manual_review,test,32e6fbdedcb70d1c956d3ae60467ce1d3858f755ed3d06b7503220e9d70e3d99,,,,public/prepared OOD source; verify license before dissertation submission
images/dissertation_v1/ood/semantic_outlier/cifar10_natural/cifar10_natural_000462.png,1,train,public_semantic_outlier,semantic_outlier,cifar10_natural,prepared_cifar10_or_natural,,pending_manual_review,test,d75392d1401c1de68f208311b8ff6c3a7d192d1bb764e2b6b76d6f2cd2ddba99,,,,public/prepared OOD source; verify license before dissertation submission
images/dissertation_v1/ood/semantic_outlier/cifar10_natural/cifar10_natural_000464.png,1,train,public_semantic_outlier,semantic_outlier,cifar10_natural,prepared_cifar10_or_natural,,pending_manual_review,test,851e943ac420eb6533797c7f913c9a8a649a361f66a7189ef1f8d2ad115a08da,,,,public/prepared OOD source; verify license before dissertation submission
images/dissertation_v1/ood/semantic_outlier/cifar10_natural/cifar10_natural_000465.png,1,train,public_semantic_outlier,semantic_outlier,cifar10_natural,prepared_cifar10_or_natural,,pending_manual_review,test,3d9209abdf93b3e55478def99729ca89f1abb662a6fe299d2a99bee754fbe486,,,,public/prepared OOD source; verify license before dissertation submission
images/dissertation_v1/ood/semantic_outlier/cifar10_natural/cifar10_natural_000466.png,1,train,public_semantic_outlier,semantic_outlier,cifar10_natural,prepared_cifar10_or_natural,,pending_manual_review,test,9dd3ba807a4126330bd965c1bd2cae28d2d3304590fa9f647b6fa9efcb86aa3a,,,,public/prepared OOD source; verify license before dissertation submission
images/dissertation_v1/ood/semantic_outlier/cifar10_natural/cifar10_natural_000468.png,1,train,public_semantic_outlier,semantic_outlier,cifar10_natural,prepared_cifar10_or_natural,,pending_manual_review,test,52f46832a53c5c4572fb610ee8f44eb4372d68ccca7761b09f287adf5cf5f89a,,,,public/prepared OOD source; verify license before dissertation submission
images/dissertation_v1/ood/semantic_outlier/cifar10_natural/cifar10_natural_000469.png,1,train,public_semantic_outlier,semantic_outlier,cifar10_natural,prepared_cifar10_or_natural,,pending_manual_review,test,e4c09a179b32bb2ce94b13fc06b6bcf721c8304b94d5b4cb40e778a661e9ce6d,,,,public/prepared OOD source; verify license before dissertation submission
images/dissertation_v1/ood/semantic_outlier/cifar10_natural/cifar10_natural_000470.png,1,train,public_semantic_outlier,semantic_outlier,cifar10_natural,prepared_cifar10_or_natural,,pending_manual_review,test,831bdb270e17fa9028ed7e447ead2d315e98d763dbc31dac4a1003c86265b282,,,,public/prepared OOD source; verify license before dissertation submission
images/dissertation_v1/ood/semantic_outlier/cifar10_natural/cifar10_natural_000471.png,1,train,public_semantic_outlier,semantic_outlier,cifar10_natural,prepared_cifar10_or_natural,,pending_manual_review,test,89a355878c21d68644baea48722cdc0e002d42e5b4558c1b7bd819ccb345038f,,,,public/prepared OOD source; verify license before dissertation submission
images/dissertation_v1/ood/semantic_outlier/cifar10_natural/cifar10_natural_000472.png,1,train,public_semantic_outlier,semantic_outlier,cifar10_natural,prepared_cifar10_or_natural,,pending_manual_review,test,9d6cd97f606de77f4346072f31bd53a7d5f4121491fc1eb8260809782b4f5ca1,,,,public/prepared OOD source; verify license before dissertation submission
images/dissertation_v1/ood/semantic_outlier/cifar10_natural/cifar10_natural_000474.png,1,train,public_semantic_outlier,semantic_outlier,cifar10_natural,prepared_cifar10_or_natural,,pending_manual_review,test,9ebad6ee08bef0d1dfea14f4446b27c70aad9a3747be8b886e8ad5206d1bcc2d,,,,public/prepared OOD source; verify license before dissertation submission
images/dissertation_v1/ood/semantic_outlier/cifar10_natural/cifar10_natural_000475.png,1,train,public_semantic_outlier,semantic_outlier,cifar10_natural,prepared_cifar10_or_natural,,pending_manual_review,test,9a1b474ddfa7967e67f0bdb0cf10a5034e19def3c5494d197046db6b7ce15b8b,,,,public/prepared OOD source; verify license before dissertation submission
images/dissertation_v1/ood/semantic_outlier/cifar10_natural/cifar10_natural_000476.png,1,train,public_semantic_outlier,semantic_outlier,cifar10_natural,prepared_cifar10_or_natural,,pending_manual_review,test,81b98a5b84e1297ec38694a9a4fd06a66decd28866af5f1b146bc3dfb289af2b,,,,public/prepared OOD source; verify license before dissertation submission
images/dissertation_v1/ood/semantic_outlier/cifar10_natural/cifar10_natural_000477.png,1,train,public_semantic_outlier,semantic_outlier,cifar10_natural,prepared_cifar10_or_natural,,pending_manual_review,test,e91a17c811efbae152de1b658f831d192f8594d872ad02eb97dc86ad93b1ed71,,,,public/prepared OOD source; verify license before dissertation submission
images/dissertation_v1/ood/semantic_outlier/cifar10_natural/cifar10_natural_000478.png,1,train,public_semantic_outlier,semantic_outlier,cifar10_natural,prepared_cifar10_or_natural,,pending_manual_review,test,a6e55234a94d5e19715517be4548cd194c40632eff3c7a4b37adc1535feee454,,,,public/prepared OOD source; verify license before dissertation submission
images/dissertation_v1/ood/semantic_outlier/cifar10_natural/cifar10_natural_000481.png,1,train,public_semantic_outlier,semantic_outlier,cifar10_natural,prepared_cifar10_or_natural,,pending_manual_review,test,70c39d721346310d88047fe0ee11b576e7490437fd8241d01533233d195ca914,,,,public/prepared OOD source; verify license before dissertation submission
images/dissertation_v1/ood/semantic_outlier/cifar10_natural/cifar10_natural_000482.png,1,train,public_semantic_outlier,semantic_outlier,cifar10_natural,prepared_cifar10_or_natural,,pending_manual_review,test,772034f9c9e065c6b4e3dbc099b1ff8345c43c600026d7a193ac944eb5ad74fe,,,,public/prepared OOD source; verify license before dissertation submission
images/dissertation_v1/ood/semantic_outlier/cifar10_natural/cifar10_natural_000483.png,1,train,public_semantic_outlier,semantic_outlier,cifar10_natural,prepared_cifar10_or_natural,,pending_manual_review,test,019d0e3819b406f2184bf3e7c51a84bcdb8759be558c0f2ef19dc5d7263747dc,,,,public/prepared OOD source; verify license before dissertation submission
images/dissertation_v1/ood/semantic_outlier/cifar10_natural/cifar10_natural_000484.png,1,train,public_semantic_outlier,semantic_outlier,cifar10_natural,prepared_cifar10_or_natural,,pending_manual_review,test,626cbea90dabe66909962412870cf0efb392270d920a8157828bcec5ff8c705a,,,,public/prepared OOD source; verify license before dissertation submission
images/dissertation_v1/ood/semantic_outlier/cifar10_natural/cifar10_natural_000485.png,1,train,public_semantic_outlier,semantic_outlier,cifar10_natural,prepared_cifar10_or_natural,,pending_manual_review,test,293c8b2a94e91ab991df516595ed158bd37c628175cccbfad0cf46011b03c1c4,,,,public/prepared OOD source; verify license before dissertation submission
images/dissertation_v1/ood/semantic_outlier/cifar10_natural/cifar10_natural_000486.png,1,train,public_semantic_outlier,semantic_outlier,cifar10_natural,prepared_cifar10_or_natural,,pending_manual_review,test,8f666eca0622762715dd0a6bc56e27727ebb002c7092bedf7fc079cdb67aafe2,,,,public/prepared OOD source; verify license before dissertation submission
images/dissertation_v1/ood/semantic_outlier/cifar10_natural/cifar10_natural_000487.png,1,train,public_semantic_outlier,semantic_outlier,cifar10_natural,prepared_cifar10_or_natural,,pending_manual_review,test,acc446e72641721e4041aee15153cfa9b88aa8b0698d9eaf2539ad074ed07930,,,,public/prepared OOD source; verify license before dissertation submission
images/dissertation_v1/ood/semantic_outlier/cifar10_natural/cifar10_natural_000488.png,1,train,public_semantic_outlier,semantic_outlier,cifar10_natural,prepared_cifar10_or_natural,,pending_manual_review,test,dc125b5679aee7ed3fd541ff0542aff67bd529f8196c84c587f622cb7fb7a1f1,,,,public/prepared OOD source; verify license before dissertation submission
images/dissertation_v1/ood/semantic_outlier/cifar10_natural/cifar10_natural_000490.png,1,train,public_semantic_outlier,semantic_outlier,cifar10_natural,prepared_cifar10_or_natural,,pending_manual_review,test,a564b11eb81a1b0a5ba2b4d9947c059df03291449411157a81d05fd5778a39bc,,,,public/prepared OOD source; verify license before dissertation submission
images/dissertation_v1/ood/semantic_outlier/cifar10_natural/cifar10_natural_000491.png,1,train,public_semantic_outlier,semantic_outlier,cifar10_natural,prepared_cifar10_or_natural,,pending_manual_review,test,ce27122a94f891bf256c571d87d2a5aa578c108fdd04132a3c615f10ffd51d51,,,,public/prepared OOD source; verify license before dissertation submission
images/dissertation_v1/ood/semantic_outlier/cifar10_natural/cifar10_natural_000492.png,1,train,public_semantic_outlier,semantic_outlier,cifar10_natural,prepared_cifar10_or_natural,,pending_manual_review,test,0f350bf81a560e1e883c2040df2374683ae20f5e39a1d2aa395408ddef680bda,,,,public/prepared OOD source; verify license before dissertation submission
images/dissertation_v1/ood/semantic_outlier/cifar10_natural/cifar10_natural_000493.png,1,train,public_semantic_outlier,semantic_outlier,cifar10_natural,prepared_cifar10_or_natural,,pending_manual_review,test,f843d37226f1bcfa9527b9cbd10a19f232edf550f4fe7d3d48331d07fa90dbda,,,,public/prepared OOD source; verify license before dissertation submission
images/dissertation_v1/ood/semantic_outlier/cifar10_natural/cifar10_natural_000495.png,1,train,public_semantic_outlier,semantic_outlier,cifar10_natural,prepared_cifar10_or_natural,,pending_manual_review,test,773feca94e9d25d2bfe20125b11b650b38159be19f2dfb2d879d23066763e496,,,,public/prepared OOD source; verify license before dissertation submission
images/dissertation_v1/ood/semantic_outlier/cifar10_natural/cifar10_natural_000497.png,1,train,public_semantic_outlier,semantic_outlier,cifar10_natural,prepared_cifar10_or_natural,,pending_manual_review,test,4b6d78d198859c8d946c2578de938d47dde4dce1259a5fd004a6c82bff7cd523,,,,public/prepared OOD source; verify license before dissertation submission
images/dissertation_v1/ood/semantic_outlier/cifar10_natural/cifar10_natural_000498.png,1,train,public_semantic_outlier,semantic_outlier,cifar10_natural,prepared_cifar10_or_natural,,pending_manual_review,test,8c4483c783553b0d923fa3398d1afe993fe7130b5976ba8ee24dda0ce0549781,,,,public/prepared OOD source; verify license before dissertation submission
images/dissertation_v1/ood/sensory_artifact/arrow_annotation/artifact_000001_02_arrow_annotation.png,1,train,synthetic_artifact,sensory_artifact,arrow_annotation,derived_from_synthetic_faf,,derived_or_generated_synthetic,test,7734b11e1ee9f67710252372478a95ec5c52091077cb6c008c2f4331f18b3e9e,1a6fa85a126f3582d51f16ba281f47c1bf2c3e337748511a1c45e4ec0a690674,arrow_annotation,,generated from held-out ID only; never from train
images/dissertation_v1/ood/sensory_artifact/arrow_annotation/artifact_000002_02_arrow_annotation.png,1,train,synthetic_artifact,sensory_artifact,arrow_annotation,derived_from_synthetic_faf,,derived_or_generated_synthetic,test,89c552bf4830ea9bca4ce56cc187372ec5b69b3f9dde2e824f2105d781db3e22,3fe16ad039a6555522438a9b9dd1a0de6bd787a7001116e06a97b4f034684ba2,arrow_annotation,,generated from held-out ID only; never from train
images/dissertation_v1/ood/sensory_artifact/arrow_annotation/artifact_000004_02_arrow_annotation.png,1,train,synthetic_artifact,sensory_artifact,arrow_annotation,derived_from_synthetic_faf,,derived_or_generated_synthetic,test,edec883e5d9ab301fa1e202468ecbd4d4a134c80a4af5562ff5bc97816cc1c51,d1f816cb395b94664ca9fc285317aa28d5757c61e7466f4d035552df5a7b2ef4,arrow_annotation,,generated from held-out ID only; never from train
images/dissertation_v1/ood/sensory_artifact/arrow_annotation/artifact_000005_02_arrow_annotation.png,1,train,synthetic_artifact,sensory_artifact,arrow_annotation,derived_from_synthetic_faf,,derived_or_generated_synthetic,test,7f62ac49fe44d1b04e163c52661ed1014f585f198b47e0dfd52c5c935ef1748b,a37d2499bdadac9b672e002cf5b14bc830d68e387c1ea4405083eb6eed030d26,arrow_annotation,,generated from held-out ID only; never from train
images/dissertation_v1/ood/sensory_artifact/arrow_annotation/artifact_000006_02_arrow_annotation.png,1,train,synthetic_artifact,sensory_artifact,arrow_annotation,derived_from_synthetic_faf,,derived_or_generated_synthetic,test,a1be2f682e802075bca2e9965d5c3f7ccca2ffa5e012028ce48985d2ba46f0d8,31d5f5ed5ac046981c6cb1df50192091daa4b282d054e8095b9e025b42afeb88,arrow_annotation,,generated from held-out ID only; never from train
images/dissertation_v1/ood/sensory_artifact/arrow_annotation/artifact_000007_02_arrow_annotation.png,1,train,synthetic_artifact,sensory_artifact,arrow_annotation,derived_from_synthetic_faf,,derived_or_generated_synthetic,test,a5da0ef69d2e3c4b551810eff76635f282bdddaf0b5653a0c70e401fad7af0af,f42ab30d20b276c5fba40818aeb540adbd4fef553ec7196ea828c0a30f5f349f,arrow_annotation,,generated from held-out ID only; never from train
images/dissertation_v1/ood/sensory_artifact/arrow_annotation/artifact_000008_02_arrow_annotation.png,1,train,synthetic_artifact,sensory_artifact,arrow_annotation,derived_from_synthetic_faf,,derived_or_generated_synthetic,test,bee6b05f507eee86ef461a9fae3a570d8c1ba8b7808dfc0ad9817c8ac4e79237,e6c4a5d7163b7548a0b47040c1306557f98a486871b94c8da983fdc932729197,arrow_annotation,,generated from held-out ID only; never from train
images/dissertation_v1/ood/sensory_artifact/arrow_annotation/artifact_000011_02_arrow_annotation.png,1,train,synthetic_artifact,sensory_artifact,arrow_annotation,derived_from_synthetic_faf,,derived_or_generated_synthetic,test,583bcae245ef994c02970ead0c9e8372edc4397c3519f74085156d6553d91e45,d822b0621f3574fb70a96904005d10d950c5fed12e7f0f1c78edbcb396fbd7ac,arrow_annotation,,generated from held-out ID only; never from train
images/dissertation_v1/ood/sensory_artifact/arrow_annotation/artifact_000012_02_arrow_annotation.png,1,train,synthetic_artifact,sensory_artifact,arrow_annotation,derived_from_synthetic_faf,,derived_or_generated_synthetic,test,f60003defd6208076c3be06d768ddf4726e079aa6e5020214432123a4f64b794,d924c9e1fbeb5b22e9ce25fbb30850ed8464394de79d31630d85707afefbd75b,arrow_annotation,,generated from held-out ID only; never from train
images/dissertation_v1/ood/sensory_artifact/arrow_annotation/artifact_000013_02_arrow_annotation.png,1,train,synthetic_artifact,sensory_artifact,arrow_annotation,derived_from_synthetic_faf,,derived_or_generated_synthetic,test,8c1cc46f291801540063b66567c06397c79607ae8b73ee6490a86614bde26063,0b875e277b8f1482ac5d0457e95fcb05cd77208c0e9e5356f266f98ccab7e3ed,arrow_annotation,,generated from held-out ID only; never from train
images/dissertation_v1/ood/sensory_artifact/arrow_annotation/artifact_000014_02_arrow_annotation.png,1,train,synthetic_artifact,sensory_artifact,arrow_annotation,derived_from_synthetic_faf,,derived_or_generated_synthetic,test,3bd8408bdd5619041293560e84dcd3a8f94802b705a52ad7063ea73d6b523954,50eb07963b954a027224c212fef91ed6b91ad3d68a58e0fb6e2fd32ccb4b8bd1,arrow_annotation,,generated from held-out ID only; never from train
images/dissertation_v1/ood/sensory_artifact/arrow_annotation/artifact_000015_02_arrow_annotation.png,1,train,synthetic_artifact,sensory_artifact,arrow_annotation,derived_from_synthetic_faf,,derived_or_generated_synthetic,test,343dd166d6fb4a1880d6917ef50efe16401db5a75616262647553300592866b9,38fbaedc8df6557c3519716071afbe70dbb54496bc3eda4dbd28443246ef0539,arrow_annotation,,generated from held-out ID only; never from train
images/dissertation_v1/ood/sensory_artifact/arrow_annotation/artifact_000017_02_arrow_annotation.png,1,train,synthetic_artifact,sensory_artifact,arrow_annotation,derived_from_synthetic_faf,,derived_or_generated_synthetic,test,5eaf132bf278ad8b628270f09df272f3e00872c5478423c7bf653a9a304c215e,0861672a24270580387eea90d8f3ddd826a52d63c4428364052dec6bca1959ee,arrow_annotation,,generated from held-out ID only; never from train
images/dissertation_v1/ood/sensory_artifact/arrow_annotation/artifact_000018_02_arrow_annotation.png,1,train,synthetic_artifact,sensory_artifact,arrow_annotation,derived_from_synthetic_faf,,derived_or_generated_synthetic,test,b6d0062152e2664e194572a78d39869a3c05d7c414aedb72b34038b94f45fed4,fd6fd89f280a24b4873a415a5fc1f7315de7c22e49be7073c6a9348d08c1f07b,arrow_annotation,,generated from held-out ID only; never from train
images/dissertation_v1/ood/sensory_artifact/arrow_annotation/artifact_000019_02_arrow_annotation.png,1,train,synthetic_artifact,sensory_artifact,arrow_annotation,derived_from_synthetic_faf,,derived_or_generated_synthetic,test,506f4a466408868733582c221ae64e4211b6a33d91388b9e6526b2a96e217f4f,f9a033e1944d7b29d126d036c4a91b903f0c3c335a85177788beafc3fe8b70da,arrow_annotation,,generated from held-out ID only; never from train
images/dissertation_v1/ood/sensory_artifact/arrow_annotation/artifact_000020_02_arrow_annotation.png,1,train,synthetic_artifact,sensory_artifact,arrow_annotation,derived_from_synthetic_faf,,derived_or_generated_synthetic,test,2d0c8fe7e38276255fa31994441685ba45eb8c702a291d451191b984b29d5b12,5db33929cee5ce3d7b21de926a708da9a1e5e2b0c82a9430eebe1296f81aeaa3,arrow_annotation,,generated from held-out ID only; never from train
images/dissertation_v1/ood/sensory_artifact/arrow_annotation/artifact_000029_02_arrow_annotation.png,1,train,synthetic_artifact,sensory_artifact,arrow_annotation,derived_from_synthetic_faf,,derived_or_generated_synthetic,test,72781aebe2447efaf8f0e670798c7f3b9a7444a58cb4f9ce9011e858fff5e5b0,06df7d1f687f8a014291b723a7281d280cf107ae764e77fc64a0958208a42440,arrow_annotation,,generated from held-out ID only; never from train
images/dissertation_v1/ood/sensory_artifact/arrow_annotation/artifact_000030_02_arrow_annotation.png,1,train,synthetic_artifact,sensory_artifact,arrow_annotation,derived_from_synthetic_faf,,derived_or_generated_synthetic,test,740f1534c0902c2476bc4ec16affd515769d47eff122286045cb5c0d03d130f3,1abcc3a996b7ea0932243de4f741b523f245b8f81cda49fac05b1a1a0c363278,arrow_annotation,,generated from held-out ID only; never from train
images/dissertation_v1/ood/sensory_artifact/arrow_annotation/artifact_000032_02_arrow_annotation.png,1,train,synthetic_artifact,sensory_artifact,arrow_annotation,derived_from_synthetic_faf,,derived_or_generated_synthetic,test,13585d1ec4decc6d2cafbc1d66968774ab0cfe49c0e8d2df245d0ef41cd45522,cd4f8184a0ffa557274b13b0ea3902f73d674253ac57ec26c12c3c5026cf2b80,arrow_annotation,,generated from held-out ID only; never from train
images/dissertation_v1/ood/sensory_artifact/arrow_annotation/artifact_000035_02_arrow_annotation.png,1,train,synthetic_artifact,sensory_artifact,arrow_annotation,derived_from_synthetic_faf,,derived_or_generated_synthetic,test,08aee8992a34e0080538caebde3ed475ec9c3ad0111e4df66eee6dccb0bb1148,ad2206e763d2fe74e820f9849e3d5c70fae09a566c7d71af4a5642de99425176,arrow_annotation,,generated from held-out ID only; never from train
images/dissertation_v1/ood/sensory_artifact/arrow_annotation/artifact_000036_02_arrow_annotation.png,1,train,synthetic_artifact,sensory_artifact,arrow_annotation,derived_from_synthetic_faf,,derived_or_generated_synthetic,test,85961c8a4b21ad6b0b0e24de5becac97e6bd3704ae4f59ac3cbdf967d0be7f51,6ec6209b2791522f0608c0e98d17415b05002c0ab9a4d1fff0df547aa6b1ecab,arrow_annotation,,generated from held-out ID only; never from train
images/dissertation_v1/ood/sensory_artifact/arrow_annotation/artifact_000037_02_arrow_annotation.png,1,train,synthetic_artifact,sensory_artifact,arrow_annotation,derived_from_synthetic_faf,,derived_or_generated_synthetic,test,340572db55b6d89297e3e2e70a6fa78697643d79c213fad7ca8089aff2f37cff,1d93bc13ac331db7a072736022e31038f869f965793787c53f3d2a57ec76cd8d,arrow_annotation,,generated from held-out ID only; never from train
images/dissertation_v1/ood/sensory_artifact/arrow_annotation/artifact_000038_02_arrow_annotation.png,1,train,synthetic_artifact,sensory_artifact,arrow_annotation,derived_from_synthetic_faf,,derived_or_generated_synthetic,test,b8232d659f8feca252de0332707b876259faa9e051087a16ebcfeb32427f6716,8cc0640073e0f9c820b460efc0c58ec7414b7e8df823d5f1c93b38ba793d8902,arrow_annotation,,generated from held-out ID only; never from train
images/dissertation_v1/ood/sensory_artifact/arrow_annotation/artifact_000040_02_arrow_annotation.png,1,train,synthetic_artifact,sensory_artifact,arrow_annotation,derived_from_synthetic_faf,,derived_or_generated_synthetic,test,1f912e39f0dacbc80740d321c9791b16a6f273681ed2023cc1bd2f33d9e75678,aa24c50bf2b5968019954cbc11eda597cb49e3a77a7856d909c0ad771f83887e,arrow_annotation,,generated from held-out ID only; never from train
images/dissertation_v1/ood/sensory_artifact/arrow_annotation/artifact_000041_02_arrow_annotation.png,1,train,synthetic_artifact,sensory_artifact,arrow_annotation,derived_from_synthetic_faf,,derived_or_generated_synthetic,test,bb007220b9d3fe192d839dc90e20eec06aa36be992e762b4cd86b2a8b2ebfc8b,81a78d254ea6b2a2f5a4affbfb96971984508cdd9229061837c581ec353ebdad,arrow_annotation,,generated from held-out ID only; never from train
images/dissertation_v1/ood/sensory_artifact/arrow_annotation/artifact_000044_02_arrow_annotation.png,1,train,synthetic_artifact,sensory_artifact,arrow_annotation,derived_from_synthetic_faf,,derived_or_generated_synthetic,test,77923c3df3ebf7fad050b1db23c11767abed4d7ed0590bccb75c389ebcd36893,a0fc7b7ace1490826b0bfc495d19e7bc00e13443171428e6b5659b32253005a7,arrow_annotation,,generated from held-out ID only; never from train
images/dissertation_v1/ood/sensory_artifact/arrow_annotation/artifact_000046_02_arrow_annotation.png,1,train,synthetic_artifact,sensory_artifact,arrow_annotation,derived_from_synthetic_faf,,derived_or_generated_synthetic,test,ee102ee395147c7236fedd12a061db91d87d38ea9d029be25fe4db2aee7dce4b,13e2d91e78a8714c322247a847463a3c9b3942269050fac1dac7fa44bf951da6,arrow_annotation,,generated from held-out ID only; never from train
images/dissertation_v1/ood/sensory_artifact/arrow_annotation/artifact_000047_02_arrow_annotation.png,1,train,synthetic_artifact,sensory_artifact,arrow_annotation,derived_from_synthetic_faf,,derived_or_generated_synthetic,test,e94085ecaad60dfeb719126dbfbcc260f9505265615b66bf8a1128ac3a71ca48,9027c7c813d92085e7eb1335e0de9e66ebd9b6730a0da446ba8e26cfbd03b685,arrow_annotation,,generated from held-out ID only; never from train
images/dissertation_v1/ood/sensory_artifact/arrow_annotation/artifact_000048_02_arrow_annotation.png,1,train,synthetic_artifact,sensory_artifact,arrow_annotation,derived_from_synthetic_faf,,derived_or_generated_synthetic,test,ed26eeeff9bdbf93893dc771be77cb988ba6bb59c516803454a26429602a341d,36f73c8b9761160f2d53cae70e3f531a67de1e24ad2ae6fcf48727198c793160,arrow_annotation,,generated from held-out ID only; never from train
images/dissertation_v1/ood/sensory_artifact/arrow_annotation/artifact_000049_02_arrow_annotation.png,1,train,synthetic_artifact,sensory_artifact,arrow_annotation,derived_from_synthetic_faf,,derived_or_generated_synthetic,test,554f785af5f353433dc26a3a06a39aaff944cd113e6f4d33f0038fdd46181c98,c61302a2ed48ff4f37562e3a39d8ad46a99270bf3b70b90085f1d38ef8b2b122,arrow_annotation,,generated from held-out ID only; never from train
images/dissertation_v1/ood/sensory_artifact/arrow_annotation/artifact_000050_02_arrow_annotation.png,1,train,synthetic_artifact,sensory_artifact,arrow_annotation,derived_from_synthetic_faf,,derived_or_generated_synthetic,test,965aac7f59b2accb7ac7fe0dfdb6b063bcd55890b72efa5f9ced4186d0a93000,3e2c8579f7265860b011fe747af201935e3621054f77e9ddfe92505744ff4141,arrow_annotation,,generated from held-out ID only; never from train
images/dissertation_v1/ood/sensory_artifact/arrow_annotation/artifact_000051_02_arrow_annotation.png,1,train,synthetic_artifact,sensory_artifact,arrow_annotation,derived_from_synthetic_faf,,derived_or_generated_synthetic,test,1c7bc94da2424d8dbe07f254a23b810e063526c6c1bf0db4db5cc3bb575c420e,d98c4689f08b345b86108e34cac4f9e60ff36db08a9d29d0e3243ca1cf2c6941,arrow_annotation,,generated from held-out ID only; never from train
images/dissertation_v1/ood/sensory_artifact/arrow_annotation/artifact_000052_02_arrow_annotation.png,1,train,synthetic_artifact,sensory_artifact,arrow_annotation,derived_from_synthetic_faf,,derived_or_generated_synthetic,test,5c550329642146f69597a88ba804d62c3c34717fedb1fa84988a654145e377aa,cd9af11e8731f9a6b9d13f0180c06c1f60c2ae8a695e16abc6268b79f1026b1e,arrow_annotation,,generated from held-out ID only; never from train
images/dissertation_v1/ood/sensory_artifact/arrow_annotation/artifact_000053_02_arrow_annotation.png,1,train,synthetic_artifact,sensory_artifact,arrow_annotation,derived_from_synthetic_faf,,derived_or_generated_synthetic,test,f08869e6e7308d96f2593877da211a70a7d7828353b0357c121e7e41abd32e56,2e75a99248d3ec4b650068aec6b8ba48becf403fe672e40267ecffa7fc22b01f,arrow_annotation,,generated from held-out ID only; never from train
images/dissertation_v1/ood/sensory_artifact/arrow_annotation/artifact_000054_02_arrow_annotation.png,1,train,synthetic_artifact,sensory_artifact,arrow_annotation,derived_from_synthetic_faf,,derived_or_generated_synthetic,test,0a436f902ad0a854494df0d042d0f910c4923593105de7bd683e3411f977c128,f54f3645c72dc3a2c8558dc0200730edd83c26c1adc2e1b5b2dfb6a192f08c5d,arrow_annotation,,generated from held-out ID only; never from train
images/dissertation_v1/ood/sensory_artifact/arrow_annotation/artifact_000055_02_arrow_annotation.png,1,train,synthetic_artifact,sensory_artifact,arrow_annotation,derived_from_synthetic_faf,,derived_or_generated_synthetic,test,562007bfad5b48b5967eef379a2d8042e7d6e549116f23dac6bf083b2d2de59f,bb7ced17f3ce7864da174a6b78b7f34b25cf97ec01c15d5452696207f3063416,arrow_annotation,,generated from held-out ID only; never from train
images/dissertation_v1/ood/sensory_artifact/arrow_annotation/artifact_000056_02_arrow_annotation.png,1,train,synthetic_artifact,sensory_artifact,arrow_annotation,derived_from_synthetic_faf,,derived_or_generated_synthetic,test,99acc497d40952fb2cd33042717bdde4240d342fd92b9a8f96392159003c33c4,5cac36dc7dbb94150b4cd1703091de1fb9f3dc8fb4edfd870bfc1b1f799f0eab,arrow_annotation,,generated from held-out ID only; never from train
images/dissertation_v1/ood/sensory_artifact/arrow_annotation/artifact_000057_02_arrow_annotation.png,1,train,synthetic_artifact,sensory_artifact,arrow_annotation,derived_from_synthetic_faf,,derived_or_generated_synthetic,test,dcd6df87f089347ec7f2664a3fa43a9ca9f04c46280ae7145726f39d136df65f,31b43cdb11ddd17ba24311605ad64723ef0f74ce4e8dce09319ba9a7cb6f1b1e,arrow_annotation,,generated from held-out ID only; never from train
images/dissertation_v1/ood/sensory_artifact/arrow_annotation/artifact_000058_02_arrow_annotation.png,1,train,synthetic_artifact,sensory_artifact,arrow_annotation,derived_from_synthetic_faf,,derived_or_generated_synthetic,test,a27ab39ef1c84558483228389bd622537bb1f1f48360398f7438e7e7a4fcee66,1e2992825661100b10f082d608b60f166b2eecdd1dcd52d490128ed1a1ac49f4,arrow_annotation,,generated from held-out ID only; never from train
images/dissertation_v1/ood/sensory_artifact/arrow_annotation/artifact_000059_02_arrow_annotation.png,1,train,synthetic_artifact,sensory_artifact,arrow_annotation,derived_from_synthetic_faf,,derived_or_generated_synthetic,test,9b8ce4b77709b91a245791a4d16c4d2ae023833d5d72b8d26efb7ef56a18440e,2869b22fa7b02533b8e39d46cc06f3f911655ac33a2ad6eb153d8279df5416b4,arrow_annotation,,generated from held-out ID only; never from train
images/dissertation_v1/ood/sensory_artifact/arrow_annotation/artifact_000060_02_arrow_annotation.png,1,train,synthetic_artifact,sensory_artifact,arrow_annotation,derived_from_synthetic_faf,,derived_or_generated_synthetic,test,db81532822a5453de8ef55c654cc53b838c6b20d54ca64cc2880f24663921ccf,3a1a39ff67d065cd684acfd8e796efadd79cc73dbda7ad12dc6627016af7bdfc,arrow_annotation,,generated from held-out ID only; never from train
images/dissertation_v1/ood/sensory_artifact/arrow_annotation/artifact_000061_02_arrow_annotation.png,1,train,synthetic_artifact,sensory_artifact,arrow_annotation,derived_from_synthetic_faf,,derived_or_generated_synthetic,test,8e71867d4fbd7d11e236d3ccb8f323d853ea89f1a6037f377837c63423726d1a,12d8af55f0db94152dfed5578d720d5e721370d87553d40e7e89b8d273299636,arrow_annotation,,generated from held-out ID only; never from train
images/dissertation_v1/ood/sensory_artifact/arrow_annotation/artifact_000063_02_arrow_annotation.png,1,train,synthetic_artifact,sensory_artifact,arrow_annotation,derived_from_synthetic_faf,,derived_or_generated_synthetic,test,deedd842b680d97f3a7655728e95da0e6623611f7933511bf6f934270c8eb92d,58539b1cc5b2a259e54144a3d7324bd17b5f13ee4782a6a85efdd05699bf6c97,arrow_annotation,,generated from held-out ID only; never from train
images/dissertation_v1/ood/sensory_artifact/arrow_annotation/artifact_000067_02_arrow_annotation.png,1,train,synthetic_artifact,sensory_artifact,arrow_annotation,derived_from_synthetic_faf,,derived_or_generated_synthetic,test,72ffb7f7edeabea4aad0b7494bf1aa250a9948fcae6cf4c736c11c5904ebcaba,4537ee987e4cbb0f7d661f6b948ff440ff86ec102fe5267eab5b4c44a7b75a92,arrow_annotation,,generated from held-out ID only; never from train
images/dissertation_v1/ood/sensory_artifact/arrow_annotation/artifact_000072_02_arrow_annotation.png,1,train,synthetic_artifact,sensory_artifact,arrow_annotation,derived_from_synthetic_faf,,derived_or_generated_synthetic,test,749f0478ef96b49bef562c9567c29ab988ff2bef727489226f3c249b2ea0cbba,c8fe2b85f894306e93ed79f02f77da1427fdcbf995b0ad07e35c66f98bbdb7a0,arrow_annotation,,generated from held-out ID only; never from train
images/dissertation_v1/ood/sensory_artifact/arrow_annotation/artifact_000074_02_arrow_annotation.png,1,train,synthetic_artifact,sensory_artifact,arrow_annotation,derived_from_synthetic_faf,,derived_or_generated_synthetic,test,4535f1f9053d2b66bda1edc4f05325c63120433364809377340dfd738a1ad2f1,121676a35541005d3f7f769e374c3ffc28e6ae19878fc3c1ecd6709102443fe7,arrow_annotation,,generated from held-out ID only; never from train
images/dissertation_v1/ood/sensory_artifact/arrow_annotation/artifact_000075_02_arrow_annotation.png,1,train,synthetic_artifact,sensory_artifact,arrow_annotation,derived_from_synthetic_faf,,derived_or_generated_synthetic,test,81a6e4dcdb9af49f55792ea379d7e141ac1c07d7c213bc9a51fc4208d459b99d,4f49d5898ef29e6dbba84b94fa73a55c1a29a6694e6822a9b64b7d09fa1a5c38,arrow_annotation,,generated from held-out ID only; never from train
images/dissertation_v1/ood/sensory_artifact/arrow_annotation/artifact_000076_02_arrow_annotation.png,1,train,synthetic_artifact,sensory_artifact,arrow_annotation,derived_from_synthetic_faf,,derived_or_generated_synthetic,test,80123d5844dc99cfd9a5a2603b148e981754bb0448e1b605a388194428527468,c85bb9fb9937eec3a0f35515011e5ac1382b6995e2ad67861523bd730778ee5c,arrow_annotation,,generated from held-out ID only; never from train
images/dissertation_v1/ood/sensory_artifact/arrow_annotation/artifact_000078_02_arrow_annotation.png,1,train,synthetic_artifact,sensory_artifact,arrow_annotation,derived_from_synthetic_faf,,derived_or_generated_synthetic,test,34714aa1e08cedf2b9a9728f01938437ae296b4553e3d7cb8647036d53b1202f,9af2f45d4b55869623d7ce9516709e60795adfd67a812b55afb17354b9baf5d2,arrow_annotation,,generated from held-out ID only; never from train
images/dissertation_v1/ood/sensory_artifact/arrow_annotation/artifact_000079_02_arrow_annotation.png,1,train,synthetic_artifact,sensory_artifact,arrow_annotation,derived_from_synthetic_faf,,derived_or_generated_synthetic,test,afb9466ce29cfa3cde747d895ee0cd28bc69b07d78ba26c2a576f690e3afdc70,82150b28a408cd90cad8ac33ead707590a8ba8d83cf3038f0788ed2cb27a2f89,arrow_annotation,,generated from held-out ID only; never from train
images/dissertation_v1/ood/sensory_artifact/arrow_annotation/artifact_000082_02_arrow_annotation.png,1,train,synthetic_artifact,sensory_artifact,arrow_annotation,derived_from_synthetic_faf,,derived_or_generated_synthetic,test,895c085a4b9b32332fffc8ef77635d0387a1b4a013f76d92928ca4c06adfadf3,5d2c59717f3d4d8170ce1f409aaaf7db80f7ae2685fb909f9db1013ab32d5c49,arrow_annotation,,generated from held-out ID only; never from train
images/dissertation_v1/ood/sensory_artifact/arrow_annotation/artifact_000084_02_arrow_annotation.png,1,train,synthetic_artifact,sensory_artifact,arrow_annotation,derived_from_synthetic_faf,,derived_or_generated_synthetic,test,1a8b4a49bb62f835db36944ea1022e78432e013f9a24694dea0dac7198e44a87,78be763eaa256c23ee59dbb43099a704088867a498e0712f9b39fca6e2a1a9e5,arrow_annotation,,generated from held-out ID only; never from train
images/dissertation_v1/ood/sensory_artifact/arrow_annotation/artifact_000087_02_arrow_annotation.png,1,train,synthetic_artifact,sensory_artifact,arrow_annotation,derived_from_synthetic_faf,,derived_or_generated_synthetic,test,52e97fc78551d1aaf9ede4e9d1330092a36b34845aae2ff692e4dfbb337a38fc,8483b73bf3d280c2e7e75a7509b0bc94b7dd44e58f6d9814a899fb0b9732175a,arrow_annotation,,generated from held-out ID only; never from train
images/dissertation_v1/ood/sensory_artifact/arrow_annotation/artifact_000089_02_arrow_annotation.png,1,train,synthetic_artifact,sensory_artifact,arrow_annotation,derived_from_synthetic_faf,,derived_or_generated_synthetic,test,72e78158075c95fdc49c6565dcea3a514400da10743a85be781021062704076c,b3a3c25e180e7101a1b8c68aaee59031e3cdfca99d012931bf3981f7cf7b3148,arrow_annotation,,generated from held-out ID only; never from train
images/dissertation_v1/ood/sensory_artifact/arrow_annotation/artifact_000090_02_arrow_annotation.png,1,train,synthetic_artifact,sensory_artifact,arrow_annotation,derived_from_synthetic_faf,,derived_or_generated_synthetic,test,1e7feb632e17e483e518e372b9c9b7032a87696ad2ecb7dda115a14fcfbad1ba,3fca0579b63c1ae9218257ecf5fcae692b8b00b38f3afc621efdadf6a57debb7,arrow_annotation,,generated from held-out ID only; never from train
images/dissertation_v1/ood/sensory_artifact/arrow_annotation/artifact_000094_02_arrow_annotation.png,1,train,synthetic_artifact,sensory_artifact,arrow_annotation,derived_from_synthetic_faf,,derived_or_generated_synthetic,test,f3cbec5180db6f610d973e61f8a6f5259dbee75c65c62d3bf1af437c49956a73,ee8fa9a0a71d9854bc709dffc04506fd677490df5d65bac869c0430e8faf78bd,arrow_annotation,,generated from held-out ID only; never from train
images/dissertation_v1/ood/sensory_artifact/arrow_annotation/artifact_000095_02_arrow_annotation.png,1,train,synthetic_artifact,sensory_artifact,arrow_annotation,derived_from_synthetic_faf,,derived_or_generated_synthetic,test,df15fcfd9e222c860e75d6163493eba922251fffd23fc6278040a6c30ab1f89c,36c01ce75ef8cd22d56a154a5e850c4a421754027b40778b2ec4204014e0ab30,arrow_annotation,,generated from held-out ID only; never from train
images/dissertation_v1/ood/sensory_artifact/arrow_annotation/artifact_000096_02_arrow_annotation.png,1,train,synthetic_artifact,sensory_artifact,arrow_annotation,derived_from_synthetic_faf,,derived_or_generated_synthetic,test,c7c7a8cf0d9cc76621d03837690950693a75332ce3ebef0292638f148e09b76e,618463cdedc1dfd6f8a910f4da6b05226a0546e4ace629eb24575e221d643b5a,arrow_annotation,,generated from held-out ID only; never from train
images/dissertation_v1/ood/sensory_artifact/arrow_annotation/artifact_000098_02_arrow_annotation.png,1,train,synthetic_artifact,sensory_artifact,arrow_annotation,derived_from_synthetic_faf,,derived_or_generated_synthetic,test,afdc3ed3e66ef2fdb3db5ebe62a5a2686f414311063e3f02eab3eb1604948bad,ad1776fe9a4a4e0ac6dbc4fc86dc77490335756c571e1cac5c09b465f0c4b535,arrow_annotation,,generated from held-out ID only; never from train
images/dissertation_v1/ood/sensory_artifact/arrow_annotation/artifact_000100_02_arrow_annotation.png,1,train,synthetic_artifact,sensory_artifact,arrow_annotation,derived_from_synthetic_faf,,derived_or_generated_synthetic,test,31e380aadc4bf369ebbb1774bc15df6d3bf8b145b03711bc68865b933d592e73,72629a18912da54c8f255baf6b2684e92df9a2ae8daa4964790904e299592680,arrow_annotation,,generated from held-out ID only; never from train
images/dissertation_v1/ood/sensory_artifact/arrow_annotation/artifact_000101_02_arrow_annotation.png,1,train,synthetic_artifact,sensory_artifact,arrow_annotation,derived_from_synthetic_faf,,derived_or_generated_synthetic,test,7be72b8e4ce766d3bdb8149c588ae6d6798b83720efb61ba5600a049df43417f,fd219f500dae4056481182b308e0fcd849c7712eea0f81adbed8fdb9fb27b484,arrow_annotation,,generated from held-out ID only; never from train
images/dissertation_v1/ood/sensory_artifact/arrow_annotation/artifact_000102_02_arrow_annotation.png,1,train,synthetic_artifact,sensory_artifact,arrow_annotation,derived_from_synthetic_faf,,derived_or_generated_synthetic,test,65d192e7b60bf31f546e118741037da67ea433205322bd1284bc0b49ad2af9cb,876590b0a765ef6079e51d67a6947a5af2a14a9fbeccf29ca3f63f876f1fda65,arrow_annotation,,generated from held-out ID only; never from train
images/dissertation_v1/ood/sensory_artifact/arrow_annotation/artifact_000105_02_arrow_annotation.png,1,train,synthetic_artifact,sensory_artifact,arrow_annotation,derived_from_synthetic_faf,,derived_or_generated_synthetic,test,ff938aa67c8a85452c7b9f897b91d07926ac26b96bb0244d8af7ae63d2a9212e,5aeefa494416110fc3806f91b7263e927a7398a19bcbe5c7e6b7e7cc6c626ce9,arrow_annotation,,generated from held-out ID only; never from train
images/dissertation_v1/ood/sensory_artifact/arrow_annotation/artifact_000108_02_arrow_annotation.png,1,train,synthetic_artifact,sensory_artifact,arrow_annotation,derived_from_synthetic_faf,,derived_or_generated_synthetic,test,f129c945e64e0b3633c602a6c99ae1e4bc224c08aa231f6a1d476ca63e531a21,7d72468a874689e25e4b5a25de725a8c0569ab36560fb167471c695722a7a5a1,arrow_annotation,,generated from held-out ID only; never from train
images/dissertation_v1/ood/sensory_artifact/arrow_annotation/artifact_000109_02_arrow_annotation.png,1,train,synthetic_artifact,sensory_artifact,arrow_annotation,derived_from_synthetic_faf,,derived_or_generated_synthetic,test,7b5b2feec51ef623bbe05195cfd869efc4b0c86ec01785c1a9fbc851a41b5b58,34f334303d87d3fece2fa5c693e847b9026173d7beed69537aeda43d5b114c55,arrow_annotation,,generated from held-out ID only; never from train
images/dissertation_v1/ood/sensory_artifact/arrow_annotation/artifact_000110_02_arrow_annotation.png,1,train,synthetic_artifact,sensory_artifact,arrow_annotation,derived_from_synthetic_faf,,derived_or_generated_synthetic,test,64bb9883ded6e9eaa94f99a6ba00fcaa2b431a3c38eb0ad1877c7b4c491966ee,fee378e906a17520f332f1acc698a2c84788b70cd2669ff7b40c88519c15f9d4,arrow_annotation,,generated from held-out ID only; never from train
images/dissertation_v1/ood/sensory_artifact/arrow_annotation/artifact_000112_02_arrow_annotation.png,1,train,synthetic_artifact,sensory_artifact,arrow_annotation,derived_from_synthetic_faf,,derived_or_generated_synthetic,test,0e86db9f84f06e999a9e1fc18f7c512d71b9eb08c1f398c7a6eb4bee917d0f41,0082a17690ee34f87cc084ca701192ff9bc09e65a2103ac1c6ae25c2f6d5afac,arrow_annotation,,generated from held-out ID only; never from train
images/dissertation_v1/ood/sensory_artifact/arrow_annotation/artifact_000113_02_arrow_annotation.png,1,train,synthetic_artifact,sensory_artifact,arrow_annotation,derived_from_synthetic_faf,,derived_or_generated_synthetic,test,121e6f2c6e085fa02381dfa502c3f6bb505042d4deb75c2495da29301cb3a4e3,f0a16dcee05bb93fc69293dec6b37b44edad69ce668e805549309e0aa6a401cc,arrow_annotation,,generated from held-out ID only; never from train
images/dissertation_v1/ood/sensory_artifact/arrow_annotation/artifact_000114_02_arrow_annotation.png,1,train,synthetic_artifact,sensory_artifact,arrow_annotation,derived_from_synthetic_faf,,derived_or_generated_synthetic,test,7c46c299578e26565435206dd414026e708e5447d29320053b3de20634c39c26,f899478c2f1d44604649c59e088f1ba582e468bacf515f9dd0249ee2cf16e0bb,arrow_annotation,,generated from held-out ID only; never from train
images/dissertation_v1/ood/sensory_artifact/arrow_annotation/artifact_000115_02_arrow_annotation.png,1,train,synthetic_artifact,sensory_artifact,arrow_annotation,derived_from_synthetic_faf,,derived_or_generated_synthetic,test,1eea83e635f6a056872fbac29a4f1995d1f6f5fa51f61306fd432dd169ef9526,f9dd7c6f3daaf3b557787bcdc1c3ecdd27fc21186ef190f88728218f6cea9bde,arrow_annotation,,generated from held-out ID only; never from train
images/dissertation_v1/ood/sensory_artifact/arrow_annotation/artifact_000116_02_arrow_annotation.png,1,train,synthetic_artifact,sensory_artifact,arrow_annotation,derived_from_synthetic_faf,,derived_or_generated_synthetic,test,af04cfb5e1b04bde32e3014e6d89a978bd35a2285c4a2ce14e85a594138e07bc,981c3d303c80b102eddb306f12e711c2b30df817b3cb9896889b09c72edee0dc,arrow_annotation,,generated from held-out ID only; never from train
images/dissertation_v1/ood/sensory_artifact/arrow_annotation/artifact_000120_02_arrow_annotation.png,1,train,synthetic_artifact,sensory_artifact,arrow_annotation,derived_from_synthetic_faf,,derived_or_generated_synthetic,test,fd0bd0bf80c7b2ff83dab2ea4af29a273fefe08c2659dcced1052aa9fc46d0a5,6050df662b7b43400e1ebcf42f771fb1a9c17485583af5e78204a70a08fb29c9,arrow_annotation,,generated from held-out ID only; never from train
images/dissertation_v1/ood/sensory_artifact/arrow_annotation/artifact_000121_02_arrow_annotation.png,1,train,synthetic_artifact,sensory_artifact,arrow_annotation,derived_from_synthetic_faf,,derived_or_generated_synthetic,test,50bbbc9c38ecd4da126c9f4f9febd07d07fd8bfc657292f8cba6d2e234bdbf04,76663bd120041d5058985d3efa42b23e50de4086393997695a050775c4116f62,arrow_annotation,,generated from held-out ID only; never from train
images/dissertation_v1/ood/sensory_artifact/arrow_annotation/artifact_000122_02_arrow_annotation.png,1,train,synthetic_artifact,sensory_artifact,arrow_annotation,derived_from_synthetic_faf,,derived_or_generated_synthetic,test,220a11c918e7c791938a206761bad0d2d3833e53b4096ac3e5bf6e3abb08b478,265117c12dd093ed24562953f1f5fb10cc2a9ed74f2fac2312bd6629f939e390,arrow_annotation,,generated from held-out ID only; never from train
images/dissertation_v1/ood/sensory_artifact/arrow_annotation/artifact_000125_02_arrow_annotation.png,1,train,synthetic_artifact,sensory_artifact,arrow_annotation,derived_from_synthetic_faf,,derived_or_generated_synthetic,test,9f9cd21b1d4ac81dbaae728e3ef12b3397ba3ce0c05b29a7c80ecf485d0bb6ef,7d411bc78dd10c916d8f3a829c53247234311a09b970a9f37107e2bee3f88e6f,arrow_annotation,,generated from held-out ID only; never from train
images/dissertation_v1/ood/sensory_artifact/arrow_annotation/artifact_000127_02_arrow_annotation.png,1,train,synthetic_artifact,sensory_artifact,arrow_annotation,derived_from_synthetic_faf,,derived_or_generated_synthetic,test,343e803a8697176aa9ef3af51bb835ef725074def83591d30b0a6e334a1f2232,1d9bde0c3df2046a73385263a0f0f6b667dc8fcc40164c4219c812103b6ed89a,arrow_annotation,,generated from held-out ID only; never from train
images/dissertation_v1/ood/sensory_artifact/arrow_annotation/artifact_000128_02_arrow_annotation.png,1,train,synthetic_artifact,sensory_artifact,arrow_annotation,derived_from_synthetic_faf,,derived_or_generated_synthetic,test,0108e9e49fa5a553f87c0c5f7ed8e79f4f90c7fa1f72f49fd880383404351252,f0aaf9cb3094aeb127eef0f67ef481b6683337c3b7ddbc8cf3783d63648d764e,arrow_annotation,,generated from held-out ID only; never from train
images/dissertation_v1/ood/sensory_artifact/arrow_annotation/artifact_000131_02_arrow_annotation.png,1,train,synthetic_artifact,sensory_artifact,arrow_annotation,derived_from_synthetic_faf,,derived_or_generated_synthetic,test,95c2acd8c3039315051a34260e373431a364e4be0bb7a2fac039ed9ca30c3176,75cdb6a34fef7077b3c995565448dce323f3c26eecab573379d9dfb734a8db7b,arrow_annotation,,generated from held-out ID only; never from train
images/dissertation_v1/ood/sensory_artifact/arrow_annotation/artifact_000134_02_arrow_annotation.png,1,train,synthetic_artifact,sensory_artifact,arrow_annotation,derived_from_synthetic_faf,,derived_or_generated_synthetic,test,f4fc9d043e57e1877eaa7c54d56230e8dafe7d16d8a787b1797c8bc21dc191ce,7c7ce6b5321de586e2a73555e7709e226600e93382ad9f6a36e75d0d790f2ff8,arrow_annotation,,generated from held-out ID only; never from train
images/dissertation_v1/ood/sensory_artifact/arrow_annotation/artifact_000135_02_arrow_annotation.png,1,train,synthetic_artifact,sensory_artifact,arrow_annotation,derived_from_synthetic_faf,,derived_or_generated_synthetic,test,99a907614ecf064a565c6b02ab8871976cb4b8146d6374b070fe4b37146ac70c,30954c72a9fb85152713d1ddf07ab06d48566e4f5a9101d121d95a220b380007,arrow_annotation,,generated from held-out ID only; never from train
images/dissertation_v1/ood/sensory_artifact/arrow_annotation/artifact_000136_02_arrow_annotation.png,1,train,synthetic_artifact,sensory_artifact,arrow_annotation,derived_from_synthetic_faf,,derived_or_generated_synthetic,test,5a36390df9217e54e5383ba9aed988e272adb7228ed24cd92f533219eb6ea0b9,f2a50ebec8d4c518d3dddfc9a597c3cd31e78cd19d54e81a0d05b6e0154973a6,arrow_annotation,,generated from held-out ID only; never from train
images/dissertation_v1/ood/sensory_artifact/arrow_annotation/artifact_000137_02_arrow_annotation.png,1,train,synthetic_artifact,sensory_artifact,arrow_annotation,derived_from_synthetic_faf,,derived_or_generated_synthetic,test,bacbc07e5ef05a220b459d60af9c518356690b40ac5cffe86478a01252cde72d,7a794e04216d10b75a621304cc1d0fc7699b12295c58000ad5f0d937c8cafdea,arrow_annotation,,generated from held-out ID only; never from train
images/dissertation_v1/ood/sensory_artifact/arrow_annotation/artifact_000139_02_arrow_annotation.png,1,train,synthetic_artifact,sensory_artifact,arrow_annotation,derived_from_synthetic_faf,,derived_or_generated_synthetic,test,14e1d64db785680f88f09d4e25141166c7e71e2a2a0ad6fc6aedc333148c9d67,4d2d7cfa2ba311c178fa68aa390eb321c4df388e5a907d7f5fa285965d42f64f,arrow_annotation,,generated from held-out ID only; never from train
images/dissertation_v1/ood/sensory_artifact/arrow_annotation/artifact_000140_02_arrow_annotation.png,1,train,synthetic_artifact,sensory_artifact,arrow_annotation,derived_from_synthetic_faf,,derived_or_generated_synthetic,test,947f2b27985e3a8e3e8c1299b453f50ebf4774bdaf1f50b80a823d9448838fda,c3e729187cae4fd775b713fa853a2456200b4faab0240643a30ad5594fc62d51,arrow_annotation,,generated from held-out ID only; never from train
images/dissertation_v1/ood/sensory_artifact/arrow_annotation/artifact_000141_02_arrow_annotation.png,1,train,synthetic_artifact,sensory_artifact,arrow_annotation,derived_from_synthetic_faf,,derived_or_generated_synthetic,test,e9ac1e137de510c43e4d8ce5f784a9d8b6317236ebc03910e2c4c650a1232679,1ecac33ab07d51111996036ab3fb88d5c08e171ff2a971e9acf5525296dea1c7,arrow_annotation,,generated from held-out ID only; never from train
images/dissertation_v1/ood/sensory_artifact/arrow_annotation/artifact_000142_02_arrow_annotation.png,1,train,synthetic_artifact,sensory_artifact,arrow_annotation,derived_from_synthetic_faf,,derived_or_generated_synthetic,test,c23e2bc52e72fd1330337ad6e67b3c40aece24e643e3159b39c2d8d33653546a,b9b696bd906b4c55bc36c91d9a2b4388150f80bb9b930062cdd275733b118cf0,arrow_annotation,,generated from held-out ID only; never from train
images/dissertation_v1/ood/sensory_artifact/arrow_annotation/artifact_000143_02_arrow_annotation.png,1,train,synthetic_artifact,sensory_artifact,arrow_annotation,derived_from_synthetic_faf,,derived_or_generated_synthetic,test,8e2d790afd9a2a14e5347866905c9132e5aa8dd598909a9d97f29683408ba90e,29f8a59dce4344d3c3d5bcc8a0171474bd6e50bc1c0823a4ae0da7e45d8604e7,arrow_annotation,,generated from held-out ID only; never from train
images/dissertation_v1/ood/sensory_artifact/arrow_annotation/artifact_000145_02_arrow_annotation.png,1,train,synthetic_artifact,sensory_artifact,arrow_annotation,derived_from_synthetic_faf,,derived_or_generated_synthetic,test,b4f9c1fe5f05eced83bd8436220848aad6075b9546390375eb9fbe57c43d36e6,578e6780b90d93dbd87714cf5bf1b0470f458e55596c36959b30ade921980aa8,arrow_annotation,,generated from held-out ID only; never from train
images/dissertation_v1/ood/sensory_artifact/arrow_annotation/artifact_000147_02_arrow_annotation.png,1,train,synthetic_artifact,sensory_artifact,arrow_annotation,derived_from_synthetic_faf,,derived_or_generated_synthetic,test,bb757d80b22d924afa58fbd2d85416dfb39a11b9ae90f1668bfd2143cbbf901d,2e934d86b1b37029c030e42e88b7112e2b5f81459322644877d85a5593aed347,arrow_annotation,,generated from held-out ID only; never from train
images/dissertation_v1/ood/sensory_artifact/arrow_annotation/artifact_000148_02_arrow_annotation.png,1,train,synthetic_artifact,sensory_artifact,arrow_annotation,derived_from_synthetic_faf,,derived_or_generated_synthetic,test,cd65b642346a29e9a5fd169aa50946001ea7d368cf4ddf624613c114c4a1bb3f,18bdaf47632912f68f6b587cf57bc6844e251ca95824ceaebac102e755d86e81,arrow_annotation,,generated from held-out ID only; never from train
images/dissertation_v1/ood/sensory_artifact/blur_artifact/artifact_000001_04_blur_artifact.png,1,train,synthetic_artifact,sensory_artifact,blur_artifact,derived_from_synthetic_faf,,derived_or_generated_synthetic,test,3549a0432771fce9a9c9c39a436c4be3b70a8feed6602945d05fe2f770706f3f,1a6fa85a126f3582d51f16ba281f47c1bf2c3e337748511a1c45e4ec0a690674,blur_artifact,,generated from held-out ID only; never from train
images/dissertation_v1/ood/sensory_artifact/blur_artifact/artifact_000002_04_blur_artifact.png,1,train,synthetic_artifact,sensory_artifact,blur_artifact,derived_from_synthetic_faf,,derived_or_generated_synthetic,test,7c8489edc3f01ee6886acd563f6b9e19281e2fffa6654f50fead84ae6c6f5398,3fe16ad039a6555522438a9b9dd1a0de6bd787a7001116e06a97b4f034684ba2,blur_artifact,,generated from held-out ID only; never from train
images/dissertation_v1/ood/sensory_artifact/blur_artifact/artifact_000004_04_blur_artifact.png,1,train,synthetic_artifact,sensory_artifact,blur_artifact,derived_from_synthetic_faf,,derived_or_generated_synthetic,test,8d73c4aa4a3a2e46e4fde05788ec17491bd35e4fa9071ab3fd1afbea8516c290,d1f816cb395b94664ca9fc285317aa28d5757c61e7466f4d035552df5a7b2ef4,blur_artifact,,generated from held-out ID only; never from train
images/dissertation_v1/ood/sensory_artifact/blur_artifact/artifact_000005_04_blur_artifact.png,1,train,synthetic_artifact,sensory_artifact,blur_artifact,derived_from_synthetic_faf,,derived_or_generated_synthetic,test,a3c57c1563b880f0dff4559ecc90d9bedc4a060c8ff613dacfc87b0faae916de,a37d2499bdadac9b672e002cf5b14bc830d68e387c1ea4405083eb6eed030d26,blur_artifact,,generated from held-out ID only; never from train
images/dissertation_v1/ood/sensory_artifact/blur_artifact/artifact_000006_04_blur_artifact.png,1,train,synthetic_artifact,sensory_artifact,blur_artifact,derived_from_synthetic_faf,,derived_or_generated_synthetic,test,0f24e28e8d5abc0993d2eb5f08338897699b4eca18442ba1da17a9e98c5f477a,31d5f5ed5ac046981c6cb1df50192091daa4b282d054e8095b9e025b42afeb88,blur_artifact,,generated from held-out ID only; never from train
images/dissertation_v1/ood/sensory_artifact/blur_artifact/artifact_000007_04_blur_artifact.png,1,train,synthetic_artifact,sensory_artifact,blur_artifact,derived_from_synthetic_faf,,derived_or_generated_synthetic,test,b9620a6d4aa21010a206d7c44975baee50e4c1f96ed50a568a2f2f37a3ca05f1,f42ab30d20b276c5fba40818aeb540adbd4fef553ec7196ea828c0a30f5f349f,blur_artifact,,generated from held-out ID only; never from train
images/dissertation_v1/ood/sensory_artifact/blur_artifact/artifact_000008_04_blur_artifact.png,1,train,synthetic_artifact,sensory_artifact,blur_artifact,derived_from_synthetic_faf,,derived_or_generated_synthetic,test,f724cc8ffa0358f27e2716ae9478791f12d00d308d1ff7597a4b4654550c57bd,e6c4a5d7163b7548a0b47040c1306557f98a486871b94c8da983fdc932729197,blur_artifact,,generated from held-out ID only; never from train
images/dissertation_v1/ood/sensory_artifact/blur_artifact/artifact_000011_04_blur_artifact.png,1,train,synthetic_artifact,sensory_artifact,blur_artifact,derived_from_synthetic_faf,,derived_or_generated_synthetic,test,3c730946c883b0ea27714e273c485c726776b3243b1338f4eff0817914a919d9,d822b0621f3574fb70a96904005d10d950c5fed12e7f0f1c78edbcb396fbd7ac,blur_artifact,,generated from held-out ID only; never from train
images/dissertation_v1/ood/sensory_artifact/blur_artifact/artifact_000012_04_blur_artifact.png,1,train,synthetic_artifact,sensory_artifact,blur_artifact,derived_from_synthetic_faf,,derived_or_generated_synthetic,test,117f935204518332bfb3bd676b39b05c9b2cec60555c47a18cec288b6ebfd5ad,d924c9e1fbeb5b22e9ce25fbb30850ed8464394de79d31630d85707afefbd75b,blur_artifact,,generated from held-out ID only; never from train
images/dissertation_v1/ood/sensory_artifact/blur_artifact/artifact_000013_04_blur_artifact.png,1,train,synthetic_artifact,sensory_artifact,blur_artifact,derived_from_synthetic_faf,,derived_or_generated_synthetic,test,8ea3de5e20eaba0f63a0c368a9a581f807a9dfdeca66e330c725a554dd377c54,0b875e277b8f1482ac5d0457e95fcb05cd77208c0e9e5356f266f98ccab7e3ed,blur_artifact,,generated from held-out ID only; never from train
images/dissertation_v1/ood/sensory_artifact/blur_artifact/artifact_000014_04_blur_artifact.png,1,train,synthetic_artifact,sensory_artifact,blur_artifact,derived_from_synthetic_faf,,derived_or_generated_synthetic,test,8a999ee943892f4198a6e092d76a0915be0d38af040e71e40c7e58c2d329117c,50eb07963b954a027224c212fef91ed6b91ad3d68a58e0fb6e2fd32ccb4b8bd1,blur_artifact,,generated from held-out ID only; never from train
images/dissertation_v1/ood/sensory_artifact/blur_artifact/artifact_000015_04_blur_artifact.png,1,train,synthetic_artifact,sensory_artifact,blur_artifact,derived_from_synthetic_faf,,derived_or_generated_synthetic,test,ee70f86a54ef83fa926077dbcb6e849b5407b4c9705f459ec2b33d6303fd5099,38fbaedc8df6557c3519716071afbe70dbb54496bc3eda4dbd28443246ef0539,blur_artifact,,generated from held-out ID only; never from train
images/dissertation_v1/ood/sensory_artifact/blur_artifact/artifact_000017_04_blur_artifact.png,1,train,synthetic_artifact,sensory_artifact,blur_artifact,derived_from_synthetic_faf,,derived_or_generated_synthetic,test,aca70933e2ed460a4785ab0a593065e15ae00f784c1d07e6356085a21434c549,0861672a24270580387eea90d8f3ddd826a52d63c4428364052dec6bca1959ee,blur_artifact,,generated from held-out ID only; never from train
images/dissertation_v1/ood/sensory_artifact/blur_artifact/artifact_000018_04_blur_artifact.png,1,train,synthetic_artifact,sensory_artifact,blur_artifact,derived_from_synthetic_faf,,derived_or_generated_synthetic,test,e24acb7919c593517cd82f5de4c479416fe1bc5ff76493fe5b06472ef23ac709,fd6fd89f280a24b4873a415a5fc1f7315de7c22e49be7073c6a9348d08c1f07b,blur_artifact,,generated from held-out ID only; never from train
images/dissertation_v1/ood/sensory_artifact/blur_artifact/artifact_000019_04_blur_artifact.png,1,train,synthetic_artifact,sensory_artifact,blur_artifact,derived_from_synthetic_faf,,derived_or_generated_synthetic,test,f8115a1f582fb7a0c9ee1d65b10f65a2ab77fb2f12b278191547d5ccf712af1c,f9a033e1944d7b29d126d036c4a91b903f0c3c335a85177788beafc3fe8b70da,blur_artifact,,generated from held-out ID only; never from train
images/dissertation_v1/ood/sensory_artifact/blur_artifact/artifact_000020_04_blur_artifact.png,1,train,synthetic_artifact,sensory_artifact,blur_artifact,derived_from_synthetic_faf,,derived_or_generated_synthetic,test,e81222d3476fa93125e393e877be1cd18dce5c0429499484da497107195329f4,5db33929cee5ce3d7b21de926a708da9a1e5e2b0c82a9430eebe1296f81aeaa3,blur_artifact,,generated from held-out ID only; never from train
images/dissertation_v1/ood/sensory_artifact/blur_artifact/artifact_000029_04_blur_artifact.png,1,train,synthetic_artifact,sensory_artifact,blur_artifact,derived_from_synthetic_faf,,derived_or_generated_synthetic,test,4428ceaa58a3304da3cba173428bc7e347fefebd07898e252d018133c0581b69,06df7d1f687f8a014291b723a7281d280cf107ae764e77fc64a0958208a42440,blur_artifact,,generated from held-out ID only; never from train
images/dissertation_v1/ood/sensory_artifact/blur_artifact/artifact_000030_04_blur_artifact.png,1,train,synthetic_artifact,sensory_artifact,blur_artifact,derived_from_synthetic_faf,,derived_or_generated_synthetic,test,eee57507373907344ee197d1d604d5034e8f33b7e869b69a724089c3e1ba5192,1abcc3a996b7ea0932243de4f741b523f245b8f81cda49fac05b1a1a0c363278,blur_artifact,,generated from held-out ID only; never from train
images/dissertation_v1/ood/sensory_artifact/blur_artifact/artifact_000032_04_blur_artifact.png,1,train,synthetic_artifact,sensory_artifact,blur_artifact,derived_from_synthetic_faf,,derived_or_generated_synthetic,test,73385cd46c373da83b5c12b3d19e8d17cfb542700f390b3f3533a6ccb66973ef,cd4f8184a0ffa557274b13b0ea3902f73d674253ac57ec26c12c3c5026cf2b80,blur_artifact,,generated from held-out ID only; never from train
images/dissertation_v1/ood/sensory_artifact/blur_artifact/artifact_000035_04_blur_artifact.png,1,train,synthetic_artifact,sensory_artifact,blur_artifact,derived_from_synthetic_faf,,derived_or_generated_synthetic,test,e20b5637393d62a521eb7b3f2508e1dbda147528a64c5324764e159112a69563,ad2206e763d2fe74e820f9849e3d5c70fae09a566c7d71af4a5642de99425176,blur_artifact,,generated from held-out ID only; never from train
images/dissertation_v1/ood/sensory_artifact/blur_artifact/artifact_000036_04_blur_artifact.png,1,train,synthetic_artifact,sensory_artifact,blur_artifact,derived_from_synthetic_faf,,derived_or_generated_synthetic,test,5a638cc118f531d06598560efdd0738fe2b19b4b9135c5d4a4d4c821a259a8da,6ec6209b2791522f0608c0e98d17415b05002c0ab9a4d1fff0df547aa6b1ecab,blur_artifact,,generated from held-out ID only; never from train
images/dissertation_v1/ood/sensory_artifact/blur_artifact/artifact_000037_04_blur_artifact.png,1,train,synthetic_artifact,sensory_artifact,blur_artifact,derived_from_synthetic_faf,,derived_or_generated_synthetic,test,816d628194c7e5d40aff62d3bc4d9262f8bb5329d502cb7c9fb6002d00b260f7,1d93bc13ac331db7a072736022e31038f869f965793787c53f3d2a57ec76cd8d,blur_artifact,,generated from held-out ID only; never from train
images/dissertation_v1/ood/sensory_artifact/blur_artifact/artifact_000038_04_blur_artifact.png,1,train,synthetic_artifact,sensory_artifact,blur_artifact,derived_from_synthetic_faf,,derived_or_generated_synthetic,test,2d7f6354df12456c391fc70f8928bc62c5b277a7a518d7445834ae2e489b86c0,8cc0640073e0f9c820b460efc0c58ec7414b7e8df823d5f1c93b38ba793d8902,blur_artifact,,generated from held-out ID only; never from train
images/dissertation_v1/ood/sensory_artifact/blur_artifact/artifact_000040_04_blur_artifact.png,1,train,synthetic_artifact,sensory_artifact,blur_artifact,derived_from_synthetic_faf,,derived_or_generated_synthetic,test,280b35072ae644c0ffa398b42abb81e5008701960ca2d6ba222e537c875b543a,aa24c50bf2b5968019954cbc11eda597cb49e3a77a7856d909c0ad771f83887e,blur_artifact,,generated from held-out ID only; never from train
images/dissertation_v1/ood/sensory_artifact/blur_artifact/artifact_000041_04_blur_artifact.png,1,train,synthetic_artifact,sensory_artifact,blur_artifact,derived_from_synthetic_faf,,derived_or_generated_synthetic,test,d1d7f71d693b07e5cc38e9559e6778d9e35d939e00fcfb8886e634a3df21af61,81a78d254ea6b2a2f5a4affbfb96971984508cdd9229061837c581ec353ebdad,blur_artifact,,generated from held-out ID only; never from train
images/dissertation_v1/ood/sensory_artifact/blur_artifact/artifact_000044_04_blur_artifact.png,1,train,synthetic_artifact,sensory_artifact,blur_artifact,derived_from_synthetic_faf,,derived_or_generated_synthetic,test,882b5313c54769234e94485c67688e4f43b7334a430228bbd0a458694f513a06,a0fc7b7ace1490826b0bfc495d19e7bc00e13443171428e6b5659b32253005a7,blur_artifact,,generated from held-out ID only; never from train
images/dissertation_v1/ood/sensory_artifact/blur_artifact/artifact_000046_04_blur_artifact.png,1,train,synthetic_artifact,sensory_artifact,blur_artifact,derived_from_synthetic_faf,,derived_or_generated_synthetic,test,a5219f09942c75ba186763033d7203fd49463e14783d9080b3e5942e4377ca62,13e2d91e78a8714c322247a847463a3c9b3942269050fac1dac7fa44bf951da6,blur_artifact,,generated from held-out ID only; never from train
images/dissertation_v1/ood/sensory_artifact/blur_artifact/artifact_000047_04_blur_artifact.png,1,train,synthetic_artifact,sensory_artifact,blur_artifact,derived_from_synthetic_faf,,derived_or_generated_synthetic,test,335d1978ffcb349087e58482cc12794c6eae32279c74d11356d10dab7b976f68,9027c7c813d92085e7eb1335e0de9e66ebd9b6730a0da446ba8e26cfbd03b685,blur_artifact,,generated from held-out ID only; never from train
images/dissertation_v1/ood/sensory_artifact/blur_artifact/artifact_000048_04_blur_artifact.png,1,train,synthetic_artifact,sensory_artifact,blur_artifact,derived_from_synthetic_faf,,derived_or_generated_synthetic,test,2aa1c4c50213dd2fa987196b38f316f0831964f141925fdb39a1bcf3ac5e95f7,36f73c8b9761160f2d53cae70e3f531a67de1e24ad2ae6fcf48727198c793160,blur_artifact,,generated from held-out ID only; never from train
images/dissertation_v1/ood/sensory_artifact/blur_artifact/artifact_000049_04_blur_artifact.png,1,train,synthetic_artifact,sensory_artifact,blur_artifact,derived_from_synthetic_faf,,derived_or_generated_synthetic,test,d372b6017a4c96d6b9c99e56e0123c613f86655cc3b148547acd0e6743923466,c61302a2ed48ff4f37562e3a39d8ad46a99270bf3b70b90085f1d38ef8b2b122,blur_artifact,,generated from held-out ID only; never from train
images/dissertation_v1/ood/sensory_artifact/blur_artifact/artifact_000050_04_blur_artifact.png,1,train,synthetic_artifact,sensory_artifact,blur_artifact,derived_from_synthetic_faf,,derived_or_generated_synthetic,test,1780b239085137a9bc938935cd81a5c538bb0b2984c49145ecaf8b1b0a9bc949,3e2c8579f7265860b011fe747af201935e3621054f77e9ddfe92505744ff4141,blur_artifact,,generated from held-out ID only; never from train
images/dissertation_v1/ood/sensory_artifact/blur_artifact/artifact_000051_04_blur_artifact.png,1,train,synthetic_artifact,sensory_artifact,blur_artifact,derived_from_synthetic_faf,,derived_or_generated_synthetic,test,6e66ac84e48928e6376e523a20d1e306656694b138786fd92ff230660035a63a,d98c4689f08b345b86108e34cac4f9e60ff36db08a9d29d0e3243ca1cf2c6941,blur_artifact,,generated from held-out ID only; never from train
images/dissertation_v1/ood/sensory_artifact/blur_artifact/artifact_000052_04_blur_artifact.png,1,train,synthetic_artifact,sensory_artifact,blur_artifact,derived_from_synthetic_faf,,derived_or_generated_synthetic,test,6bf9a0bdb1260dc61a6af5a3721c0958abe30b48e66ec048e25604508583fb1a,cd9af11e8731f9a6b9d13f0180c06c1f60c2ae8a695e16abc6268b79f1026b1e,blur_artifact,,generated from held-out ID only; never from train
images/dissertation_v1/ood/sensory_artifact/blur_artifact/artifact_000053_04_blur_artifact.png,1,train,synthetic_artifact,sensory_artifact,blur_artifact,derived_from_synthetic_faf,,derived_or_generated_synthetic,test,3b523c49101bf64993da4f51f2a6fb4c21375e351b8c7a19eb7bc1b3935e8f5c,2e75a99248d3ec4b650068aec6b8ba48becf403fe672e40267ecffa7fc22b01f,blur_artifact,,generated from held-out ID only; never from train
images/dissertation_v1/ood/sensory_artifact/blur_artifact/artifact_000054_04_blur_artifact.png,1,train,synthetic_artifact,sensory_artifact,blur_artifact,derived_from_synthetic_faf,,derived_or_generated_synthetic,test,47492042752220613617f2f7a69b687a2aa87234a6d9da83af5b056918db4788,f54f3645c72dc3a2c8558dc0200730edd83c26c1adc2e1b5b2dfb6a192f08c5d,blur_artifact,,generated from held-out ID only; never from train
images/dissertation_v1/ood/sensory_artifact/blur_artifact/artifact_000055_04_blur_artifact.png,1,train,synthetic_artifact,sensory_artifact,blur_artifact,derived_from_synthetic_faf,,derived_or_generated_synthetic,test,b3d366759f1dc63df4ccf04c4b9aa25132b18cb8d9799f6e43d255464908a714,bb7ced17f3ce7864da174a6b78b7f34b25cf97ec01c15d5452696207f3063416,blur_artifact,,generated from held-out ID only; never from train
images/dissertation_v1/ood/sensory_artifact/blur_artifact/artifact_000056_04_blur_artifact.png,1,train,synthetic_artifact,sensory_artifact,blur_artifact,derived_from_synthetic_faf,,derived_or_generated_synthetic,test,c1853ad684cd81da13c9de20dfef377e8c189f8892e98c5b9520689d62426d2e,5cac36dc7dbb94150b4cd1703091de1fb9f3dc8fb4edfd870bfc1b1f799f0eab,blur_artifact,,generated from held-out ID only; never from train
images/dissertation_v1/ood/sensory_artifact/blur_artifact/artifact_000057_04_blur_artifact.png,1,train,synthetic_artifact,sensory_artifact,blur_artifact,derived_from_synthetic_faf,,derived_or_generated_synthetic,test,0e7620546c0a237c87e38eb37df9543b32decc47429f2101c90218aaa6529812,31b43cdb11ddd17ba24311605ad64723ef0f74ce4e8dce09319ba9a7cb6f1b1e,blur_artifact,,generated from held-out ID only; never from train
images/dissertation_v1/ood/sensory_artifact/blur_artifact/artifact_000058_04_blur_artifact.png,1,train,synthetic_artifact,sensory_artifact,blur_artifact,derived_from_synthetic_faf,,derived_or_generated_synthetic,test,5ef62ba8097431dd452bc09507def91290429e1a556383e89bd1e285e5386d88,1e2992825661100b10f082d608b60f166b2eecdd1dcd52d490128ed1a1ac49f4,blur_artifact,,generated from held-out ID only; never from train
images/dissertation_v1/ood/sensory_artifact/blur_artifact/artifact_000059_04_blur_artifact.png,1,train,synthetic_artifact,sensory_artifact,blur_artifact,derived_from_synthetic_faf,,derived_or_generated_synthetic,test,179585a054c6a827e74df7436bfb3f8c38559c4e4c65256e632ea5c2fd3298bf,2869b22fa7b02533b8e39d46cc06f3f911655ac33a2ad6eb153d8279df5416b4,blur_artifact,,generated from held-out ID only; never from train
images/dissertation_v1/ood/sensory_artifact/blur_artifact/artifact_000060_04_blur_artifact.png,1,train,synthetic_artifact,sensory_artifact,blur_artifact,derived_from_synthetic_faf,,derived_or_generated_synthetic,test,0ba5ec07bf71db414f31d45f8befaa728cb3779383dd09d1c128117e61a2e2c4,3a1a39ff67d065cd684acfd8e796efadd79cc73dbda7ad12dc6627016af7bdfc,blur_artifact,,generated from held-out ID only; never from train
images/dissertation_v1/ood/sensory_artifact/blur_artifact/artifact_000061_04_blur_artifact.png,1,train,synthetic_artifact,sensory_artifact,blur_artifact,derived_from_synthetic_faf,,derived_or_generated_synthetic,test,7e810c99374550d1b114110005183c4a7ba6a35572242ce34fb7137045907a33,12d8af55f0db94152dfed5578d720d5e721370d87553d40e7e89b8d273299636,blur_artifact,,generated from held-out ID only; never from train
images/dissertation_v1/ood/sensory_artifact/blur_artifact/artifact_000063_04_blur_artifact.png,1,train,synthetic_artifact,sensory_artifact,blur_artifact,derived_from_synthetic_faf,,derived_or_generated_synthetic,test,c6af9e049aeb5fbbdb4a93916ab6acd7dcc6b5f70ee2828ae243536cdaae0047,58539b1cc5b2a259e54144a3d7324bd17b5f13ee4782a6a85efdd05699bf6c97,blur_artifact,,generated from held-out ID only; never from train
images/dissertation_v1/ood/sensory_artifact/blur_artifact/artifact_000067_04_blur_artifact.png,1,train,synthetic_artifact,sensory_artifact,blur_artifact,derived_from_synthetic_faf,,derived_or_generated_synthetic,test,ceca0c78e0b58ae3c073a833bbd761a52484413938389a74b0f4e171f33c5669,4537ee987e4cbb0f7d661f6b948ff440ff86ec102fe5267eab5b4c44a7b75a92,blur_artifact,,generated from held-out ID only; never from train
images/dissertation_v1/ood/sensory_artifact/blur_artifact/artifact_000072_04_blur_artifact.png,1,train,synthetic_artifact,sensory_artifact,blur_artifact,derived_from_synthetic_faf,,derived_or_generated_synthetic,test,e02da341e3ad6ebfef5a5181e9031a29f5a53ac09f8099ad8aa7bc1488e1ec15,c8fe2b85f894306e93ed79f02f77da1427fdcbf995b0ad07e35c66f98bbdb7a0,blur_artifact,,generated from held-out ID only; never from train
images/dissertation_v1/ood/sensory_artifact/blur_artifact/artifact_000074_04_blur_artifact.png,1,train,synthetic_artifact,sensory_artifact,blur_artifact,derived_from_synthetic_faf,,derived_or_generated_synthetic,test,b8138d327b6a611225b430bd32a879c97be9683b281bf906dd121cee3173c944,121676a35541005d3f7f769e374c3ffc28e6ae19878fc3c1ecd6709102443fe7,blur_artifact,,generated from held-out ID only; never from train
images/dissertation_v1/ood/sensory_artifact/blur_artifact/artifact_000075_04_blur_artifact.png,1,train,synthetic_artifact,sensory_artifact,blur_artifact,derived_from_synthetic_faf,,derived_or_generated_synthetic,test,93dffbe6c1f4065353e41d377e4aee403ca3f1e3f6811eba93015f41f97de70c,4f49d5898ef29e6dbba84b94fa73a55c1a29a6694e6822a9b64b7d09fa1a5c38,blur_artifact,,generated from held-out ID only; never from train
images/dissertation_v1/ood/sensory_artifact/blur_artifact/artifact_000076_04_blur_artifact.png,1,train,synthetic_artifact,sensory_artifact,blur_artifact,derived_from_synthetic_faf,,derived_or_generated_synthetic,test,6ce14f12d941201dd207ac20ce51e4fb2976e60df877a1af8f380fe7a798e7cf,c85bb9fb9937eec3a0f35515011e5ac1382b6995e2ad67861523bd730778ee5c,blur_artifact,,generated from held-out ID only; never from train
images/dissertation_v1/ood/sensory_artifact/blur_artifact/artifact_000078_04_blur_artifact.png,1,train,synthetic_artifact,sensory_artifact,blur_artifact,derived_from_synthetic_faf,,derived_or_generated_synthetic,test,be5af383063546c105cf6b8eefa1dd93f98acf31ecd3fa2e0bca0683cae276cb,9af2f45d4b55869623d7ce9516709e60795adfd67a812b55afb17354b9baf5d2,blur_artifact,,generated from held-out ID only; never from train
images/dissertation_v1/ood/sensory_artifact/blur_artifact/artifact_000079_04_blur_artifact.png,1,train,synthetic_artifact,sensory_artifact,blur_artifact,derived_from_synthetic_faf,,derived_or_generated_synthetic,test,109abccebc136a36de6e03305e09a335e61088c4feab100fc76430d6bec4a8ee,82150b28a408cd90cad8ac33ead707590a8ba8d83cf3038f0788ed2cb27a2f89,blur_artifact,,generated from held-out ID only; never from train
images/dissertation_v1/ood/sensory_artifact/blur_artifact/artifact_000082_04_blur_artifact.png,1,train,synthetic_artifact,sensory_artifact,blur_artifact,derived_from_synthetic_faf,,derived_or_generated_synthetic,test,8bb6a1b1ffcb291dad57700ccc9578bb131f14e7207b728e765bb7a0abb1d80d,5d2c59717f3d4d8170ce1f409aaaf7db80f7ae2685fb909f9db1013ab32d5c49,blur_artifact,,generated from held-out ID only; never from train
images/dissertation_v1/ood/sensory_artifact/blur_artifact/artifact_000084_04_blur_artifact.png,1,train,synthetic_artifact,sensory_artifact,blur_artifact,derived_from_synthetic_faf,,derived_or_generated_synthetic,test,1d460a1d32888a8ebef442728f2c4112ecd6d5d1306dfc5131c4574dcea05bdd,78be763eaa256c23ee59dbb43099a704088867a498e0712f9b39fca6e2a1a9e5,blur_artifact,,generated from held-out ID only; never from train
images/dissertation_v1/ood/sensory_artifact/blur_artifact/artifact_000087_04_blur_artifact.png,1,train,synthetic_artifact,sensory_artifact,blur_artifact,derived_from_synthetic_faf,,derived_or_generated_synthetic,test,c861103c597b8a8c126814da57f3b3c700c2416630779f3232c3955da6e367ec,8483b73bf3d280c2e7e75a7509b0bc94b7dd44e58f6d9814a899fb0b9732175a,blur_artifact,,generated from held-out ID only; never from train
images/dissertation_v1/ood/sensory_artifact/blur_artifact/artifact_000089_04_blur_artifact.png,1,train,synthetic_artifact,sensory_artifact,blur_artifact,derived_from_synthetic_faf,,derived_or_generated_synthetic,test,4ae6f3105cd57bc13d02fc148510ed5869d4a0bb52f4ef2ec695d1ae61b07859,b3a3c25e180e7101a1b8c68aaee59031e3cdfca99d012931bf3981f7cf7b3148,blur_artifact,,generated from held-out ID only; never from train
images/dissertation_v1/ood/sensory_artifact/blur_artifact/artifact_000090_04_blur_artifact.png,1,train,synthetic_artifact,sensory_artifact,blur_artifact,derived_from_synthetic_faf,,derived_or_generated_synthetic,test,14e5635854982d5ccfcd95d8fb4097da9fa79d9f863b01f47679dd786878f1f1,3fca0579b63c1ae9218257ecf5fcae692b8b00b38f3afc621efdadf6a57debb7,blur_artifact,,generated from held-out ID only; never from train
images/dissertation_v1/ood/sensory_artifact/blur_artifact/artifact_000094_04_blur_artifact.png,1,train,synthetic_artifact,sensory_artifact,blur_artifact,derived_from_synthetic_faf,,derived_or_generated_synthetic,test,99d095bc181ec39824aa9aaa667b06776fb8d308774d43a75101f21d11f078ee,ee8fa9a0a71d9854bc709dffc04506fd677490df5d65bac869c0430e8faf78bd,blur_artifact,,generated from held-out ID only; never from train
images/dissertation_v1/ood/sensory_artifact/blur_artifact/artifact_000095_04_blur_artifact.png,1,train,synthetic_artifact,sensory_artifact,blur_artifact,derived_from_synthetic_faf,,derived_or_generated_synthetic,test,810cf81a2dac796c812b0495c938b7a8e1ff72b1b52fefdce9736fb448dac6fe,36c01ce75ef8cd22d56a154a5e850c4a421754027b40778b2ec4204014e0ab30,blur_artifact,,generated from held-out ID only; never from train
images/dissertation_v1/ood/sensory_artifact/blur_artifact/artifact_000096_04_blur_artifact.png,1,train,synthetic_artifact,sensory_artifact,blur_artifact,derived_from_synthetic_faf,,derived_or_generated_synthetic,test,10ce3c39dddb9b1d454bbb971bd5c7f5a4d10646e38a7a59b78a118816b1c1f1,618463cdedc1dfd6f8a910f4da6b05226a0546e4ace629eb24575e221d643b5a,blur_artifact,,generated from held-out ID only; never from train
images/dissertation_v1/ood/sensory_artifact/blur_artifact/artifact_000098_04_blur_artifact.png,1,train,synthetic_artifact,sensory_artifact,blur_artifact,derived_from_synthetic_faf,,derived_or_generated_synthetic,test,a7939afbd4239eeaab5d4daab8f11e4d4564f1ba903b2d582fc8ee6b90e2242b,ad1776fe9a4a4e0ac6dbc4fc86dc77490335756c571e1cac5c09b465f0c4b535,blur_artifact,,generated from held-out ID only; never from train
images/dissertation_v1/ood/sensory_artifact/blur_artifact/artifact_000100_04_blur_artifact.png,1,train,synthetic_artifact,sensory_artifact,blur_artifact,derived_from_synthetic_faf,,derived_or_generated_synthetic,test,fda2ebad6d02af9dca14ec97181d8a35a814e1f4f0ddf76682049a5cd92e4645,72629a18912da54c8f255baf6b2684e92df9a2ae8daa4964790904e299592680,blur_artifact,,generated from held-out ID only; never from train
images/dissertation_v1/ood/sensory_artifact/blur_artifact/artifact_000101_04_blur_artifact.png,1,train,synthetic_artifact,sensory_artifact,blur_artifact,derived_from_synthetic_faf,,derived_or_generated_synthetic,test,b2396ab5d2f6ec62b65734d5c1297c27d6de2cb62c854ae99677cb41b56671f3,fd219f500dae4056481182b308e0fcd849c7712eea0f81adbed8fdb9fb27b484,blur_artifact,,generated from held-out ID only; never from train
images/dissertation_v1/ood/sensory_artifact/blur_artifact/artifact_000102_04_blur_artifact.png,1,train,synthetic_artifact,sensory_artifact,blur_artifact,derived_from_synthetic_faf,,derived_or_generated_synthetic,test,b73b2f99ebba30a1dbb6738befa35c42506e96e32c31821cac5690e827e3bc69,876590b0a765ef6079e51d67a6947a5af2a14a9fbeccf29ca3f63f876f1fda65,blur_artifact,,generated from held-out ID only; never from train
images/dissertation_v1/ood/sensory_artifact/blur_artifact/artifact_000105_04_blur_artifact.png,1,train,synthetic_artifact,sensory_artifact,blur_artifact,derived_from_synthetic_faf,,derived_or_generated_synthetic,test,750e638f209b292654ae50b0b92a41c73aa4db56c095dad4a042b21327651633,5aeefa494416110fc3806f91b7263e927a7398a19bcbe5c7e6b7e7cc6c626ce9,blur_artifact,,generated from held-out ID only; never from train
images/dissertation_v1/ood/sensory_artifact/blur_artifact/artifact_000108_04_blur_artifact.png,1,train,synthetic_artifact,sensory_artifact,blur_artifact,derived_from_synthetic_faf,,derived_or_generated_synthetic,test,391618380c4f54f06be8fa7fce7dfdb363443126cdeb3ff174887266cc2f2d24,7d72468a874689e25e4b5a25de725a8c0569ab36560fb167471c695722a7a5a1,blur_artifact,,generated from held-out ID only; never from train
images/dissertation_v1/ood/sensory_artifact/blur_artifact/artifact_000109_04_blur_artifact.png,1,train,synthetic_artifact,sensory_artifact,blur_artifact,derived_from_synthetic_faf,,derived_or_generated_synthetic,test,8be79eee3ca588eb362af43ecc9bac26691e9e6ae6557dff8009877af8616578,34f334303d87d3fece2fa5c693e847b9026173d7beed69537aeda43d5b114c55,blur_artifact,,generated from held-out ID only; never from train
images/dissertation_v1/ood/sensory_artifact/blur_artifact/artifact_000110_04_blur_artifact.png,1,train,synthetic_artifact,sensory_artifact,blur_artifact,derived_from_synthetic_faf,,derived_or_generated_synthetic,test,d29d451b987bef2f221dab36e0c340e4ab2b60c5b11bf44549295df1399cb44c,fee378e906a17520f332f1acc698a2c84788b70cd2669ff7b40c88519c15f9d4,blur_artifact,,generated from held-out ID only; never from train
images/dissertation_v1/ood/sensory_artifact/blur_artifact/artifact_000112_04_blur_artifact.png,1,train,synthetic_artifact,sensory_artifact,blur_artifact,derived_from_synthetic_faf,,derived_or_generated_synthetic,test,e9ec22fa0a6982c31e2f705bd1c9bbc5dae16e8d27fe39f97faf6e09549ee005,0082a17690ee34f87cc084ca701192ff9bc09e65a2103ac1c6ae25c2f6d5afac,blur_artifact,,generated from held-out ID only; never from train
images/dissertation_v1/ood/sensory_artifact/blur_artifact/artifact_000113_04_blur_artifact.png,1,train,synthetic_artifact,sensory_artifact,blur_artifact,derived_from_synthetic_faf,,derived_or_generated_synthetic,test,2a390a7f7171dadced8c4fc6c31efaf87fb2220514636946986924f795b2b8ce,f0a16dcee05bb93fc69293dec6b37b44edad69ce668e805549309e0aa6a401cc,blur_artifact,,generated from held-out ID only; never from train
images/dissertation_v1/ood/sensory_artifact/blur_artifact/artifact_000114_04_blur_artifact.png,1,train,synthetic_artifact,sensory_artifact,blur_artifact,derived_from_synthetic_faf,,derived_or_generated_synthetic,test,e27a8cbdad403c64e6133225b7f9dfbebac16aae0f0b5ac964b7061d8b0552e2,f899478c2f1d44604649c59e088f1ba582e468bacf515f9dd0249ee2cf16e0bb,blur_artifact,,generated from held-out ID only; never from train
images/dissertation_v1/ood/sensory_artifact/blur_artifact/artifact_000115_04_blur_artifact.png,1,train,synthetic_artifact,sensory_artifact,blur_artifact,derived_from_synthetic_faf,,derived_or_generated_synthetic,test,a793127410db7c90a2791b5e46b510eca553a469d70f8d71a7690701c3d82955,f9dd7c6f3daaf3b557787bcdc1c3ecdd27fc21186ef190f88728218f6cea9bde,blur_artifact,,generated from held-out ID only; never from train
images/dissertation_v1/ood/sensory_artifact/blur_artifact/artifact_000116_04_blur_artifact.png,1,train,synthetic_artifact,sensory_artifact,blur_artifact,derived_from_synthetic_faf,,derived_or_generated_synthetic,test,c9f8fa5e02dcf00ac5bae8306110bfb432c5e29af27eb07e886e10eb1c15d516,981c3d303c80b102eddb306f12e711c2b30df817b3cb9896889b09c72edee0dc,blur_artifact,,generated from held-out ID only; never from train
images/dissertation_v1/ood/sensory_artifact/blur_artifact/artifact_000120_04_blur_artifact.png,1,train,synthetic_artifact,sensory_artifact,blur_artifact,derived_from_synthetic_faf,,derived_or_generated_synthetic,test,fb6e6a2061633b78825d26a97d2fc6599fa21c5efe593100ab2e93a5425c1680,6050df662b7b43400e1ebcf42f771fb1a9c17485583af5e78204a70a08fb29c9,blur_artifact,,generated from held-out ID only; never from train
images/dissertation_v1/ood/sensory_artifact/blur_artifact/artifact_000121_04_blur_artifact.png,1,train,synthetic_artifact,sensory_artifact,blur_artifact,derived_from_synthetic_faf,,derived_or_generated_synthetic,test,21ec1064dcfe98dfe0166c4d57550c6430e99b2b34264c8a73d3f07f80049507,76663bd120041d5058985d3efa42b23e50de4086393997695a050775c4116f62,blur_artifact,,generated from held-out ID only; never from train
images/dissertation_v1/ood/sensory_artifact/blur_artifact/artifact_000122_04_blur_artifact.png,1,train,synthetic_artifact,sensory_artifact,blur_artifact,derived_from_synthetic_faf,,derived_or_generated_synthetic,test,348822d2603a116923c2d81a515ebf9635c9c18a3dd23ddc17316ff260c0e8c6,265117c12dd093ed24562953f1f5fb10cc2a9ed74f2fac2312bd6629f939e390,blur_artifact,,generated from held-out ID only; never from train
images/dissertation_v1/ood/sensory_artifact/blur_artifact/artifact_000125_04_blur_artifact.png,1,train,synthetic_artifact,sensory_artifact,blur_artifact,derived_from_synthetic_faf,,derived_or_generated_synthetic,test,48771b5afdc9b31e1289ed24dbc590a1bb89411823c847b85e42293d529b6c57,7d411bc78dd10c916d8f3a829c53247234311a09b970a9f37107e2bee3f88e6f,blur_artifact,,generated from held-out ID only; never from train
images/dissertation_v1/ood/sensory_artifact/blur_artifact/artifact_000127_04_blur_artifact.png,1,train,synthetic_artifact,sensory_artifact,blur_artifact,derived_from_synthetic_faf,,derived_or_generated_synthetic,test,e2e2719952a6db271b576c5cbe64da8a06494793c9268724e5892057bd841447,1d9bde0c3df2046a73385263a0f0f6b667dc8fcc40164c4219c812103b6ed89a,blur_artifact,,generated from held-out ID only; never from train
images/dissertation_v1/ood/sensory_artifact/blur_artifact/artifact_000128_04_blur_artifact.png,1,train,synthetic_artifact,sensory_artifact,blur_artifact,derived_from_synthetic_faf,,derived_or_generated_synthetic,test,31f3153e0753a8d6eb079bb82501dc8fbedf4e81bcc8df4fbd9b0731c4861cbe,f0aaf9cb3094aeb127eef0f67ef481b6683337c3b7ddbc8cf3783d63648d764e,blur_artifact,,generated from held-out ID only; never from train
images/dissertation_v1/ood/sensory_artifact/blur_artifact/artifact_000131_04_blur_artifact.png,1,train,synthetic_artifact,sensory_artifact,blur_artifact,derived_from_synthetic_faf,,derived_or_generated_synthetic,test,fa1b0014335ac973da7739937c79671ccdc2ba0800a73338e7858c62044a7ef6,75cdb6a34fef7077b3c995565448dce323f3c26eecab573379d9dfb734a8db7b,blur_artifact,,generated from held-out ID only; never from train
images/dissertation_v1/ood/sensory_artifact/blur_artifact/artifact_000134_04_blur_artifact.png,1,train,synthetic_artifact,sensory_artifact,blur_artifact,derived_from_synthetic_faf,,derived_or_generated_synthetic,test,f45952e8458e3fd2a64157d2afb6bdbd47df1562219ffa92b32a5f29a6476661,7c7ce6b5321de586e2a73555e7709e226600e93382ad9f6a36e75d0d790f2ff8,blur_artifact,,generated from held-out ID only; never from train
images/dissertation_v1/ood/sensory_artifact/blur_artifact/artifact_000135_04_blur_artifact.png,1,train,synthetic_artifact,sensory_artifact,blur_artifact,derived_from_synthetic_faf,,derived_or_generated_synthetic,test,72c7f473b0064b3748c4e3c1a4cb8810b6038dc3fffd64c18c774d5d2f4c7873,30954c72a9fb85152713d1ddf07ab06d48566e4f5a9101d121d95a220b380007,blur_artifact,,generated from held-out ID only; never from train
images/dissertation_v1/ood/sensory_artifact/blur_artifact/artifact_000136_04_blur_artifact.png,1,train,synthetic_artifact,sensory_artifact,blur_artifact,derived_from_synthetic_faf,,derived_or_generated_synthetic,test,97d5faacb133ba8a2d1f73d245d301029eca98354b9a7d4f91ba7babda221740,f2a50ebec8d4c518d3dddfc9a597c3cd31e78cd19d54e81a0d05b6e0154973a6,blur_artifact,,generated from held-out ID only; never from train
images/dissertation_v1/ood/sensory_artifact/blur_artifact/artifact_000137_04_blur_artifact.png,1,train,synthetic_artifact,sensory_artifact,blur_artifact,derived_from_synthetic_faf,,derived_or_generated_synthetic,test,f555d6f2d6ba8d364005c1232b0dbb2e32c90b8d3a5dbdadccb0df3dfe20822b,7a794e04216d10b75a621304cc1d0fc7699b12295c58000ad5f0d937c8cafdea,blur_artifact,,generated from held-out ID only; never from train
images/dissertation_v1/ood/sensory_artifact/blur_artifact/artifact_000139_04_blur_artifact.png,1,train,synthetic_artifact,sensory_artifact,blur_artifact,derived_from_synthetic_faf,,derived_or_generated_synthetic,test,c2147d37b82e07aaff1aea39f1a77d72c6538ca0fc749a26e74ff97ead091814,4d2d7cfa2ba311c178fa68aa390eb321c4df388e5a907d7f5fa285965d42f64f,blur_artifact,,generated from held-out ID only; never from train
images/dissertation_v1/ood/sensory_artifact/blur_artifact/artifact_000140_04_blur_artifact.png,1,train,synthetic_artifact,sensory_artifact,blur_artifact,derived_from_synthetic_faf,,derived_or_generated_synthetic,test,d043a9219c79c4e6b25aac6df15d128c46a8775834849ba51de2787b68d6020a,c3e729187cae4fd775b713fa853a2456200b4faab0240643a30ad5594fc62d51,blur_artifact,,generated from held-out ID only; never from train
images/dissertation_v1/ood/sensory_artifact/blur_artifact/artifact_000141_04_blur_artifact.png,1,train,synthetic_artifact,sensory_artifact,blur_artifact,derived_from_synthetic_faf,,derived_or_generated_synthetic,test,8077d72a6529350d6ea070c344f4069aed704b892e1b72e52679da9671bc5096,1ecac33ab07d51111996036ab3fb88d5c08e171ff2a971e9acf5525296dea1c7,blur_artifact,,generated from held-out ID only; never from train
images/dissertation_v1/ood/sensory_artifact/blur_artifact/artifact_000142_04_blur_artifact.png,1,train,synthetic_artifact,sensory_artifact,blur_artifact,derived_from_synthetic_faf,,derived_or_generated_synthetic,test,754f0410bb8851112b00d8c8b31073bfaab6b8d3e09bd56713680b221960f74c,b9b696bd906b4c55bc36c91d9a2b4388150f80bb9b930062cdd275733b118cf0,blur_artifact,,generated from held-out ID only; never from train
images/dissertation_v1/ood/sensory_artifact/blur_artifact/artifact_000143_04_blur_artifact.png,1,train,synthetic_artifact,sensory_artifact,blur_artifact,derived_from_synthetic_faf,,derived_or_generated_synthetic,test,dd82c2f18e7dc77042e3e75883cf60876efaba61c976b7ebd0b917a31dba8151,29f8a59dce4344d3c3d5bcc8a0171474bd6e50bc1c0823a4ae0da7e45d8604e7,blur_artifact,,generated from held-out ID only; never from train
images/dissertation_v1/ood/sensory_artifact/blur_artifact/artifact_000145_04_blur_artifact.png,1,train,synthetic_artifact,sensory_artifact,blur_artifact,derived_from_synthetic_faf,,derived_or_generated_synthetic,test,9eebfe967756cbaae2b7ca785be18ffb80ac819d3fb4ea3e34297c2f30216460,578e6780b90d93dbd87714cf5bf1b0470f458e55596c36959b30ade921980aa8,blur_artifact,,generated from held-out ID only; never from train
images/dissertation_v1/ood/sensory_artifact/blur_artifact/artifact_000147_04_blur_artifact.png,1,train,synthetic_artifact,sensory_artifact,blur_artifact,derived_from_synthetic_faf,,derived_or_generated_synthetic,test,7a6914bd47d727d23ee533a0ef36af5a5703552230962615cc706edc303836a9,2e934d86b1b37029c030e42e88b7112e2b5f81459322644877d85a5593aed347,blur_artifact,,generated from held-out ID only; never from train
images/dissertation_v1/ood/sensory_artifact/blur_artifact/artifact_000148_04_blur_artifact.png,1,train,synthetic_artifact,sensory_artifact,blur_artifact,derived_from_synthetic_faf,,derived_or_generated_synthetic,test,b1aaf61332c4112e8c29cc264198b0c11a3fe6cb130f249dee03243ec03d02a2,18bdaf47632912f68f6b587cf57bc6844e251ca95824ceaebac102e755d86e81,blur_artifact,,generated from held-out ID only; never from train
images/dissertation_v1/ood/sensory_artifact/border_crop/artifact_000001_05_border_crop.png,1,train,synthetic_artifact,sensory_artifact,border_crop,derived_from_synthetic_faf,,derived_or_generated_synthetic,test,1712c6e4f33f311d0dcb903cf4ac5939575de541f0ea8fe8a4b39725f8992cb2,1a6fa85a126f3582d51f16ba281f47c1bf2c3e337748511a1c45e4ec0a690674,border_crop,,generated from held-out ID only; never from train
images/dissertation_v1/ood/sensory_artifact/border_crop/artifact_000002_05_border_crop.png,1,train,synthetic_artifact,sensory_artifact,border_crop,derived_from_synthetic_faf,,derived_or_generated_synthetic,test,023e0857c3d642231ec5ae227f63befbd30b05ebd209a2e97ac2a62b36bac99e,3fe16ad039a6555522438a9b9dd1a0de6bd787a7001116e06a97b4f034684ba2,border_crop,,generated from held-out ID only; never from train
images/dissertation_v1/ood/sensory_artifact/border_crop/artifact_000004_05_border_crop.png,1,train,synthetic_artifact,sensory_artifact,border_crop,derived_from_synthetic_faf,,derived_or_generated_synthetic,test,d0a44dd5029813439aa11ec95df65fa11f36dab16a28e2ae847e8f5af6a7dce2,d1f816cb395b94664ca9fc285317aa28d5757c61e7466f4d035552df5a7b2ef4,border_crop,,generated from held-out ID only; never from train
images/dissertation_v1/ood/sensory_artifact/border_crop/artifact_000005_05_border_crop.png,1,train,synthetic_artifact,sensory_artifact,border_crop,derived_from_synthetic_faf,,derived_or_generated_synthetic,test,a10ec273bcd4a319d236520c476646336d4ed08eba4a8c509546fed71d8f8f29,a37d2499bdadac9b672e002cf5b14bc830d68e387c1ea4405083eb6eed030d26,border_crop,,generated from held-out ID only; never from train
images/dissertation_v1/ood/sensory_artifact/border_crop/artifact_000006_05_border_crop.png,1,train,synthetic_artifact,sensory_artifact,border_crop,derived_from_synthetic_faf,,derived_or_generated_synthetic,test,2739703aa215f8f3f3702760ffad4dd7d5908271381de41416fc4438f8039eec,31d5f5ed5ac046981c6cb1df50192091daa4b282d054e8095b9e025b42afeb88,border_crop,,generated from held-out ID only; never from train
images/dissertation_v1/ood/sensory_artifact/border_crop/artifact_000007_05_border_crop.png,1,train,synthetic_artifact,sensory_artifact,border_crop,derived_from_synthetic_faf,,derived_or_generated_synthetic,test,670ec53d9bdac0203e6042cbc694fa4cc31af930371416a62ccd58b18f02ea1d,f42ab30d20b276c5fba40818aeb540adbd4fef553ec7196ea828c0a30f5f349f,border_crop,,generated from held-out ID only; never from train
images/dissertation_v1/ood/sensory_artifact/border_crop/artifact_000008_05_border_crop.png,1,train,synthetic_artifact,sensory_artifact,border_crop,derived_from_synthetic_faf,,derived_or_generated_synthetic,test,b982f4fcd975d2770a7f5c664cc97a335dee28568628b9afd7eeba55c852abdb,e6c4a5d7163b7548a0b47040c1306557f98a486871b94c8da983fdc932729197,border_crop,,generated from held-out ID only; never from train
images/dissertation_v1/ood/sensory_artifact/border_crop/artifact_000011_05_border_crop.png,1,train,synthetic_artifact,sensory_artifact,border_crop,derived_from_synthetic_faf,,derived_or_generated_synthetic,test,aa8269669b4f6d93966062d097ba0c97457f39797d6ea2137663b0db866aed53,d822b0621f3574fb70a96904005d10d950c5fed12e7f0f1c78edbcb396fbd7ac,border_crop,,generated from held-out ID only; never from train
images/dissertation_v1/ood/sensory_artifact/border_crop/artifact_000012_05_border_crop.png,1,train,synthetic_artifact,sensory_artifact,border_crop,derived_from_synthetic_faf,,derived_or_generated_synthetic,test,3d986c60d05d81b625db9ea18fcac23904cdd059dc9b5fb085dc3f148868bdce,d924c9e1fbeb5b22e9ce25fbb30850ed8464394de79d31630d85707afefbd75b,border_crop,,generated from held-out ID only; never from train
images/dissertation_v1/ood/sensory_artifact/border_crop/artifact_000013_05_border_crop.png,1,train,synthetic_artifact,sensory_artifact,border_crop,derived_from_synthetic_faf,,derived_or_generated_synthetic,test,b16baa5ea40b89f7b27d5a6fbebd79d98ea27cbd4291201ff4223d631df3bdb5,0b875e277b8f1482ac5d0457e95fcb05cd77208c0e9e5356f266f98ccab7e3ed,border_crop,,generated from held-out ID only; never from train
images/dissertation_v1/ood/sensory_artifact/border_crop/artifact_000014_05_border_crop.png,1,train,synthetic_artifact,sensory_artifact,border_crop,derived_from_synthetic_faf,,derived_or_generated_synthetic,test,8efcafc5aa564c983a5b0767a62b6098aa2dc534177ff79de1a1ba1bae52f064,50eb07963b954a027224c212fef91ed6b91ad3d68a58e0fb6e2fd32ccb4b8bd1,border_crop,,generated from held-out ID only; never from train
images/dissertation_v1/ood/sensory_artifact/border_crop/artifact_000015_05_border_crop.png,1,train,synthetic_artifact,sensory_artifact,border_crop,derived_from_synthetic_faf,,derived_or_generated_synthetic,test,bc06d2261547003b3e471bae9933eeee68300052be71eb540b1cda786931b498,38fbaedc8df6557c3519716071afbe70dbb54496bc3eda4dbd28443246ef0539,border_crop,,generated from held-out ID only; never from train
images/dissertation_v1/ood/sensory_artifact/border_crop/artifact_000017_05_border_crop.png,1,train,synthetic_artifact,sensory_artifact,border_crop,derived_from_synthetic_faf,,derived_or_generated_synthetic,test,f9e6ff227fc8fe3eaaac35c710789e7c69728cf0d0373c960b310da2f445ba9f,0861672a24270580387eea90d8f3ddd826a52d63c4428364052dec6bca1959ee,border_crop,,generated from held-out ID only; never from train
images/dissertation_v1/ood/sensory_artifact/border_crop/artifact_000018_05_border_crop.png,1,train,synthetic_artifact,sensory_artifact,border_crop,derived_from_synthetic_faf,,derived_or_generated_synthetic,test,113873e208144414bd32471cdddae8e53826e3d009ebddb3169053695701e900,fd6fd89f280a24b4873a415a5fc1f7315de7c22e49be7073c6a9348d08c1f07b,border_crop,,generated from held-out ID only; never from train
images/dissertation_v1/ood/sensory_artifact/border_crop/artifact_000019_05_border_crop.png,1,train,synthetic_artifact,sensory_artifact,border_crop,derived_from_synthetic_faf,,derived_or_generated_synthetic,test,7a2502656453d3930c95d362b5d489bc84c504bef26e42bc0da6ad0864149eb0,f9a033e1944d7b29d126d036c4a91b903f0c3c335a85177788beafc3fe8b70da,border_crop,,generated from held-out ID only; never from train
images/dissertation_v1/ood/sensory_artifact/border_crop/artifact_000020_05_border_crop.png,1,train,synthetic_artifact,sensory_artifact,border_crop,derived_from_synthetic_faf,,derived_or_generated_synthetic,test,134b2025a7ca385d7aa4778fa75932ac1bb9bf14147e3bd67b935ec179a417a2,5db33929cee5ce3d7b21de926a708da9a1e5e2b0c82a9430eebe1296f81aeaa3,border_crop,,generated from held-out ID only; never from train
images/dissertation_v1/ood/sensory_artifact/border_crop/artifact_000029_05_border_crop.png,1,train,synthetic_artifact,sensory_artifact,border_crop,derived_from_synthetic_faf,,derived_or_generated_synthetic,test,23e42a9469a80cab62b3c6ccb3ac45010ceb92914a5e1fd1f1f9900d5c28ec2d,06df7d1f687f8a014291b723a7281d280cf107ae764e77fc64a0958208a42440,border_crop,,generated from held-out ID only; never from train
images/dissertation_v1/ood/sensory_artifact/border_crop/artifact_000030_05_border_crop.png,1,train,synthetic_artifact,sensory_artifact,border_crop,derived_from_synthetic_faf,,derived_or_generated_synthetic,test,3ef63b11eeb30b5015e3ae95c60010458a537d91d745586e2d0fb9b19a0a6780,1abcc3a996b7ea0932243de4f741b523f245b8f81cda49fac05b1a1a0c363278,border_crop,,generated from held-out ID only; never from train
images/dissertation_v1/ood/sensory_artifact/border_crop/artifact_000032_05_border_crop.png,1,train,synthetic_artifact,sensory_artifact,border_crop,derived_from_synthetic_faf,,derived_or_generated_synthetic,test,b19936a3adf982a3c366f6e3599d4a1dc6753fd0bb8f1a3c8337219695fd9679,cd4f8184a0ffa557274b13b0ea3902f73d674253ac57ec26c12c3c5026cf2b80,border_crop,,generated from held-out ID only; never from train
images/dissertation_v1/ood/sensory_artifact/border_crop/artifact_000035_05_border_crop.png,1,train,synthetic_artifact,sensory_artifact,border_crop,derived_from_synthetic_faf,,derived_or_generated_synthetic,test,4dc039d6383378d8200dda12382c500a6f9a7f71603dd97f77cafb64ec0b6f53,ad2206e763d2fe74e820f9849e3d5c70fae09a566c7d71af4a5642de99425176,border_crop,,generated from held-out ID only; never from train
images/dissertation_v1/ood/sensory_artifact/border_crop/artifact_000036_05_border_crop.png,1,train,synthetic_artifact,sensory_artifact,border_crop,derived_from_synthetic_faf,,derived_or_generated_synthetic,test,6cadda260edcf64dc705191471118c3fcb174896379989ba0a2e47cf5578e3be,6ec6209b2791522f0608c0e98d17415b05002c0ab9a4d1fff0df547aa6b1ecab,border_crop,,generated from held-out ID only; never from train
images/dissertation_v1/ood/sensory_artifact/border_crop/artifact_000037_05_border_crop.png,1,train,synthetic_artifact,sensory_artifact,border_crop,derived_from_synthetic_faf,,derived_or_generated_synthetic,test,5f32defe39c13c7533a62a3fdabc11a046ccf002e133681b4dc2cf2809cdc96f,1d93bc13ac331db7a072736022e31038f869f965793787c53f3d2a57ec76cd8d,border_crop,,generated from held-out ID only; never from train
images/dissertation_v1/ood/sensory_artifact/border_crop/artifact_000038_05_border_crop.png,1,train,synthetic_artifact,sensory_artifact,border_crop,derived_from_synthetic_faf,,derived_or_generated_synthetic,test,78a3b7f45ea562e51bd300874d2c844c2683589f9b1559cfd0edc17385eeb530,8cc0640073e0f9c820b460efc0c58ec7414b7e8df823d5f1c93b38ba793d8902,border_crop,,generated from held-out ID only; never from train
images/dissertation_v1/ood/sensory_artifact/border_crop/artifact_000040_05_border_crop.png,1,train,synthetic_artifact,sensory_artifact,border_crop,derived_from_synthetic_faf,,derived_or_generated_synthetic,test,c22bd62c6b19122f7f5ff5fa715c935a9a470e28791ae6c77f4bad779d009996,aa24c50bf2b5968019954cbc11eda597cb49e3a77a7856d909c0ad771f83887e,border_crop,,generated from held-out ID only; never from train
images/dissertation_v1/ood/sensory_artifact/border_crop/artifact_000041_05_border_crop.png,1,train,synthetic_artifact,sensory_artifact,border_crop,derived_from_synthetic_faf,,derived_or_generated_synthetic,test,df1db9934964d8e5bfd4900e36231cf340b5b74d03c2f7201c08893032133883,81a78d254ea6b2a2f5a4affbfb96971984508cdd9229061837c581ec353ebdad,border_crop,,generated from held-out ID only; never from train
images/dissertation_v1/ood/sensory_artifact/border_crop/artifact_000044_05_border_crop.png,1,train,synthetic_artifact,sensory_artifact,border_crop,derived_from_synthetic_faf,,derived_or_generated_synthetic,test,bc2b6d5a56954afc1f6d7ed3ca2b46d68d026603d9c279e05e038f9c0b958a39,a0fc7b7ace1490826b0bfc495d19e7bc00e13443171428e6b5659b32253005a7,border_crop,,generated from held-out ID only; never from train
images/dissertation_v1/ood/sensory_artifact/border_crop/artifact_000046_05_border_crop.png,1,train,synthetic_artifact,sensory_artifact,border_crop,derived_from_synthetic_faf,,derived_or_generated_synthetic,test,0d129ac275b3ffad89c183c630c8dce9feee9bf29e5e59415bee12fff890d814,13e2d91e78a8714c322247a847463a3c9b3942269050fac1dac7fa44bf951da6,border_crop,,generated from held-out ID only; never from train
images/dissertation_v1/ood/sensory_artifact/border_crop/artifact_000047_05_border_crop.png,1,train,synthetic_artifact,sensory_artifact,border_crop,derived_from_synthetic_faf,,derived_or_generated_synthetic,test,12aea849a7efdd59f813a4bc8e8f85c70c26c944e0df55cc950b9cb4265f25fc,9027c7c813d92085e7eb1335e0de9e66ebd9b6730a0da446ba8e26cfbd03b685,border_crop,,generated from held-out ID only; never from train
images/dissertation_v1/ood/sensory_artifact/border_crop/artifact_000048_05_border_crop.png,1,train,synthetic_artifact,sensory_artifact,border_crop,derived_from_synthetic_faf,,derived_or_generated_synthetic,test,85b85a5477747a6039446adab5108f35de2f5b5a3e8ffb4963b80b64e6eee4cd,36f73c8b9761160f2d53cae70e3f531a67de1e24ad2ae6fcf48727198c793160,border_crop,,generated from held-out ID only; never from train
images/dissertation_v1/ood/sensory_artifact/border_crop/artifact_000049_05_border_crop.png,1,train,synthetic_artifact,sensory_artifact,border_crop,derived_from_synthetic_faf,,derived_or_generated_synthetic,test,2ab6161732c58fef8de32eb807e4241ad051b72d5e9d406c511e03b913c51b5d,c61302a2ed48ff4f37562e3a39d8ad46a99270bf3b70b90085f1d38ef8b2b122,border_crop,,generated from held-out ID only; never from train
images/dissertation_v1/ood/sensory_artifact/border_crop/artifact_000050_05_border_crop.png,1,train,synthetic_artifact,sensory_artifact,border_crop,derived_from_synthetic_faf,,derived_or_generated_synthetic,test,da5b3cba4f24463b5afcd4d8ba0f0ff48f126652a7fdfef4125e04a2a48a586d,3e2c8579f7265860b011fe747af201935e3621054f77e9ddfe92505744ff4141,border_crop,,generated from held-out ID only; never from train
images/dissertation_v1/ood/sensory_artifact/border_crop/artifact_000051_05_border_crop.png,1,train,synthetic_artifact,sensory_artifact,border_crop,derived_from_synthetic_faf,,derived_or_generated_synthetic,test,29f0a875693a8f0c0988fb25269dd755b1f564746ed1453398d77d97548bebcb,d98c4689f08b345b86108e34cac4f9e60ff36db08a9d29d0e3243ca1cf2c6941,border_crop,,generated from held-out ID only; never from train
images/dissertation_v1/ood/sensory_artifact/border_crop/artifact_000052_05_border_crop.png,1,train,synthetic_artifact,sensory_artifact,border_crop,derived_from_synthetic_faf,,derived_or_generated_synthetic,test,516c3c7bb253c49d5d00ab0980a37f6d63ca0cd8381f4c1e3b960da828b1bcc5,cd9af11e8731f9a6b9d13f0180c06c1f60c2ae8a695e16abc6268b79f1026b1e,border_crop,,generated from held-out ID only; never from train
images/dissertation_v1/ood/sensory_artifact/border_crop/artifact_000053_05_border_crop.png,1,train,synthetic_artifact,sensory_artifact,border_crop,derived_from_synthetic_faf,,derived_or_generated_synthetic,test,0597eb520153352d8573d17fd0d617863c97f0e6f2a6cc3ef7e9eefc1095cc16,2e75a99248d3ec4b650068aec6b8ba48becf403fe672e40267ecffa7fc22b01f,border_crop,,generated from held-out ID only; never from train
images/dissertation_v1/ood/sensory_artifact/border_crop/artifact_000054_05_border_crop.png,1,train,synthetic_artifact,sensory_artifact,border_crop,derived_from_synthetic_faf,,derived_or_generated_synthetic,test,05149e7158b1141c27631a5d7268b63ef6d02d2015a179d052fe4d52461a973e,f54f3645c72dc3a2c8558dc0200730edd83c26c1adc2e1b5b2dfb6a192f08c5d,border_crop,,generated from held-out ID only; never from train
images/dissertation_v1/ood/sensory_artifact/border_crop/artifact_000055_05_border_crop.png,1,train,synthetic_artifact,sensory_artifact,border_crop,derived_from_synthetic_faf,,derived_or_generated_synthetic,test,5c69a14e8791f07897bf5c1d46d171c7291729d9d33637a9a90b3c2ec65cc906,bb7ced17f3ce7864da174a6b78b7f34b25cf97ec01c15d5452696207f3063416,border_crop,,generated from held-out ID only; never from train
images/dissertation_v1/ood/sensory_artifact/border_crop/artifact_000056_05_border_crop.png,1,train,synthetic_artifact,sensory_artifact,border_crop,derived_from_synthetic_faf,,derived_or_generated_synthetic,test,654a02d6d8ab579bae77ba455764cf5c95e4e8f253a4e902e017bd69cfa67a5f,5cac36dc7dbb94150b4cd1703091de1fb9f3dc8fb4edfd870bfc1b1f799f0eab,border_crop,,generated from held-out ID only; never from train
images/dissertation_v1/ood/sensory_artifact/border_crop/artifact_000057_05_border_crop.png,1,train,synthetic_artifact,sensory_artifact,border_crop,derived_from_synthetic_faf,,derived_or_generated_synthetic,test,66398a71d0777f642eb8b0ffd9afcece9683f441882e642f52ba8074a88b454e,31b43cdb11ddd17ba24311605ad64723ef0f74ce4e8dce09319ba9a7cb6f1b1e,border_crop,,generated from held-out ID only; never from train
images/dissertation_v1/ood/sensory_artifact/border_crop/artifact_000058_05_border_crop.png,1,train,synthetic_artifact,sensory_artifact,border_crop,derived_from_synthetic_faf,,derived_or_generated_synthetic,test,01f5772f565f6941f14a3d7382c1473163c6666ba318bf6e7383463971364fee,1e2992825661100b10f082d608b60f166b2eecdd1dcd52d490128ed1a1ac49f4,border_crop,,generated from held-out ID only; never from train
images/dissertation_v1/ood/sensory_artifact/border_crop/artifact_000059_05_border_crop.png,1,train,synthetic_artifact,sensory_artifact,border_crop,derived_from_synthetic_faf,,derived_or_generated_synthetic,test,9b0a91d78cf89625ed8dddd854288f25bc83d49038d5b7897cda646992bac09c,2869b22fa7b02533b8e39d46cc06f3f911655ac33a2ad6eb153d8279df5416b4,border_crop,,generated from held-out ID only; never from train
images/dissertation_v1/ood/sensory_artifact/border_crop/artifact_000060_05_border_crop.png,1,train,synthetic_artifact,sensory_artifact,border_crop,derived_from_synthetic_faf,,derived_or_generated_synthetic,test,4a529768baf13e6f9af0d170f198fe0df7e47b140c803606f21b392ace41d392,3a1a39ff67d065cd684acfd8e796efadd79cc73dbda7ad12dc6627016af7bdfc,border_crop,,generated from held-out ID only; never from train
images/dissertation_v1/ood/sensory_artifact/border_crop/artifact_000061_05_border_crop.png,1,train,synthetic_artifact,sensory_artifact,border_crop,derived_from_synthetic_faf,,derived_or_generated_synthetic,test,7d89edd443f8860d432a875da74ab3d0ec3a7a174ccc908cded3732f0e6c99e7,12d8af55f0db94152dfed5578d720d5e721370d87553d40e7e89b8d273299636,border_crop,,generated from held-out ID only; never from train
images/dissertation_v1/ood/sensory_artifact/border_crop/artifact_000063_05_border_crop.png,1,train,synthetic_artifact,sensory_artifact,border_crop,derived_from_synthetic_faf,,derived_or_generated_synthetic,test,c7710792903d2fa2a8d12472a3ec0b8c40dc38e56f85662e2b17a3b2b06c9395,58539b1cc5b2a259e54144a3d7324bd17b5f13ee4782a6a85efdd05699bf6c97,border_crop,,generated from held-out ID only; never from train
images/dissertation_v1/ood/sensory_artifact/border_crop/artifact_000067_05_border_crop.png,1,train,synthetic_artifact,sensory_artifact,border_crop,derived_from_synthetic_faf,,derived_or_generated_synthetic,test,c654ccb80ffbea1e8e340d5f5d54761578492b1f10672783ecffd3e6cc400908,4537ee987e4cbb0f7d661f6b948ff440ff86ec102fe5267eab5b4c44a7b75a92,border_crop,,generated from held-out ID only; never from train
images/dissertation_v1/ood/sensory_artifact/border_crop/artifact_000072_05_border_crop.png,1,train,synthetic_artifact,sensory_artifact,border_crop,derived_from_synthetic_faf,,derived_or_generated_synthetic,test,d4ba56398197aa1e0b37e6d8263d43ac329ac330fcbfcada5f122183371415e0,c8fe2b85f894306e93ed79f02f77da1427fdcbf995b0ad07e35c66f98bbdb7a0,border_crop,,generated from held-out ID only; never from train
images/dissertation_v1/ood/sensory_artifact/border_crop/artifact_000074_05_border_crop.png,1,train,synthetic_artifact,sensory_artifact,border_crop,derived_from_synthetic_faf,,derived_or_generated_synthetic,test,6eb3fc0693ff26628ec2b37d3258e11d502cfdc3368392099d89047c29649187,121676a35541005d3f7f769e374c3ffc28e6ae19878fc3c1ecd6709102443fe7,border_crop,,generated from held-out ID only; never from train
images/dissertation_v1/ood/sensory_artifact/border_crop/artifact_000075_05_border_crop.png,1,train,synthetic_artifact,sensory_artifact,border_crop,derived_from_synthetic_faf,,derived_or_generated_synthetic,test,2f3e98aabdd2ee08bd9f335c195f639acb08f002b247639e14d28048f5ed28d3,4f49d5898ef29e6dbba84b94fa73a55c1a29a6694e6822a9b64b7d09fa1a5c38,border_crop,,generated from held-out ID only; never from train
images/dissertation_v1/ood/sensory_artifact/border_crop/artifact_000076_05_border_crop.png,1,train,synthetic_artifact,sensory_artifact,border_crop,derived_from_synthetic_faf,,derived_or_generated_synthetic,test,d35aec48a6b6dafc0451b5780978587118ca58eb418dfef80e49db05e66a811f,c85bb9fb9937eec3a0f35515011e5ac1382b6995e2ad67861523bd730778ee5c,border_crop,,generated from held-out ID only; never from train
images/dissertation_v1/ood/sensory_artifact/border_crop/artifact_000078_05_border_crop.png,1,train,synthetic_artifact,sensory_artifact,border_crop,derived_from_synthetic_faf,,derived_or_generated_synthetic,test,b44900867c329c735bb420a7e05b16d2dfdbad07cecd655b7bbc75e98a97c9a9,9af2f45d4b55869623d7ce9516709e60795adfd67a812b55afb17354b9baf5d2,border_crop,,generated from held-out ID only; never from train
images/dissertation_v1/ood/sensory_artifact/border_crop/artifact_000079_05_border_crop.png,1,train,synthetic_artifact,sensory_artifact,border_crop,derived_from_synthetic_faf,,derived_or_generated_synthetic,test,21c95db07c1228e3e99459d33531154a0a77f76d09d23e9096ba9de67fd03c59,82150b28a408cd90cad8ac33ead707590a8ba8d83cf3038f0788ed2cb27a2f89,border_crop,,generated from held-out ID only; never from train
images/dissertation_v1/ood/sensory_artifact/border_crop/artifact_000082_05_border_crop.png,1,train,synthetic_artifact,sensory_artifact,border_crop,derived_from_synthetic_faf,,derived_or_generated_synthetic,test,3228dd2af4cf460894632e5cf293b6fad8b7a265714ff390b9e118258d1d3923,5d2c59717f3d4d8170ce1f409aaaf7db80f7ae2685fb909f9db1013ab32d5c49,border_crop,,generated from held-out ID only; never from train
images/dissertation_v1/ood/sensory_artifact/border_crop/artifact_000084_05_border_crop.png,1,train,synthetic_artifact,sensory_artifact,border_crop,derived_from_synthetic_faf,,derived_or_generated_synthetic,test,803b93a8d77d053dc7239cdc0d1265798e65b8a29768a113c228443f3286d71f,78be763eaa256c23ee59dbb43099a704088867a498e0712f9b39fca6e2a1a9e5,border_crop,,generated from held-out ID only; never from train
images/dissertation_v1/ood/sensory_artifact/border_crop/artifact_000087_05_border_crop.png,1,train,synthetic_artifact,sensory_artifact,border_crop,derived_from_synthetic_faf,,derived_or_generated_synthetic,test,f0e277dde5511779f6c64599b06b97da1032497cd89ec03ff939cfbf34ac39cf,8483b73bf3d280c2e7e75a7509b0bc94b7dd44e58f6d9814a899fb0b9732175a,border_crop,,generated from held-out ID only; never from train
images/dissertation_v1/ood/sensory_artifact/border_crop/artifact_000089_05_border_crop.png,1,train,synthetic_artifact,sensory_artifact,border_crop,derived_from_synthetic_faf,,derived_or_generated_synthetic,test,ee1cdeffaacce615b7205e810e60e9ce26dff8b8d47ab9968ce25c8e4a80af5a,b3a3c25e180e7101a1b8c68aaee59031e3cdfca99d012931bf3981f7cf7b3148,border_crop,,generated from held-out ID only; never from train
images/dissertation_v1/ood/sensory_artifact/border_crop/artifact_000090_05_border_crop.png,1,train,synthetic_artifact,sensory_artifact,border_crop,derived_from_synthetic_faf,,derived_or_generated_synthetic,test,5fccbcf04a5abc04dc137c48f4066c86ca5a6e282afad2ee977ae0fb307ea47a,3fca0579b63c1ae9218257ecf5fcae692b8b00b38f3afc621efdadf6a57debb7,border_crop,,generated from held-out ID only; never from train
images/dissertation_v1/ood/sensory_artifact/border_crop/artifact_000094_05_border_crop.png,1,train,synthetic_artifact,sensory_artifact,border_crop,derived_from_synthetic_faf,,derived_or_generated_synthetic,test,5edb4541a19a6ebf4332189313556fe42a1207d6a55e4c37d3f327724f4d376c,ee8fa9a0a71d9854bc709dffc04506fd677490df5d65bac869c0430e8faf78bd,border_crop,,generated from held-out ID only; never from train
images/dissertation_v1/ood/sensory_artifact/border_crop/artifact_000095_05_border_crop.png,1,train,synthetic_artifact,sensory_artifact,border_crop,derived_from_synthetic_faf,,derived_or_generated_synthetic,test,e7ec5a72b03e5027a015a5f5cf48f841e2fa3bca55dfc61a874395409b4ac98f,36c01ce75ef8cd22d56a154a5e850c4a421754027b40778b2ec4204014e0ab30,border_crop,,generated from held-out ID only; never from train
images/dissertation_v1/ood/sensory_artifact/border_crop/artifact_000096_05_border_crop.png,1,train,synthetic_artifact,sensory_artifact,border_crop,derived_from_synthetic_faf,,derived_or_generated_synthetic,test,ac369c30534235cee3782ebc1184ad6ea96c25d012be660b9dfc85c8d755505b,618463cdedc1dfd6f8a910f4da6b05226a0546e4ace629eb24575e221d643b5a,border_crop,,generated from held-out ID only; never from train
images/dissertation_v1/ood/sensory_artifact/border_crop/artifact_000098_05_border_crop.png,1,train,synthetic_artifact,sensory_artifact,border_crop,derived_from_synthetic_faf,,derived_or_generated_synthetic,test,8c8fb60c514068972fb2584b0b014cf2ee4e26c89d817d47534b7d3abf5ab9b6,ad1776fe9a4a4e0ac6dbc4fc86dc77490335756c571e1cac5c09b465f0c4b535,border_crop,,generated from held-out ID only; never from train
images/dissertation_v1/ood/sensory_artifact/border_crop/artifact_000100_05_border_crop.png,1,train,synthetic_artifact,sensory_artifact,border_crop,derived_from_synthetic_faf,,derived_or_generated_synthetic,test,af78b0ae081c39904b6ee166c0be27992c872695349532a9cb6f61d83a5284e0,72629a18912da54c8f255baf6b2684e92df9a2ae8daa4964790904e299592680,border_crop,,generated from held-out ID only; never from train
images/dissertation_v1/ood/sensory_artifact/border_crop/artifact_000101_05_border_crop.png,1,train,synthetic_artifact,sensory_artifact,border_crop,derived_from_synthetic_faf,,derived_or_generated_synthetic,test,81daf3e3c7e7dff8598c7ea6de1e3f0b3f51f0361a333ffa784b25b5c30a799b,fd219f500dae4056481182b308e0fcd849c7712eea0f81adbed8fdb9fb27b484,border_crop,,generated from held-out ID only; never from train
images/dissertation_v1/ood/sensory_artifact/border_crop/artifact_000102_05_border_crop.png,1,train,synthetic_artifact,sensory_artifact,border_crop,derived_from_synthetic_faf,,derived_or_generated_synthetic,test,dd33a8e04a01a6c4e3732c7850ac8bfa522716777d64f59a80fbafb5718c9a3b,876590b0a765ef6079e51d67a6947a5af2a14a9fbeccf29ca3f63f876f1fda65,border_crop,,generated from held-out ID only; never from train
images/dissertation_v1/ood/sensory_artifact/border_crop/artifact_000105_05_border_crop.png,1,train,synthetic_artifact,sensory_artifact,border_crop,derived_from_synthetic_faf,,derived_or_generated_synthetic,test,6c42cc09af5ac1d1625d9a2e9c7e1a034cbb5b3222aee7c7dafe7d1eb4ab96f3,5aeefa494416110fc3806f91b7263e927a7398a19bcbe5c7e6b7e7cc6c626ce9,border_crop,,generated from held-out ID only; never from train
images/dissertation_v1/ood/sensory_artifact/border_crop/artifact_000108_05_border_crop.png,1,train,synthetic_artifact,sensory_artifact,border_crop,derived_from_synthetic_faf,,derived_or_generated_synthetic,test,b0605338585c65f610185f2440cf877ce1b3c7210c640b99bb440338928b1d8b,7d72468a874689e25e4b5a25de725a8c0569ab36560fb167471c695722a7a5a1,border_crop,,generated from held-out ID only; never from train
images/dissertation_v1/ood/sensory_artifact/border_crop/artifact_000109_05_border_crop.png,1,train,synthetic_artifact,sensory_artifact,border_crop,derived_from_synthetic_faf,,derived_or_generated_synthetic,test,b1ff48afaebbc8385c870137be7f1e8bc6edcf104bf167f105d8a926585e8e2e,34f334303d87d3fece2fa5c693e847b9026173d7beed69537aeda43d5b114c55,border_crop,,generated from held-out ID only; never from train
images/dissertation_v1/ood/sensory_artifact/border_crop/artifact_000110_05_border_crop.png,1,train,synthetic_artifact,sensory_artifact,border_crop,derived_from_synthetic_faf,,derived_or_generated_synthetic,test,6beef31b7ce00322151cebbbe18f039e1ede2e2d50b70bf82dee4b0b313efb4d,fee378e906a17520f332f1acc698a2c84788b70cd2669ff7b40c88519c15f9d4,border_crop,,generated from held-out ID only; never from train
images/dissertation_v1/ood/sensory_artifact/border_crop/artifact_000112_05_border_crop.png,1,train,synthetic_artifact,sensory_artifact,border_crop,derived_from_synthetic_faf,,derived_or_generated_synthetic,test,ca94d3b1ad356909139f6ea2fe855312a46a8b8cea9267983d7e98862fa04ebb,0082a17690ee34f87cc084ca701192ff9bc09e65a2103ac1c6ae25c2f6d5afac,border_crop,,generated from held-out ID only; never from train
images/dissertation_v1/ood/sensory_artifact/border_crop/artifact_000113_05_border_crop.png,1,train,synthetic_artifact,sensory_artifact,border_crop,derived_from_synthetic_faf,,derived_or_generated_synthetic,test,cdd3cca961c615abcced404be9e820ed5b73af0f5d798a2427e95530c5a55ab3,f0a16dcee05bb93fc69293dec6b37b44edad69ce668e805549309e0aa6a401cc,border_crop,,generated from held-out ID only; never from train
images/dissertation_v1/ood/sensory_artifact/border_crop/artifact_000114_05_border_crop.png,1,train,synthetic_artifact,sensory_artifact,border_crop,derived_from_synthetic_faf,,derived_or_generated_synthetic,test,0f75a826384d3f8285b120c15f840f9b8f6775d7eecf9639245273667162cd14,f899478c2f1d44604649c59e088f1ba582e468bacf515f9dd0249ee2cf16e0bb,border_crop,,generated from held-out ID only; never from train
images/dissertation_v1/ood/sensory_artifact/border_crop/artifact_000115_05_border_crop.png,1,train,synthetic_artifact,sensory_artifact,border_crop,derived_from_synthetic_faf,,derived_or_generated_synthetic,test,fad43eb6496ab6b6f818755d022678914541aa8a4c3c7406c1ed55c47e16b499,f9dd7c6f3daaf3b557787bcdc1c3ecdd27fc21186ef190f88728218f6cea9bde,border_crop,,generated from held-out ID only; never from train
images/dissertation_v1/ood/sensory_artifact/border_crop/artifact_000116_05_border_crop.png,1,train,synthetic_artifact,sensory_artifact,border_crop,derived_from_synthetic_faf,,derived_or_generated_synthetic,test,ade1c73ed492bad92a8d3cc710b90f33c43690f645539b8007bbca8c201ee177,981c3d303c80b102eddb306f12e711c2b30df817b3cb9896889b09c72edee0dc,border_crop,,generated from held-out ID only; never from train
images/dissertation_v1/ood/sensory_artifact/border_crop/artifact_000120_05_border_crop.png,1,train,synthetic_artifact,sensory_artifact,border_crop,derived_from_synthetic_faf,,derived_or_generated_synthetic,test,6129eb10604be235b7f34d57a02193dd2aefcfe728a0c5be2932adba7037faaa,6050df662b7b43400e1ebcf42f771fb1a9c17485583af5e78204a70a08fb29c9,border_crop,,generated from held-out ID only; never from train
images/dissertation_v1/ood/sensory_artifact/border_crop/artifact_000121_05_border_crop.png,1,train,synthetic_artifact,sensory_artifact,border_crop,derived_from_synthetic_faf,,derived_or_generated_synthetic,test,a9d793f1258028b7fb225794f90dd3db6a516bb587f28257fe9822bcba8b1daf,76663bd120041d5058985d3efa42b23e50de4086393997695a050775c4116f62,border_crop,,generated from held-out ID only; never from train
images/dissertation_v1/ood/sensory_artifact/border_crop/artifact_000122_05_border_crop.png,1,train,synthetic_artifact,sensory_artifact,border_crop,derived_from_synthetic_faf,,derived_or_generated_synthetic,test,cd6c9504d79494ef3970c06f73ecfffc5f5fc0a169f9ddd36bc7505fb0876086,265117c12dd093ed24562953f1f5fb10cc2a9ed74f2fac2312bd6629f939e390,border_crop,,generated from held-out ID only; never from train
images/dissertation_v1/ood/sensory_artifact/border_crop/artifact_000125_05_border_crop.png,1,train,synthetic_artifact,sensory_artifact,border_crop,derived_from_synthetic_faf,,derived_or_generated_synthetic,test,3fdaa225376b75028395bba5fd07b2dd88eee87a13e08defa7111c6eddcabdd6,7d411bc78dd10c916d8f3a829c53247234311a09b970a9f37107e2bee3f88e6f,border_crop,,generated from held-out ID only; never from train
images/dissertation_v1/ood/sensory_artifact/border_crop/artifact_000127_05_border_crop.png,1,train,synthetic_artifact,sensory_artifact,border_crop,derived_from_synthetic_faf,,derived_or_generated_synthetic,test,226eb670a39794d952fc0b3220f31403efcfc283e6a23272d2b9a3da5c4b90ad,1d9bde0c3df2046a73385263a0f0f6b667dc8fcc40164c4219c812103b6ed89a,border_crop,,generated from held-out ID only; never from train
images/dissertation_v1/ood/sensory_artifact/border_crop/artifact_000128_05_border_crop.png,1,train,synthetic_artifact,sensory_artifact,border_crop,derived_from_synthetic_faf,,derived_or_generated_synthetic,test,d2e49be5cbb030985c10133cd906e385c358810932795aca272522416a6b4eaa,f0aaf9cb3094aeb127eef0f67ef481b6683337c3b7ddbc8cf3783d63648d764e,border_crop,,generated from held-out ID only; never from train
images/dissertation_v1/ood/sensory_artifact/border_crop/artifact_000131_05_border_crop.png,1,train,synthetic_artifact,sensory_artifact,border_crop,derived_from_synthetic_faf,,derived_or_generated_synthetic,test,c96e1a2308fc7578af6a7ae1c43bd2d6471513457e45bda54fc6fac6f330d75c,75cdb6a34fef7077b3c995565448dce323f3c26eecab573379d9dfb734a8db7b,border_crop,,generated from held-out ID only; never from train
images/dissertation_v1/ood/sensory_artifact/border_crop/artifact_000134_05_border_crop.png,1,train,synthetic_artifact,sensory_artifact,border_crop,derived_from_synthetic_faf,,derived_or_generated_synthetic,test,0e798ac9923ccbdfb6542af3c7343f8d67095f021103e78ea25e777ba9f19904,7c7ce6b5321de586e2a73555e7709e226600e93382ad9f6a36e75d0d790f2ff8,border_crop,,generated from held-out ID only; never from train
images/dissertation_v1/ood/sensory_artifact/border_crop/artifact_000135_05_border_crop.png,1,train,synthetic_artifact,sensory_artifact,border_crop,derived_from_synthetic_faf,,derived_or_generated_synthetic,test,10d0d814990ac35bba2b3ddfc7cc83496a5b0d55482156b153134590e1143b65,30954c72a9fb85152713d1ddf07ab06d48566e4f5a9101d121d95a220b380007,border_crop,,generated from held-out ID only; never from train
images/dissertation_v1/ood/sensory_artifact/border_crop/artifact_000136_05_border_crop.png,1,train,synthetic_artifact,sensory_artifact,border_crop,derived_from_synthetic_faf,,derived_or_generated_synthetic,test,2530b8ebda9ce1c4f2dc9bef6d4e97eca1e54c5667f68358722069b2e3e9e3cd,f2a50ebec8d4c518d3dddfc9a597c3cd31e78cd19d54e81a0d05b6e0154973a6,border_crop,,generated from held-out ID only; never from train
images/dissertation_v1/ood/sensory_artifact/border_crop/artifact_000137_05_border_crop.png,1,train,synthetic_artifact,sensory_artifact,border_crop,derived_from_synthetic_faf,,derived_or_generated_synthetic,test,7bf41d4fcb055677e4637822adbf1f1ad169c4e18e5c5dcaee291c84092a9d82,7a794e04216d10b75a621304cc1d0fc7699b12295c58000ad5f0d937c8cafdea,border_crop,,generated from held-out ID only; never from train
images/dissertation_v1/ood/sensory_artifact/border_crop/artifact_000139_05_border_crop.png,1,train,synthetic_artifact,sensory_artifact,border_crop,derived_from_synthetic_faf,,derived_or_generated_synthetic,test,761ac1f800dbb1295573aa0f8899f794b4b231c397edcd671ef4ab0b04179d3a,4d2d7cfa2ba311c178fa68aa390eb321c4df388e5a907d7f5fa285965d42f64f,border_crop,,generated from held-out ID only; never from train
images/dissertation_v1/ood/sensory_artifact/border_crop/artifact_000140_05_border_crop.png,1,train,synthetic_artifact,sensory_artifact,border_crop,derived_from_synthetic_faf,,derived_or_generated_synthetic,test,725551213fad2a3d8f409170a6a93a098c27a19ab49cf473fc8de07c27677c92,c3e729187cae4fd775b713fa853a2456200b4faab0240643a30ad5594fc62d51,border_crop,,generated from held-out ID only; never from train
images/dissertation_v1/ood/sensory_artifact/border_crop/artifact_000141_05_border_crop.png,1,train,synthetic_artifact,sensory_artifact,border_crop,derived_from_synthetic_faf,,derived_or_generated_synthetic,test,1e2c3bca6e3a32f30c829df47503ef64bcd95820c02c37f5e0896db075c53fd1,1ecac33ab07d51111996036ab3fb88d5c08e171ff2a971e9acf5525296dea1c7,border_crop,,generated from held-out ID only; never from train
images/dissertation_v1/ood/sensory_artifact/border_crop/artifact_000142_05_border_crop.png,1,train,synthetic_artifact,sensory_artifact,border_crop,derived_from_synthetic_faf,,derived_or_generated_synthetic,test,ef3a90321b34f5cf0494c0dd227d9f795d7dc975d9399d83e5f3ca8036bbd5ed,b9b696bd906b4c55bc36c91d9a2b4388150f80bb9b930062cdd275733b118cf0,border_crop,,generated from held-out ID only; never from train
images/dissertation_v1/ood/sensory_artifact/border_crop/artifact_000143_05_border_crop.png,1,train,synthetic_artifact,sensory_artifact,border_crop,derived_from_synthetic_faf,,derived_or_generated_synthetic,test,16f5d304d9ee6d16711db5e6981e1d4e1d346397ec0f1c0cb1c1a720d25ea97f,29f8a59dce4344d3c3d5bcc8a0171474bd6e50bc1c0823a4ae0da7e45d8604e7,border_crop,,generated from held-out ID only; never from train
images/dissertation_v1/ood/sensory_artifact/border_crop/artifact_000145_05_border_crop.png,1,train,synthetic_artifact,sensory_artifact,border_crop,derived_from_synthetic_faf,,derived_or_generated_synthetic,test,2810a2e4331642a0c1be700698ad9627edfa5b7df1cad0d9cbbe53ed81c63a3b,578e6780b90d93dbd87714cf5bf1b0470f458e55596c36959b30ade921980aa8,border_crop,,generated from held-out ID only; never from train
images/dissertation_v1/ood/sensory_artifact/border_crop/artifact_000147_05_border_crop.png,1,train,synthetic_artifact,sensory_artifact,border_crop,derived_from_synthetic_faf,,derived_or_generated_synthetic,test,831e48ef704291db9f715846b4004d54a74cda20abfceb4efbeaa06a5c48d55e,2e934d86b1b37029c030e42e88b7112e2b5f81459322644877d85a5593aed347,border_crop,,generated from held-out ID only; never from train
images/dissertation_v1/ood/sensory_artifact/border_crop/artifact_000148_05_border_crop.png,1,train,synthetic_artifact,sensory_artifact,border_crop,derived_from_synthetic_faf,,derived_or_generated_synthetic,test,ff2969d95f84492742994e66bc5fc93624ba37c35e1daf9a8ada46ebc9453857,18bdaf47632912f68f6b587cf57bc6844e251ca95824ceaebac102e755d86e81,border_crop,,generated from held-out ID only; never from train
images/dissertation_v1/ood/sensory_artifact/composite_layout/artifact_000001_03_composite_layout.png,1,train,synthetic_artifact,sensory_artifact,composite_layout,derived_from_synthetic_faf,,derived_or_generated_synthetic,test,f989202dca0ca0e714e628fb297ed2c136ce84096d6cab7198eea272576c4971,1a6fa85a126f3582d51f16ba281f47c1bf2c3e337748511a1c45e4ec0a690674,composite_layout,,generated from held-out ID only; never from train
images/dissertation_v1/ood/sensory_artifact/composite_layout/artifact_000002_03_composite_layout.png,1,train,synthetic_artifact,sensory_artifact,composite_layout,derived_from_synthetic_faf,,derived_or_generated_synthetic,test,ed363d05b33f2fb66370a7f7c2d752a54680f8c085ecbec155e343ee8ad0450a,3fe16ad039a6555522438a9b9dd1a0de6bd787a7001116e06a97b4f034684ba2,composite_layout,,generated from held-out ID only; never from train
images/dissertation_v1/ood/sensory_artifact/composite_layout/artifact_000004_03_composite_layout.png,1,train,synthetic_artifact,sensory_artifact,composite_layout,derived_from_synthetic_faf,,derived_or_generated_synthetic,test,0f5aeb42764c653f70e0674e6646eb6d976e2bf3d922cc373539261167a5f79d,d1f816cb395b94664ca9fc285317aa28d5757c61e7466f4d035552df5a7b2ef4,composite_layout,,generated from held-out ID only; never from train
images/dissertation_v1/ood/sensory_artifact/composite_layout/artifact_000005_03_composite_layout.png,1,train,synthetic_artifact,sensory_artifact,composite_layout,derived_from_synthetic_faf,,derived_or_generated_synthetic,test,b95503bd3ebed3231cafa41f2a97b6a96aca2541973b21d4c47abe58fb26dc1f,a37d2499bdadac9b672e002cf5b14bc830d68e387c1ea4405083eb6eed030d26,composite_layout,,generated from held-out ID only; never from train
images/dissertation_v1/ood/sensory_artifact/composite_layout/artifact_000006_03_composite_layout.png,1,train,synthetic_artifact,sensory_artifact,composite_layout,derived_from_synthetic_faf,,derived_or_generated_synthetic,test,6e69e9b2854d44f990c0cb8fd6eb0ed1a83b6d16c5596db1a2f54ba1b7b36a04,31d5f5ed5ac046981c6cb1df50192091daa4b282d054e8095b9e025b42afeb88,composite_layout,,generated from held-out ID only; never from train
images/dissertation_v1/ood/sensory_artifact/composite_layout/artifact_000007_03_composite_layout.png,1,train,synthetic_artifact,sensory_artifact,composite_layout,derived_from_synthetic_faf,,derived_or_generated_synthetic,test,dc65b3c867c4e10886ac72e26e10552278284bdce42b1d6fe2da2d8b220a6a91,f42ab30d20b276c5fba40818aeb540adbd4fef553ec7196ea828c0a30f5f349f,composite_layout,,generated from held-out ID only; never from train
images/dissertation_v1/ood/sensory_artifact/composite_layout/artifact_000008_03_composite_layout.png,1,train,synthetic_artifact,sensory_artifact,composite_layout,derived_from_synthetic_faf,,derived_or_generated_synthetic,test,d8357c24231c25ba80cd7ac9db26673952dd31c448ac5493b63cd8938e27611b,e6c4a5d7163b7548a0b47040c1306557f98a486871b94c8da983fdc932729197,composite_layout,,generated from held-out ID only; never from train
images/dissertation_v1/ood/sensory_artifact/composite_layout/artifact_000011_03_composite_layout.png,1,train,synthetic_artifact,sensory_artifact,composite_layout,derived_from_synthetic_faf,,derived_or_generated_synthetic,test,919c302279403bb712709aa15ab52885a6850db06e082e5cf681b8869fe8913c,d822b0621f3574fb70a96904005d10d950c5fed12e7f0f1c78edbcb396fbd7ac,composite_layout,,generated from held-out ID only; never from train
images/dissertation_v1/ood/sensory_artifact/composite_layout/artifact_000012_03_composite_layout.png,1,train,synthetic_artifact,sensory_artifact,composite_layout,derived_from_synthetic_faf,,derived_or_generated_synthetic,test,c2e6cd3752732bb725cc55a4f33d0687e131eb784569d21b6109bb82f66b5401,d924c9e1fbeb5b22e9ce25fbb30850ed8464394de79d31630d85707afefbd75b,composite_layout,,generated from held-out ID only; never from train
images/dissertation_v1/ood/sensory_artifact/composite_layout/artifact_000013_03_composite_layout.png,1,train,synthetic_artifact,sensory_artifact,composite_layout,derived_from_synthetic_faf,,derived_or_generated_synthetic,test,32ea6430365ca8a3d0715b8ac6bbd9bdca6dc16e969809bb0e2965b049fabe36,0b875e277b8f1482ac5d0457e95fcb05cd77208c0e9e5356f266f98ccab7e3ed,composite_layout,,generated from held-out ID only; never from train
images/dissertation_v1/ood/sensory_artifact/composite_layout/artifact_000014_03_composite_layout.png,1,train,synthetic_artifact,sensory_artifact,composite_layout,derived_from_synthetic_faf,,derived_or_generated_synthetic,test,000987e69fab1f8e38d845b7e2cc691eb25e06d49a71e02cdea097cda4944bc8,50eb07963b954a027224c212fef91ed6b91ad3d68a58e0fb6e2fd32ccb4b8bd1,composite_layout,,generated from held-out ID only; never from train
images/dissertation_v1/ood/sensory_artifact/composite_layout/artifact_000015_03_composite_layout.png,1,train,synthetic_artifact,sensory_artifact,composite_layout,derived_from_synthetic_faf,,derived_or_generated_synthetic,test,c7ac8aa7f3d1864de87977f7f8d15ae16aefaa083c68441adf25efbb334d918d,38fbaedc8df6557c3519716071afbe70dbb54496bc3eda4dbd28443246ef0539,composite_layout,,generated from held-out ID only; never from train
images/dissertation_v1/ood/sensory_artifact/composite_layout/artifact_000017_03_composite_layout.png,1,train,synthetic_artifact,sensory_artifact,composite_layout,derived_from_synthetic_faf,,derived_or_generated_synthetic,test,59a44a1b118cd4a7eb8039e17c14d9d0f5a4d075f549f8b1e004842e2efe6b95,0861672a24270580387eea90d8f3ddd826a52d63c4428364052dec6bca1959ee,composite_layout,,generated from held-out ID only; never from train
images/dissertation_v1/ood/sensory_artifact/composite_layout/artifact_000018_03_composite_layout.png,1,train,synthetic_artifact,sensory_artifact,composite_layout,derived_from_synthetic_faf,,derived_or_generated_synthetic,test,f85719008350cd8feb9c6cf3e1f8c95b8ce762ea295a8def4ecb5a7210a8e7f7,fd6fd89f280a24b4873a415a5fc1f7315de7c22e49be7073c6a9348d08c1f07b,composite_layout,,generated from held-out ID only; never from train
images/dissertation_v1/ood/sensory_artifact/composite_layout/artifact_000019_03_composite_layout.png,1,train,synthetic_artifact,sensory_artifact,composite_layout,derived_from_synthetic_faf,,derived_or_generated_synthetic,test,340febeaf00a2f93cc60c9529c1e23545aee09e69260fb4c8c78a0f8944af11f,f9a033e1944d7b29d126d036c4a91b903f0c3c335a85177788beafc3fe8b70da,composite_layout,,generated from held-out ID only; never from train
images/dissertation_v1/ood/sensory_artifact/composite_layout/artifact_000020_03_composite_layout.png,1,train,synthetic_artifact,sensory_artifact,composite_layout,derived_from_synthetic_faf,,derived_or_generated_synthetic,test,9fa515aebf623875fe967da62d9a71bf3941353b089f03ad7c85b85d778b0009,5db33929cee5ce3d7b21de926a708da9a1e5e2b0c82a9430eebe1296f81aeaa3,composite_layout,,generated from held-out ID only; never from train
images/dissertation_v1/ood/sensory_artifact/composite_layout/artifact_000029_03_composite_layout.png,1,train,synthetic_artifact,sensory_artifact,composite_layout,derived_from_synthetic_faf,,derived_or_generated_synthetic,test,0d6898ad538754bdb654d492248801f2dbe1459a6d2499fb14c2638b434088aa,06df7d1f687f8a014291b723a7281d280cf107ae764e77fc64a0958208a42440,composite_layout,,generated from held-out ID only; never from train
images/dissertation_v1/ood/sensory_artifact/composite_layout/artifact_000030_03_composite_layout.png,1,train,synthetic_artifact,sensory_artifact,composite_layout,derived_from_synthetic_faf,,derived_or_generated_synthetic,test,91ff407e3c9318197b38adde016815674d0ca0fcc96bce8b7681ebba183d5ef9,1abcc3a996b7ea0932243de4f741b523f245b8f81cda49fac05b1a1a0c363278,composite_layout,,generated from held-out ID only; never from train
images/dissertation_v1/ood/sensory_artifact/composite_layout/artifact_000032_03_composite_layout.png,1,train,synthetic_artifact,sensory_artifact,composite_layout,derived_from_synthetic_faf,,derived_or_generated_synthetic,test,aa01fce87a2b4d0660e93bab558e63ad9886534a756fc0ec6025b877efaf1789,cd4f8184a0ffa557274b13b0ea3902f73d674253ac57ec26c12c3c5026cf2b80,composite_layout,,generated from held-out ID only; never from train
images/dissertation_v1/ood/sensory_artifact/composite_layout/artifact_000035_03_composite_layout.png,1,train,synthetic_artifact,sensory_artifact,composite_layout,derived_from_synthetic_faf,,derived_or_generated_synthetic,test,5cd5a499fdbd8ce6fb1804b0c31d7c6bea2b13e8264b3359925b1bf05ba9207d,ad2206e763d2fe74e820f9849e3d5c70fae09a566c7d71af4a5642de99425176,composite_layout,,generated from held-out ID only; never from train
images/dissertation_v1/ood/sensory_artifact/composite_layout/artifact_000036_03_composite_layout.png,1,train,synthetic_artifact,sensory_artifact,composite_layout,derived_from_synthetic_faf,,derived_or_generated_synthetic,test,09296f1202df0b2856d659ea85933453a86b74f704adc8db455f796792ae3d83,6ec6209b2791522f0608c0e98d17415b05002c0ab9a4d1fff0df547aa6b1ecab,composite_layout,,generated from held-out ID only; never from train
images/dissertation_v1/ood/sensory_artifact/composite_layout/artifact_000037_03_composite_layout.png,1,train,synthetic_artifact,sensory_artifact,composite_layout,derived_from_synthetic_faf,,derived_or_generated_synthetic,test,f1b5f1785ca9b6628a33643bcdcbc84283a115044096341e073f342fc4841d35,1d93bc13ac331db7a072736022e31038f869f965793787c53f3d2a57ec76cd8d,composite_layout,,generated from held-out ID only; never from train
images/dissertation_v1/ood/sensory_artifact/composite_layout/artifact_000038_03_composite_layout.png,1,train,synthetic_artifact,sensory_artifact,composite_layout,derived_from_synthetic_faf,,derived_or_generated_synthetic,test,ccf30fd50a07d1a814fbaec04e7779cca5f0080700b170bd84344eecfee56bac,8cc0640073e0f9c820b460efc0c58ec7414b7e8df823d5f1c93b38ba793d8902,composite_layout,,generated from held-out ID only; never from train
images/dissertation_v1/ood/sensory_artifact/composite_layout/artifact_000040_03_composite_layout.png,1,train,synthetic_artifact,sensory_artifact,composite_layout,derived_from_synthetic_faf,,derived_or_generated_synthetic,test,d6b20c523e33f54eebd419423b38368b9813f81e987960680ad0289a16d86740,aa24c50bf2b5968019954cbc11eda597cb49e3a77a7856d909c0ad771f83887e,composite_layout,,generated from held-out ID only; never from train
images/dissertation_v1/ood/sensory_artifact/composite_layout/artifact_000041_03_composite_layout.png,1,train,synthetic_artifact,sensory_artifact,composite_layout,derived_from_synthetic_faf,,derived_or_generated_synthetic,test,8a23467cd8c6b1c132cb7d44fcad4e04b734a7a6085485e2f2e9ed05ae5a87aa,81a78d254ea6b2a2f5a4affbfb96971984508cdd9229061837c581ec353ebdad,composite_layout,,generated from held-out ID only; never from train
images/dissertation_v1/ood/sensory_artifact/composite_layout/artifact_000044_03_composite_layout.png,1,train,synthetic_artifact,sensory_artifact,composite_layout,derived_from_synthetic_faf,,derived_or_generated_synthetic,test,50268ecc714e23b0496649f073bc82b792e41beceae164721b0ee6152f33377b,a0fc7b7ace1490826b0bfc495d19e7bc00e13443171428e6b5659b32253005a7,composite_layout,,generated from held-out ID only; never from train
images/dissertation_v1/ood/sensory_artifact/composite_layout/artifact_000046_03_composite_layout.png,1,train,synthetic_artifact,sensory_artifact,composite_layout,derived_from_synthetic_faf,,derived_or_generated_synthetic,test,517eabf3ee1eb3366e9ffc3b2f66b03e87e0b1230965d9afaf6a061a0078f045,13e2d91e78a8714c322247a847463a3c9b3942269050fac1dac7fa44bf951da6,composite_layout,,generated from held-out ID only; never from train
images/dissertation_v1/ood/sensory_artifact/composite_layout/artifact_000047_03_composite_layout.png,1,train,synthetic_artifact,sensory_artifact,composite_layout,derived_from_synthetic_faf,,derived_or_generated_synthetic,test,b42b2871c564c34f11bc50430227c69fc6feb03ec1ede090ef543df660101cad,9027c7c813d92085e7eb1335e0de9e66ebd9b6730a0da446ba8e26cfbd03b685,composite_layout,,generated from held-out ID only; never from train
images/dissertation_v1/ood/sensory_artifact/composite_layout/artifact_000048_03_composite_layout.png,1,train,synthetic_artifact,sensory_artifact,composite_layout,derived_from_synthetic_faf,,derived_or_generated_synthetic,test,7eb2cdaa959c69dc7ad65e7a5b56e23f713cd49efaab4c49a5f8e6c78bed1766,36f73c8b9761160f2d53cae70e3f531a67de1e24ad2ae6fcf48727198c793160,composite_layout,,generated from held-out ID only; never from train
images/dissertation_v1/ood/sensory_artifact/composite_layout/artifact_000049_03_composite_layout.png,1,train,synthetic_artifact,sensory_artifact,composite_layout,derived_from_synthetic_faf,,derived_or_generated_synthetic,test,a47b4a7d5719a67a55f57a25c96dfc5727c7dbbba4e51646d7915517a5d2ccd2,c61302a2ed48ff4f37562e3a39d8ad46a99270bf3b70b90085f1d38ef8b2b122,composite_layout,,generated from held-out ID only; never from train
images/dissertation_v1/ood/sensory_artifact/composite_layout/artifact_000050_03_composite_layout.png,1,train,synthetic_artifact,sensory_artifact,composite_layout,derived_from_synthetic_faf,,derived_or_generated_synthetic,test,a792842d9a19af1f61af509e13545ef0f11503163ed0bf8e0dc5c2205a3c6d9f,3e2c8579f7265860b011fe747af201935e3621054f77e9ddfe92505744ff4141,composite_layout,,generated from held-out ID only; never from train
images/dissertation_v1/ood/sensory_artifact/composite_layout/artifact_000051_03_composite_layout.png,1,train,synthetic_artifact,sensory_artifact,composite_layout,derived_from_synthetic_faf,,derived_or_generated_synthetic,test,88af0ef77bec7004ad426b45fcb4c910715ea767fec1f4c7fab7635f3b6501ed,d98c4689f08b345b86108e34cac4f9e60ff36db08a9d29d0e3243ca1cf2c6941,composite_layout,,generated from held-out ID only; never from train
images/dissertation_v1/ood/sensory_artifact/composite_layout/artifact_000052_03_composite_layout.png,1,train,synthetic_artifact,sensory_artifact,composite_layout,derived_from_synthetic_faf,,derived_or_generated_synthetic,test,986a4e54bd98654c597885093f57b8f6b6b01d62faedd9c2309d69e3eb7cd5ed,cd9af11e8731f9a6b9d13f0180c06c1f60c2ae8a695e16abc6268b79f1026b1e,composite_layout,,generated from held-out ID only; never from train
images/dissertation_v1/ood/sensory_artifact/composite_layout/artifact_000053_03_composite_layout.png,1,train,synthetic_artifact,sensory_artifact,composite_layout,derived_from_synthetic_faf,,derived_or_generated_synthetic,test,26ca9e371c0a83c34370b7a00c424093e9431be7c038ec569e2b4954fb581a6a,2e75a99248d3ec4b650068aec6b8ba48becf403fe672e40267ecffa7fc22b01f,composite_layout,,generated from held-out ID only; never from train
images/dissertation_v1/ood/sensory_artifact/composite_layout/artifact_000054_03_composite_layout.png,1,train,synthetic_artifact,sensory_artifact,composite_layout,derived_from_synthetic_faf,,derived_or_generated_synthetic,test,d4149405f8a37105357172d867c7d56771ea98958c2b0eb7c4d6bd63ad5c9915,f54f3645c72dc3a2c8558dc0200730edd83c26c1adc2e1b5b2dfb6a192f08c5d,composite_layout,,generated from held-out ID only; never from train
images/dissertation_v1/ood/sensory_artifact/composite_layout/artifact_000055_03_composite_layout.png,1,train,synthetic_artifact,sensory_artifact,composite_layout,derived_from_synthetic_faf,,derived_or_generated_synthetic,test,262b21df4732346b9e40618e2967ea124d9d0e577e32499c78b0086cd79e65d1,bb7ced17f3ce7864da174a6b78b7f34b25cf97ec01c15d5452696207f3063416,composite_layout,,generated from held-out ID only; never from train
images/dissertation_v1/ood/sensory_artifact/composite_layout/artifact_000056_03_composite_layout.png,1,train,synthetic_artifact,sensory_artifact,composite_layout,derived_from_synthetic_faf,,derived_or_generated_synthetic,test,e132802f12378d6ae3cf1fcda25bf2f7f3a17a071992a10df73f79305bf6a805,5cac36dc7dbb94150b4cd1703091de1fb9f3dc8fb4edfd870bfc1b1f799f0eab,composite_layout,,generated from held-out ID only; never from train
images/dissertation_v1/ood/sensory_artifact/composite_layout/artifact_000057_03_composite_layout.png,1,train,synthetic_artifact,sensory_artifact,composite_layout,derived_from_synthetic_faf,,derived_or_generated_synthetic,test,3e0af8389f8c556cdd62e10f0ceb3f0878d888db3450c94f1b878804bf76df86,31b43cdb11ddd17ba24311605ad64723ef0f74ce4e8dce09319ba9a7cb6f1b1e,composite_layout,,generated from held-out ID only; never from train
images/dissertation_v1/ood/sensory_artifact/composite_layout/artifact_000058_03_composite_layout.png,1,train,synthetic_artifact,sensory_artifact,composite_layout,derived_from_synthetic_faf,,derived_or_generated_synthetic,test,04096ffb6696a68524590e00e2e99dcdcd1695df8a8fe7c07e9f48b7f726824f,1e2992825661100b10f082d608b60f166b2eecdd1dcd52d490128ed1a1ac49f4,composite_layout,,generated from held-out ID only; never from train
images/dissertation_v1/ood/sensory_artifact/composite_layout/artifact_000059_03_composite_layout.png,1,train,synthetic_artifact,sensory_artifact,composite_layout,derived_from_synthetic_faf,,derived_or_generated_synthetic,test,1ee194b3095061834cb76bb04f4fdb4fff2bab6aadaa1117658ba83915e9ab16,2869b22fa7b02533b8e39d46cc06f3f911655ac33a2ad6eb153d8279df5416b4,composite_layout,,generated from held-out ID only; never from train
images/dissertation_v1/ood/sensory_artifact/composite_layout/artifact_000060_03_composite_layout.png,1,train,synthetic_artifact,sensory_artifact,composite_layout,derived_from_synthetic_faf,,derived_or_generated_synthetic,test,692011fd22b71897e615691cef910a028a2359b06ea592e59ccf3b0d5fcd4c5f,3a1a39ff67d065cd684acfd8e796efadd79cc73dbda7ad12dc6627016af7bdfc,composite_layout,,generated from held-out ID only; never from train
images/dissertation_v1/ood/sensory_artifact/composite_layout/artifact_000061_03_composite_layout.png,1,train,synthetic_artifact,sensory_artifact,composite_layout,derived_from_synthetic_faf,,derived_or_generated_synthetic,test,0fdbd0b229fa8e430553a95321ea094c754e18f0a92ca15522ae169dbd55dfea,12d8af55f0db94152dfed5578d720d5e721370d87553d40e7e89b8d273299636,composite_layout,,generated from held-out ID only; never from train
images/dissertation_v1/ood/sensory_artifact/composite_layout/artifact_000063_03_composite_layout.png,1,train,synthetic_artifact,sensory_artifact,composite_layout,derived_from_synthetic_faf,,derived_or_generated_synthetic,test,840aff04443167bda071b321a7b2e12dd3992be87b4c2823a0300e3c342d813e,58539b1cc5b2a259e54144a3d7324bd17b5f13ee4782a6a85efdd05699bf6c97,composite_layout,,generated from held-out ID only; never from train
images/dissertation_v1/ood/sensory_artifact/composite_layout/artifact_000067_03_composite_layout.png,1,train,synthetic_artifact,sensory_artifact,composite_layout,derived_from_synthetic_faf,,derived_or_generated_synthetic,test,3b1d817da4a5b321047b6fe79b8d796eda52450fc63c4623fffc8bc9f4bc79fc,4537ee987e4cbb0f7d661f6b948ff440ff86ec102fe5267eab5b4c44a7b75a92,composite_layout,,generated from held-out ID only; never from train
images/dissertation_v1/ood/sensory_artifact/composite_layout/artifact_000072_03_composite_layout.png,1,train,synthetic_artifact,sensory_artifact,composite_layout,derived_from_synthetic_faf,,derived_or_generated_synthetic,test,f505c8043ad14edfda3d841f94a190225001f2c41df510a02c001b7479234f81,c8fe2b85f894306e93ed79f02f77da1427fdcbf995b0ad07e35c66f98bbdb7a0,composite_layout,,generated from held-out ID only; never from train
images/dissertation_v1/ood/sensory_artifact/composite_layout/artifact_000074_03_composite_layout.png,1,train,synthetic_artifact,sensory_artifact,composite_layout,derived_from_synthetic_faf,,derived_or_generated_synthetic,test,ad4acd931509166c90f3d4c2cdd7098e7b61d171b06fb21a78989feb1e144c73,121676a35541005d3f7f769e374c3ffc28e6ae19878fc3c1ecd6709102443fe7,composite_layout,,generated from held-out ID only; never from train
images/dissertation_v1/ood/sensory_artifact/composite_layout/artifact_000075_03_composite_layout.png,1,train,synthetic_artifact,sensory_artifact,composite_layout,derived_from_synthetic_faf,,derived_or_generated_synthetic,test,90cb03433ea85b72102c4b66c05466541d5c2c51a5d1b466a0ad2315c70bb71b,4f49d5898ef29e6dbba84b94fa73a55c1a29a6694e6822a9b64b7d09fa1a5c38,composite_layout,,generated from held-out ID only; never from train
images/dissertation_v1/ood/sensory_artifact/composite_layout/artifact_000076_03_composite_layout.png,1,train,synthetic_artifact,sensory_artifact,composite_layout,derived_from_synthetic_faf,,derived_or_generated_synthetic,test,c018448df7180ad1b9e22baf9b9bd1f52c50b392eaedae18567b82567bdab4e9,c85bb9fb9937eec3a0f35515011e5ac1382b6995e2ad67861523bd730778ee5c,composite_layout,,generated from held-out ID only; never from train
images/dissertation_v1/ood/sensory_artifact/composite_layout/artifact_000078_03_composite_layout.png,1,train,synthetic_artifact,sensory_artifact,composite_layout,derived_from_synthetic_faf,,derived_or_generated_synthetic,test,4efb7a1631a9a3a42f6a220048250b34618a306ad7bc99af728f517eedb7b2ab,9af2f45d4b55869623d7ce9516709e60795adfd67a812b55afb17354b9baf5d2,composite_layout,,generated from held-out ID only; never from train
images/dissertation_v1/ood/sensory_artifact/composite_layout/artifact_000079_03_composite_layout.png,1,train,synthetic_artifact,sensory_artifact,composite_layout,derived_from_synthetic_faf,,derived_or_generated_synthetic,test,d1cf18ca39899292f3e5e83aaaed4e5d15fb2d81b57535e99aed54b62c530593,82150b28a408cd90cad8ac33ead707590a8ba8d83cf3038f0788ed2cb27a2f89,composite_layout,,generated from held-out ID only; never from train
images/dissertation_v1/ood/sensory_artifact/composite_layout/artifact_000082_03_composite_layout.png,1,train,synthetic_artifact,sensory_artifact,composite_layout,derived_from_synthetic_faf,,derived_or_generated_synthetic,test,d19731cce810e964fb8906bba555ea2fa9be0ddfde67f7973507637cc0bab247,5d2c59717f3d4d8170ce1f409aaaf7db80f7ae2685fb909f9db1013ab32d5c49,composite_layout,,generated from held-out ID only; never from train
images/dissertation_v1/ood/sensory_artifact/composite_layout/artifact_000084_03_composite_layout.png,1,train,synthetic_artifact,sensory_artifact,composite_layout,derived_from_synthetic_faf,,derived_or_generated_synthetic,test,53ec48e7d38c73c9d53a6b552f1bb4c01b9432a06ccace2b98269686873a6c6c,78be763eaa256c23ee59dbb43099a704088867a498e0712f9b39fca6e2a1a9e5,composite_layout,,generated from held-out ID only; never from train
images/dissertation_v1/ood/sensory_artifact/composite_layout/artifact_000087_03_composite_layout.png,1,train,synthetic_artifact,sensory_artifact,composite_layout,derived_from_synthetic_faf,,derived_or_generated_synthetic,test,358d9191a0081c8da2ba458be1fe09e050af6bc82dc3246eb555f890fe9f7888,8483b73bf3d280c2e7e75a7509b0bc94b7dd44e58f6d9814a899fb0b9732175a,composite_layout,,generated from held-out ID only; never from train
images/dissertation_v1/ood/sensory_artifact/composite_layout/artifact_000089_03_composite_layout.png,1,train,synthetic_artifact,sensory_artifact,composite_layout,derived_from_synthetic_faf,,derived_or_generated_synthetic,test,75df80ff4ff57f3328abb9ae74c6c8134d02c40cd2304cefc42967063f53726c,b3a3c25e180e7101a1b8c68aaee59031e3cdfca99d012931bf3981f7cf7b3148,composite_layout,,generated from held-out ID only; never from train
images/dissertation_v1/ood/sensory_artifact/composite_layout/artifact_000090_03_composite_layout.png,1,train,synthetic_artifact,sensory_artifact,composite_layout,derived_from_synthetic_faf,,derived_or_generated_synthetic,test,8e653b225aa7a92fd3c20ddb300c27bdac940f79d45da04b74592c3d1962433e,3fca0579b63c1ae9218257ecf5fcae692b8b00b38f3afc621efdadf6a57debb7,composite_layout,,generated from held-out ID only; never from train
images/dissertation_v1/ood/sensory_artifact/composite_layout/artifact_000094_03_composite_layout.png,1,train,synthetic_artifact,sensory_artifact,composite_layout,derived_from_synthetic_faf,,derived_or_generated_synthetic,test,f23f0c7ffaaf5a1158f200cb4a5912beadf718e6e504c9e5407167fc28520467,ee8fa9a0a71d9854bc709dffc04506fd677490df5d65bac869c0430e8faf78bd,composite_layout,,generated from held-out ID only; never from train
images/dissertation_v1/ood/sensory_artifact/composite_layout/artifact_000095_03_composite_layout.png,1,train,synthetic_artifact,sensory_artifact,composite_layout,derived_from_synthetic_faf,,derived_or_generated_synthetic,test,d2e4eb1fbbfa42be227b730caf74e8be0d2d3dc2b0f3c849ccbece8e9728bf92,36c01ce75ef8cd22d56a154a5e850c4a421754027b40778b2ec4204014e0ab30,composite_layout,,generated from held-out ID only; never from train
images/dissertation_v1/ood/sensory_artifact/composite_layout/artifact_000096_03_composite_layout.png,1,train,synthetic_artifact,sensory_artifact,composite_layout,derived_from_synthetic_faf,,derived_or_generated_synthetic,test,457bdef4103be9b02f2c41b082b922167906a4dfd80c3891ac22a0ea6809ae49,618463cdedc1dfd6f8a910f4da6b05226a0546e4ace629eb24575e221d643b5a,composite_layout,,generated from held-out ID only; never from train
images/dissertation_v1/ood/sensory_artifact/composite_layout/artifact_000098_03_composite_layout.png,1,train,synthetic_artifact,sensory_artifact,composite_layout,derived_from_synthetic_faf,,derived_or_generated_synthetic,test,26d99cdbffa7a389a54a9ff6f1beb1b3958df62a150e61eabc0f24348a326708,ad1776fe9a4a4e0ac6dbc4fc86dc77490335756c571e1cac5c09b465f0c4b535,composite_layout,,generated from held-out ID only; never from train
images/dissertation_v1/ood/sensory_artifact/composite_layout/artifact_000100_03_composite_layout.png,1,train,synthetic_artifact,sensory_artifact,composite_layout,derived_from_synthetic_faf,,derived_or_generated_synthetic,test,06caad4bc94afcf6caac438337c27ca41459b105d5d4930c39e2a0ae9a3ffeb1,72629a18912da54c8f255baf6b2684e92df9a2ae8daa4964790904e299592680,composite_layout,,generated from held-out ID only; never from train
images/dissertation_v1/ood/sensory_artifact/composite_layout/artifact_000101_03_composite_layout.png,1,train,synthetic_artifact,sensory_artifact,composite_layout,derived_from_synthetic_faf,,derived_or_generated_synthetic,test,45168e27470d7bb3a407da39040da39105a2dc3ba667299ae3f2682245d1765d,fd219f500dae4056481182b308e0fcd849c7712eea0f81adbed8fdb9fb27b484,composite_layout,,generated from held-out ID only; never from train
images/dissertation_v1/ood/sensory_artifact/composite_layout/artifact_000102_03_composite_layout.png,1,train,synthetic_artifact,sensory_artifact,composite_layout,derived_from_synthetic_faf,,derived_or_generated_synthetic,test,f2840973ac4ca9e1d3db4b2044d44e0f32ad8397554dc8cc99aa6c744cd20aee,876590b0a765ef6079e51d67a6947a5af2a14a9fbeccf29ca3f63f876f1fda65,composite_layout,,generated from held-out ID only; never from train
images/dissertation_v1/ood/sensory_artifact/composite_layout/artifact_000105_03_composite_layout.png,1,train,synthetic_artifact,sensory_artifact,composite_layout,derived_from_synthetic_faf,,derived_or_generated_synthetic,test,b0f7eaee23e1273c3bd972e6c5a078598bbc8be07d975f8ece23967503ea7312,5aeefa494416110fc3806f91b7263e927a7398a19bcbe5c7e6b7e7cc6c626ce9,composite_layout,,generated from held-out ID only; never from train
images/dissertation_v1/ood/sensory_artifact/composite_layout/artifact_000108_03_composite_layout.png,1,train,synthetic_artifact,sensory_artifact,composite_layout,derived_from_synthetic_faf,,derived_or_generated_synthetic,test,55d9b7f681e1004342f0ef1a9b7d3a134b0fb9b46f771f81692d1546c28f2775,7d72468a874689e25e4b5a25de725a8c0569ab36560fb167471c695722a7a5a1,composite_layout,,generated from held-out ID only; never from train
images/dissertation_v1/ood/sensory_artifact/composite_layout/artifact_000109_03_composite_layout.png,1,train,synthetic_artifact,sensory_artifact,composite_layout,derived_from_synthetic_faf,,derived_or_generated_synthetic,test,3bebbd5f1942c7337aeca5a3066a546c757f941eefacd0108cc12167e16b5b9d,34f334303d87d3fece2fa5c693e847b9026173d7beed69537aeda43d5b114c55,composite_layout,,generated from held-out ID only; never from train
images/dissertation_v1/ood/sensory_artifact/composite_layout/artifact_000110_03_composite_layout.png,1,train,synthetic_artifact,sensory_artifact,composite_layout,derived_from_synthetic_faf,,derived_or_generated_synthetic,test,76faba9fca98f5e71b2449a892e0a564944f5356a50610db45db36bdfe16e2af,fee378e906a17520f332f1acc698a2c84788b70cd2669ff7b40c88519c15f9d4,composite_layout,,generated from held-out ID only; never from train
images/dissertation_v1/ood/sensory_artifact/composite_layout/artifact_000112_03_composite_layout.png,1,train,synthetic_artifact,sensory_artifact,composite_layout,derived_from_synthetic_faf,,derived_or_generated_synthetic,test,15a2ed5301bcf15e8fc28019cbb5f25fec7e71fa4bfeeebee20e234b468a3351,0082a17690ee34f87cc084ca701192ff9bc09e65a2103ac1c6ae25c2f6d5afac,composite_layout,,generated from held-out ID only; never from train
images/dissertation_v1/ood/sensory_artifact/composite_layout/artifact_000113_03_composite_layout.png,1,train,synthetic_artifact,sensory_artifact,composite_layout,derived_from_synthetic_faf,,derived_or_generated_synthetic,test,1ed621de99f0bec3c97a0d6c00313b1a54cc3158e645ca1cd6748b90119565e4,f0a16dcee05bb93fc69293dec6b37b44edad69ce668e805549309e0aa6a401cc,composite_layout,,generated from held-out ID only; never from train
images/dissertation_v1/ood/sensory_artifact/composite_layout/artifact_000114_03_composite_layout.png,1,train,synthetic_artifact,sensory_artifact,composite_layout,derived_from_synthetic_faf,,derived_or_generated_synthetic,test,396e3a33b6e6862396cfae14a6b1976191a558ba6c83c7a9b9f8ab53233893ed,f899478c2f1d44604649c59e088f1ba582e468bacf515f9dd0249ee2cf16e0bb,composite_layout,,generated from held-out ID only; never from train
images/dissertation_v1/ood/sensory_artifact/composite_layout/artifact_000115_03_composite_layout.png,1,train,synthetic_artifact,sensory_artifact,composite_layout,derived_from_synthetic_faf,,derived_or_generated_synthetic,test,4dd4a5200f9557c57abb892583582280467b989019f97cf9693660fcf3a8aba9,f9dd7c6f3daaf3b557787bcdc1c3ecdd27fc21186ef190f88728218f6cea9bde,composite_layout,,generated from held-out ID only; never from train
images/dissertation_v1/ood/sensory_artifact/composite_layout/artifact_000116_03_composite_layout.png,1,train,synthetic_artifact,sensory_artifact,composite_layout,derived_from_synthetic_faf,,derived_or_generated_synthetic,test,4897c924f6a6fab98f10b485d3863a3602a228c6dbbfb42f88236a76b093349b,981c3d303c80b102eddb306f12e711c2b30df817b3cb9896889b09c72edee0dc,composite_layout,,generated from held-out ID only; never from train
images/dissertation_v1/ood/sensory_artifact/composite_layout/artifact_000120_03_composite_layout.png,1,train,synthetic_artifact,sensory_artifact,composite_layout,derived_from_synthetic_faf,,derived_or_generated_synthetic,test,77a7beb211179b5d4e60d5f154f301e5786075117cf94e54f522146817c2b8ff,6050df662b7b43400e1ebcf42f771fb1a9c17485583af5e78204a70a08fb29c9,composite_layout,,generated from held-out ID only; never from train
images/dissertation_v1/ood/sensory_artifact/composite_layout/artifact_000121_03_composite_layout.png,1,train,synthetic_artifact,sensory_artifact,composite_layout,derived_from_synthetic_faf,,derived_or_generated_synthetic,test,5a1b9aa05921612eb25699ac408bab845598c5a3cb0cf46a2b76e460dfae11da,76663bd120041d5058985d3efa42b23e50de4086393997695a050775c4116f62,composite_layout,,generated from held-out ID only; never from train
images/dissertation_v1/ood/sensory_artifact/composite_layout/artifact_000122_03_composite_layout.png,1,train,synthetic_artifact,sensory_artifact,composite_layout,derived_from_synthetic_faf,,derived_or_generated_synthetic,test,95bcb5b543bb2aadf32ba977784da52d61ef686486726654e12ebdfcea022ac1,265117c12dd093ed24562953f1f5fb10cc2a9ed74f2fac2312bd6629f939e390,composite_layout,,generated from held-out ID only; never from train
images/dissertation_v1/ood/sensory_artifact/composite_layout/artifact_000125_03_composite_layout.png,1,train,synthetic_artifact,sensory_artifact,composite_layout,derived_from_synthetic_faf,,derived_or_generated_synthetic,test,e8218222cc631dfeac03a97b684c8ff008f53414140a017b9dd8df4bc9df4882,7d411bc78dd10c916d8f3a829c53247234311a09b970a9f37107e2bee3f88e6f,composite_layout,,generated from held-out ID only; never from train
images/dissertation_v1/ood/sensory_artifact/composite_layout/artifact_000127_03_composite_layout.png,1,train,synthetic_artifact,sensory_artifact,composite_layout,derived_from_synthetic_faf,,derived_or_generated_synthetic,test,31610914326b88024e8aa7a1a08d484aa9b026faf172b199bb149f149edaac8a,1d9bde0c3df2046a73385263a0f0f6b667dc8fcc40164c4219c812103b6ed89a,composite_layout,,generated from held-out ID only; never from train
images/dissertation_v1/ood/sensory_artifact/composite_layout/artifact_000128_03_composite_layout.png,1,train,synthetic_artifact,sensory_artifact,composite_layout,derived_from_synthetic_faf,,derived_or_generated_synthetic,test,45ab90fcfad1084b1e7b5513b427f7bbd109a9ccb5edb207d55d4c63b0957a54,f0aaf9cb3094aeb127eef0f67ef481b6683337c3b7ddbc8cf3783d63648d764e,composite_layout,,generated from held-out ID only; never from train
images/dissertation_v1/ood/sensory_artifact/composite_layout/artifact_000131_03_composite_layout.png,1,train,synthetic_artifact,sensory_artifact,composite_layout,derived_from_synthetic_faf,,derived_or_generated_synthetic,test,9d8ddf9bfec2daf402c92912cb74d26a12a2560182ceb85c08cdbf04bfab547d,75cdb6a34fef7077b3c995565448dce323f3c26eecab573379d9dfb734a8db7b,composite_layout,,generated from held-out ID only; never from train
images/dissertation_v1/ood/sensory_artifact/composite_layout/artifact_000134_03_composite_layout.png,1,train,synthetic_artifact,sensory_artifact,composite_layout,derived_from_synthetic_faf,,derived_or_generated_synthetic,test,efd71e5b57cdf1c0153b775b999d728e0bc3cc8f17dd7ebbeffcc83c587053b8,7c7ce6b5321de586e2a73555e7709e226600e93382ad9f6a36e75d0d790f2ff8,composite_layout,,generated from held-out ID only; never from train
images/dissertation_v1/ood/sensory_artifact/composite_layout/artifact_000135_03_composite_layout.png,1,train,synthetic_artifact,sensory_artifact,composite_layout,derived_from_synthetic_faf,,derived_or_generated_synthetic,test,453f33e573952134782d100c01cbdfbff02ace8b9587c20af63ecdf62cda4c9b,30954c72a9fb85152713d1ddf07ab06d48566e4f5a9101d121d95a220b380007,composite_layout,,generated from held-out ID only; never from train
images/dissertation_v1/ood/sensory_artifact/composite_layout/artifact_000136_03_composite_layout.png,1,train,synthetic_artifact,sensory_artifact,composite_layout,derived_from_synthetic_faf,,derived_or_generated_synthetic,test,f255a63cf9157c4df171e08e8c198a77b56593ec8685f4c66fb2d1f1ef37c425,f2a50ebec8d4c518d3dddfc9a597c3cd31e78cd19d54e81a0d05b6e0154973a6,composite_layout,,generated from held-out ID only; never from train
images/dissertation_v1/ood/sensory_artifact/composite_layout/artifact_000137_03_composite_layout.png,1,train,synthetic_artifact,sensory_artifact,composite_layout,derived_from_synthetic_faf,,derived_or_generated_synthetic,test,375ec84d486e291bacbe1669c499d69668669eab47dce51359473dfa5691ce37,7a794e04216d10b75a621304cc1d0fc7699b12295c58000ad5f0d937c8cafdea,composite_layout,,generated from held-out ID only; never from train
images/dissertation_v1/ood/sensory_artifact/composite_layout/artifact_000139_03_composite_layout.png,1,train,synthetic_artifact,sensory_artifact,composite_layout,derived_from_synthetic_faf,,derived_or_generated_synthetic,test,4399c3ee8041fdcddfdede2dc62c0f13a0c2e488cbb008fbbbd16f69ecf32581,4d2d7cfa2ba311c178fa68aa390eb321c4df388e5a907d7f5fa285965d42f64f,composite_layout,,generated from held-out ID only; never from train
images/dissertation_v1/ood/sensory_artifact/composite_layout/artifact_000140_03_composite_layout.png,1,train,synthetic_artifact,sensory_artifact,composite_layout,derived_from_synthetic_faf,,derived_or_generated_synthetic,test,90a5ceff5d10f5273b8185128af9bf13f93593386c36f2f602437d4d7e2f6cc5,c3e729187cae4fd775b713fa853a2456200b4faab0240643a30ad5594fc62d51,composite_layout,,generated from held-out ID only; never from train
images/dissertation_v1/ood/sensory_artifact/composite_layout/artifact_000141_03_composite_layout.png,1,train,synthetic_artifact,sensory_artifact,composite_layout,derived_from_synthetic_faf,,derived_or_generated_synthetic,test,d200596e7307dc495b71dc284d3bf61c69bf66812e8bb9c7c1b93e1e353edfac,1ecac33ab07d51111996036ab3fb88d5c08e171ff2a971e9acf5525296dea1c7,composite_layout,,generated from held-out ID only; never from train
images/dissertation_v1/ood/sensory_artifact/composite_layout/artifact_000142_03_composite_layout.png,1,train,synthetic_artifact,sensory_artifact,composite_layout,derived_from_synthetic_faf,,derived_or_generated_synthetic,test,849349227607843877f049af9e56037c7da2ca23fd672f8e991ed842cb300012,b9b696bd906b4c55bc36c91d9a2b4388150f80bb9b930062cdd275733b118cf0,composite_layout,,generated from held-out ID only; never from train
images/dissertation_v1/ood/sensory_artifact/composite_layout/artifact_000143_03_composite_layout.png,1,train,synthetic_artifact,sensory_artifact,composite_layout,derived_from_synthetic_faf,,derived_or_generated_synthetic,test,18d4885c2263fec2d7d10d3f1a7abfb3389b4343d4e0fec1f14d0328666c6d37,29f8a59dce4344d3c3d5bcc8a0171474bd6e50bc1c0823a4ae0da7e45d8604e7,composite_layout,,generated from held-out ID only; never from train
images/dissertation_v1/ood/sensory_artifact/composite_layout/artifact_000145_03_composite_layout.png,1,train,synthetic_artifact,sensory_artifact,composite_layout,derived_from_synthetic_faf,,derived_or_generated_synthetic,test,c4dfd524dd5501bf9b72bbb9d192c27855fd53c713f434b6e86eb0b69c989438,578e6780b90d93dbd87714cf5bf1b0470f458e55596c36959b30ade921980aa8,composite_layout,,generated from held-out ID only; never from train
images/dissertation_v1/ood/sensory_artifact/composite_layout/artifact_000147_03_composite_layout.png,1,train,synthetic_artifact,sensory_artifact,composite_layout,derived_from_synthetic_faf,,derived_or_generated_synthetic,test,6f34fdc2dd2d5748630fdf228b5d6de8e542eefd72dd2e8bdb82918fc090ef7f,2e934d86b1b37029c030e42e88b7112e2b5f81459322644877d85a5593aed347,composite_layout,,generated from held-out ID only; never from train
images/dissertation_v1/ood/sensory_artifact/composite_layout/artifact_000148_03_composite_layout.png,1,train,synthetic_artifact,sensory_artifact,composite_layout,derived_from_synthetic_faf,,derived_or_generated_synthetic,test,0c744046adf06ae1a568b1ebafac0a0579961dd7ac9eb7c11dd7f0de969fb5c3,18bdaf47632912f68f6b587cf57bc6844e251ca95824ceaebac102e755d86e81,composite_layout,,generated from held-out ID only; never from train
images/dissertation_v1/ood/sensory_artifact/gaussian_noise/artifact_000001_06_gaussian_noise.png,1,train,synthetic_artifact,sensory_artifact,gaussian_noise,derived_from_synthetic_faf,,derived_or_generated_synthetic,test,7d5494158f84ac887950302865478f554edba025f9d2dac3751acdc6ed833cb1,1a6fa85a126f3582d51f16ba281f47c1bf2c3e337748511a1c45e4ec0a690674,gaussian_noise,,generated from held-out ID only; never from train
images/dissertation_v1/ood/sensory_artifact/gaussian_noise/artifact_000002_06_gaussian_noise.png,1,train,synthetic_artifact,sensory_artifact,gaussian_noise,derived_from_synthetic_faf,,derived_or_generated_synthetic,test,96a48b51004d0d845962a093e746650a5a056a0a2656bb204402ce749e0979c6,3fe16ad039a6555522438a9b9dd1a0de6bd787a7001116e06a97b4f034684ba2,gaussian_noise,,generated from held-out ID only; never from train
images/dissertation_v1/ood/sensory_artifact/gaussian_noise/artifact_000004_06_gaussian_noise.png,1,train,synthetic_artifact,sensory_artifact,gaussian_noise,derived_from_synthetic_faf,,derived_or_generated_synthetic,test,b13b609ab2a076a3daeff6eb817c9cf21244e10c2bfc4877258b141bb7203130,d1f816cb395b94664ca9fc285317aa28d5757c61e7466f4d035552df5a7b2ef4,gaussian_noise,,generated from held-out ID only; never from train
images/dissertation_v1/ood/sensory_artifact/gaussian_noise/artifact_000005_06_gaussian_noise.png,1,train,synthetic_artifact,sensory_artifact,gaussian_noise,derived_from_synthetic_faf,,derived_or_generated_synthetic,test,70653b7616d1d690f819537cadaef6a3ee0bb82a9cf94fc49f06e2ecc33d9b7e,a37d2499bdadac9b672e002cf5b14bc830d68e387c1ea4405083eb6eed030d26,gaussian_noise,,generated from held-out ID only; never from train
images/dissertation_v1/ood/sensory_artifact/gaussian_noise/artifact_000006_06_gaussian_noise.png,1,train,synthetic_artifact,sensory_artifact,gaussian_noise,derived_from_synthetic_faf,,derived_or_generated_synthetic,test,28acd7354d0bbd5224205597f8659e100f5045c5909d101b7a5562c0e43f0b7a,31d5f5ed5ac046981c6cb1df50192091daa4b282d054e8095b9e025b42afeb88,gaussian_noise,,generated from held-out ID only; never from train
images/dissertation_v1/ood/sensory_artifact/gaussian_noise/artifact_000007_06_gaussian_noise.png,1,train,synthetic_artifact,sensory_artifact,gaussian_noise,derived_from_synthetic_faf,,derived_or_generated_synthetic,test,cfdf7b7dcc5fe032f6ed0800a62fc5d803b42d8fdcae42426dcbede3f45f07aa,f42ab30d20b276c5fba40818aeb540adbd4fef553ec7196ea828c0a30f5f349f,gaussian_noise,,generated from held-out ID only; never from train
images/dissertation_v1/ood/sensory_artifact/gaussian_noise/artifact_000008_06_gaussian_noise.png,1,train,synthetic_artifact,sensory_artifact,gaussian_noise,derived_from_synthetic_faf,,derived_or_generated_synthetic,test,92e312ffde9f36ab83d209545a67688bdc7f884e976ea43b8bfe6a11becd1f7c,e6c4a5d7163b7548a0b47040c1306557f98a486871b94c8da983fdc932729197,gaussian_noise,,generated from held-out ID only; never from train
images/dissertation_v1/ood/sensory_artifact/gaussian_noise/artifact_000011_06_gaussian_noise.png,1,train,synthetic_artifact,sensory_artifact,gaussian_noise,derived_from_synthetic_faf,,derived_or_generated_synthetic,test,7c334b1d2bb8cd05a869365679686bb78c39f801360f7927e3b508613a5edf0d,d822b0621f3574fb70a96904005d10d950c5fed12e7f0f1c78edbcb396fbd7ac,gaussian_noise,,generated from held-out ID only; never from train
images/dissertation_v1/ood/sensory_artifact/gaussian_noise/artifact_000012_06_gaussian_noise.png,1,train,synthetic_artifact,sensory_artifact,gaussian_noise,derived_from_synthetic_faf,,derived_or_generated_synthetic,test,cee5054909ed7ea5c61291f5e6970d66a862e21b5d27556a7d5fd296ce335d13,d924c9e1fbeb5b22e9ce25fbb30850ed8464394de79d31630d85707afefbd75b,gaussian_noise,,generated from held-out ID only; never from train
images/dissertation_v1/ood/sensory_artifact/gaussian_noise/artifact_000013_06_gaussian_noise.png,1,train,synthetic_artifact,sensory_artifact,gaussian_noise,derived_from_synthetic_faf,,derived_or_generated_synthetic,test,13a1db742f91cd02fa4039068af1ffcd41d1ae03c339b2aba885ebf5dd3d683f,0b875e277b8f1482ac5d0457e95fcb05cd77208c0e9e5356f266f98ccab7e3ed,gaussian_noise,,generated from held-out ID only; never from train
images/dissertation_v1/ood/sensory_artifact/gaussian_noise/artifact_000014_06_gaussian_noise.png,1,train,synthetic_artifact,sensory_artifact,gaussian_noise,derived_from_synthetic_faf,,derived_or_generated_synthetic,test,54ff96445adda9ac9981692e9d2f6c861c7ba65e63c6c576d80ef422cfd792d8,50eb07963b954a027224c212fef91ed6b91ad3d68a58e0fb6e2fd32ccb4b8bd1,gaussian_noise,,generated from held-out ID only; never from train
images/dissertation_v1/ood/sensory_artifact/gaussian_noise/artifact_000015_06_gaussian_noise.png,1,train,synthetic_artifact,sensory_artifact,gaussian_noise,derived_from_synthetic_faf,,derived_or_generated_synthetic,test,9999dc5c77e4f9a6cd0dfce7331fc3bffa6d4e98d3f9b4adeec076c6e7830c91,38fbaedc8df6557c3519716071afbe70dbb54496bc3eda4dbd28443246ef0539,gaussian_noise,,generated from held-out ID only; never from train
images/dissertation_v1/ood/sensory_artifact/gaussian_noise/artifact_000017_06_gaussian_noise.png,1,train,synthetic_artifact,sensory_artifact,gaussian_noise,derived_from_synthetic_faf,,derived_or_generated_synthetic,test,7e69c21beb05fd66eeaf6d98c2801fd66bf74a7d1d63830e8f977cf9ef4b91e5,0861672a24270580387eea90d8f3ddd826a52d63c4428364052dec6bca1959ee,gaussian_noise,,generated from held-out ID only; never from train
images/dissertation_v1/ood/sensory_artifact/gaussian_noise/artifact_000018_06_gaussian_noise.png,1,train,synthetic_artifact,sensory_artifact,gaussian_noise,derived_from_synthetic_faf,,derived_or_generated_synthetic,test,2bd5ff378be48b78a109a9220905284838809517560c2837597e723321e561fc,fd6fd89f280a24b4873a415a5fc1f7315de7c22e49be7073c6a9348d08c1f07b,gaussian_noise,,generated from held-out ID only; never from train
images/dissertation_v1/ood/sensory_artifact/gaussian_noise/artifact_000019_06_gaussian_noise.png,1,train,synthetic_artifact,sensory_artifact,gaussian_noise,derived_from_synthetic_faf,,derived_or_generated_synthetic,test,17c5e2fb37305a637d817c15a8d05947ba6cc3f127f5c0e209bfab0837be5055,f9a033e1944d7b29d126d036c4a91b903f0c3c335a85177788beafc3fe8b70da,gaussian_noise,,generated from held-out ID only; never from train
images/dissertation_v1/ood/sensory_artifact/gaussian_noise/artifact_000020_06_gaussian_noise.png,1,train,synthetic_artifact,sensory_artifact,gaussian_noise,derived_from_synthetic_faf,,derived_or_generated_synthetic,test,39e888b9dc5128a806cbee7ce6502d44b794dbbabeb6422fa11a7f7e7e139099,5db33929cee5ce3d7b21de926a708da9a1e5e2b0c82a9430eebe1296f81aeaa3,gaussian_noise,,generated from held-out ID only; never from train
images/dissertation_v1/ood/sensory_artifact/gaussian_noise/artifact_000029_06_gaussian_noise.png,1,train,synthetic_artifact,sensory_artifact,gaussian_noise,derived_from_synthetic_faf,,derived_or_generated_synthetic,test,c2c1637e1a222d6bc233056119e9f6a1ed4ad205e5994bfdc7a6ed50399ecc0d,06df7d1f687f8a014291b723a7281d280cf107ae764e77fc64a0958208a42440,gaussian_noise,,generated from held-out ID only; never from train
images/dissertation_v1/ood/sensory_artifact/gaussian_noise/artifact_000030_06_gaussian_noise.png,1,train,synthetic_artifact,sensory_artifact,gaussian_noise,derived_from_synthetic_faf,,derived_or_generated_synthetic,test,f6ed57a9b2c24f5a1b26e765b3d6bade7447aa69767936417a6310fb2d71bc14,1abcc3a996b7ea0932243de4f741b523f245b8f81cda49fac05b1a1a0c363278,gaussian_noise,,generated from held-out ID only; never from train
images/dissertation_v1/ood/sensory_artifact/gaussian_noise/artifact_000032_06_gaussian_noise.png,1,train,synthetic_artifact,sensory_artifact,gaussian_noise,derived_from_synthetic_faf,,derived_or_generated_synthetic,test,104676f7d72d15961f5b5759525f1c746f14b19e47ce0d2bfe5f3c88c9517369,cd4f8184a0ffa557274b13b0ea3902f73d674253ac57ec26c12c3c5026cf2b80,gaussian_noise,,generated from held-out ID only; never from train
images/dissertation_v1/ood/sensory_artifact/gaussian_noise/artifact_000035_06_gaussian_noise.png,1,train,synthetic_artifact,sensory_artifact,gaussian_noise,derived_from_synthetic_faf,,derived_or_generated_synthetic,test,d724ae389d929edd5d8b9ec98c2b6362e99800fb6db923701f0dd22b31ade1ec,ad2206e763d2fe74e820f9849e3d5c70fae09a566c7d71af4a5642de99425176,gaussian_noise,,generated from held-out ID only; never from train
images/dissertation_v1/ood/sensory_artifact/gaussian_noise/artifact_000036_06_gaussian_noise.png,1,train,synthetic_artifact,sensory_artifact,gaussian_noise,derived_from_synthetic_faf,,derived_or_generated_synthetic,test,22a8d701e7c16f41194fd21533ee41f8508ed72180e3a0cb10a992911b266145,6ec6209b2791522f0608c0e98d17415b05002c0ab9a4d1fff0df547aa6b1ecab,gaussian_noise,,generated from held-out ID only; never from train
images/dissertation_v1/ood/sensory_artifact/gaussian_noise/artifact_000037_06_gaussian_noise.png,1,train,synthetic_artifact,sensory_artifact,gaussian_noise,derived_from_synthetic_faf,,derived_or_generated_synthetic,test,f2037e73fbbdc6085388ef8b58d940bfeebc2fd1a9474ba8de5c478b4cea4843,1d93bc13ac331db7a072736022e31038f869f965793787c53f3d2a57ec76cd8d,gaussian_noise,,generated from held-out ID only; never from train
images/dissertation_v1/ood/sensory_artifact/gaussian_noise/artifact_000038_06_gaussian_noise.png,1,train,synthetic_artifact,sensory_artifact,gaussian_noise,derived_from_synthetic_faf,,derived_or_generated_synthetic,test,bae6fa1401754b32fc6a2cc745279cf103bb0ba1ec45123c88bc3f8505660a93,8cc0640073e0f9c820b460efc0c58ec7414b7e8df823d5f1c93b38ba793d8902,gaussian_noise,,generated from held-out ID only; never from train
images/dissertation_v1/ood/sensory_artifact/gaussian_noise/artifact_000040_06_gaussian_noise.png,1,train,synthetic_artifact,sensory_artifact,gaussian_noise,derived_from_synthetic_faf,,derived_or_generated_synthetic,test,376ae25cc67deb1df9c4c633d454caec0d7b8981981cbafa7f85080e597b102a,aa24c50bf2b5968019954cbc11eda597cb49e3a77a7856d909c0ad771f83887e,gaussian_noise,,generated from held-out ID only; never from train
images/dissertation_v1/ood/sensory_artifact/gaussian_noise/artifact_000041_06_gaussian_noise.png,1,train,synthetic_artifact,sensory_artifact,gaussian_noise,derived_from_synthetic_faf,,derived_or_generated_synthetic,test,32b6f2d786c3590375346e1f75c2d54d6b95435b698109d8865d5f6efcdf824c,81a78d254ea6b2a2f5a4affbfb96971984508cdd9229061837c581ec353ebdad,gaussian_noise,,generated from held-out ID only; never from train
images/dissertation_v1/ood/sensory_artifact/gaussian_noise/artifact_000044_06_gaussian_noise.png,1,train,synthetic_artifact,sensory_artifact,gaussian_noise,derived_from_synthetic_faf,,derived_or_generated_synthetic,test,968c5d09d8e0562ea4899a13e9d90e3c410a0833d110c17da2360044e892c326,a0fc7b7ace1490826b0bfc495d19e7bc00e13443171428e6b5659b32253005a7,gaussian_noise,,generated from held-out ID only; never from train
images/dissertation_v1/ood/sensory_artifact/gaussian_noise/artifact_000046_06_gaussian_noise.png,1,train,synthetic_artifact,sensory_artifact,gaussian_noise,derived_from_synthetic_faf,,derived_or_generated_synthetic,test,82687c20db919ab955e3a69c7ef66abf6bc8ce681150e6a4f5fe0a4f55cc0947,13e2d91e78a8714c322247a847463a3c9b3942269050fac1dac7fa44bf951da6,gaussian_noise,,generated from held-out ID only; never from train
images/dissertation_v1/ood/sensory_artifact/gaussian_noise/artifact_000047_06_gaussian_noise.png,1,train,synthetic_artifact,sensory_artifact,gaussian_noise,derived_from_synthetic_faf,,derived_or_generated_synthetic,test,cf6a6e4896a24ed310057c1b161db6ca301dbea91c469a85fa653571c30503d1,9027c7c813d92085e7eb1335e0de9e66ebd9b6730a0da446ba8e26cfbd03b685,gaussian_noise,,generated from held-out ID only; never from train
images/dissertation_v1/ood/sensory_artifact/gaussian_noise/artifact_000048_06_gaussian_noise.png,1,train,synthetic_artifact,sensory_artifact,gaussian_noise,derived_from_synthetic_faf,,derived_or_generated_synthetic,test,337146bfe8b37abe553254c52c5c0108ef1d2d1d6a9ef19e0e879d52bffd9bfb,36f73c8b9761160f2d53cae70e3f531a67de1e24ad2ae6fcf48727198c793160,gaussian_noise,,generated from held-out ID only; never from train
images/dissertation_v1/ood/sensory_artifact/gaussian_noise/artifact_000049_06_gaussian_noise.png,1,train,synthetic_artifact,sensory_artifact,gaussian_noise,derived_from_synthetic_faf,,derived_or_generated_synthetic,test,1ef55eb38b79647a82f155ce87191b7ef27b3d4c42649bc92711c96ac28d6638,c61302a2ed48ff4f37562e3a39d8ad46a99270bf3b70b90085f1d38ef8b2b122,gaussian_noise,,generated from held-out ID only; never from train
images/dissertation_v1/ood/sensory_artifact/gaussian_noise/artifact_000050_06_gaussian_noise.png,1,train,synthetic_artifact,sensory_artifact,gaussian_noise,derived_from_synthetic_faf,,derived_or_generated_synthetic,test,7ed0c18442591a89b5505af72bdd9cc1922a5d3f1c07ee20d6feacd28bb2d9a9,3e2c8579f7265860b011fe747af201935e3621054f77e9ddfe92505744ff4141,gaussian_noise,,generated from held-out ID only; never from train
images/dissertation_v1/ood/sensory_artifact/gaussian_noise/artifact_000051_06_gaussian_noise.png,1,train,synthetic_artifact,sensory_artifact,gaussian_noise,derived_from_synthetic_faf,,derived_or_generated_synthetic,test,347b9e8c424ec3d0823a1001335ed6855f6458afc784e6cd2c04cc11e73d1618,d98c4689f08b345b86108e34cac4f9e60ff36db08a9d29d0e3243ca1cf2c6941,gaussian_noise,,generated from held-out ID only; never from train
images/dissertation_v1/ood/sensory_artifact/gaussian_noise/artifact_000052_06_gaussian_noise.png,1,train,synthetic_artifact,sensory_artifact,gaussian_noise,derived_from_synthetic_faf,,derived_or_generated_synthetic,test,834f896bc3d7d25a1df5494a48eec638fb51e2a0fea5b9faaad56f27728ee7c1,cd9af11e8731f9a6b9d13f0180c06c1f60c2ae8a695e16abc6268b79f1026b1e,gaussian_noise,,generated from held-out ID only; never from train
images/dissertation_v1/ood/sensory_artifact/gaussian_noise/artifact_000053_06_gaussian_noise.png,1,train,synthetic_artifact,sensory_artifact,gaussian_noise,derived_from_synthetic_faf,,derived_or_generated_synthetic,test,e975797a9039f5d7aeea2624b8fc2437afce33c4c707f72cccca0114d57e14de,2e75a99248d3ec4b650068aec6b8ba48becf403fe672e40267ecffa7fc22b01f,gaussian_noise,,generated from held-out ID only; never from train
images/dissertation_v1/ood/sensory_artifact/gaussian_noise/artifact_000054_06_gaussian_noise.png,1,train,synthetic_artifact,sensory_artifact,gaussian_noise,derived_from_synthetic_faf,,derived_or_generated_synthetic,test,f6c9ac48518100bc9b550d277f9c6b190e6492b1887fe5fac22c11c5532f0ede,f54f3645c72dc3a2c8558dc0200730edd83c26c1adc2e1b5b2dfb6a192f08c5d,gaussian_noise,,generated from held-out ID only; never from train
images/dissertation_v1/ood/sensory_artifact/gaussian_noise/artifact_000055_06_gaussian_noise.png,1,train,synthetic_artifact,sensory_artifact,gaussian_noise,derived_from_synthetic_faf,,derived_or_generated_synthetic,test,f1f896a407e1356bd954b212c18b85789931e5d835e5f05afd2e27a58542e187,bb7ced17f3ce7864da174a6b78b7f34b25cf97ec01c15d5452696207f3063416,gaussian_noise,,generated from held-out ID only; never from train
images/dissertation_v1/ood/sensory_artifact/gaussian_noise/artifact_000056_06_gaussian_noise.png,1,train,synthetic_artifact,sensory_artifact,gaussian_noise,derived_from_synthetic_faf,,derived_or_generated_synthetic,test,3918eae889d0eada431b3dc8b06c3204cceeb10c46db85661a296180dc0e1f31,5cac36dc7dbb94150b4cd1703091de1fb9f3dc8fb4edfd870bfc1b1f799f0eab,gaussian_noise,,generated from held-out ID only; never from train
images/dissertation_v1/ood/sensory_artifact/gaussian_noise/artifact_000057_06_gaussian_noise.png,1,train,synthetic_artifact,sensory_artifact,gaussian_noise,derived_from_synthetic_faf,,derived_or_generated_synthetic,test,61be95f94a28ddcdaa26f536561ed3144add34a3dd13a26246a417aee1b66574,31b43cdb11ddd17ba24311605ad64723ef0f74ce4e8dce09319ba9a7cb6f1b1e,gaussian_noise,,generated from held-out ID only; never from train
images/dissertation_v1/ood/sensory_artifact/gaussian_noise/artifact_000058_06_gaussian_noise.png,1,train,synthetic_artifact,sensory_artifact,gaussian_noise,derived_from_synthetic_faf,,derived_or_generated_synthetic,test,437436b7592a0940fbe538b03ddf95ca8c9cea9cac4c4cc9b556f6ff3ac7eb39,1e2992825661100b10f082d608b60f166b2eecdd1dcd52d490128ed1a1ac49f4,gaussian_noise,,generated from held-out ID only; never from train
images/dissertation_v1/ood/sensory_artifact/gaussian_noise/artifact_000059_06_gaussian_noise.png,1,train,synthetic_artifact,sensory_artifact,gaussian_noise,derived_from_synthetic_faf,,derived_or_generated_synthetic,test,c7e5572cfce3d33ca55cae9bbbadbd8a49bc16c7d8e201e022fc82f5681ba71a,2869b22fa7b02533b8e39d46cc06f3f911655ac33a2ad6eb153d8279df5416b4,gaussian_noise,,generated from held-out ID only; never from train
images/dissertation_v1/ood/sensory_artifact/gaussian_noise/artifact_000060_06_gaussian_noise.png,1,train,synthetic_artifact,sensory_artifact,gaussian_noise,derived_from_synthetic_faf,,derived_or_generated_synthetic,test,51ec4c11c5a0dfdabe4716875bc209828fd504ea1c8443a1bf7cc49beb4360ac,3a1a39ff67d065cd684acfd8e796efadd79cc73dbda7ad12dc6627016af7bdfc,gaussian_noise,,generated from held-out ID only; never from train
images/dissertation_v1/ood/sensory_artifact/gaussian_noise/artifact_000061_06_gaussian_noise.png,1,train,synthetic_artifact,sensory_artifact,gaussian_noise,derived_from_synthetic_faf,,derived_or_generated_synthetic,test,d2b5c8947b8227a3bfd48b86e083cc18bf81813316c6f8ffa1aa8aeaa631d34a,12d8af55f0db94152dfed5578d720d5e721370d87553d40e7e89b8d273299636,gaussian_noise,,generated from held-out ID only; never from train
images/dissertation_v1/ood/sensory_artifact/gaussian_noise/artifact_000063_06_gaussian_noise.png,1,train,synthetic_artifact,sensory_artifact,gaussian_noise,derived_from_synthetic_faf,,derived_or_generated_synthetic,test,8823ac6600dbeb3bb000b59981a80640e278ab87ad91f660dec9f30ce6149c89,58539b1cc5b2a259e54144a3d7324bd17b5f13ee4782a6a85efdd05699bf6c97,gaussian_noise,,generated from held-out ID only; never from train
images/dissertation_v1/ood/sensory_artifact/gaussian_noise/artifact_000067_06_gaussian_noise.png,1,train,synthetic_artifact,sensory_artifact,gaussian_noise,derived_from_synthetic_faf,,derived_or_generated_synthetic,test,8231c2f4826b6b20d99df03afa86571bd3532d6888ab5cef04cfb7dab8e75bba,4537ee987e4cbb0f7d661f6b948ff440ff86ec102fe5267eab5b4c44a7b75a92,gaussian_noise,,generated from held-out ID only; never from train
images/dissertation_v1/ood/sensory_artifact/gaussian_noise/artifact_000072_06_gaussian_noise.png,1,train,synthetic_artifact,sensory_artifact,gaussian_noise,derived_from_synthetic_faf,,derived_or_generated_synthetic,test,2990705d55781dd3d3d15cb1da13dc4fbb12d45d01182a69c53d0c2ada3345bc,c8fe2b85f894306e93ed79f02f77da1427fdcbf995b0ad07e35c66f98bbdb7a0,gaussian_noise,,generated from held-out ID only; never from train
images/dissertation_v1/ood/sensory_artifact/gaussian_noise/artifact_000074_06_gaussian_noise.png,1,train,synthetic_artifact,sensory_artifact,gaussian_noise,derived_from_synthetic_faf,,derived_or_generated_synthetic,test,b2d183046e9ab3626ea7fa9154cc7293b86b9a2cb3a1ef653373bb86bb2b466e,121676a35541005d3f7f769e374c3ffc28e6ae19878fc3c1ecd6709102443fe7,gaussian_noise,,generated from held-out ID only; never from train
images/dissertation_v1/ood/sensory_artifact/gaussian_noise/artifact_000075_06_gaussian_noise.png,1,train,synthetic_artifact,sensory_artifact,gaussian_noise,derived_from_synthetic_faf,,derived_or_generated_synthetic,test,00492cd962c6b4c81bc3e6286abac5a9eb9bb07068a403f2e9d1422485473e42,4f49d5898ef29e6dbba84b94fa73a55c1a29a6694e6822a9b64b7d09fa1a5c38,gaussian_noise,,generated from held-out ID only; never from train
images/dissertation_v1/ood/sensory_artifact/gaussian_noise/artifact_000076_06_gaussian_noise.png,1,train,synthetic_artifact,sensory_artifact,gaussian_noise,derived_from_synthetic_faf,,derived_or_generated_synthetic,test,0ae4fe58ec6b6af8c8b0bd808bd5b5e9cb9d29edbb584c5d95cb6e5fe1bf77d5,c85bb9fb9937eec3a0f35515011e5ac1382b6995e2ad67861523bd730778ee5c,gaussian_noise,,generated from held-out ID only; never from train
images/dissertation_v1/ood/sensory_artifact/gaussian_noise/artifact_000078_06_gaussian_noise.png,1,train,synthetic_artifact,sensory_artifact,gaussian_noise,derived_from_synthetic_faf,,derived_or_generated_synthetic,test,166461a47d6b557bc256e93e03d3e12fd4ee7a87df0bb53716f6235b3348123a,9af2f45d4b55869623d7ce9516709e60795adfd67a812b55afb17354b9baf5d2,gaussian_noise,,generated from held-out ID only; never from train
images/dissertation_v1/ood/sensory_artifact/gaussian_noise/artifact_000079_06_gaussian_noise.png,1,train,synthetic_artifact,sensory_artifact,gaussian_noise,derived_from_synthetic_faf,,derived_or_generated_synthetic,test,f3898439809841b7174a8fa69c210a103d114de79077c535066f7c1520af5351,82150b28a408cd90cad8ac33ead707590a8ba8d83cf3038f0788ed2cb27a2f89,gaussian_noise,,generated from held-out ID only; never from train
images/dissertation_v1/ood/sensory_artifact/gaussian_noise/artifact_000082_06_gaussian_noise.png,1,train,synthetic_artifact,sensory_artifact,gaussian_noise,derived_from_synthetic_faf,,derived_or_generated_synthetic,test,f9c08cbeb5bed83fb25f99cdc69f3421ac18f4fe9ade3d8174e2ac7ffdb69c63,5d2c59717f3d4d8170ce1f409aaaf7db80f7ae2685fb909f9db1013ab32d5c49,gaussian_noise,,generated from held-out ID only; never from train
images/dissertation_v1/ood/sensory_artifact/gaussian_noise/artifact_000084_06_gaussian_noise.png,1,train,synthetic_artifact,sensory_artifact,gaussian_noise,derived_from_synthetic_faf,,derived_or_generated_synthetic,test,fc9b0f2d62665ca911c76becb843422d5ecd64e5f8d38f48370c49865ee4ec23,78be763eaa256c23ee59dbb43099a704088867a498e0712f9b39fca6e2a1a9e5,gaussian_noise,,generated from held-out ID only; never from train
images/dissertation_v1/ood/sensory_artifact/gaussian_noise/artifact_000087_06_gaussian_noise.png,1,train,synthetic_artifact,sensory_artifact,gaussian_noise,derived_from_synthetic_faf,,derived_or_generated_synthetic,test,d522a5ed3aab2dd7960eb6c3fac3110c4fcc7da639cd486cb8c13022a236e486,8483b73bf3d280c2e7e75a7509b0bc94b7dd44e58f6d9814a899fb0b9732175a,gaussian_noise,,generated from held-out ID only; never from train
images/dissertation_v1/ood/sensory_artifact/gaussian_noise/artifact_000089_06_gaussian_noise.png,1,train,synthetic_artifact,sensory_artifact,gaussian_noise,derived_from_synthetic_faf,,derived_or_generated_synthetic,test,160aef89756782ab5bc2629952f75bc81cbca329ea53a59ec4d7cabb1aebb855,b3a3c25e180e7101a1b8c68aaee59031e3cdfca99d012931bf3981f7cf7b3148,gaussian_noise,,generated from held-out ID only; never from train
images/dissertation_v1/ood/sensory_artifact/gaussian_noise/artifact_000090_06_gaussian_noise.png,1,train,synthetic_artifact,sensory_artifact,gaussian_noise,derived_from_synthetic_faf,,derived_or_generated_synthetic,test,87213389e01ec4d22ac8f4d875c506da090f85421c01c8cd5bc2f56f4db9da16,3fca0579b63c1ae9218257ecf5fcae692b8b00b38f3afc621efdadf6a57debb7,gaussian_noise,,generated from held-out ID only; never from train
images/dissertation_v1/ood/sensory_artifact/gaussian_noise/artifact_000094_06_gaussian_noise.png,1,train,synthetic_artifact,sensory_artifact,gaussian_noise,derived_from_synthetic_faf,,derived_or_generated_synthetic,test,a6b901a11e7446d0a38305eabf63b293f6086d95877a6cd56bf768bc1be6526b,ee8fa9a0a71d9854bc709dffc04506fd677490df5d65bac869c0430e8faf78bd,gaussian_noise,,generated from held-out ID only; never from train
images/dissertation_v1/ood/sensory_artifact/gaussian_noise/artifact_000095_06_gaussian_noise.png,1,train,synthetic_artifact,sensory_artifact,gaussian_noise,derived_from_synthetic_faf,,derived_or_generated_synthetic,test,b7b2121f9339b386256398a75cb640ecf73cb546e09ce90f4ff27160c36cf88f,36c01ce75ef8cd22d56a154a5e850c4a421754027b40778b2ec4204014e0ab30,gaussian_noise,,generated from held-out ID only; never from train
images/dissertation_v1/ood/sensory_artifact/gaussian_noise/artifact_000096_06_gaussian_noise.png,1,train,synthetic_artifact,sensory_artifact,gaussian_noise,derived_from_synthetic_faf,,derived_or_generated_synthetic,test,85b7fe93b28425b3ecda48a3633bd69fa5380aed03dc0623d2f0ed47c27055cc,618463cdedc1dfd6f8a910f4da6b05226a0546e4ace629eb24575e221d643b5a,gaussian_noise,,generated from held-out ID only; never from train
images/dissertation_v1/ood/sensory_artifact/gaussian_noise/artifact_000098_06_gaussian_noise.png,1,train,synthetic_artifact,sensory_artifact,gaussian_noise,derived_from_synthetic_faf,,derived_or_generated_synthetic,test,70aff33c8c153359b47cdb99ce0fd79ef32d336e0509dfc4ca7dbf25d498271c,ad1776fe9a4a4e0ac6dbc4fc86dc77490335756c571e1cac5c09b465f0c4b535,gaussian_noise,,generated from held-out ID only; never from train
images/dissertation_v1/ood/sensory_artifact/gaussian_noise/artifact_000100_06_gaussian_noise.png,1,train,synthetic_artifact,sensory_artifact,gaussian_noise,derived_from_synthetic_faf,,derived_or_generated_synthetic,test,68ab35deba14c944b4f781adf73dfdfc1e256faee7262ea6a20bdfdf90aa3ac9,72629a18912da54c8f255baf6b2684e92df9a2ae8daa4964790904e299592680,gaussian_noise,,generated from held-out ID only; never from train
images/dissertation_v1/ood/sensory_artifact/gaussian_noise/artifact_000101_06_gaussian_noise.png,1,train,synthetic_artifact,sensory_artifact,gaussian_noise,derived_from_synthetic_faf,,derived_or_generated_synthetic,test,d1493691127ed77910c05b890f26ea826b5cff49c452bb1299cb1b5390ce21c8,fd219f500dae4056481182b308e0fcd849c7712eea0f81adbed8fdb9fb27b484,gaussian_noise,,generated from held-out ID only; never from train
images/dissertation_v1/ood/sensory_artifact/gaussian_noise/artifact_000102_06_gaussian_noise.png,1,train,synthetic_artifact,sensory_artifact,gaussian_noise,derived_from_synthetic_faf,,derived_or_generated_synthetic,test,7c92422754bca48452b0ed2398a86a2b5cb9856cadf57b7057661b9f00928bf4,876590b0a765ef6079e51d67a6947a5af2a14a9fbeccf29ca3f63f876f1fda65,gaussian_noise,,generated from held-out ID only; never from train
images/dissertation_v1/ood/sensory_artifact/gaussian_noise/artifact_000105_06_gaussian_noise.png,1,train,synthetic_artifact,sensory_artifact,gaussian_noise,derived_from_synthetic_faf,,derived_or_generated_synthetic,test,09717fecc1844797ce3f9efa548853a6d6ffd3eb6dd9b1bf21836b71df5cda0b,5aeefa494416110fc3806f91b7263e927a7398a19bcbe5c7e6b7e7cc6c626ce9,gaussian_noise,,generated from held-out ID only; never from train
images/dissertation_v1/ood/sensory_artifact/gaussian_noise/artifact_000108_06_gaussian_noise.png,1,train,synthetic_artifact,sensory_artifact,gaussian_noise,derived_from_synthetic_faf,,derived_or_generated_synthetic,test,6c555596b2eead897db55dc2c4715b66eb54f8cc705b1b3124b6dfb950fec5b3,7d72468a874689e25e4b5a25de725a8c0569ab36560fb167471c695722a7a5a1,gaussian_noise,,generated from held-out ID only; never from train
images/dissertation_v1/ood/sensory_artifact/gaussian_noise/artifact_000109_06_gaussian_noise.png,1,train,synthetic_artifact,sensory_artifact,gaussian_noise,derived_from_synthetic_faf,,derived_or_generated_synthetic,test,ad73e55071aa1bf2cccd98720b5c10bb7cdd4f9dd05a51eb0708f61eb47d478c,34f334303d87d3fece2fa5c693e847b9026173d7beed69537aeda43d5b114c55,gaussian_noise,,generated from held-out ID only; never from train
images/dissertation_v1/ood/sensory_artifact/gaussian_noise/artifact_000110_06_gaussian_noise.png,1,train,synthetic_artifact,sensory_artifact,gaussian_noise,derived_from_synthetic_faf,,derived_or_generated_synthetic,test,a41d42e122540d37ea24fe1a12e6f30347a36551427b250ca10132587ec375a2,fee378e906a17520f332f1acc698a2c84788b70cd2669ff7b40c88519c15f9d4,gaussian_noise,,generated from held-out ID only; never from train
images/dissertation_v1/ood/sensory_artifact/gaussian_noise/artifact_000112_06_gaussian_noise.png,1,train,synthetic_artifact,sensory_artifact,gaussian_noise,derived_from_synthetic_faf,,derived_or_generated_synthetic,test,e1c31986792a338d2df4014bee6b4c1cf1a02b32f09b596260e4241e29aa21d0,0082a17690ee34f87cc084ca701192ff9bc09e65a2103ac1c6ae25c2f6d5afac,gaussian_noise,,generated from held-out ID only; never from train
images/dissertation_v1/ood/sensory_artifact/gaussian_noise/artifact_000113_06_gaussian_noise.png,1,train,synthetic_artifact,sensory_artifact,gaussian_noise,derived_from_synthetic_faf,,derived_or_generated_synthetic,test,d60ba5208a17a6eb8fa98250d3ca3e5841b54d09272fee6122884c25fc29adb1,f0a16dcee05bb93fc69293dec6b37b44edad69ce668e805549309e0aa6a401cc,gaussian_noise,,generated from held-out ID only; never from train
images/dissertation_v1/ood/sensory_artifact/gaussian_noise/artifact_000114_06_gaussian_noise.png,1,train,synthetic_artifact,sensory_artifact,gaussian_noise,derived_from_synthetic_faf,,derived_or_generated_synthetic,test,1b668bd8183083ab72cfa065e621ffab3b97a08e6fb1149a79f54aedb5bcdb71,f899478c2f1d44604649c59e088f1ba582e468bacf515f9dd0249ee2cf16e0bb,gaussian_noise,,generated from held-out ID only; never from train
images/dissertation_v1/ood/sensory_artifact/gaussian_noise/artifact_000115_06_gaussian_noise.png,1,train,synthetic_artifact,sensory_artifact,gaussian_noise,derived_from_synthetic_faf,,derived_or_generated_synthetic,test,d3500dc8b31f8deff06be1e130350d9f2810e2ed3159d846dd644c0a4aae8b1a,f9dd7c6f3daaf3b557787bcdc1c3ecdd27fc21186ef190f88728218f6cea9bde,gaussian_noise,,generated from held-out ID only; never from train
images/dissertation_v1/ood/sensory_artifact/gaussian_noise/artifact_000116_06_gaussian_noise.png,1,train,synthetic_artifact,sensory_artifact,gaussian_noise,derived_from_synthetic_faf,,derived_or_generated_synthetic,test,2460b09357a3856f28a88e387c499a87f1d29435249eabb92e770b020c2e1b04,981c3d303c80b102eddb306f12e711c2b30df817b3cb9896889b09c72edee0dc,gaussian_noise,,generated from held-out ID only; never from train
images/dissertation_v1/ood/sensory_artifact/gaussian_noise/artifact_000120_06_gaussian_noise.png,1,train,synthetic_artifact,sensory_artifact,gaussian_noise,derived_from_synthetic_faf,,derived_or_generated_synthetic,test,d694add6250841cac02a26521bb5f28b8b105f4adca31f1e8bd09c80589fab58,6050df662b7b43400e1ebcf42f771fb1a9c17485583af5e78204a70a08fb29c9,gaussian_noise,,generated from held-out ID only; never from train
images/dissertation_v1/ood/sensory_artifact/gaussian_noise/artifact_000121_06_gaussian_noise.png,1,train,synthetic_artifact,sensory_artifact,gaussian_noise,derived_from_synthetic_faf,,derived_or_generated_synthetic,test,13721e8557ae359b5fdf1ee1a231f6532a546f635e093bbae2751a71dfccf1a1,76663bd120041d5058985d3efa42b23e50de4086393997695a050775c4116f62,gaussian_noise,,generated from held-out ID only; never from train
images/dissertation_v1/ood/sensory_artifact/gaussian_noise/artifact_000122_06_gaussian_noise.png,1,train,synthetic_artifact,sensory_artifact,gaussian_noise,derived_from_synthetic_faf,,derived_or_generated_synthetic,test,70d7d7e53f5c78beb3de1c8e462ede26b74f2b1acaa962b1287a7f59da424d3e,265117c12dd093ed24562953f1f5fb10cc2a9ed74f2fac2312bd6629f939e390,gaussian_noise,,generated from held-out ID only; never from train
images/dissertation_v1/ood/sensory_artifact/gaussian_noise/artifact_000125_06_gaussian_noise.png,1,train,synthetic_artifact,sensory_artifact,gaussian_noise,derived_from_synthetic_faf,,derived_or_generated_synthetic,test,90dfcb89691dbd4b028ee717168492e69af0bc3a4586dbbdaa8fbaa675210684,7d411bc78dd10c916d8f3a829c53247234311a09b970a9f37107e2bee3f88e6f,gaussian_noise,,generated from held-out ID only; never from train
images/dissertation_v1/ood/sensory_artifact/gaussian_noise/artifact_000127_06_gaussian_noise.png,1,train,synthetic_artifact,sensory_artifact,gaussian_noise,derived_from_synthetic_faf,,derived_or_generated_synthetic,test,b8dbb68745b9648f47af88bc4d066cc02bfd1066dd8f2097330c3ee25cf87be0,1d9bde0c3df2046a73385263a0f0f6b667dc8fcc40164c4219c812103b6ed89a,gaussian_noise,,generated from held-out ID only; never from train
images/dissertation_v1/ood/sensory_artifact/gaussian_noise/artifact_000128_06_gaussian_noise.png,1,train,synthetic_artifact,sensory_artifact,gaussian_noise,derived_from_synthetic_faf,,derived_or_generated_synthetic,test,943ef943e6233b745a328130f4876110433818b7dc3c22a47e2d2056d2700082,f0aaf9cb3094aeb127eef0f67ef481b6683337c3b7ddbc8cf3783d63648d764e,gaussian_noise,,generated from held-out ID only; never from train
images/dissertation_v1/ood/sensory_artifact/gaussian_noise/artifact_000131_06_gaussian_noise.png,1,train,synthetic_artifact,sensory_artifact,gaussian_noise,derived_from_synthetic_faf,,derived_or_generated_synthetic,test,4f6c860e6ab5e9e46d296dc5bbb20b878a0d76e1a515c261d040245e46c53676,75cdb6a34fef7077b3c995565448dce323f3c26eecab573379d9dfb734a8db7b,gaussian_noise,,generated from held-out ID only; never from train
images/dissertation_v1/ood/sensory_artifact/gaussian_noise/artifact_000134_06_gaussian_noise.png,1,train,synthetic_artifact,sensory_artifact,gaussian_noise,derived_from_synthetic_faf,,derived_or_generated_synthetic,test,baa3cc6b9913b1d344587b30668c58fdad9803cc53e1286b59854439703c8d35,7c7ce6b5321de586e2a73555e7709e226600e93382ad9f6a36e75d0d790f2ff8,gaussian_noise,,generated from held-out ID only; never from train
images/dissertation_v1/ood/sensory_artifact/gaussian_noise/artifact_000135_06_gaussian_noise.png,1,train,synthetic_artifact,sensory_artifact,gaussian_noise,derived_from_synthetic_faf,,derived_or_generated_synthetic,test,6baac0084531ea50df5f825f4b065e58ba37a6245dcb6991897a36c0f888cfc8,30954c72a9fb85152713d1ddf07ab06d48566e4f5a9101d121d95a220b380007,gaussian_noise,,generated from held-out ID only; never from train
images/dissertation_v1/ood/sensory_artifact/gaussian_noise/artifact_000136_06_gaussian_noise.png,1,train,synthetic_artifact,sensory_artifact,gaussian_noise,derived_from_synthetic_faf,,derived_or_generated_synthetic,test,2ac12e99ed626c8d7a3cc7c9c1ba84935f79816edb2e74372d101642d5f3be5e,f2a50ebec8d4c518d3dddfc9a597c3cd31e78cd19d54e81a0d05b6e0154973a6,gaussian_noise,,generated from held-out ID only; never from train
images/dissertation_v1/ood/sensory_artifact/gaussian_noise/artifact_000137_06_gaussian_noise.png,1,train,synthetic_artifact,sensory_artifact,gaussian_noise,derived_from_synthetic_faf,,derived_or_generated_synthetic,test,219c37a6f4613ebfb34a7e28de1e21aef990f65e509650d33c385842cd344e5a,7a794e04216d10b75a621304cc1d0fc7699b12295c58000ad5f0d937c8cafdea,gaussian_noise,,generated from held-out ID only; never from train
images/dissertation_v1/ood/sensory_artifact/gaussian_noise/artifact_000139_06_gaussian_noise.png,1,train,synthetic_artifact,sensory_artifact,gaussian_noise,derived_from_synthetic_faf,,derived_or_generated_synthetic,test,6664fa4a8736df3a8be30ff31f01cd06632602bdfe96c317fe5a79c98e082d94,4d2d7cfa2ba311c178fa68aa390eb321c4df388e5a907d7f5fa285965d42f64f,gaussian_noise,,generated from held-out ID only; never from train
images/dissertation_v1/ood/sensory_artifact/gaussian_noise/artifact_000140_06_gaussian_noise.png,1,train,synthetic_artifact,sensory_artifact,gaussian_noise,derived_from_synthetic_faf,,derived_or_generated_synthetic,test,07deaf2db1b8505b1e70faa5a7216a749b38eacd9def316bca4f281e5862a585,c3e729187cae4fd775b713fa853a2456200b4faab0240643a30ad5594fc62d51,gaussian_noise,,generated from held-out ID only; never from train
images/dissertation_v1/ood/sensory_artifact/gaussian_noise/artifact_000141_06_gaussian_noise.png,1,train,synthetic_artifact,sensory_artifact,gaussian_noise,derived_from_synthetic_faf,,derived_or_generated_synthetic,test,05dee9287547145b6605691b1c71d6f744cda3892ccebbe2b0016907ca9d9132,1ecac33ab07d51111996036ab3fb88d5c08e171ff2a971e9acf5525296dea1c7,gaussian_noise,,generated from held-out ID only; never from train
images/dissertation_v1/ood/sensory_artifact/gaussian_noise/artifact_000142_06_gaussian_noise.png,1,train,synthetic_artifact,sensory_artifact,gaussian_noise,derived_from_synthetic_faf,,derived_or_generated_synthetic,test,29912146eebb681f55b495990ad89b52da4af6e700a05fbc81afb25c5123c7a4,b9b696bd906b4c55bc36c91d9a2b4388150f80bb9b930062cdd275733b118cf0,gaussian_noise,,generated from held-out ID only; never from train
images/dissertation_v1/ood/sensory_artifact/gaussian_noise/artifact_000143_06_gaussian_noise.png,1,train,synthetic_artifact,sensory_artifact,gaussian_noise,derived_from_synthetic_faf,,derived_or_generated_synthetic,test,060a6875f3af17a96c5a1268bce4274cd1fd7df2526b656dbb8f648aa45df32f,29f8a59dce4344d3c3d5bcc8a0171474bd6e50bc1c0823a4ae0da7e45d8604e7,gaussian_noise,,generated from held-out ID only; never from train
images/dissertation_v1/ood/sensory_artifact/gaussian_noise/artifact_000145_06_gaussian_noise.png,1,train,synthetic_artifact,sensory_artifact,gaussian_noise,derived_from_synthetic_faf,,derived_or_generated_synthetic,test,676f7b6df77488cce0e9bb1627c982a5a4d6fff0f422857ed4102bec9ac693d6,578e6780b90d93dbd87714cf5bf1b0470f458e55596c36959b30ade921980aa8,gaussian_noise,,generated from held-out ID only; never from train
images/dissertation_v1/ood/sensory_artifact/gaussian_noise/artifact_000147_06_gaussian_noise.png,1,train,synthetic_artifact,sensory_artifact,gaussian_noise,derived_from_synthetic_faf,,derived_or_generated_synthetic,test,ebb9cac419d981de4f348138c6dd3aa21faa934e3e4660f1ea3f671d8d46b8e9,2e934d86b1b37029c030e42e88b7112e2b5f81459322644877d85a5593aed347,gaussian_noise,,generated from held-out ID only; never from train
images/dissertation_v1/ood/sensory_artifact/gaussian_noise/artifact_000148_06_gaussian_noise.png,1,train,synthetic_artifact,sensory_artifact,gaussian_noise,derived_from_synthetic_faf,,derived_or_generated_synthetic,test,ca34df5eb9c3f36d0e62aaf13a1f9eeb129bc2282d601924e1183c15677e4df9,18bdaf47632912f68f6b587cf57bc6844e251ca95824ceaebac102e755d86e81,gaussian_noise,,generated from held-out ID only; never from train
images/dissertation_v1/ood/sensory_artifact/jpeg_compression/artifact_000001_07_jpeg_compression.png,1,train,synthetic_artifact,sensory_artifact,jpeg_compression,derived_from_synthetic_faf,,derived_or_generated_synthetic,test,0fee6fef3c5dab88bbdb14615cb5d6f9d34971e412468a40006495fa5ca6c134,1a6fa85a126f3582d51f16ba281f47c1bf2c3e337748511a1c45e4ec0a690674,jpeg_compression,,generated from held-out ID only; never from train
images/dissertation_v1/ood/sensory_artifact/jpeg_compression/artifact_000002_07_jpeg_compression.png,1,train,synthetic_artifact,sensory_artifact,jpeg_compression,derived_from_synthetic_faf,,derived_or_generated_synthetic,test,b8abfacc2b88afcdd0d3389b7a373f642c3c05ee833ccc67cf541752ec6d8242,3fe16ad039a6555522438a9b9dd1a0de6bd787a7001116e06a97b4f034684ba2,jpeg_compression,,generated from held-out ID only; never from train
images/dissertation_v1/ood/sensory_artifact/jpeg_compression/artifact_000004_07_jpeg_compression.png,1,train,synthetic_artifact,sensory_artifact,jpeg_compression,derived_from_synthetic_faf,,derived_or_generated_synthetic,test,9d42a1ac9121140c98525b130a4e199a674daf427fc1830ea0b35499da81af74,d1f816cb395b94664ca9fc285317aa28d5757c61e7466f4d035552df5a7b2ef4,jpeg_compression,,generated from held-out ID only; never from train
images/dissertation_v1/ood/sensory_artifact/jpeg_compression/artifact_000005_07_jpeg_compression.png,1,train,synthetic_artifact,sensory_artifact,jpeg_compression,derived_from_synthetic_faf,,derived_or_generated_synthetic,test,352d1d8d1684f5dbaa6ece18b959cb4430496392829833e49f7045313c9dba50,a37d2499bdadac9b672e002cf5b14bc830d68e387c1ea4405083eb6eed030d26,jpeg_compression,,generated from held-out ID only; never from train
images/dissertation_v1/ood/sensory_artifact/jpeg_compression/artifact_000006_07_jpeg_compression.png,1,train,synthetic_artifact,sensory_artifact,jpeg_compression,derived_from_synthetic_faf,,derived_or_generated_synthetic,test,34feb9621e31dda58387a02c328e613d29fee6e56bb6baef1269070b7f70e618,31d5f5ed5ac046981c6cb1df50192091daa4b282d054e8095b9e025b42afeb88,jpeg_compression,,generated from held-out ID only; never from train
images/dissertation_v1/ood/sensory_artifact/jpeg_compression/artifact_000007_07_jpeg_compression.png,1,train,synthetic_artifact,sensory_artifact,jpeg_compression,derived_from_synthetic_faf,,derived_or_generated_synthetic,test,07ed8885ab8cd69812140915754d6e0afadb01d90178aadcd7b9a5cdbed9cd93,f42ab30d20b276c5fba40818aeb540adbd4fef553ec7196ea828c0a30f5f349f,jpeg_compression,,generated from held-out ID only; never from train
images/dissertation_v1/ood/sensory_artifact/jpeg_compression/artifact_000008_07_jpeg_compression.png,1,train,synthetic_artifact,sensory_artifact,jpeg_compression,derived_from_synthetic_faf,,derived_or_generated_synthetic,test,c3623f6a5e9b5615ba81f97fa120ccd1041e206b3a03e08514f03f0dd11befd0,e6c4a5d7163b7548a0b47040c1306557f98a486871b94c8da983fdc932729197,jpeg_compression,,generated from held-out ID only; never from train
images/dissertation_v1/ood/sensory_artifact/jpeg_compression/artifact_000011_07_jpeg_compression.png,1,train,synthetic_artifact,sensory_artifact,jpeg_compression,derived_from_synthetic_faf,,derived_or_generated_synthetic,test,c6161e4f82d8aa877220c5a240cc372c234db9c4bdd8fa880fd83d53c4efdaf8,d822b0621f3574fb70a96904005d10d950c5fed12e7f0f1c78edbcb396fbd7ac,jpeg_compression,,generated from held-out ID only; never from train
images/dissertation_v1/ood/sensory_artifact/jpeg_compression/artifact_000012_07_jpeg_compression.png,1,train,synthetic_artifact,sensory_artifact,jpeg_compression,derived_from_synthetic_faf,,derived_or_generated_synthetic,test,051603dcd02155ee8decb4df63b56d29989a3dc47d9b4bc8a45139e74bd53bf5,d924c9e1fbeb5b22e9ce25fbb30850ed8464394de79d31630d85707afefbd75b,jpeg_compression,,generated from held-out ID only; never from train
images/dissertation_v1/ood/sensory_artifact/jpeg_compression/artifact_000013_07_jpeg_compression.png,1,train,synthetic_artifact,sensory_artifact,jpeg_compression,derived_from_synthetic_faf,,derived_or_generated_synthetic,test,00353e15f3ffe8844bf16a7046420bbb0adc7f0d42796b4c34c7d26a807d106d,0b875e277b8f1482ac5d0457e95fcb05cd77208c0e9e5356f266f98ccab7e3ed,jpeg_compression,,generated from held-out ID only; never from train
images/dissertation_v1/ood/sensory_artifact/jpeg_compression/artifact_000014_07_jpeg_compression.png,1,train,synthetic_artifact,sensory_artifact,jpeg_compression,derived_from_synthetic_faf,,derived_or_generated_synthetic,test,d4972fa6a5a498309f96297d4b01bf1bebe78ebf2f4fb500069818dc31722c86,50eb07963b954a027224c212fef91ed6b91ad3d68a58e0fb6e2fd32ccb4b8bd1,jpeg_compression,,generated from held-out ID only; never from train
images/dissertation_v1/ood/sensory_artifact/jpeg_compression/artifact_000015_07_jpeg_compression.png,1,train,synthetic_artifact,sensory_artifact,jpeg_compression,derived_from_synthetic_faf,,derived_or_generated_synthetic,test,ddf389b609a5f06dad1dc739d29024c1a9c30137857c2d0bd03d1ef24fb1b9d0,38fbaedc8df6557c3519716071afbe70dbb54496bc3eda4dbd28443246ef0539,jpeg_compression,,generated from held-out ID only; never from train
images/dissertation_v1/ood/sensory_artifact/jpeg_compression/artifact_000017_07_jpeg_compression.png,1,train,synthetic_artifact,sensory_artifact,jpeg_compression,derived_from_synthetic_faf,,derived_or_generated_synthetic,test,4a14caa3710dbb59887d0df372a708e6df7f90065ca4989941655f1b58a6a1ba,0861672a24270580387eea90d8f3ddd826a52d63c4428364052dec6bca1959ee,jpeg_compression,,generated from held-out ID only; never from train
images/dissertation_v1/ood/sensory_artifact/jpeg_compression/artifact_000018_07_jpeg_compression.png,1,train,synthetic_artifact,sensory_artifact,jpeg_compression,derived_from_synthetic_faf,,derived_or_generated_synthetic,test,2d59da063b450f4acf8dc7176f98fd25cefa010bd7644cf465f7018dae1b4b31,fd6fd89f280a24b4873a415a5fc1f7315de7c22e49be7073c6a9348d08c1f07b,jpeg_compression,,generated from held-out ID only; never from train
images/dissertation_v1/ood/sensory_artifact/jpeg_compression/artifact_000019_07_jpeg_compression.png,1,train,synthetic_artifact,sensory_artifact,jpeg_compression,derived_from_synthetic_faf,,derived_or_generated_synthetic,test,8fa8903a0ef86b594bdd7174b2ce40ef9f6b4e899d0d74f29d4da61873eb6bfe,f9a033e1944d7b29d126d036c4a91b903f0c3c335a85177788beafc3fe8b70da,jpeg_compression,,generated from held-out ID only; never from train
images/dissertation_v1/ood/sensory_artifact/jpeg_compression/artifact_000020_07_jpeg_compression.png,1,train,synthetic_artifact,sensory_artifact,jpeg_compression,derived_from_synthetic_faf,,derived_or_generated_synthetic,test,d6e287752c6106adb31ae757ace5fa2749cca7dfd254eab4f6bff9e44156a56d,5db33929cee5ce3d7b21de926a708da9a1e5e2b0c82a9430eebe1296f81aeaa3,jpeg_compression,,generated from held-out ID only; never from train
images/dissertation_v1/ood/sensory_artifact/jpeg_compression/artifact_000029_07_jpeg_compression.png,1,train,synthetic_artifact,sensory_artifact,jpeg_compression,derived_from_synthetic_faf,,derived_or_generated_synthetic,test,cbd084e8ad7e212e7b2a48e5f3c935c4150ad6f8b53ef538d5e969251d1aabcd,06df7d1f687f8a014291b723a7281d280cf107ae764e77fc64a0958208a42440,jpeg_compression,,generated from held-out ID only; never from train
images/dissertation_v1/ood/sensory_artifact/jpeg_compression/artifact_000030_07_jpeg_compression.png,1,train,synthetic_artifact,sensory_artifact,jpeg_compression,derived_from_synthetic_faf,,derived_or_generated_synthetic,test,011597e7d73296b67145f3a5de5a01d34e0d7e33030208d863b0e6811d60eed2,1abcc3a996b7ea0932243de4f741b523f245b8f81cda49fac05b1a1a0c363278,jpeg_compression,,generated from held-out ID only; never from train
images/dissertation_v1/ood/sensory_artifact/jpeg_compression/artifact_000032_07_jpeg_compression.png,1,train,synthetic_artifact,sensory_artifact,jpeg_compression,derived_from_synthetic_faf,,derived_or_generated_synthetic,test,e4c2fdcd0be659a102cb8d76368eb532c383c6cc81d6893382229742646500c9,cd4f8184a0ffa557274b13b0ea3902f73d674253ac57ec26c12c3c5026cf2b80,jpeg_compression,,generated from held-out ID only; never from train
images/dissertation_v1/ood/sensory_artifact/jpeg_compression/artifact_000035_07_jpeg_compression.png,1,train,synthetic_artifact,sensory_artifact,jpeg_compression,derived_from_synthetic_faf,,derived_or_generated_synthetic,test,4b13808b9b9355764381ba6f680bfc580c1e16876f57b85ac222b40d5d0c588b,ad2206e763d2fe74e820f9849e3d5c70fae09a566c7d71af4a5642de99425176,jpeg_compression,,generated from held-out ID only; never from train
images/dissertation_v1/ood/sensory_artifact/jpeg_compression/artifact_000036_07_jpeg_compression.png,1,train,synthetic_artifact,sensory_artifact,jpeg_compression,derived_from_synthetic_faf,,derived_or_generated_synthetic,test,7c9f6d55ea22449b04002253679b40e47fcee2ba70abc3eab81b1af30d49f71c,6ec6209b2791522f0608c0e98d17415b05002c0ab9a4d1fff0df547aa6b1ecab,jpeg_compression,,generated from held-out ID only; never from train
images/dissertation_v1/ood/sensory_artifact/jpeg_compression/artifact_000037_07_jpeg_compression.png,1,train,synthetic_artifact,sensory_artifact,jpeg_compression,derived_from_synthetic_faf,,derived_or_generated_synthetic,test,e2b82eb4f91e15112bbe4382e17073581abbd5e93b049c83a834981211077866,1d93bc13ac331db7a072736022e31038f869f965793787c53f3d2a57ec76cd8d,jpeg_compression,,generated from held-out ID only; never from train
images/dissertation_v1/ood/sensory_artifact/jpeg_compression/artifact_000038_07_jpeg_compression.png,1,train,synthetic_artifact,sensory_artifact,jpeg_compression,derived_from_synthetic_faf,,derived_or_generated_synthetic,test,6abd48ee5f4155572aebb31f8a65ee38bde854888472d2bbeb28175c58d18448,8cc0640073e0f9c820b460efc0c58ec7414b7e8df823d5f1c93b38ba793d8902,jpeg_compression,,generated from held-out ID only; never from train
images/dissertation_v1/ood/sensory_artifact/jpeg_compression/artifact_000040_07_jpeg_compression.png,1,train,synthetic_artifact,sensory_artifact,jpeg_compression,derived_from_synthetic_faf,,derived_or_generated_synthetic,test,628a7deee922f8544006f36f085e20f5eefe8d9c1988fed10700016a414253cc,aa24c50bf2b5968019954cbc11eda597cb49e3a77a7856d909c0ad771f83887e,jpeg_compression,,generated from held-out ID only; never from train
images/dissertation_v1/ood/sensory_artifact/jpeg_compression/artifact_000041_07_jpeg_compression.png,1,train,synthetic_artifact,sensory_artifact,jpeg_compression,derived_from_synthetic_faf,,derived_or_generated_synthetic,test,4845bc02d96b2ce3ef91f23a56ea6ed91afda7340f7eca8670eae4b736adb2a0,81a78d254ea6b2a2f5a4affbfb96971984508cdd9229061837c581ec353ebdad,jpeg_compression,,generated from held-out ID only; never from train
images/dissertation_v1/ood/sensory_artifact/jpeg_compression/artifact_000044_07_jpeg_compression.png,1,train,synthetic_artifact,sensory_artifact,jpeg_compression,derived_from_synthetic_faf,,derived_or_generated_synthetic,test,eae48e920e5ddd70d497034c773844835b6cd78644f791b15b1e18bcaf20312e,a0fc7b7ace1490826b0bfc495d19e7bc00e13443171428e6b5659b32253005a7,jpeg_compression,,generated from held-out ID only; never from train
images/dissertation_v1/ood/sensory_artifact/jpeg_compression/artifact_000046_07_jpeg_compression.png,1,train,synthetic_artifact,sensory_artifact,jpeg_compression,derived_from_synthetic_faf,,derived_or_generated_synthetic,test,e475d2c810df8de7c9da9e42363aacc1d7823c95f90f0f386ce95375a555783d,13e2d91e78a8714c322247a847463a3c9b3942269050fac1dac7fa44bf951da6,jpeg_compression,,generated from held-out ID only; never from train
images/dissertation_v1/ood/sensory_artifact/jpeg_compression/artifact_000047_07_jpeg_compression.png,1,train,synthetic_artifact,sensory_artifact,jpeg_compression,derived_from_synthetic_faf,,derived_or_generated_synthetic,test,63de9635746134d98d35bb3ddfe4eb2e7a17f7c8ca80bc9ee5648173da2be37d,9027c7c813d92085e7eb1335e0de9e66ebd9b6730a0da446ba8e26cfbd03b685,jpeg_compression,,generated from held-out ID only; never from train
images/dissertation_v1/ood/sensory_artifact/jpeg_compression/artifact_000048_07_jpeg_compression.png,1,train,synthetic_artifact,sensory_artifact,jpeg_compression,derived_from_synthetic_faf,,derived_or_generated_synthetic,test,8bef4e8576a086b326b2a6f30ae95a354e29cff268cbdcf2af62512f5d8cb61e,36f73c8b9761160f2d53cae70e3f531a67de1e24ad2ae6fcf48727198c793160,jpeg_compression,,generated from held-out ID only; never from train
images/dissertation_v1/ood/sensory_artifact/jpeg_compression/artifact_000049_07_jpeg_compression.png,1,train,synthetic_artifact,sensory_artifact,jpeg_compression,derived_from_synthetic_faf,,derived_or_generated_synthetic,test,05337cdd606b8aac4fe362b797450d509258f2961b051439550d71147e5b2dc8,c61302a2ed48ff4f37562e3a39d8ad46a99270bf3b70b90085f1d38ef8b2b122,jpeg_compression,,generated from held-out ID only; never from train
images/dissertation_v1/ood/sensory_artifact/jpeg_compression/artifact_000050_07_jpeg_compression.png,1,train,synthetic_artifact,sensory_artifact,jpeg_compression,derived_from_synthetic_faf,,derived_or_generated_synthetic,test,e72dea924f90a039988eb02826a64b4d665fdf67cd1ef9476eea473982d55f51,3e2c8579f7265860b011fe747af201935e3621054f77e9ddfe92505744ff4141,jpeg_compression,,generated from held-out ID only; never from train
images/dissertation_v1/ood/sensory_artifact/jpeg_compression/artifact_000051_07_jpeg_compression.png,1,train,synthetic_artifact,sensory_artifact,jpeg_compression,derived_from_synthetic_faf,,derived_or_generated_synthetic,test,2724d5477584ceda7ac38a44fd4998d0bd124d534ef5740828a1bc173338ea32,d98c4689f08b345b86108e34cac4f9e60ff36db08a9d29d0e3243ca1cf2c6941,jpeg_compression,,generated from held-out ID only; never from train
images/dissertation_v1/ood/sensory_artifact/jpeg_compression/artifact_000052_07_jpeg_compression.png,1,train,synthetic_artifact,sensory_artifact,jpeg_compression,derived_from_synthetic_faf,,derived_or_generated_synthetic,test,58a263c5e02fb191d0814a3a2165a0d2818729439291ea7628652d49f340766a,cd9af11e8731f9a6b9d13f0180c06c1f60c2ae8a695e16abc6268b79f1026b1e,jpeg_compression,,generated from held-out ID only; never from train
images/dissertation_v1/ood/sensory_artifact/jpeg_compression/artifact_000053_07_jpeg_compression.png,1,train,synthetic_artifact,sensory_artifact,jpeg_compression,derived_from_synthetic_faf,,derived_or_generated_synthetic,test,d12611ef8c0d5be60ce07842dff40b8b4dbef698992533875b5fc8bcbe7b1f87,2e75a99248d3ec4b650068aec6b8ba48becf403fe672e40267ecffa7fc22b01f,jpeg_compression,,generated from held-out ID only; never from train
images/dissertation_v1/ood/sensory_artifact/jpeg_compression/artifact_000054_07_jpeg_compression.png,1,train,synthetic_artifact,sensory_artifact,jpeg_compression,derived_from_synthetic_faf,,derived_or_generated_synthetic,test,6df700efa7ef103af2e69098d8aa3ae000a5d866242a868580629f880be49f20,f54f3645c72dc3a2c8558dc0200730edd83c26c1adc2e1b5b2dfb6a192f08c5d,jpeg_compression,,generated from held-out ID only; never from train
images/dissertation_v1/ood/sensory_artifact/jpeg_compression/artifact_000055_07_jpeg_compression.png,1,train,synthetic_artifact,sensory_artifact,jpeg_compression,derived_from_synthetic_faf,,derived_or_generated_synthetic,test,1c60a8aedccbb370e283e30f46966756096f05921ee207258a9651a80e8e0632,bb7ced17f3ce7864da174a6b78b7f34b25cf97ec01c15d5452696207f3063416,jpeg_compression,,generated from held-out ID only; never from train
images/dissertation_v1/ood/sensory_artifact/jpeg_compression/artifact_000056_07_jpeg_compression.png,1,train,synthetic_artifact,sensory_artifact,jpeg_compression,derived_from_synthetic_faf,,derived_or_generated_synthetic,test,67ebd209184f26b3708e68e04411ad66f9c9d9722affa5e7530a0dbf336e623e,5cac36dc7dbb94150b4cd1703091de1fb9f3dc8fb4edfd870bfc1b1f799f0eab,jpeg_compression,,generated from held-out ID only; never from train
images/dissertation_v1/ood/sensory_artifact/jpeg_compression/artifact_000057_07_jpeg_compression.png,1,train,synthetic_artifact,sensory_artifact,jpeg_compression,derived_from_synthetic_faf,,derived_or_generated_synthetic,test,a0f73d5c01eed9fd20af71ed0c678303500f666b91f3814ea16d7da08d34e240,31b43cdb11ddd17ba24311605ad64723ef0f74ce4e8dce09319ba9a7cb6f1b1e,jpeg_compression,,generated from held-out ID only; never from train
images/dissertation_v1/ood/sensory_artifact/jpeg_compression/artifact_000058_07_jpeg_compression.png,1,train,synthetic_artifact,sensory_artifact,jpeg_compression,derived_from_synthetic_faf,,derived_or_generated_synthetic,test,da46da81ffc372cc07c5b6e1aac6ba755c43aeafb82a72ea046f7a1ec738c8d1,1e2992825661100b10f082d608b60f166b2eecdd1dcd52d490128ed1a1ac49f4,jpeg_compression,,generated from held-out ID only; never from train
images/dissertation_v1/ood/sensory_artifact/jpeg_compression/artifact_000059_07_jpeg_compression.png,1,train,synthetic_artifact,sensory_artifact,jpeg_compression,derived_from_synthetic_faf,,derived_or_generated_synthetic,test,c26dc2ede2bbe21351f2b181178e59d0100c41a936a92c6c417ceea39b54a119,2869b22fa7b02533b8e39d46cc06f3f911655ac33a2ad6eb153d8279df5416b4,jpeg_compression,,generated from held-out ID only; never from train
images/dissertation_v1/ood/sensory_artifact/jpeg_compression/artifact_000060_07_jpeg_compression.png,1,train,synthetic_artifact,sensory_artifact,jpeg_compression,derived_from_synthetic_faf,,derived_or_generated_synthetic,test,2284a5dc08ed74ef0656e7c8dfe567c2c3d2973db7f61db425f7ae5a505a89cd,3a1a39ff67d065cd684acfd8e796efadd79cc73dbda7ad12dc6627016af7bdfc,jpeg_compression,,generated from held-out ID only; never from train
images/dissertation_v1/ood/sensory_artifact/jpeg_compression/artifact_000061_07_jpeg_compression.png,1,train,synthetic_artifact,sensory_artifact,jpeg_compression,derived_from_synthetic_faf,,derived_or_generated_synthetic,test,eb6245a5dfb242ac9d051d6d6aaace1951232b9566abe17e96bf3df0f8fdaa7f,12d8af55f0db94152dfed5578d720d5e721370d87553d40e7e89b8d273299636,jpeg_compression,,generated from held-out ID only; never from train
images/dissertation_v1/ood/sensory_artifact/jpeg_compression/artifact_000063_07_jpeg_compression.png,1,train,synthetic_artifact,sensory_artifact,jpeg_compression,derived_from_synthetic_faf,,derived_or_generated_synthetic,test,c039151193d1fbee32b64720c01e2aabb3f2f718e4055a450c8c660aa2be3fe1,58539b1cc5b2a259e54144a3d7324bd17b5f13ee4782a6a85efdd05699bf6c97,jpeg_compression,,generated from held-out ID only; never from train
images/dissertation_v1/ood/sensory_artifact/jpeg_compression/artifact_000067_07_jpeg_compression.png,1,train,synthetic_artifact,sensory_artifact,jpeg_compression,derived_from_synthetic_faf,,derived_or_generated_synthetic,test,29f028ad98aa09388a2633c819bf9ba3dbf5928a300143d6af291b7c1bc73d45,4537ee987e4cbb0f7d661f6b948ff440ff86ec102fe5267eab5b4c44a7b75a92,jpeg_compression,,generated from held-out ID only; never from train
images/dissertation_v1/ood/sensory_artifact/jpeg_compression/artifact_000072_07_jpeg_compression.png,1,train,synthetic_artifact,sensory_artifact,jpeg_compression,derived_from_synthetic_faf,,derived_or_generated_synthetic,test,06599d706329774080b7636acba70dd3df594b9faf72c70677458f5599ee6079,c8fe2b85f894306e93ed79f02f77da1427fdcbf995b0ad07e35c66f98bbdb7a0,jpeg_compression,,generated from held-out ID only; never from train
images/dissertation_v1/ood/sensory_artifact/jpeg_compression/artifact_000074_07_jpeg_compression.png,1,train,synthetic_artifact,sensory_artifact,jpeg_compression,derived_from_synthetic_faf,,derived_or_generated_synthetic,test,2cf0d004bf527f0e5bc94c6ebe82c8e65c149a64a7cb65099cfd3c122ef579b3,121676a35541005d3f7f769e374c3ffc28e6ae19878fc3c1ecd6709102443fe7,jpeg_compression,,generated from held-out ID only; never from train
images/dissertation_v1/ood/sensory_artifact/jpeg_compression/artifact_000075_07_jpeg_compression.png,1,train,synthetic_artifact,sensory_artifact,jpeg_compression,derived_from_synthetic_faf,,derived_or_generated_synthetic,test,73b60d37ea1dae6e15460ba51e5b7f564c024130f195efca42db44bf4ddf4c20,4f49d5898ef29e6dbba84b94fa73a55c1a29a6694e6822a9b64b7d09fa1a5c38,jpeg_compression,,generated from held-out ID only; never from train
images/dissertation_v1/ood/sensory_artifact/jpeg_compression/artifact_000076_07_jpeg_compression.png,1,train,synthetic_artifact,sensory_artifact,jpeg_compression,derived_from_synthetic_faf,,derived_or_generated_synthetic,test,e84aa6111f8dd9c45f039a57af5ba67b4975df0fb82319efd464c65a808f9fbc,c85bb9fb9937eec3a0f35515011e5ac1382b6995e2ad67861523bd730778ee5c,jpeg_compression,,generated from held-out ID only; never from train
images/dissertation_v1/ood/sensory_artifact/jpeg_compression/artifact_000078_07_jpeg_compression.png,1,train,synthetic_artifact,sensory_artifact,jpeg_compression,derived_from_synthetic_faf,,derived_or_generated_synthetic,test,de40998facc763028495022009e95f494e088c13f01f1e57a015416068c419b6,9af2f45d4b55869623d7ce9516709e60795adfd67a812b55afb17354b9baf5d2,jpeg_compression,,generated from held-out ID only; never from train
images/dissertation_v1/ood/sensory_artifact/jpeg_compression/artifact_000079_07_jpeg_compression.png,1,train,synthetic_artifact,sensory_artifact,jpeg_compression,derived_from_synthetic_faf,,derived_or_generated_synthetic,test,c200ccc6d4de122cf7d3450c14c3bd451be69e206d35243b18164d9d898e3d95,82150b28a408cd90cad8ac33ead707590a8ba8d83cf3038f0788ed2cb27a2f89,jpeg_compression,,generated from held-out ID only; never from train
images/dissertation_v1/ood/sensory_artifact/jpeg_compression/artifact_000082_07_jpeg_compression.png,1,train,synthetic_artifact,sensory_artifact,jpeg_compression,derived_from_synthetic_faf,,derived_or_generated_synthetic,test,b24b4c03e30301ca6e66d95879a61b45a7c5786fca44e636328ac87ee530867b,5d2c59717f3d4d8170ce1f409aaaf7db80f7ae2685fb909f9db1013ab32d5c49,jpeg_compression,,generated from held-out ID only; never from train
images/dissertation_v1/ood/sensory_artifact/jpeg_compression/artifact_000084_07_jpeg_compression.png,1,train,synthetic_artifact,sensory_artifact,jpeg_compression,derived_from_synthetic_faf,,derived_or_generated_synthetic,test,4cf1ccf929410833c6130c06a7d6527edb530a2f847059130ce77942f97e9cf3,78be763eaa256c23ee59dbb43099a704088867a498e0712f9b39fca6e2a1a9e5,jpeg_compression,,generated from held-out ID only; never from train
images/dissertation_v1/ood/sensory_artifact/jpeg_compression/artifact_000087_07_jpeg_compression.png,1,train,synthetic_artifact,sensory_artifact,jpeg_compression,derived_from_synthetic_faf,,derived_or_generated_synthetic,test,9fa8627a8ba86daf6156a1238d72da7b203aafe83742a94cba3edf93d3c2c013,8483b73bf3d280c2e7e75a7509b0bc94b7dd44e58f6d9814a899fb0b9732175a,jpeg_compression,,generated from held-out ID only; never from train
images/dissertation_v1/ood/sensory_artifact/jpeg_compression/artifact_000089_07_jpeg_compression.png,1,train,synthetic_artifact,sensory_artifact,jpeg_compression,derived_from_synthetic_faf,,derived_or_generated_synthetic,test,e9c172ab36ed79f90ba8740bd60cd36d8f96b205c003c09f26206130b85f9e5e,b3a3c25e180e7101a1b8c68aaee59031e3cdfca99d012931bf3981f7cf7b3148,jpeg_compression,,generated from held-out ID only; never from train
images/dissertation_v1/ood/sensory_artifact/jpeg_compression/artifact_000090_07_jpeg_compression.png,1,train,synthetic_artifact,sensory_artifact,jpeg_compression,derived_from_synthetic_faf,,derived_or_generated_synthetic,test,c6aebe4bd3972284a456af7e5ce3aa841040f40df4d662db2a5d715b7e1c861f,3fca0579b63c1ae9218257ecf5fcae692b8b00b38f3afc621efdadf6a57debb7,jpeg_compression,,generated from held-out ID only; never from train
images/dissertation_v1/ood/sensory_artifact/jpeg_compression/artifact_000094_07_jpeg_compression.png,1,train,synthetic_artifact,sensory_artifact,jpeg_compression,derived_from_synthetic_faf,,derived_or_generated_synthetic,test,bc67ff0714b63afefd6dc13a97ac8c9b2414da212816728a9884f5703dd9d76c,ee8fa9a0a71d9854bc709dffc04506fd677490df5d65bac869c0430e8faf78bd,jpeg_compression,,generated from held-out ID only; never from train
images/dissertation_v1/ood/sensory_artifact/jpeg_compression/artifact_000095_07_jpeg_compression.png,1,train,synthetic_artifact,sensory_artifact,jpeg_compression,derived_from_synthetic_faf,,derived_or_generated_synthetic,test,d3efe7c6b9e55de3cec0557161de58c27c8ec8ab80ebfcb4f051170409eabf15,36c01ce75ef8cd22d56a154a5e850c4a421754027b40778b2ec4204014e0ab30,jpeg_compression,,generated from held-out ID only; never from train
images/dissertation_v1/ood/sensory_artifact/jpeg_compression/artifact_000096_07_jpeg_compression.png,1,train,synthetic_artifact,sensory_artifact,jpeg_compression,derived_from_synthetic_faf,,derived_or_generated_synthetic,test,3c155985186c22da2679943947e763bac6c3a80ce013465ffe99a1f46b4624e3,618463cdedc1dfd6f8a910f4da6b05226a0546e4ace629eb24575e221d643b5a,jpeg_compression,,generated from held-out ID only; never from train
images/dissertation_v1/ood/sensory_artifact/jpeg_compression/artifact_000098_07_jpeg_compression.png,1,train,synthetic_artifact,sensory_artifact,jpeg_compression,derived_from_synthetic_faf,,derived_or_generated_synthetic,test,1df535cc2b6dcd2d4aad0ab6e1f07f5f7a69f6864c024e2326dcb9e5de0aac60,ad1776fe9a4a4e0ac6dbc4fc86dc77490335756c571e1cac5c09b465f0c4b535,jpeg_compression,,generated from held-out ID only; never from train
images/dissertation_v1/ood/sensory_artifact/jpeg_compression/artifact_000100_07_jpeg_compression.png,1,train,synthetic_artifact,sensory_artifact,jpeg_compression,derived_from_synthetic_faf,,derived_or_generated_synthetic,test,874e89c8a3b9cc5046c3eb20647ec19666deef931b42bcd465e98522a82bd7d0,72629a18912da54c8f255baf6b2684e92df9a2ae8daa4964790904e299592680,jpeg_compression,,generated from held-out ID only; never from train
images/dissertation_v1/ood/sensory_artifact/jpeg_compression/artifact_000101_07_jpeg_compression.png,1,train,synthetic_artifact,sensory_artifact,jpeg_compression,derived_from_synthetic_faf,,derived_or_generated_synthetic,test,0ee35c6177b7e7a82648ae03a689cb47a34af6edd0fd2e823843020041d56365,fd219f500dae4056481182b308e0fcd849c7712eea0f81adbed8fdb9fb27b484,jpeg_compression,,generated from held-out ID only; never from train
images/dissertation_v1/ood/sensory_artifact/jpeg_compression/artifact_000102_07_jpeg_compression.png,1,train,synthetic_artifact,sensory_artifact,jpeg_compression,derived_from_synthetic_faf,,derived_or_generated_synthetic,test,2db0be52c522819cab9150ac2e1abe4dc06316a23395c6e5701456b8a1713652,876590b0a765ef6079e51d67a6947a5af2a14a9fbeccf29ca3f63f876f1fda65,jpeg_compression,,generated from held-out ID only; never from train
images/dissertation_v1/ood/sensory_artifact/jpeg_compression/artifact_000105_07_jpeg_compression.png,1,train,synthetic_artifact,sensory_artifact,jpeg_compression,derived_from_synthetic_faf,,derived_or_generated_synthetic,test,5566841c7978d67f083ce9422199c4d9dc75fbb9b879859c4eb3b60e5792b920,5aeefa494416110fc3806f91b7263e927a7398a19bcbe5c7e6b7e7cc6c626ce9,jpeg_compression,,generated from held-out ID only; never from train
images/dissertation_v1/ood/sensory_artifact/jpeg_compression/artifact_000108_07_jpeg_compression.png,1,train,synthetic_artifact,sensory_artifact,jpeg_compression,derived_from_synthetic_faf,,derived_or_generated_synthetic,test,29b81d45c1fa502f1fc3ac7b2af317958364d89083ef35a6cddbe8e117701dc0,7d72468a874689e25e4b5a25de725a8c0569ab36560fb167471c695722a7a5a1,jpeg_compression,,generated from held-out ID only; never from train
images/dissertation_v1/ood/sensory_artifact/jpeg_compression/artifact_000109_07_jpeg_compression.png,1,train,synthetic_artifact,sensory_artifact,jpeg_compression,derived_from_synthetic_faf,,derived_or_generated_synthetic,test,d93a611d565c06732ccc847fff0eae42f503e1bff3527150afe308ef44fa405d,34f334303d87d3fece2fa5c693e847b9026173d7beed69537aeda43d5b114c55,jpeg_compression,,generated from held-out ID only; never from train
images/dissertation_v1/ood/sensory_artifact/jpeg_compression/artifact_000110_07_jpeg_compression.png,1,train,synthetic_artifact,sensory_artifact,jpeg_compression,derived_from_synthetic_faf,,derived_or_generated_synthetic,test,95d318335382f8d1df3efdfec7ec4a049ddb4838dd3db7ba8d37b20aa7b744eb,fee378e906a17520f332f1acc698a2c84788b70cd2669ff7b40c88519c15f9d4,jpeg_compression,,generated from held-out ID only; never from train
images/dissertation_v1/ood/sensory_artifact/jpeg_compression/artifact_000112_07_jpeg_compression.png,1,train,synthetic_artifact,sensory_artifact,jpeg_compression,derived_from_synthetic_faf,,derived_or_generated_synthetic,test,ea2c9137928c5e4625e2fe2c680a4b64f161aa5da08c47b9891414e94a3b76f6,0082a17690ee34f87cc084ca701192ff9bc09e65a2103ac1c6ae25c2f6d5afac,jpeg_compression,,generated from held-out ID only; never from train
images/dissertation_v1/ood/sensory_artifact/jpeg_compression/artifact_000113_07_jpeg_compression.png,1,train,synthetic_artifact,sensory_artifact,jpeg_compression,derived_from_synthetic_faf,,derived_or_generated_synthetic,test,e3c8c785f6d95c1849f93f2ff2a241c4f755d923ce4bee0cfdf9b48cb5c9b2f8,f0a16dcee05bb93fc69293dec6b37b44edad69ce668e805549309e0aa6a401cc,jpeg_compression,,generated from held-out ID only; never from train
images/dissertation_v1/ood/sensory_artifact/jpeg_compression/artifact_000114_07_jpeg_compression.png,1,train,synthetic_artifact,sensory_artifact,jpeg_compression,derived_from_synthetic_faf,,derived_or_generated_synthetic,test,203814bd5561ea0fc34f519f574d784f7aa53d14a1b41fcc6d07ba01d023184f,f899478c2f1d44604649c59e088f1ba582e468bacf515f9dd0249ee2cf16e0bb,jpeg_compression,,generated from held-out ID only; never from train
images/dissertation_v1/ood/sensory_artifact/jpeg_compression/artifact_000115_07_jpeg_compression.png,1,train,synthetic_artifact,sensory_artifact,jpeg_compression,derived_from_synthetic_faf,,derived_or_generated_synthetic,test,53c9e58c19c2962a82612a73aa5ae23315a3ba8156ea63d75a12b9515fbd2ea8,f9dd7c6f3daaf3b557787bcdc1c3ecdd27fc21186ef190f88728218f6cea9bde,jpeg_compression,,generated from held-out ID only; never from train
images/dissertation_v1/ood/sensory_artifact/jpeg_compression/artifact_000116_07_jpeg_compression.png,1,train,synthetic_artifact,sensory_artifact,jpeg_compression,derived_from_synthetic_faf,,derived_or_generated_synthetic,test,852e1c183359751c8e95d786708038c600e5a65b3a1c82c409e2530863396dec,981c3d303c80b102eddb306f12e711c2b30df817b3cb9896889b09c72edee0dc,jpeg_compression,,generated from held-out ID only; never from train
images/dissertation_v1/ood/sensory_artifact/jpeg_compression/artifact_000120_07_jpeg_compression.png,1,train,synthetic_artifact,sensory_artifact,jpeg_compression,derived_from_synthetic_faf,,derived_or_generated_synthetic,test,d3d086b2c6cff70687d54b4743ed1c70c483f49b538916a4dca58b2160bb9a9c,6050df662b7b43400e1ebcf42f771fb1a9c17485583af5e78204a70a08fb29c9,jpeg_compression,,generated from held-out ID only; never from train
images/dissertation_v1/ood/sensory_artifact/jpeg_compression/artifact_000121_07_jpeg_compression.png,1,train,synthetic_artifact,sensory_artifact,jpeg_compression,derived_from_synthetic_faf,,derived_or_generated_synthetic,test,2bffacae1fadfafe6528498221937909912bb528d3922dc67340ac29192c815f,76663bd120041d5058985d3efa42b23e50de4086393997695a050775c4116f62,jpeg_compression,,generated from held-out ID only; never from train
images/dissertation_v1/ood/sensory_artifact/jpeg_compression/artifact_000122_07_jpeg_compression.png,1,train,synthetic_artifact,sensory_artifact,jpeg_compression,derived_from_synthetic_faf,,derived_or_generated_synthetic,test,4f8ba8d2c1e4644deb0570c99c0b2498d6b5c69ba524293c866e241dacfa4211,265117c12dd093ed24562953f1f5fb10cc2a9ed74f2fac2312bd6629f939e390,jpeg_compression,,generated from held-out ID only; never from train
images/dissertation_v1/ood/sensory_artifact/jpeg_compression/artifact_000125_07_jpeg_compression.png,1,train,synthetic_artifact,sensory_artifact,jpeg_compression,derived_from_synthetic_faf,,derived_or_generated_synthetic,test,f3c90405de9599c16027811164eeea53b3d06697cf556b51b888399627ed55b2,7d411bc78dd10c916d8f3a829c53247234311a09b970a9f37107e2bee3f88e6f,jpeg_compression,,generated from held-out ID only; never from train
images/dissertation_v1/ood/sensory_artifact/jpeg_compression/artifact_000127_07_jpeg_compression.png,1,train,synthetic_artifact,sensory_artifact,jpeg_compression,derived_from_synthetic_faf,,derived_or_generated_synthetic,test,11e734bfeb7cd5cad1b0322c62203fcb0fec95cb03d90290d15322770f45bb41,1d9bde0c3df2046a73385263a0f0f6b667dc8fcc40164c4219c812103b6ed89a,jpeg_compression,,generated from held-out ID only; never from train
images/dissertation_v1/ood/sensory_artifact/jpeg_compression/artifact_000128_07_jpeg_compression.png,1,train,synthetic_artifact,sensory_artifact,jpeg_compression,derived_from_synthetic_faf,,derived_or_generated_synthetic,test,6f57e90d4574627a4bbea1353a9a329a9e020d25d9460a909b8d303a0f613f2c,f0aaf9cb3094aeb127eef0f67ef481b6683337c3b7ddbc8cf3783d63648d764e,jpeg_compression,,generated from held-out ID only; never from train
images/dissertation_v1/ood/sensory_artifact/jpeg_compression/artifact_000131_07_jpeg_compression.png,1,train,synthetic_artifact,sensory_artifact,jpeg_compression,derived_from_synthetic_faf,,derived_or_generated_synthetic,test,d01ae2c95e9943fa6180502002b92510ede083542082db9f0be6fa3fc1f1af7d,75cdb6a34fef7077b3c995565448dce323f3c26eecab573379d9dfb734a8db7b,jpeg_compression,,generated from held-out ID only; never from train
images/dissertation_v1/ood/sensory_artifact/jpeg_compression/artifact_000134_07_jpeg_compression.png,1,train,synthetic_artifact,sensory_artifact,jpeg_compression,derived_from_synthetic_faf,,derived_or_generated_synthetic,test,1517690963a2cad63ca4e2a5aeca47a6e95ac26af510d2c33b7c563c38d40d06,7c7ce6b5321de586e2a73555e7709e226600e93382ad9f6a36e75d0d790f2ff8,jpeg_compression,,generated from held-out ID only; never from train
images/dissertation_v1/ood/sensory_artifact/jpeg_compression/artifact_000135_07_jpeg_compression.png,1,train,synthetic_artifact,sensory_artifact,jpeg_compression,derived_from_synthetic_faf,,derived_or_generated_synthetic,test,3b3ac0ca49ca67265f8b2c4c2f201c2882cb62eeec4027bcfece8c3bec301b3c,30954c72a9fb85152713d1ddf07ab06d48566e4f5a9101d121d95a220b380007,jpeg_compression,,generated from held-out ID only; never from train
images/dissertation_v1/ood/sensory_artifact/jpeg_compression/artifact_000136_07_jpeg_compression.png,1,train,synthetic_artifact,sensory_artifact,jpeg_compression,derived_from_synthetic_faf,,derived_or_generated_synthetic,test,e5d804d7d07a886ce9f98f100c4dcfa3d45d37eabbe4009db834b847acfee7d5,f2a50ebec8d4c518d3dddfc9a597c3cd31e78cd19d54e81a0d05b6e0154973a6,jpeg_compression,,generated from held-out ID only; never from train
images/dissertation_v1/ood/sensory_artifact/jpeg_compression/artifact_000137_07_jpeg_compression.png,1,train,synthetic_artifact,sensory_artifact,jpeg_compression,derived_from_synthetic_faf,,derived_or_generated_synthetic,test,f98fda3f780cb8c95371af9207d32fd9db9c50b3d210dc39290b68b16185afe2,7a794e04216d10b75a621304cc1d0fc7699b12295c58000ad5f0d937c8cafdea,jpeg_compression,,generated from held-out ID only; never from train
images/dissertation_v1/ood/sensory_artifact/jpeg_compression/artifact_000139_07_jpeg_compression.png,1,train,synthetic_artifact,sensory_artifact,jpeg_compression,derived_from_synthetic_faf,,derived_or_generated_synthetic,test,a710bbbd3a11a1206a1280c0758c0521bf79b81874873d709077d7d943862345,4d2d7cfa2ba311c178fa68aa390eb321c4df388e5a907d7f5fa285965d42f64f,jpeg_compression,,generated from held-out ID only; never from train
images/dissertation_v1/ood/sensory_artifact/jpeg_compression/artifact_000140_07_jpeg_compression.png,1,train,synthetic_artifact,sensory_artifact,jpeg_compression,derived_from_synthetic_faf,,derived_or_generated_synthetic,test,c53aa14b31084a45ec664491b33618e051bc77d68ba7ec9f643525e85bff4748,c3e729187cae4fd775b713fa853a2456200b4faab0240643a30ad5594fc62d51,jpeg_compression,,generated from held-out ID only; never from train
images/dissertation_v1/ood/sensory_artifact/jpeg_compression/artifact_000141_07_jpeg_compression.png,1,train,synthetic_artifact,sensory_artifact,jpeg_compression,derived_from_synthetic_faf,,derived_or_generated_synthetic,test,3867fb0d698c88f9784068d33302e68c16d663cfe164e282379fc5323293ed88,1ecac33ab07d51111996036ab3fb88d5c08e171ff2a971e9acf5525296dea1c7,jpeg_compression,,generated from held-out ID only; never from train
images/dissertation_v1/ood/sensory_artifact/jpeg_compression/artifact_000142_07_jpeg_compression.png,1,train,synthetic_artifact,sensory_artifact,jpeg_compression,derived_from_synthetic_faf,,derived_or_generated_synthetic,test,1640d90c09e24605d4e668434812cec7f01d8bda06548428c609381b82d143bb,b9b696bd906b4c55bc36c91d9a2b4388150f80bb9b930062cdd275733b118cf0,jpeg_compression,,generated from held-out ID only; never from train
images/dissertation_v1/ood/sensory_artifact/jpeg_compression/artifact_000143_07_jpeg_compression.png,1,train,synthetic_artifact,sensory_artifact,jpeg_compression,derived_from_synthetic_faf,,derived_or_generated_synthetic,test,71683d5f3121fb750baf1c3387f92fe3bcc87f941ef7e6f6ac34562d3117e3f4,29f8a59dce4344d3c3d5bcc8a0171474bd6e50bc1c0823a4ae0da7e45d8604e7,jpeg_compression,,generated from held-out ID only; never from train
images/dissertation_v1/ood/sensory_artifact/jpeg_compression/artifact_000145_07_jpeg_compression.png,1,train,synthetic_artifact,sensory_artifact,jpeg_compression,derived_from_synthetic_faf,,derived_or_generated_synthetic,test,3a97fab9580e04ed41baaadc593d55488a488680c2465c7beca7b50cfa72eae5,578e6780b90d93dbd87714cf5bf1b0470f458e55596c36959b30ade921980aa8,jpeg_compression,,generated from held-out ID only; never from train
images/dissertation_v1/ood/sensory_artifact/jpeg_compression/artifact_000147_07_jpeg_compression.png,1,train,synthetic_artifact,sensory_artifact,jpeg_compression,derived_from_synthetic_faf,,derived_or_generated_synthetic,test,08dbc15e3df4247d4b270d35164c446af65ed0b7016298e86c18085f37a06c1b,2e934d86b1b37029c030e42e88b7112e2b5f81459322644877d85a5593aed347,jpeg_compression,,generated from held-out ID only; never from train
images/dissertation_v1/ood/sensory_artifact/jpeg_compression/artifact_000148_07_jpeg_compression.png,1,train,synthetic_artifact,sensory_artifact,jpeg_compression,derived_from_synthetic_faf,,derived_or_generated_synthetic,test,17eda03317b74e718a731256d2ece91212e3a0bf48b193632f8803766d78429c,18bdaf47632912f68f6b587cf57bc6844e251ca95824ceaebac102e755d86e81,jpeg_compression,,generated from held-out ID only; never from train
images/dissertation_v1/ood/sensory_artifact/rectangle_annotation/artifact_000001_01_rectangle_annotation.png,1,train,synthetic_artifact,sensory_artifact,rectangle_annotation,derived_from_synthetic_faf,,derived_or_generated_synthetic,test,1854f7a402360c858503b1d52dc61baadab36a2f56dca0ff5957697cddbba188,1a6fa85a126f3582d51f16ba281f47c1bf2c3e337748511a1c45e4ec0a690674,rectangle_annotation,,generated from held-out ID only; never from train
images/dissertation_v1/ood/sensory_artifact/rectangle_annotation/artifact_000002_01_rectangle_annotation.png,1,train,synthetic_artifact,sensory_artifact,rectangle_annotation,derived_from_synthetic_faf,,derived_or_generated_synthetic,test,730e0e036f6bc2768d2f172da40bc16bce4e4a832537f45b2ae8a86408387c06,3fe16ad039a6555522438a9b9dd1a0de6bd787a7001116e06a97b4f034684ba2,rectangle_annotation,,generated from held-out ID only; never from train
images/dissertation_v1/ood/sensory_artifact/rectangle_annotation/artifact_000004_01_rectangle_annotation.png,1,train,synthetic_artifact,sensory_artifact,rectangle_annotation,derived_from_synthetic_faf,,derived_or_generated_synthetic,test,ad83e32dab44b197008f41ca92c51fda3b6934a63a3978362bf0433d492a3d4d,d1f816cb395b94664ca9fc285317aa28d5757c61e7466f4d035552df5a7b2ef4,rectangle_annotation,,generated from held-out ID only; never from train
images/dissertation_v1/ood/sensory_artifact/rectangle_annotation/artifact_000005_01_rectangle_annotation.png,1,train,synthetic_artifact,sensory_artifact,rectangle_annotation,derived_from_synthetic_faf,,derived_or_generated_synthetic,test,a8052f43584a09054f7f8c796b5226542f2f5f14e2647ba720e36ff41636d0a9,a37d2499bdadac9b672e002cf5b14bc830d68e387c1ea4405083eb6eed030d26,rectangle_annotation,,generated from held-out ID only; never from train
images/dissertation_v1/ood/sensory_artifact/rectangle_annotation/artifact_000006_01_rectangle_annotation.png,1,train,synthetic_artifact,sensory_artifact,rectangle_annotation,derived_from_synthetic_faf,,derived_or_generated_synthetic,test,5124c1aed60b253e9157b0286bf1a9abf4a76e8b144d75430e9e609ff11a9326,31d5f5ed5ac046981c6cb1df50192091daa4b282d054e8095b9e025b42afeb88,rectangle_annotation,,generated from held-out ID only; never from train
images/dissertation_v1/ood/sensory_artifact/rectangle_annotation/artifact_000007_01_rectangle_annotation.png,1,train,synthetic_artifact,sensory_artifact,rectangle_annotation,derived_from_synthetic_faf,,derived_or_generated_synthetic,test,b6f9efc4b22a013a870e607b7153f69764a7231bc0f4e917dcd6c933db5280c8,f42ab30d20b276c5fba40818aeb540adbd4fef553ec7196ea828c0a30f5f349f,rectangle_annotation,,generated from held-out ID only; never from train
images/dissertation_v1/ood/sensory_artifact/rectangle_annotation/artifact_000008_01_rectangle_annotation.png,1,train,synthetic_artifact,sensory_artifact,rectangle_annotation,derived_from_synthetic_faf,,derived_or_generated_synthetic,test,fb5f4bbed27400bf213a4cba310c6d9f74462025f8af5e075d3910b11a1bf93e,e6c4a5d7163b7548a0b47040c1306557f98a486871b94c8da983fdc932729197,rectangle_annotation,,generated from held-out ID only; never from train
images/dissertation_v1/ood/sensory_artifact/rectangle_annotation/artifact_000011_01_rectangle_annotation.png,1,train,synthetic_artifact,sensory_artifact,rectangle_annotation,derived_from_synthetic_faf,,derived_or_generated_synthetic,test,15505355d25e0a0e6caa5b3f0e5964eac5cd3a5af33513ffb4924f3f4dde54a9,d822b0621f3574fb70a96904005d10d950c5fed12e7f0f1c78edbcb396fbd7ac,rectangle_annotation,,generated from held-out ID only; never from train
images/dissertation_v1/ood/sensory_artifact/rectangle_annotation/artifact_000012_01_rectangle_annotation.png,1,train,synthetic_artifact,sensory_artifact,rectangle_annotation,derived_from_synthetic_faf,,derived_or_generated_synthetic,test,9ea64267b2e5b27016d949f4181e06a397a52640cb3737aa5eb5d60545d47597,d924c9e1fbeb5b22e9ce25fbb30850ed8464394de79d31630d85707afefbd75b,rectangle_annotation,,generated from held-out ID only; never from train
images/dissertation_v1/ood/sensory_artifact/rectangle_annotation/artifact_000013_01_rectangle_annotation.png,1,train,synthetic_artifact,sensory_artifact,rectangle_annotation,derived_from_synthetic_faf,,derived_or_generated_synthetic,test,995ef4dd0ab7f031b227b8364ab8635323e323b5110f67b85533b2854445a971,0b875e277b8f1482ac5d0457e95fcb05cd77208c0e9e5356f266f98ccab7e3ed,rectangle_annotation,,generated from held-out ID only; never from train
images/dissertation_v1/ood/sensory_artifact/rectangle_annotation/artifact_000014_01_rectangle_annotation.png,1,train,synthetic_artifact,sensory_artifact,rectangle_annotation,derived_from_synthetic_faf,,derived_or_generated_synthetic,test,02f40ebd474f8ae40e1bd6aba9ca134b5cdd72ec91cd6f579cbb1646d978ce5e,50eb07963b954a027224c212fef91ed6b91ad3d68a58e0fb6e2fd32ccb4b8bd1,rectangle_annotation,,generated from held-out ID only; never from train
images/dissertation_v1/ood/sensory_artifact/rectangle_annotation/artifact_000015_01_rectangle_annotation.png,1,train,synthetic_artifact,sensory_artifact,rectangle_annotation,derived_from_synthetic_faf,,derived_or_generated_synthetic,test,f0538fa080588394b024cce73536bcc7a455f8e03c352a807b1c91983f6ff570,38fbaedc8df6557c3519716071afbe70dbb54496bc3eda4dbd28443246ef0539,rectangle_annotation,,generated from held-out ID only; never from train
images/dissertation_v1/ood/sensory_artifact/rectangle_annotation/artifact_000017_01_rectangle_annotation.png,1,train,synthetic_artifact,sensory_artifact,rectangle_annotation,derived_from_synthetic_faf,,derived_or_generated_synthetic,test,968ac61965afdbc7d0cf137f728137cf3d6c3efcf5132628f31cdb50fbc8dbfb,0861672a24270580387eea90d8f3ddd826a52d63c4428364052dec6bca1959ee,rectangle_annotation,,generated from held-out ID only; never from train
images/dissertation_v1/ood/sensory_artifact/rectangle_annotation/artifact_000018_01_rectangle_annotation.png,1,train,synthetic_artifact,sensory_artifact,rectangle_annotation,derived_from_synthetic_faf,,derived_or_generated_synthetic,test,559e2926d50ea7d787460fd72a0c6288a8496cd76e50f2ab50fb2899f6b31473,fd6fd89f280a24b4873a415a5fc1f7315de7c22e49be7073c6a9348d08c1f07b,rectangle_annotation,,generated from held-out ID only; never from train
images/dissertation_v1/ood/sensory_artifact/rectangle_annotation/artifact_000019_01_rectangle_annotation.png,1,train,synthetic_artifact,sensory_artifact,rectangle_annotation,derived_from_synthetic_faf,,derived_or_generated_synthetic,test,dfab76f78005d66d5c17bf75652773bace5cf812a80c705de6439c37fd21c0a6,f9a033e1944d7b29d126d036c4a91b903f0c3c335a85177788beafc3fe8b70da,rectangle_annotation,,generated from held-out ID only; never from train
images/dissertation_v1/ood/sensory_artifact/rectangle_annotation/artifact_000020_01_rectangle_annotation.png,1,train,synthetic_artifact,sensory_artifact,rectangle_annotation,derived_from_synthetic_faf,,derived_or_generated_synthetic,test,70d1a119e667a5b65641f7785700941d04ec779ad21012eb216b32ba9a9300a3,5db33929cee5ce3d7b21de926a708da9a1e5e2b0c82a9430eebe1296f81aeaa3,rectangle_annotation,,generated from held-out ID only; never from train
images/dissertation_v1/ood/sensory_artifact/rectangle_annotation/artifact_000029_01_rectangle_annotation.png,1,train,synthetic_artifact,sensory_artifact,rectangle_annotation,derived_from_synthetic_faf,,derived_or_generated_synthetic,test,c5f5c9458a5a90d142574aaeb5744a4636c1b8bd05611a2ad6b2acf158db32bb,06df7d1f687f8a014291b723a7281d280cf107ae764e77fc64a0958208a42440,rectangle_annotation,,generated from held-out ID only; never from train
images/dissertation_v1/ood/sensory_artifact/rectangle_annotation/artifact_000030_01_rectangle_annotation.png,1,train,synthetic_artifact,sensory_artifact,rectangle_annotation,derived_from_synthetic_faf,,derived_or_generated_synthetic,test,8a2ef8f19069955b54921c2cfa6504dd0ba371694e0cded8d702201146d5dc92,1abcc3a996b7ea0932243de4f741b523f245b8f81cda49fac05b1a1a0c363278,rectangle_annotation,,generated from held-out ID only; never from train
images/dissertation_v1/ood/sensory_artifact/rectangle_annotation/artifact_000032_01_rectangle_annotation.png,1,train,synthetic_artifact,sensory_artifact,rectangle_annotation,derived_from_synthetic_faf,,derived_or_generated_synthetic,test,336ed687799990780a6df3afb6dabb466e9cdd6093b97dac6d5dd21f68355465,cd4f8184a0ffa557274b13b0ea3902f73d674253ac57ec26c12c3c5026cf2b80,rectangle_annotation,,generated from held-out ID only; never from train
images/dissertation_v1/ood/sensory_artifact/rectangle_annotation/artifact_000035_01_rectangle_annotation.png,1,train,synthetic_artifact,sensory_artifact,rectangle_annotation,derived_from_synthetic_faf,,derived_or_generated_synthetic,test,caed47c3d4f9ca7364b74e6ba0ad6d5cb1334c5028f4b18bd506f54a21eefbf2,ad2206e763d2fe74e820f9849e3d5c70fae09a566c7d71af4a5642de99425176,rectangle_annotation,,generated from held-out ID only; never from train
images/dissertation_v1/ood/sensory_artifact/rectangle_annotation/artifact_000036_01_rectangle_annotation.png,1,train,synthetic_artifact,sensory_artifact,rectangle_annotation,derived_from_synthetic_faf,,derived_or_generated_synthetic,test,400bac00750c98cb601108688199d012244d8ff4b5cd86e8ce199ed7f9fffb58,6ec6209b2791522f0608c0e98d17415b05002c0ab9a4d1fff0df547aa6b1ecab,rectangle_annotation,,generated from held-out ID only; never from train
images/dissertation_v1/ood/sensory_artifact/rectangle_annotation/artifact_000037_01_rectangle_annotation.png,1,train,synthetic_artifact,sensory_artifact,rectangle_annotation,derived_from_synthetic_faf,,derived_or_generated_synthetic,test,50e862dfd6949b5abc56b4ad6186a2b0be01616681f3aa4c22add6e81f628bde,1d93bc13ac331db7a072736022e31038f869f965793787c53f3d2a57ec76cd8d,rectangle_annotation,,generated from held-out ID only; never from train
images/dissertation_v1/ood/sensory_artifact/rectangle_annotation/artifact_000038_01_rectangle_annotation.png,1,train,synthetic_artifact,sensory_artifact,rectangle_annotation,derived_from_synthetic_faf,,derived_or_generated_synthetic,test,e7726dc38ee457374bf3f7bc6e8afab125c8448648a2282906c5b30824532438,8cc0640073e0f9c820b460efc0c58ec7414b7e8df823d5f1c93b38ba793d8902,rectangle_annotation,,generated from held-out ID only; never from train
images/dissertation_v1/ood/sensory_artifact/rectangle_annotation/artifact_000040_01_rectangle_annotation.png,1,train,synthetic_artifact,sensory_artifact,rectangle_annotation,derived_from_synthetic_faf,,derived_or_generated_synthetic,test,9b72359dc914365463e43474197340f4955f969bc3ce0aa0a883e73fadaa0966,aa24c50bf2b5968019954cbc11eda597cb49e3a77a7856d909c0ad771f83887e,rectangle_annotation,,generated from held-out ID only; never from train
images/dissertation_v1/ood/sensory_artifact/rectangle_annotation/artifact_000041_01_rectangle_annotation.png,1,train,synthetic_artifact,sensory_artifact,rectangle_annotation,derived_from_synthetic_faf,,derived_or_generated_synthetic,test,e7b50dfef19e47e600e90b08b508ded2d1b900ea706dafbf0083cd31f2960e4d,81a78d254ea6b2a2f5a4affbfb96971984508cdd9229061837c581ec353ebdad,rectangle_annotation,,generated from held-out ID only; never from train
images/dissertation_v1/ood/sensory_artifact/rectangle_annotation/artifact_000044_01_rectangle_annotation.png,1,train,synthetic_artifact,sensory_artifact,rectangle_annotation,derived_from_synthetic_faf,,derived_or_generated_synthetic,test,1f42bc1d08ab9e9d597e6905597c0d0fba67af7b2dfa0e769d9eec1bce8eafaa,a0fc7b7ace1490826b0bfc495d19e7bc00e13443171428e6b5659b32253005a7,rectangle_annotation,,generated from held-out ID only; never from train
images/dissertation_v1/ood/sensory_artifact/rectangle_annotation/artifact_000046_01_rectangle_annotation.png,1,train,synthetic_artifact,sensory_artifact,rectangle_annotation,derived_from_synthetic_faf,,derived_or_generated_synthetic,test,7b162be8d3b4efeaca1f0d308fc0b7d0de5ea59bfea0e057ac604ac2f6af9dac,13e2d91e78a8714c322247a847463a3c9b3942269050fac1dac7fa44bf951da6,rectangle_annotation,,generated from held-out ID only; never from train
images/dissertation_v1/ood/sensory_artifact/rectangle_annotation/artifact_000047_01_rectangle_annotation.png,1,train,synthetic_artifact,sensory_artifact,rectangle_annotation,derived_from_synthetic_faf,,derived_or_generated_synthetic,test,c0acb0d76c0d278088116f4dcd2e8f5259b37433be92ed01a75c5b4038a3e01e,9027c7c813d92085e7eb1335e0de9e66ebd9b6730a0da446ba8e26cfbd03b685,rectangle_annotation,,generated from held-out ID only; never from train
images/dissertation_v1/ood/sensory_artifact/rectangle_annotation/artifact_000048_01_rectangle_annotation.png,1,train,synthetic_artifact,sensory_artifact,rectangle_annotation,derived_from_synthetic_faf,,derived_or_generated_synthetic,test,375a97b72c1726f1b6772866504b22360c3fc8a5537cc793b99ca2077170be39,36f73c8b9761160f2d53cae70e3f531a67de1e24ad2ae6fcf48727198c793160,rectangle_annotation,,generated from held-out ID only; never from train
images/dissertation_v1/ood/sensory_artifact/rectangle_annotation/artifact_000049_01_rectangle_annotation.png,1,train,synthetic_artifact,sensory_artifact,rectangle_annotation,derived_from_synthetic_faf,,derived_or_generated_synthetic,test,e396aaa7d00fa84027ccc8b8cad64b0ecd8df1670eb9e2951d5911d1fc2ece75,c61302a2ed48ff4f37562e3a39d8ad46a99270bf3b70b90085f1d38ef8b2b122,rectangle_annotation,,generated from held-out ID only; never from train
images/dissertation_v1/ood/sensory_artifact/rectangle_annotation/artifact_000050_01_rectangle_annotation.png,1,train,synthetic_artifact,sensory_artifact,rectangle_annotation,derived_from_synthetic_faf,,derived_or_generated_synthetic,test,c41675d15e7b8d0c3baf44071bb846f8725eca60989a9202b85c3d5b5d51eee2,3e2c8579f7265860b011fe747af201935e3621054f77e9ddfe92505744ff4141,rectangle_annotation,,generated from held-out ID only; never from train
images/dissertation_v1/ood/sensory_artifact/rectangle_annotation/artifact_000051_01_rectangle_annotation.png,1,train,synthetic_artifact,sensory_artifact,rectangle_annotation,derived_from_synthetic_faf,,derived_or_generated_synthetic,test,19644a3902e618cbe5fadb9fc1bdbbd942ef0daec73851c2500c4a820705420b,d98c4689f08b345b86108e34cac4f9e60ff36db08a9d29d0e3243ca1cf2c6941,rectangle_annotation,,generated from held-out ID only; never from train
images/dissertation_v1/ood/sensory_artifact/rectangle_annotation/artifact_000052_01_rectangle_annotation.png,1,train,synthetic_artifact,sensory_artifact,rectangle_annotation,derived_from_synthetic_faf,,derived_or_generated_synthetic,test,72470b5f8ba12df2fbedc9211914a3b6b33132d1eb890522f5539bd0aa5ce1e9,cd9af11e8731f9a6b9d13f0180c06c1f60c2ae8a695e16abc6268b79f1026b1e,rectangle_annotation,,generated from held-out ID only; never from train
images/dissertation_v1/ood/sensory_artifact/rectangle_annotation/artifact_000053_01_rectangle_annotation.png,1,train,synthetic_artifact,sensory_artifact,rectangle_annotation,derived_from_synthetic_faf,,derived_or_generated_synthetic,test,53b192a29079777fb133cb604a58ca82d0a66ea32c46680facd245e8e358cd62,2e75a99248d3ec4b650068aec6b8ba48becf403fe672e40267ecffa7fc22b01f,rectangle_annotation,,generated from held-out ID only; never from train
images/dissertation_v1/ood/sensory_artifact/rectangle_annotation/artifact_000054_01_rectangle_annotation.png,1,train,synthetic_artifact,sensory_artifact,rectangle_annotation,derived_from_synthetic_faf,,derived_or_generated_synthetic,test,3c084ba45ea0585bcfd3db7d0fd171b0bf812b822dd3aec8f879ef3478280b6a,f54f3645c72dc3a2c8558dc0200730edd83c26c1adc2e1b5b2dfb6a192f08c5d,rectangle_annotation,,generated from held-out ID only; never from train
images/dissertation_v1/ood/sensory_artifact/rectangle_annotation/artifact_000055_01_rectangle_annotation.png,1,train,synthetic_artifact,sensory_artifact,rectangle_annotation,derived_from_synthetic_faf,,derived_or_generated_synthetic,test,ef7b4597bf37a32782e116bab3dc07ff2fbd12bfa42bd74eb221a9e5ab9e1636,bb7ced17f3ce7864da174a6b78b7f34b25cf97ec01c15d5452696207f3063416,rectangle_annotation,,generated from held-out ID only; never from train
images/dissertation_v1/ood/sensory_artifact/rectangle_annotation/artifact_000056_01_rectangle_annotation.png,1,train,synthetic_artifact,sensory_artifact,rectangle_annotation,derived_from_synthetic_faf,,derived_or_generated_synthetic,test,bf0ed83660afd793eca2a08bcac9f2d076d832c742dcc934002f75bc9d4094c2,5cac36dc7dbb94150b4cd1703091de1fb9f3dc8fb4edfd870bfc1b1f799f0eab,rectangle_annotation,,generated from held-out ID only; never from train
images/dissertation_v1/ood/sensory_artifact/rectangle_annotation/artifact_000057_01_rectangle_annotation.png,1,train,synthetic_artifact,sensory_artifact,rectangle_annotation,derived_from_synthetic_faf,,derived_or_generated_synthetic,test,6c48ee17308638e26d02d85430c4ea527d5bef05df5a8be89602c065e7d743c0,31b43cdb11ddd17ba24311605ad64723ef0f74ce4e8dce09319ba9a7cb6f1b1e,rectangle_annotation,,generated from held-out ID only; never from train
images/dissertation_v1/ood/sensory_artifact/rectangle_annotation/artifact_000058_01_rectangle_annotation.png,1,train,synthetic_artifact,sensory_artifact,rectangle_annotation,derived_from_synthetic_faf,,derived_or_generated_synthetic,test,3a60efa85ae9401ff161a62bc32106b254f6d4ef43f6b0c9c6bac9389b0c640b,1e2992825661100b10f082d608b60f166b2eecdd1dcd52d490128ed1a1ac49f4,rectangle_annotation,,generated from held-out ID only; never from train
images/dissertation_v1/ood/sensory_artifact/rectangle_annotation/artifact_000059_01_rectangle_annotation.png,1,train,synthetic_artifact,sensory_artifact,rectangle_annotation,derived_from_synthetic_faf,,derived_or_generated_synthetic,test,3da009134834f41689e932bce061d5059eed5b0a71dfc7f13791ac80d6e69b0e,2869b22fa7b02533b8e39d46cc06f3f911655ac33a2ad6eb153d8279df5416b4,rectangle_annotation,,generated from held-out ID only; never from train
images/dissertation_v1/ood/sensory_artifact/rectangle_annotation/artifact_000060_01_rectangle_annotation.png,1,train,synthetic_artifact,sensory_artifact,rectangle_annotation,derived_from_synthetic_faf,,derived_or_generated_synthetic,test,b49a94394c4e256544c4104d85ffafd21e7d0aa0155e6824045e22a1d0332235,3a1a39ff67d065cd684acfd8e796efadd79cc73dbda7ad12dc6627016af7bdfc,rectangle_annotation,,generated from held-out ID only; never from train
images/dissertation_v1/ood/sensory_artifact/rectangle_annotation/artifact_000061_01_rectangle_annotation.png,1,train,synthetic_artifact,sensory_artifact,rectangle_annotation,derived_from_synthetic_faf,,derived_or_generated_synthetic,test,5e22a9286c8fa4ec9dbef49da395e9e9df6fc1dff5b8d6d9f71b30b6b8a673d8,12d8af55f0db94152dfed5578d720d5e721370d87553d40e7e89b8d273299636,rectangle_annotation,,generated from held-out ID only; never from train
images/dissertation_v1/ood/sensory_artifact/rectangle_annotation/artifact_000063_01_rectangle_annotation.png,1,train,synthetic_artifact,sensory_artifact,rectangle_annotation,derived_from_synthetic_faf,,derived_or_generated_synthetic,test,b679dc995024478a65beca285d5d1409e32af5b91584d9a2f3bf17636efe9ce2,58539b1cc5b2a259e54144a3d7324bd17b5f13ee4782a6a85efdd05699bf6c97,rectangle_annotation,,generated from held-out ID only; never from train
images/dissertation_v1/ood/sensory_artifact/rectangle_annotation/artifact_000067_01_rectangle_annotation.png,1,train,synthetic_artifact,sensory_artifact,rectangle_annotation,derived_from_synthetic_faf,,derived_or_generated_synthetic,test,e58d0b6d080d55fcd913b2ae443d28a6e20fec96317426c61abc93603f4c9ab5,4537ee987e4cbb0f7d661f6b948ff440ff86ec102fe5267eab5b4c44a7b75a92,rectangle_annotation,,generated from held-out ID only; never from train
images/dissertation_v1/ood/sensory_artifact/rectangle_annotation/artifact_000072_01_rectangle_annotation.png,1,train,synthetic_artifact,sensory_artifact,rectangle_annotation,derived_from_synthetic_faf,,derived_or_generated_synthetic,test,61469426d20ad77f49041c6b9e0f8773e941c9a1f8d85524805b028214f3aed3,c8fe2b85f894306e93ed79f02f77da1427fdcbf995b0ad07e35c66f98bbdb7a0,rectangle_annotation,,generated from held-out ID only; never from train
images/dissertation_v1/ood/sensory_artifact/rectangle_annotation/artifact_000074_01_rectangle_annotation.png,1,train,synthetic_artifact,sensory_artifact,rectangle_annotation,derived_from_synthetic_faf,,derived_or_generated_synthetic,test,46b147e6f0bd65e1e62b744cf9cd9bd0d7f9b3a2c8b45ca1356a3660e3f3d41f,121676a35541005d3f7f769e374c3ffc28e6ae19878fc3c1ecd6709102443fe7,rectangle_annotation,,generated from held-out ID only; never from train
images/dissertation_v1/ood/sensory_artifact/rectangle_annotation/artifact_000075_01_rectangle_annotation.png,1,train,synthetic_artifact,sensory_artifact,rectangle_annotation,derived_from_synthetic_faf,,derived_or_generated_synthetic,test,0e7206d663a17525c9f8a7cf137b4a059b87086be05050ff81db5e68d512a588,4f49d5898ef29e6dbba84b94fa73a55c1a29a6694e6822a9b64b7d09fa1a5c38,rectangle_annotation,,generated from held-out ID only; never from train
images/dissertation_v1/ood/sensory_artifact/rectangle_annotation/artifact_000076_01_rectangle_annotation.png,1,train,synthetic_artifact,sensory_artifact,rectangle_annotation,derived_from_synthetic_faf,,derived_or_generated_synthetic,test,7f2d9a829922bbd659b316fbd16a1561fa82d43ec0266149ba7d4ee84e34d868,c85bb9fb9937eec3a0f35515011e5ac1382b6995e2ad67861523bd730778ee5c,rectangle_annotation,,generated from held-out ID only; never from train
images/dissertation_v1/ood/sensory_artifact/rectangle_annotation/artifact_000078_01_rectangle_annotation.png,1,train,synthetic_artifact,sensory_artifact,rectangle_annotation,derived_from_synthetic_faf,,derived_or_generated_synthetic,test,5da0c90790c0d390e4ebcf980e6a2195d0df40f07f013b86b335e8fd7b180172,9af2f45d4b55869623d7ce9516709e60795adfd67a812b55afb17354b9baf5d2,rectangle_annotation,,generated from held-out ID only; never from train
images/dissertation_v1/ood/sensory_artifact/rectangle_annotation/artifact_000079_01_rectangle_annotation.png,1,train,synthetic_artifact,sensory_artifact,rectangle_annotation,derived_from_synthetic_faf,,derived_or_generated_synthetic,test,05ca18aa5a85c363149e50663d0b178b5555b5ae0558dfa462ef769e06c54268,82150b28a408cd90cad8ac33ead707590a8ba8d83cf3038f0788ed2cb27a2f89,rectangle_annotation,,generated from held-out ID only; never from train
images/dissertation_v1/ood/sensory_artifact/rectangle_annotation/artifact_000082_01_rectangle_annotation.png,1,train,synthetic_artifact,sensory_artifact,rectangle_annotation,derived_from_synthetic_faf,,derived_or_generated_synthetic,test,f882e7ac25e64fd5658427147fedb75ec4b52c522ba63b4b3cefa6403e77c218,5d2c59717f3d4d8170ce1f409aaaf7db80f7ae2685fb909f9db1013ab32d5c49,rectangle_annotation,,generated from held-out ID only; never from train
images/dissertation_v1/ood/sensory_artifact/rectangle_annotation/artifact_000084_01_rectangle_annotation.png,1,train,synthetic_artifact,sensory_artifact,rectangle_annotation,derived_from_synthetic_faf,,derived_or_generated_synthetic,test,002669e866a267cacedfbb3f869e69cee828d2e53f288f7dc86c14991a962fb2,78be763eaa256c23ee59dbb43099a704088867a498e0712f9b39fca6e2a1a9e5,rectangle_annotation,,generated from held-out ID only; never from train
images/dissertation_v1/ood/sensory_artifact/rectangle_annotation/artifact_000087_01_rectangle_annotation.png,1,train,synthetic_artifact,sensory_artifact,rectangle_annotation,derived_from_synthetic_faf,,derived_or_generated_synthetic,test,c79a5f26efa09497a7835bf2a2dd29e7131ee47aa0b0e70bfb69a26626745d89,8483b73bf3d280c2e7e75a7509b0bc94b7dd44e58f6d9814a899fb0b9732175a,rectangle_annotation,,generated from held-out ID only; never from train
images/dissertation_v1/ood/sensory_artifact/rectangle_annotation/artifact_000089_01_rectangle_annotation.png,1,train,synthetic_artifact,sensory_artifact,rectangle_annotation,derived_from_synthetic_faf,,derived_or_generated_synthetic,test,e1efa46834dff1877ed65e6c65965e4e39075f086c9aec785d44d59240afd031,b3a3c25e180e7101a1b8c68aaee59031e3cdfca99d012931bf3981f7cf7b3148,rectangle_annotation,,generated from held-out ID only; never from train
images/dissertation_v1/ood/sensory_artifact/rectangle_annotation/artifact_000090_01_rectangle_annotation.png,1,train,synthetic_artifact,sensory_artifact,rectangle_annotation,derived_from_synthetic_faf,,derived_or_generated_synthetic,test,fe77e67772b1e837351d988b993881c7b2efdaf16bc2da1f896e064e5303894c,3fca0579b63c1ae9218257ecf5fcae692b8b00b38f3afc621efdadf6a57debb7,rectangle_annotation,,generated from held-out ID only; never from train
images/dissertation_v1/ood/sensory_artifact/rectangle_annotation/artifact_000094_01_rectangle_annotation.png,1,train,synthetic_artifact,sensory_artifact,rectangle_annotation,derived_from_synthetic_faf,,derived_or_generated_synthetic,test,e418e3254a4fb13611ee1dc1f4d76226e726c37f916b4b27d786a5601336eaf1,ee8fa9a0a71d9854bc709dffc04506fd677490df5d65bac869c0430e8faf78bd,rectangle_annotation,,generated from held-out ID only; never from train
images/dissertation_v1/ood/sensory_artifact/rectangle_annotation/artifact_000095_01_rectangle_annotation.png,1,train,synthetic_artifact,sensory_artifact,rectangle_annotation,derived_from_synthetic_faf,,derived_or_generated_synthetic,test,fcf3732b8ab0ce86943331b1919f8fe673eec3b50c68f95198d45cd18975c786,36c01ce75ef8cd22d56a154a5e850c4a421754027b40778b2ec4204014e0ab30,rectangle_annotation,,generated from held-out ID only; never from train
images/dissertation_v1/ood/sensory_artifact/rectangle_annotation/artifact_000096_01_rectangle_annotation.png,1,train,synthetic_artifact,sensory_artifact,rectangle_annotation,derived_from_synthetic_faf,,derived_or_generated_synthetic,test,89ade081a1a086c95f0394ce44d5b174c398970491e012fda377fab2d77f7877,618463cdedc1dfd6f8a910f4da6b05226a0546e4ace629eb24575e221d643b5a,rectangle_annotation,,generated from held-out ID only; never from train
images/dissertation_v1/ood/sensory_artifact/rectangle_annotation/artifact_000098_01_rectangle_annotation.png,1,train,synthetic_artifact,sensory_artifact,rectangle_annotation,derived_from_synthetic_faf,,derived_or_generated_synthetic,test,015873460f13944bdb6b8a75f38cbc3fa64bce59f35dba9a7e70191eae7ebedd,ad1776fe9a4a4e0ac6dbc4fc86dc77490335756c571e1cac5c09b465f0c4b535,rectangle_annotation,,generated from held-out ID only; never from train
images/dissertation_v1/ood/sensory_artifact/rectangle_annotation/artifact_000100_01_rectangle_annotation.png,1,train,synthetic_artifact,sensory_artifact,rectangle_annotation,derived_from_synthetic_faf,,derived_or_generated_synthetic,test,ce554faaabc089ee3831bf284af3b3c99ed6b853942e4454c0c110df32f2b0ba,72629a18912da54c8f255baf6b2684e92df9a2ae8daa4964790904e299592680,rectangle_annotation,,generated from held-out ID only; never from train
images/dissertation_v1/ood/sensory_artifact/rectangle_annotation/artifact_000101_01_rectangle_annotation.png,1,train,synthetic_artifact,sensory_artifact,rectangle_annotation,derived_from_synthetic_faf,,derived_or_generated_synthetic,test,1f47aea6386c4296451c3ea0ef1c5e9755fffb1f3f1701c168230eae51891299,fd219f500dae4056481182b308e0fcd849c7712eea0f81adbed8fdb9fb27b484,rectangle_annotation,,generated from held-out ID only; never from train
images/dissertation_v1/ood/sensory_artifact/rectangle_annotation/artifact_000102_01_rectangle_annotation.png,1,train,synthetic_artifact,sensory_artifact,rectangle_annotation,derived_from_synthetic_faf,,derived_or_generated_synthetic,test,595461d3b6f8f9c8c4c7c87372fe700a309e002aa58e2e67b68c06d4e942cc77,876590b0a765ef6079e51d67a6947a5af2a14a9fbeccf29ca3f63f876f1fda65,rectangle_annotation,,generated from held-out ID only; never from train
images/dissertation_v1/ood/sensory_artifact/rectangle_annotation/artifact_000105_01_rectangle_annotation.png,1,train,synthetic_artifact,sensory_artifact,rectangle_annotation,derived_from_synthetic_faf,,derived_or_generated_synthetic,test,181c9dc1fa6128cb079e15594f6810d05713f3cd09912958fd882b87dc63de0f,5aeefa494416110fc3806f91b7263e927a7398a19bcbe5c7e6b7e7cc6c626ce9,rectangle_annotation,,generated from held-out ID only; never from train
images/dissertation_v1/ood/sensory_artifact/rectangle_annotation/artifact_000108_01_rectangle_annotation.png,1,train,synthetic_artifact,sensory_artifact,rectangle_annotation,derived_from_synthetic_faf,,derived_or_generated_synthetic,test,dc27cb364d2878ed32d7ba4a35f230c665c17a6cea5fcdf9e8a77743be9169f0,7d72468a874689e25e4b5a25de725a8c0569ab36560fb167471c695722a7a5a1,rectangle_annotation,,generated from held-out ID only; never from train
images/dissertation_v1/ood/sensory_artifact/rectangle_annotation/artifact_000109_01_rectangle_annotation.png,1,train,synthetic_artifact,sensory_artifact,rectangle_annotation,derived_from_synthetic_faf,,derived_or_generated_synthetic,test,0bd70659b895094bebcf58f5bbec89ae3542e33cc3f7da51f73c28121e10ec00,34f334303d87d3fece2fa5c693e847b9026173d7beed69537aeda43d5b114c55,rectangle_annotation,,generated from held-out ID only; never from train
images/dissertation_v1/ood/sensory_artifact/rectangle_annotation/artifact_000110_01_rectangle_annotation.png,1,train,synthetic_artifact,sensory_artifact,rectangle_annotation,derived_from_synthetic_faf,,derived_or_generated_synthetic,test,b4119dc4231c649720f4aed538efc964627de18f19399c190f20b928004f4ddd,fee378e906a17520f332f1acc698a2c84788b70cd2669ff7b40c88519c15f9d4,rectangle_annotation,,generated from held-out ID only; never from train
images/dissertation_v1/ood/sensory_artifact/rectangle_annotation/artifact_000112_01_rectangle_annotation.png,1,train,synthetic_artifact,sensory_artifact,rectangle_annotation,derived_from_synthetic_faf,,derived_or_generated_synthetic,test,b13e0c729061a3d77e1062076b678001325d0904fb0279e15cf01ede61bb1be8,0082a17690ee34f87cc084ca701192ff9bc09e65a2103ac1c6ae25c2f6d5afac,rectangle_annotation,,generated from held-out ID only; never from train
images/dissertation_v1/ood/sensory_artifact/rectangle_annotation/artifact_000113_01_rectangle_annotation.png,1,train,synthetic_artifact,sensory_artifact,rectangle_annotation,derived_from_synthetic_faf,,derived_or_generated_synthetic,test,8b8767b122db7196778b76e271728a5edc0c7291e942f32b56712afbeae0c653,f0a16dcee05bb93fc69293dec6b37b44edad69ce668e805549309e0aa6a401cc,rectangle_annotation,,generated from held-out ID only; never from train
images/dissertation_v1/ood/sensory_artifact/rectangle_annotation/artifact_000114_01_rectangle_annotation.png,1,train,synthetic_artifact,sensory_artifact,rectangle_annotation,derived_from_synthetic_faf,,derived_or_generated_synthetic,test,1d66fa98e73766b1c9f90fc4d8ba88276c3ac798c7035afba2d5e8e07e150aa5,f899478c2f1d44604649c59e088f1ba582e468bacf515f9dd0249ee2cf16e0bb,rectangle_annotation,,generated from held-out ID only; never from train
images/dissertation_v1/ood/sensory_artifact/rectangle_annotation/artifact_000115_01_rectangle_annotation.png,1,train,synthetic_artifact,sensory_artifact,rectangle_annotation,derived_from_synthetic_faf,,derived_or_generated_synthetic,test,b382920523506de105b23e0d39bfeed97ffab74fc4aebf02c921b6a55eb598c7,f9dd7c6f3daaf3b557787bcdc1c3ecdd27fc21186ef190f88728218f6cea9bde,rectangle_annotation,,generated from held-out ID only; never from train
images/dissertation_v1/ood/sensory_artifact/rectangle_annotation/artifact_000116_01_rectangle_annotation.png,1,train,synthetic_artifact,sensory_artifact,rectangle_annotation,derived_from_synthetic_faf,,derived_or_generated_synthetic,test,1154c0e37e3304f4ad39dc9c74fc216d37cd57e41c4829828e82d8d14b13eb80,981c3d303c80b102eddb306f12e711c2b30df817b3cb9896889b09c72edee0dc,rectangle_annotation,,generated from held-out ID only; never from train
images/dissertation_v1/ood/sensory_artifact/rectangle_annotation/artifact_000120_01_rectangle_annotation.png,1,train,synthetic_artifact,sensory_artifact,rectangle_annotation,derived_from_synthetic_faf,,derived_or_generated_synthetic,test,98ba9f35eb939ba2a9344486ec309956fb5fb59346afa066dc41d5f45dc04b06,6050df662b7b43400e1ebcf42f771fb1a9c17485583af5e78204a70a08fb29c9,rectangle_annotation,,generated from held-out ID only; never from train
images/dissertation_v1/ood/sensory_artifact/rectangle_annotation/artifact_000121_01_rectangle_annotation.png,1,train,synthetic_artifact,sensory_artifact,rectangle_annotation,derived_from_synthetic_faf,,derived_or_generated_synthetic,test,0b83e583d11f79a5228d2009ef59ba7334c8b4f8123d8354e8b159d294a8f273,76663bd120041d5058985d3efa42b23e50de4086393997695a050775c4116f62,rectangle_annotation,,generated from held-out ID only; never from train
images/dissertation_v1/ood/sensory_artifact/rectangle_annotation/artifact_000122_01_rectangle_annotation.png,1,train,synthetic_artifact,sensory_artifact,rectangle_annotation,derived_from_synthetic_faf,,derived_or_generated_synthetic,test,eb802fa37d8e9e96abfb8d83ddd9306f7aa0dee7206c7333f19ebc603f7ceccd,265117c12dd093ed24562953f1f5fb10cc2a9ed74f2fac2312bd6629f939e390,rectangle_annotation,,generated from held-out ID only; never from train
images/dissertation_v1/ood/sensory_artifact/rectangle_annotation/artifact_000125_01_rectangle_annotation.png,1,train,synthetic_artifact,sensory_artifact,rectangle_annotation,derived_from_synthetic_faf,,derived_or_generated_synthetic,test,d4bb961cbfed5f109309c2489d3f7a15d20567b889616f662d6d497f151bd9b4,7d411bc78dd10c916d8f3a829c53247234311a09b970a9f37107e2bee3f88e6f,rectangle_annotation,,generated from held-out ID only; never from train
images/dissertation_v1/ood/sensory_artifact/rectangle_annotation/artifact_000127_01_rectangle_annotation.png,1,train,synthetic_artifact,sensory_artifact,rectangle_annotation,derived_from_synthetic_faf,,derived_or_generated_synthetic,test,19cd10c4c0ad1435e00189ddfbeb979d0a42fbc9b7558994057850f2efe946c0,1d9bde0c3df2046a73385263a0f0f6b667dc8fcc40164c4219c812103b6ed89a,rectangle_annotation,,generated from held-out ID only; never from train
images/dissertation_v1/ood/sensory_artifact/rectangle_annotation/artifact_000128_01_rectangle_annotation.png,1,train,synthetic_artifact,sensory_artifact,rectangle_annotation,derived_from_synthetic_faf,,derived_or_generated_synthetic,test,afdb6360dcb9edc43fc58d7b8ebf098c06451fe6e4a8d137dbd080a54fff74a4,f0aaf9cb3094aeb127eef0f67ef481b6683337c3b7ddbc8cf3783d63648d764e,rectangle_annotation,,generated from held-out ID only; never from train
images/dissertation_v1/ood/sensory_artifact/rectangle_annotation/artifact_000131_01_rectangle_annotation.png,1,train,synthetic_artifact,sensory_artifact,rectangle_annotation,derived_from_synthetic_faf,,derived_or_generated_synthetic,test,dbd471e92eef335a23390e8533755ea4dfdbef4526789b470a64b0ac0ab9caaf,75cdb6a34fef7077b3c995565448dce323f3c26eecab573379d9dfb734a8db7b,rectangle_annotation,,generated from held-out ID only; never from train
images/dissertation_v1/ood/sensory_artifact/rectangle_annotation/artifact_000134_01_rectangle_annotation.png,1,train,synthetic_artifact,sensory_artifact,rectangle_annotation,derived_from_synthetic_faf,,derived_or_generated_synthetic,test,a19c376142fc389c74dc10ac12982e432e7637a02d3b66f93bd7605022158810,7c7ce6b5321de586e2a73555e7709e226600e93382ad9f6a36e75d0d790f2ff8,rectangle_annotation,,generated from held-out ID only; never from train
images/dissertation_v1/ood/sensory_artifact/rectangle_annotation/artifact_000135_01_rectangle_annotation.png,1,train,synthetic_artifact,sensory_artifact,rectangle_annotation,derived_from_synthetic_faf,,derived_or_generated_synthetic,test,eee34d4e2ec020e964cdba2ccb804c63e7eee8064fb4c7d0b10cb881e3a2d9f0,30954c72a9fb85152713d1ddf07ab06d48566e4f5a9101d121d95a220b380007,rectangle_annotation,,generated from held-out ID only; never from train
images/dissertation_v1/ood/sensory_artifact/rectangle_annotation/artifact_000136_01_rectangle_annotation.png,1,train,synthetic_artifact,sensory_artifact,rectangle_annotation,derived_from_synthetic_faf,,derived_or_generated_synthetic,test,90dc9e9d6ae6e31807c7161628c03d034c59e9daf7e16c20c613b15c039befdd,f2a50ebec8d4c518d3dddfc9a597c3cd31e78cd19d54e81a0d05b6e0154973a6,rectangle_annotation,,generated from held-out ID only; never from train
images/dissertation_v1/ood/sensory_artifact/rectangle_annotation/artifact_000137_01_rectangle_annotation.png,1,train,synthetic_artifact,sensory_artifact,rectangle_annotation,derived_from_synthetic_faf,,derived_or_generated_synthetic,test,9a7d9f6592b12d87c95d15198e6eb1aa46b2b3e09ee1280dfbc886be22cb9fb5,7a794e04216d10b75a621304cc1d0fc7699b12295c58000ad5f0d937c8cafdea,rectangle_annotation,,generated from held-out ID only; never from train
images/dissertation_v1/ood/sensory_artifact/rectangle_annotation/artifact_000139_01_rectangle_annotation.png,1,train,synthetic_artifact,sensory_artifact,rectangle_annotation,derived_from_synthetic_faf,,derived_or_generated_synthetic,test,027cbc2e3444767b69fa2e81318207573f99dd69bed934197d01be8c1aef63ef,4d2d7cfa2ba311c178fa68aa390eb321c4df388e5a907d7f5fa285965d42f64f,rectangle_annotation,,generated from held-out ID only; never from train
images/dissertation_v1/ood/sensory_artifact/rectangle_annotation/artifact_000140_01_rectangle_annotation.png,1,train,synthetic_artifact,sensory_artifact,rectangle_annotation,derived_from_synthetic_faf,,derived_or_generated_synthetic,test,be8dd57e0c269203322661885cdbd0578b6949c43ca087b3d2124ccd16bc6056,c3e729187cae4fd775b713fa853a2456200b4faab0240643a30ad5594fc62d51,rectangle_annotation,,generated from held-out ID only; never from train
images/dissertation_v1/ood/sensory_artifact/rectangle_annotation/artifact_000141_01_rectangle_annotation.png,1,train,synthetic_artifact,sensory_artifact,rectangle_annotation,derived_from_synthetic_faf,,derived_or_generated_synthetic,test,d3c9142b65c8cc97869ed2f55e131bc199ee6f0918dcc8bc6e561e649af8fa92,1ecac33ab07d51111996036ab3fb88d5c08e171ff2a971e9acf5525296dea1c7,rectangle_annotation,,generated from held-out ID only; never from train
images/dissertation_v1/ood/sensory_artifact/rectangle_annotation/artifact_000142_01_rectangle_annotation.png,1,train,synthetic_artifact,sensory_artifact,rectangle_annotation,derived_from_synthetic_faf,,derived_or_generated_synthetic,test,636fb66a95eb672ac4379159b082c1f1f47ab3d231d7d17b28d1f6ed3678b0e5,b9b696bd906b4c55bc36c91d9a2b4388150f80bb9b930062cdd275733b118cf0,rectangle_annotation,,generated from held-out ID only; never from train
images/dissertation_v1/ood/sensory_artifact/rectangle_annotation/artifact_000143_01_rectangle_annotation.png,1,train,synthetic_artifact,sensory_artifact,rectangle_annotation,derived_from_synthetic_faf,,derived_or_generated_synthetic,test,c28427662d4fe221c6dcb7eef26c739f4cd0da73abc737bcc868217fb665bcfa,29f8a59dce4344d3c3d5bcc8a0171474bd6e50bc1c0823a4ae0da7e45d8604e7,rectangle_annotation,,generated from held-out ID only; never from train
images/dissertation_v1/ood/sensory_artifact/rectangle_annotation/artifact_000145_01_rectangle_annotation.png,1,train,synthetic_artifact,sensory_artifact,rectangle_annotation,derived_from_synthetic_faf,,derived_or_generated_synthetic,test,4411af8f5db1fbfc7739f7dc21cee34c54d8f4bc5beec072ff5b19487d1453f7,578e6780b90d93dbd87714cf5bf1b0470f458e55596c36959b30ade921980aa8,rectangle_annotation,,generated from held-out ID only; never from train
images/dissertation_v1/ood/sensory_artifact/rectangle_annotation/artifact_000147_01_rectangle_annotation.png,1,train,synthetic_artifact,sensory_artifact,rectangle_annotation,derived_from_synthetic_faf,,derived_or_generated_synthetic,test,0741a5e167a3d07799153868e5038e2c8ba9a2a11717f44341780f0fcf022165,2e934d86b1b37029c030e42e88b7112e2b5f81459322644877d85a5593aed347,rectangle_annotation,,generated from held-out ID only; never from train
images/dissertation_v1/ood/sensory_artifact/rectangle_annotation/artifact_000148_01_rectangle_annotation.png,1,train,synthetic_artifact,sensory_artifact,rectangle_annotation,derived_from_synthetic_faf,,derived_or_generated_synthetic,test,4c27e5e05d4aeb1b1804139c6986ac698868cdd61ca07f27c4dc442e6387207a,18bdaf47632912f68f6b587cf57bc6844e251ca95824ceaebac102e755d86e81,rectangle_annotation,,generated from held-out ID only; never from train
images/dissertation_v1/ood/sensory_artifact/text_watermark/artifact_000001_00_text_watermark.png,1,train,synthetic_artifact,sensory_artifact,text_watermark,derived_from_synthetic_faf,,derived_or_generated_synthetic,test,24fe07d9d6d64032ae825de026c4de274a5f9c6937b2a531ea6957b4bb75b0c4,1a6fa85a126f3582d51f16ba281f47c1bf2c3e337748511a1c45e4ec0a690674,text_watermark,,generated from held-out ID only; never from train
images/dissertation_v1/ood/sensory_artifact/text_watermark/artifact_000002_00_text_watermark.png,1,train,synthetic_artifact,sensory_artifact,text_watermark,derived_from_synthetic_faf,,derived_or_generated_synthetic,test,ee8601bb7943376be2101d89c7d50741c85fb317739083e487360a45e2119b82,3fe16ad039a6555522438a9b9dd1a0de6bd787a7001116e06a97b4f034684ba2,text_watermark,,generated from held-out ID only; never from train
images/dissertation_v1/ood/sensory_artifact/text_watermark/artifact_000004_00_text_watermark.png,1,train,synthetic_artifact,sensory_artifact,text_watermark,derived_from_synthetic_faf,,derived_or_generated_synthetic,test,2de8f6a802bc743a39b25d3a3d5474d85d7ec0c8ed1d493d3a52062bece9309f,d1f816cb395b94664ca9fc285317aa28d5757c61e7466f4d035552df5a7b2ef4,text_watermark,,generated from held-out ID only; never from train
images/dissertation_v1/ood/sensory_artifact/text_watermark/artifact_000005_00_text_watermark.png,1,train,synthetic_artifact,sensory_artifact,text_watermark,derived_from_synthetic_faf,,derived_or_generated_synthetic,test,c240c6c7b13b7582cae50a4437a03ed82b09c4a545398204bc6fc7b958a30692,a37d2499bdadac9b672e002cf5b14bc830d68e387c1ea4405083eb6eed030d26,text_watermark,,generated from held-out ID only; never from train
images/dissertation_v1/ood/sensory_artifact/text_watermark/artifact_000006_00_text_watermark.png,1,train,synthetic_artifact,sensory_artifact,text_watermark,derived_from_synthetic_faf,,derived_or_generated_synthetic,test,6c4f88ecf1fa887b05cd6b8702c2a66e78ece0e5cbe7dbdaa460524bb815e3c7,31d5f5ed5ac046981c6cb1df50192091daa4b282d054e8095b9e025b42afeb88,text_watermark,,generated from held-out ID only; never from train
images/dissertation_v1/ood/sensory_artifact/text_watermark/artifact_000007_00_text_watermark.png,1,train,synthetic_artifact,sensory_artifact,text_watermark,derived_from_synthetic_faf,,derived_or_generated_synthetic,test,73e16954c85db24f45293eb85cab88c842b536c1b65fdc03c2ef92f66b14d4d2,f42ab30d20b276c5fba40818aeb540adbd4fef553ec7196ea828c0a30f5f349f,text_watermark,,generated from held-out ID only; never from train
images/dissertation_v1/ood/sensory_artifact/text_watermark/artifact_000008_00_text_watermark.png,1,train,synthetic_artifact,sensory_artifact,text_watermark,derived_from_synthetic_faf,,derived_or_generated_synthetic,test,928e4e809d33b97324a5de522a26104c83deb0e1d41bf91bf0e1c160be902f04,e6c4a5d7163b7548a0b47040c1306557f98a486871b94c8da983fdc932729197,text_watermark,,generated from held-out ID only; never from train
images/dissertation_v1/ood/sensory_artifact/text_watermark/artifact_000011_00_text_watermark.png,1,train,synthetic_artifact,sensory_artifact,text_watermark,derived_from_synthetic_faf,,derived_or_generated_synthetic,test,96ec06f2d9e053391cc3f19038395b275ee888fba27b4477781d3668d7adf38a,d822b0621f3574fb70a96904005d10d950c5fed12e7f0f1c78edbcb396fbd7ac,text_watermark,,generated from held-out ID only; never from train
images/dissertation_v1/ood/sensory_artifact/text_watermark/artifact_000012_00_text_watermark.png,1,train,synthetic_artifact,sensory_artifact,text_watermark,derived_from_synthetic_faf,,derived_or_generated_synthetic,test,e224c6ccc1375bc376f971c5523a86d8cdf12a5e2096dafda7071c261d37f5d3,d924c9e1fbeb5b22e9ce25fbb30850ed8464394de79d31630d85707afefbd75b,text_watermark,,generated from held-out ID only; never from train
images/dissertation_v1/ood/sensory_artifact/text_watermark/artifact_000013_00_text_watermark.png,1,train,synthetic_artifact,sensory_artifact,text_watermark,derived_from_synthetic_faf,,derived_or_generated_synthetic,test,cbe2f10700063af28b24cc8360296a834e8f6bd2879884c4a4747cb059fdc3e8,0b875e277b8f1482ac5d0457e95fcb05cd77208c0e9e5356f266f98ccab7e3ed,text_watermark,,generated from held-out ID only; never from train
images/dissertation_v1/ood/sensory_artifact/text_watermark/artifact_000014_00_text_watermark.png,1,train,synthetic_artifact,sensory_artifact,text_watermark,derived_from_synthetic_faf,,derived_or_generated_synthetic,test,a4116e2e561b94c825544bcd401b5bab05fe9c51fdd65e4152fb366f48da7871,50eb07963b954a027224c212fef91ed6b91ad3d68a58e0fb6e2fd32ccb4b8bd1,text_watermark,,generated from held-out ID only; never from train
images/dissertation_v1/ood/sensory_artifact/text_watermark/artifact_000015_00_text_watermark.png,1,train,synthetic_artifact,sensory_artifact,text_watermark,derived_from_synthetic_faf,,derived_or_generated_synthetic,test,f34dc3b1f8221376e2fd1ddc994dced61df9fd5b8243dc331329f6c2d3fe4fba,38fbaedc8df6557c3519716071afbe70dbb54496bc3eda4dbd28443246ef0539,text_watermark,,generated from held-out ID only; never from train
images/dissertation_v1/ood/sensory_artifact/text_watermark/artifact_000017_00_text_watermark.png,1,train,synthetic_artifact,sensory_artifact,text_watermark,derived_from_synthetic_faf,,derived_or_generated_synthetic,test,799ed626e57eb53b37645999a45aecf5e98fef480fae7151ec8c6a605ef916fd,0861672a24270580387eea90d8f3ddd826a52d63c4428364052dec6bca1959ee,text_watermark,,generated from held-out ID only; never from train
images/dissertation_v1/ood/sensory_artifact/text_watermark/artifact_000018_00_text_watermark.png,1,train,synthetic_artifact,sensory_artifact,text_watermark,derived_from_synthetic_faf,,derived_or_generated_synthetic,test,8c70c1e4baee2561af992907e9851a1596ab6056838a6a78fdf6a10e2135af09,fd6fd89f280a24b4873a415a5fc1f7315de7c22e49be7073c6a9348d08c1f07b,text_watermark,,generated from held-out ID only; never from train
images/dissertation_v1/ood/sensory_artifact/text_watermark/artifact_000019_00_text_watermark.png,1,train,synthetic_artifact,sensory_artifact,text_watermark,derived_from_synthetic_faf,,derived_or_generated_synthetic,test,ddd042d7c8eeeddfe1eff49abbba68f16250dbc49c692d52f2bb90dde7f9bec5,f9a033e1944d7b29d126d036c4a91b903f0c3c335a85177788beafc3fe8b70da,text_watermark,,generated from held-out ID only; never from train
images/dissertation_v1/ood/sensory_artifact/text_watermark/artifact_000020_00_text_watermark.png,1,train,synthetic_artifact,sensory_artifact,text_watermark,derived_from_synthetic_faf,,derived_or_generated_synthetic,test,110741a409ce90e5b9e958626ec8602ea2b0c6f102cb7b419b4536f0bdd4c0a8,5db33929cee5ce3d7b21de926a708da9a1e5e2b0c82a9430eebe1296f81aeaa3,text_watermark,,generated from held-out ID only; never from train
images/dissertation_v1/ood/sensory_artifact/text_watermark/artifact_000029_00_text_watermark.png,1,train,synthetic_artifact,sensory_artifact,text_watermark,derived_from_synthetic_faf,,derived_or_generated_synthetic,test,8b08c4d62f2889882b077a3456fc7528e8adbdf6271d44c1fd9dbe2e95a1c040,06df7d1f687f8a014291b723a7281d280cf107ae764e77fc64a0958208a42440,text_watermark,,generated from held-out ID only; never from train
images/dissertation_v1/ood/sensory_artifact/text_watermark/artifact_000030_00_text_watermark.png,1,train,synthetic_artifact,sensory_artifact,text_watermark,derived_from_synthetic_faf,,derived_or_generated_synthetic,test,0ff4f82b5d95cae9eed935afd9e7bfb73dab6a0e39c251a4c5f4dc41888be394,1abcc3a996b7ea0932243de4f741b523f245b8f81cda49fac05b1a1a0c363278,text_watermark,,generated from held-out ID only; never from train
images/dissertation_v1/ood/sensory_artifact/text_watermark/artifact_000032_00_text_watermark.png,1,train,synthetic_artifact,sensory_artifact,text_watermark,derived_from_synthetic_faf,,derived_or_generated_synthetic,test,dc70738b1a8beba6640409e10f58fcbd85448f080c487389391584defaf29f35,cd4f8184a0ffa557274b13b0ea3902f73d674253ac57ec26c12c3c5026cf2b80,text_watermark,,generated from held-out ID only; never from train
images/dissertation_v1/ood/sensory_artifact/text_watermark/artifact_000035_00_text_watermark.png,1,train,synthetic_artifact,sensory_artifact,text_watermark,derived_from_synthetic_faf,,derived_or_generated_synthetic,test,39255b447df7a97bd700799dab1f2f19eb53ac50f8aed7b0db1f99338d3b85ae,ad2206e763d2fe74e820f9849e3d5c70fae09a566c7d71af4a5642de99425176,text_watermark,,generated from held-out ID only; never from train
images/dissertation_v1/ood/sensory_artifact/text_watermark/artifact_000036_00_text_watermark.png,1,train,synthetic_artifact,sensory_artifact,text_watermark,derived_from_synthetic_faf,,derived_or_generated_synthetic,test,7df6bda382eb40385e98427aff085d1ae78f245eae46cb1756fcf305a73c2bc8,6ec6209b2791522f0608c0e98d17415b05002c0ab9a4d1fff0df547aa6b1ecab,text_watermark,,generated from held-out ID only; never from train
images/dissertation_v1/ood/sensory_artifact/text_watermark/artifact_000037_00_text_watermark.png,1,train,synthetic_artifact,sensory_artifact,text_watermark,derived_from_synthetic_faf,,derived_or_generated_synthetic,test,40ec1d18dcb4fffe34ec27286428ea286d7427aae63a8ba3fe8ebea61efd4f89,1d93bc13ac331db7a072736022e31038f869f965793787c53f3d2a57ec76cd8d,text_watermark,,generated from held-out ID only; never from train
images/dissertation_v1/ood/sensory_artifact/text_watermark/artifact_000038_00_text_watermark.png,1,train,synthetic_artifact,sensory_artifact,text_watermark,derived_from_synthetic_faf,,derived_or_generated_synthetic,test,dbec64ddec243467a44d8183729646cad273577a8220c0f0eb15500182bf1f34,8cc0640073e0f9c820b460efc0c58ec7414b7e8df823d5f1c93b38ba793d8902,text_watermark,,generated from held-out ID only; never from train
images/dissertation_v1/ood/sensory_artifact/text_watermark/artifact_000040_00_text_watermark.png,1,train,synthetic_artifact,sensory_artifact,text_watermark,derived_from_synthetic_faf,,derived_or_generated_synthetic,test,b7131864457cb82d8ba33dadcaaa23683e43d12da728255cb34f7d2134b7e1cc,aa24c50bf2b5968019954cbc11eda597cb49e3a77a7856d909c0ad771f83887e,text_watermark,,generated from held-out ID only; never from train
images/dissertation_v1/ood/sensory_artifact/text_watermark/artifact_000041_00_text_watermark.png,1,train,synthetic_artifact,sensory_artifact,text_watermark,derived_from_synthetic_faf,,derived_or_generated_synthetic,test,4811aa35338cfcac62146b44a0b6d9082c890d7586061aee469ae5c45ceea7bc,81a78d254ea6b2a2f5a4affbfb96971984508cdd9229061837c581ec353ebdad,text_watermark,,generated from held-out ID only; never from train
images/dissertation_v1/ood/sensory_artifact/text_watermark/artifact_000044_00_text_watermark.png,1,train,synthetic_artifact,sensory_artifact,text_watermark,derived_from_synthetic_faf,,derived_or_generated_synthetic,test,0f2891304aeea989f1430971c091122d7fbf9a8dd791e9b8b3b44ca41361ac01,a0fc7b7ace1490826b0bfc495d19e7bc00e13443171428e6b5659b32253005a7,text_watermark,,generated from held-out ID only; never from train
images/dissertation_v1/ood/sensory_artifact/text_watermark/artifact_000046_00_text_watermark.png,1,train,synthetic_artifact,sensory_artifact,text_watermark,derived_from_synthetic_faf,,derived_or_generated_synthetic,test,a113fc183fb8e3ea1b21e042eb5d6bd6e1587ea205c64444054425b4334614b9,13e2d91e78a8714c322247a847463a3c9b3942269050fac1dac7fa44bf951da6,text_watermark,,generated from held-out ID only; never from train
images/dissertation_v1/ood/sensory_artifact/text_watermark/artifact_000047_00_text_watermark.png,1,train,synthetic_artifact,sensory_artifact,text_watermark,derived_from_synthetic_faf,,derived_or_generated_synthetic,test,fcd6f050a545a8ec5f5ac94e21667aa5ae4c918036d46bda1f5c1579850eb152,9027c7c813d92085e7eb1335e0de9e66ebd9b6730a0da446ba8e26cfbd03b685,text_watermark,,generated from held-out ID only; never from train
images/dissertation_v1/ood/sensory_artifact/text_watermark/artifact_000048_00_text_watermark.png,1,train,synthetic_artifact,sensory_artifact,text_watermark,derived_from_synthetic_faf,,derived_or_generated_synthetic,test,c81179145f718aeecc4fc2c2fe2a60ba012ec3b9cef8119dea7ad53c1cb4311f,36f73c8b9761160f2d53cae70e3f531a67de1e24ad2ae6fcf48727198c793160,text_watermark,,generated from held-out ID only; never from train
images/dissertation_v1/ood/sensory_artifact/text_watermark/artifact_000049_00_text_watermark.png,1,train,synthetic_artifact,sensory_artifact,text_watermark,derived_from_synthetic_faf,,derived_or_generated_synthetic,test,8533a0c356670b3fcd94289564ad65febb06f27a43cb8e876956ea4a4fac29c4,c61302a2ed48ff4f37562e3a39d8ad46a99270bf3b70b90085f1d38ef8b2b122,text_watermark,,generated from held-out ID only; never from train
images/dissertation_v1/ood/sensory_artifact/text_watermark/artifact_000050_00_text_watermark.png,1,train,synthetic_artifact,sensory_artifact,text_watermark,derived_from_synthetic_faf,,derived_or_generated_synthetic,test,546dc14cf4912e94b7ee97c6f61f0b0df5c46e273796163c11953a8525da3861,3e2c8579f7265860b011fe747af201935e3621054f77e9ddfe92505744ff4141,text_watermark,,generated from held-out ID only; never from train
images/dissertation_v1/ood/sensory_artifact/text_watermark/artifact_000051_00_text_watermark.png,1,train,synthetic_artifact,sensory_artifact,text_watermark,derived_from_synthetic_faf,,derived_or_generated_synthetic,test,d9659ce5a99500766e9d94f47743597e69bf5670adc71c356ee2be77397d4214,d98c4689f08b345b86108e34cac4f9e60ff36db08a9d29d0e3243ca1cf2c6941,text_watermark,,generated from held-out ID only; never from train
images/dissertation_v1/ood/sensory_artifact/text_watermark/artifact_000052_00_text_watermark.png,1,train,synthetic_artifact,sensory_artifact,text_watermark,derived_from_synthetic_faf,,derived_or_generated_synthetic,test,9bf7fa6cdf758127d2e7e37c07f36c56eff4b1118c397e04a64b6f1b824f2beb,cd9af11e8731f9a6b9d13f0180c06c1f60c2ae8a695e16abc6268b79f1026b1e,text_watermark,,generated from held-out ID only; never from train
images/dissertation_v1/ood/sensory_artifact/text_watermark/artifact_000053_00_text_watermark.png,1,train,synthetic_artifact,sensory_artifact,text_watermark,derived_from_synthetic_faf,,derived_or_generated_synthetic,test,88c43e71d75d9f9c98565ea6a0baac62f085df3dd81ae6c39d27574310271ff4,2e75a99248d3ec4b650068aec6b8ba48becf403fe672e40267ecffa7fc22b01f,text_watermark,,generated from held-out ID only; never from train
images/dissertation_v1/ood/sensory_artifact/text_watermark/artifact_000054_00_text_watermark.png,1,train,synthetic_artifact,sensory_artifact,text_watermark,derived_from_synthetic_faf,,derived_or_generated_synthetic,test,f5013af03e74d3f432fac2c6e9793585aa34f3eee18b738814ca8f12822bbc8b,f54f3645c72dc3a2c8558dc0200730edd83c26c1adc2e1b5b2dfb6a192f08c5d,text_watermark,,generated from held-out ID only; never from train
images/dissertation_v1/ood/sensory_artifact/text_watermark/artifact_000055_00_text_watermark.png,1,train,synthetic_artifact,sensory_artifact,text_watermark,derived_from_synthetic_faf,,derived_or_generated_synthetic,test,8c22bdf406233de184d7a423cfc8a9a815d1eb6a27fe6d98123b2e6567d90277,bb7ced17f3ce7864da174a6b78b7f34b25cf97ec01c15d5452696207f3063416,text_watermark,,generated from held-out ID only; never from train
images/dissertation_v1/ood/sensory_artifact/text_watermark/artifact_000056_00_text_watermark.png,1,train,synthetic_artifact,sensory_artifact,text_watermark,derived_from_synthetic_faf,,derived_or_generated_synthetic,test,c462dffca262565a07aea5ba465f5863c7fb5e4fac78570d0fbd1f1b6828d794,5cac36dc7dbb94150b4cd1703091de1fb9f3dc8fb4edfd870bfc1b1f799f0eab,text_watermark,,generated from held-out ID only; never from train
images/dissertation_v1/ood/sensory_artifact/text_watermark/artifact_000057_00_text_watermark.png,1,train,synthetic_artifact,sensory_artifact,text_watermark,derived_from_synthetic_faf,,derived_or_generated_synthetic,test,259f3f281e5da5d1069357347b3b416905e000b6d47dbbb857a8a13fa2d4c724,31b43cdb11ddd17ba24311605ad64723ef0f74ce4e8dce09319ba9a7cb6f1b1e,text_watermark,,generated from held-out ID only; never from train
images/dissertation_v1/ood/sensory_artifact/text_watermark/artifact_000058_00_text_watermark.png,1,train,synthetic_artifact,sensory_artifact,text_watermark,derived_from_synthetic_faf,,derived_or_generated_synthetic,test,3b92687ab2e6e033cc263fb229e0dfe861dfb8d180b062417e8bc95004bd4e7c,1e2992825661100b10f082d608b60f166b2eecdd1dcd52d490128ed1a1ac49f4,text_watermark,,generated from held-out ID only; never from train
images/dissertation_v1/ood/sensory_artifact/text_watermark/artifact_000059_00_text_watermark.png,1,train,synthetic_artifact,sensory_artifact,text_watermark,derived_from_synthetic_faf,,derived_or_generated_synthetic,test,53975c3e627b2d7928cd8f0618615bd5ffcc8b5aa3e107e7c3ed2e1b203a5641,2869b22fa7b02533b8e39d46cc06f3f911655ac33a2ad6eb153d8279df5416b4,text_watermark,,generated from held-out ID only; never from train
images/dissertation_v1/ood/sensory_artifact/text_watermark/artifact_000060_00_text_watermark.png,1,train,synthetic_artifact,sensory_artifact,text_watermark,derived_from_synthetic_faf,,derived_or_generated_synthetic,test,a1d30be46aa5dba435f1dd63fb6a4858bcec975d39b4a8d7d141763861bbe189,3a1a39ff67d065cd684acfd8e796efadd79cc73dbda7ad12dc6627016af7bdfc,text_watermark,,generated from held-out ID only; never from train
images/dissertation_v1/ood/sensory_artifact/text_watermark/artifact_000061_00_text_watermark.png,1,train,synthetic_artifact,sensory_artifact,text_watermark,derived_from_synthetic_faf,,derived_or_generated_synthetic,test,0dc6a22d404b474ecc3a388770f0480f82f8530c37eaf2aaebd6878826731640,12d8af55f0db94152dfed5578d720d5e721370d87553d40e7e89b8d273299636,text_watermark,,generated from held-out ID only; never from train
images/dissertation_v1/ood/sensory_artifact/text_watermark/artifact_000063_00_text_watermark.png,1,train,synthetic_artifact,sensory_artifact,text_watermark,derived_from_synthetic_faf,,derived_or_generated_synthetic,test,6e44b4561bf9622832c102f03bbef9fe2c66a9ad2eb797437931cdc2754abd16,58539b1cc5b2a259e54144a3d7324bd17b5f13ee4782a6a85efdd05699bf6c97,text_watermark,,generated from held-out ID only; never from train
images/dissertation_v1/ood/sensory_artifact/text_watermark/artifact_000067_00_text_watermark.png,1,train,synthetic_artifact,sensory_artifact,text_watermark,derived_from_synthetic_faf,,derived_or_generated_synthetic,test,920e2c7ac28fde71cd18376c7abc6fb6ba785c60613e9ff14aa03ff53a071949,4537ee987e4cbb0f7d661f6b948ff440ff86ec102fe5267eab5b4c44a7b75a92,text_watermark,,generated from held-out ID only; never from train
images/dissertation_v1/ood/sensory_artifact/text_watermark/artifact_000072_00_text_watermark.png,1,train,synthetic_artifact,sensory_artifact,text_watermark,derived_from_synthetic_faf,,derived_or_generated_synthetic,test,7fbf9574badad284d9c9973543ae6d9a744a2e3bccd0c6da04ed9260dec2cfc1,c8fe2b85f894306e93ed79f02f77da1427fdcbf995b0ad07e35c66f98bbdb7a0,text_watermark,,generated from held-out ID only; never from train
images/dissertation_v1/ood/sensory_artifact/text_watermark/artifact_000074_00_text_watermark.png,1,train,synthetic_artifact,sensory_artifact,text_watermark,derived_from_synthetic_faf,,derived_or_generated_synthetic,test,cd2737ba6617b53183d1fc63fb69443f772246776b6d3ad2c9cdf2b6b4c88afa,121676a35541005d3f7f769e374c3ffc28e6ae19878fc3c1ecd6709102443fe7,text_watermark,,generated from held-out ID only; never from train
images/dissertation_v1/ood/sensory_artifact/text_watermark/artifact_000075_00_text_watermark.png,1,train,synthetic_artifact,sensory_artifact,text_watermark,derived_from_synthetic_faf,,derived_or_generated_synthetic,test,f83536228677d87d0445a0eacaeb89c0db0624b6fb269db3ca527079aba5d383,4f49d5898ef29e6dbba84b94fa73a55c1a29a6694e6822a9b64b7d09fa1a5c38,text_watermark,,generated from held-out ID only; never from train
images/dissertation_v1/ood/sensory_artifact/text_watermark/artifact_000076_00_text_watermark.png,1,train,synthetic_artifact,sensory_artifact,text_watermark,derived_from_synthetic_faf,,derived_or_generated_synthetic,test,9335ac007a7be1bbf69940234c475e3eac5ab33cbe2169b5b2b951b20be88c8a,c85bb9fb9937eec3a0f35515011e5ac1382b6995e2ad67861523bd730778ee5c,text_watermark,,generated from held-out ID only; never from train
images/dissertation_v1/ood/sensory_artifact/text_watermark/artifact_000078_00_text_watermark.png,1,train,synthetic_artifact,sensory_artifact,text_watermark,derived_from_synthetic_faf,,derived_or_generated_synthetic,test,f4e9a9da118c9f0c3d65fe91e17cd56afb867743da0312d397f6fe33ea0a6177,9af2f45d4b55869623d7ce9516709e60795adfd67a812b55afb17354b9baf5d2,text_watermark,,generated from held-out ID only; never from train
images/dissertation_v1/ood/sensory_artifact/text_watermark/artifact_000079_00_text_watermark.png,1,train,synthetic_artifact,sensory_artifact,text_watermark,derived_from_synthetic_faf,,derived_or_generated_synthetic,test,f14168e673b4a61a33193cec866b2306ff70b3e775bc4eb60c9e6138876dcef7,82150b28a408cd90cad8ac33ead707590a8ba8d83cf3038f0788ed2cb27a2f89,text_watermark,,generated from held-out ID only; never from train
images/dissertation_v1/ood/sensory_artifact/text_watermark/artifact_000082_00_text_watermark.png,1,train,synthetic_artifact,sensory_artifact,text_watermark,derived_from_synthetic_faf,,derived_or_generated_synthetic,test,9d11dde773381d1c6c2ff381503347aaa071b84b4122d53fec63696aaa32dc38,5d2c59717f3d4d8170ce1f409aaaf7db80f7ae2685fb909f9db1013ab32d5c49,text_watermark,,generated from held-out ID only; never from train
images/dissertation_v1/ood/sensory_artifact/text_watermark/artifact_000084_00_text_watermark.png,1,train,synthetic_artifact,sensory_artifact,text_watermark,derived_from_synthetic_faf,,derived_or_generated_synthetic,test,f13d39360bb158d8eb9e059d58eca43d22dfd0499ff7012a22d66f65921d18f1,78be763eaa256c23ee59dbb43099a704088867a498e0712f9b39fca6e2a1a9e5,text_watermark,,generated from held-out ID only; never from train
images/dissertation_v1/ood/sensory_artifact/text_watermark/artifact_000087_00_text_watermark.png,1,train,synthetic_artifact,sensory_artifact,text_watermark,derived_from_synthetic_faf,,derived_or_generated_synthetic,test,6d58b96590cebec1b6aac68a2917af31aa3ab4e6e62f0f029b0ca35bcc2beafb,8483b73bf3d280c2e7e75a7509b0bc94b7dd44e58f6d9814a899fb0b9732175a,text_watermark,,generated from held-out ID only; never from train
images/dissertation_v1/ood/sensory_artifact/text_watermark/artifact_000089_00_text_watermark.png,1,train,synthetic_artifact,sensory_artifact,text_watermark,derived_from_synthetic_faf,,derived_or_generated_synthetic,test,e28c5fb2de05beea24cb5df6e641c1ee2cf24e25426d10f7b90942b9189dd2b7,b3a3c25e180e7101a1b8c68aaee59031e3cdfca99d012931bf3981f7cf7b3148,text_watermark,,generated from held-out ID only; never from train
images/dissertation_v1/ood/sensory_artifact/text_watermark/artifact_000090_00_text_watermark.png,1,train,synthetic_artifact,sensory_artifact,text_watermark,derived_from_synthetic_faf,,derived_or_generated_synthetic,test,6deb5f0a1203b06921d26358552384326288960561e9f117fbd481127248686c,3fca0579b63c1ae9218257ecf5fcae692b8b00b38f3afc621efdadf6a57debb7,text_watermark,,generated from held-out ID only; never from train
images/dissertation_v1/ood/sensory_artifact/text_watermark/artifact_000094_00_text_watermark.png,1,train,synthetic_artifact,sensory_artifact,text_watermark,derived_from_synthetic_faf,,derived_or_generated_synthetic,test,1439117388d8de28481beb8e2dd5ccc2154b01c3a8a51b5078e307568edcf918,ee8fa9a0a71d9854bc709dffc04506fd677490df5d65bac869c0430e8faf78bd,text_watermark,,generated from held-out ID only; never from train
images/dissertation_v1/ood/sensory_artifact/text_watermark/artifact_000095_00_text_watermark.png,1,train,synthetic_artifact,sensory_artifact,text_watermark,derived_from_synthetic_faf,,derived_or_generated_synthetic,test,35bf7825510fd05a8bba8fd098b4f320ec3c0204dd57f4d2f5189a47e6bf04dd,36c01ce75ef8cd22d56a154a5e850c4a421754027b40778b2ec4204014e0ab30,text_watermark,,generated from held-out ID only; never from train
images/dissertation_v1/ood/sensory_artifact/text_watermark/artifact_000096_00_text_watermark.png,1,train,synthetic_artifact,sensory_artifact,text_watermark,derived_from_synthetic_faf,,derived_or_generated_synthetic,test,80c13073e87b334df13c3ef17c8681b254e50dfa6ef28eeeb684722baa05d637,618463cdedc1dfd6f8a910f4da6b05226a0546e4ace629eb24575e221d643b5a,text_watermark,,generated from held-out ID only; never from train
images/dissertation_v1/ood/sensory_artifact/text_watermark/artifact_000098_00_text_watermark.png,1,train,synthetic_artifact,sensory_artifact,text_watermark,derived_from_synthetic_faf,,derived_or_generated_synthetic,test,88242cdbdc6375da72ac584cb89f90b4d7eea4394ef5f2d8b99a32a3140de1e7,ad1776fe9a4a4e0ac6dbc4fc86dc77490335756c571e1cac5c09b465f0c4b535,text_watermark,,generated from held-out ID only; never from train
images/dissertation_v1/ood/sensory_artifact/text_watermark/artifact_000100_00_text_watermark.png,1,train,synthetic_artifact,sensory_artifact,text_watermark,derived_from_synthetic_faf,,derived_or_generated_synthetic,test,bd8b937ae4f436014a4e4b23184534fc7af5ef1d56d99e13fcc6c22ae9ee90ed,72629a18912da54c8f255baf6b2684e92df9a2ae8daa4964790904e299592680,text_watermark,,generated from held-out ID only; never from train
images/dissertation_v1/ood/sensory_artifact/text_watermark/artifact_000101_00_text_watermark.png,1,train,synthetic_artifact,sensory_artifact,text_watermark,derived_from_synthetic_faf,,derived_or_generated_synthetic,test,fddb2a1783dd1ad0bfe47ef668e8f30049e66d2ff2bc6f67d92670c7ed275dd1,fd219f500dae4056481182b308e0fcd849c7712eea0f81adbed8fdb9fb27b484,text_watermark,,generated from held-out ID only; never from train
images/dissertation_v1/ood/sensory_artifact/text_watermark/artifact_000102_00_text_watermark.png,1,train,synthetic_artifact,sensory_artifact,text_watermark,derived_from_synthetic_faf,,derived_or_generated_synthetic,test,603edb70aa3760d65daf7f5556f2fe502cc354d1b8c8a909caa9c0bb33865aaa,876590b0a765ef6079e51d67a6947a5af2a14a9fbeccf29ca3f63f876f1fda65,text_watermark,,generated from held-out ID only; never from train
images/dissertation_v1/ood/sensory_artifact/text_watermark/artifact_000105_00_text_watermark.png,1,train,synthetic_artifact,sensory_artifact,text_watermark,derived_from_synthetic_faf,,derived_or_generated_synthetic,test,4502646ef69624233d13560337127212d94681699c0c0b7352a87f63ba4c11b8,5aeefa494416110fc3806f91b7263e927a7398a19bcbe5c7e6b7e7cc6c626ce9,text_watermark,,generated from held-out ID only; never from train
images/dissertation_v1/ood/sensory_artifact/text_watermark/artifact_000108_00_text_watermark.png,1,train,synthetic_artifact,sensory_artifact,text_watermark,derived_from_synthetic_faf,,derived_or_generated_synthetic,test,2b67e6027a7e8e3b22db09ee12ba961a39c24c1b946347e2701ddc8386ca0838,7d72468a874689e25e4b5a25de725a8c0569ab36560fb167471c695722a7a5a1,text_watermark,,generated from held-out ID only; never from train
images/dissertation_v1/ood/sensory_artifact/text_watermark/artifact_000109_00_text_watermark.png,1,train,synthetic_artifact,sensory_artifact,text_watermark,derived_from_synthetic_faf,,derived_or_generated_synthetic,test,0ba95f495d3873b72e232ca8bdc25f23b51149393879fae9721927b1d66359f6,34f334303d87d3fece2fa5c693e847b9026173d7beed69537aeda43d5b114c55,text_watermark,,generated from held-out ID only; never from train
images/dissertation_v1/ood/sensory_artifact/text_watermark/artifact_000110_00_text_watermark.png,1,train,synthetic_artifact,sensory_artifact,text_watermark,derived_from_synthetic_faf,,derived_or_generated_synthetic,test,df55794d48f2886f86e47d7e29574498b4ec07d60e81280aba51e9ef4ab55372,fee378e906a17520f332f1acc698a2c84788b70cd2669ff7b40c88519c15f9d4,text_watermark,,generated from held-out ID only; never from train
images/dissertation_v1/ood/sensory_artifact/text_watermark/artifact_000112_00_text_watermark.png,1,train,synthetic_artifact,sensory_artifact,text_watermark,derived_from_synthetic_faf,,derived_or_generated_synthetic,test,dd3595cc8a71d21614495d928d4f68799205c25cef330bd3cc6bc6d759ac0df5,0082a17690ee34f87cc084ca701192ff9bc09e65a2103ac1c6ae25c2f6d5afac,text_watermark,,generated from held-out ID only; never from train
images/dissertation_v1/ood/sensory_artifact/text_watermark/artifact_000113_00_text_watermark.png,1,train,synthetic_artifact,sensory_artifact,text_watermark,derived_from_synthetic_faf,,derived_or_generated_synthetic,test,5f69c870eafe9d51e1a71b124fec65b94a02094f4a87522c2aa5fd3a18873903,f0a16dcee05bb93fc69293dec6b37b44edad69ce668e805549309e0aa6a401cc,text_watermark,,generated from held-out ID only; never from train
images/dissertation_v1/ood/sensory_artifact/text_watermark/artifact_000114_00_text_watermark.png,1,train,synthetic_artifact,sensory_artifact,text_watermark,derived_from_synthetic_faf,,derived_or_generated_synthetic,test,f09300239708f667617afecf67cbc4983e40c2b9485c69ca64e55e74c627286c,f899478c2f1d44604649c59e088f1ba582e468bacf515f9dd0249ee2cf16e0bb,text_watermark,,generated from held-out ID only; never from train
images/dissertation_v1/ood/sensory_artifact/text_watermark/artifact_000115_00_text_watermark.png,1,train,synthetic_artifact,sensory_artifact,text_watermark,derived_from_synthetic_faf,,derived_or_generated_synthetic,test,a4604532b7c2a5f654a0544c42b5ab9ead064dde3fa904dc36ae1fcc492a65c2,f9dd7c6f3daaf3b557787bcdc1c3ecdd27fc21186ef190f88728218f6cea9bde,text_watermark,,generated from held-out ID only; never from train
images/dissertation_v1/ood/sensory_artifact/text_watermark/artifact_000116_00_text_watermark.png,1,train,synthetic_artifact,sensory_artifact,text_watermark,derived_from_synthetic_faf,,derived_or_generated_synthetic,test,1f9c9ef6e535a04292a5039905036111879719702ee9d2362d1ffab6d3d800ff,981c3d303c80b102eddb306f12e711c2b30df817b3cb9896889b09c72edee0dc,text_watermark,,generated from held-out ID only; never from train
images/dissertation_v1/ood/sensory_artifact/text_watermark/artifact_000120_00_text_watermark.png,1,train,synthetic_artifact,sensory_artifact,text_watermark,derived_from_synthetic_faf,,derived_or_generated_synthetic,test,79fb3835bab6327b642db7bf5a1a941b763301950e08a3e9066675ef01d3a6e7,6050df662b7b43400e1ebcf42f771fb1a9c17485583af5e78204a70a08fb29c9,text_watermark,,generated from held-out ID only; never from train
images/dissertation_v1/ood/sensory_artifact/text_watermark/artifact_000121_00_text_watermark.png,1,train,synthetic_artifact,sensory_artifact,text_watermark,derived_from_synthetic_faf,,derived_or_generated_synthetic,test,7526b864ee8d4ca3eb236807c1fad288ce6601fe8fd5410254ff794fc2f6445a,76663bd120041d5058985d3efa42b23e50de4086393997695a050775c4116f62,text_watermark,,generated from held-out ID only; never from train
images/dissertation_v1/ood/sensory_artifact/text_watermark/artifact_000122_00_text_watermark.png,1,train,synthetic_artifact,sensory_artifact,text_watermark,derived_from_synthetic_faf,,derived_or_generated_synthetic,test,e0a1532a5c2722e042e5836ab20acbf5c8cb8b4cceb150a08dee440e84e4b104,265117c12dd093ed24562953f1f5fb10cc2a9ed74f2fac2312bd6629f939e390,text_watermark,,generated from held-out ID only; never from train
images/dissertation_v1/ood/sensory_artifact/text_watermark/artifact_000125_00_text_watermark.png,1,train,synthetic_artifact,sensory_artifact,text_watermark,derived_from_synthetic_faf,,derived_or_generated_synthetic,test,3860415ba31b095ff99086662553a082322b3e964a3b016de1c0343a44e4db90,7d411bc78dd10c916d8f3a829c53247234311a09b970a9f37107e2bee3f88e6f,text_watermark,,generated from held-out ID only; never from train
images/dissertation_v1/ood/sensory_artifact/text_watermark/artifact_000127_00_text_watermark.png,1,train,synthetic_artifact,sensory_artifact,text_watermark,derived_from_synthetic_faf,,derived_or_generated_synthetic,test,5f0f287867a70d9de1eac427f6f37320f17c9c9777bf69573abe53e6715414dc,1d9bde0c3df2046a73385263a0f0f6b667dc8fcc40164c4219c812103b6ed89a,text_watermark,,generated from held-out ID only; never from train
images/dissertation_v1/ood/sensory_artifact/text_watermark/artifact_000128_00_text_watermark.png,1,train,synthetic_artifact,sensory_artifact,text_watermark,derived_from_synthetic_faf,,derived_or_generated_synthetic,test,589fd24952ae2ec774586a1ae98a8df1c5086686a2f2ea2e28903684db5032d7,f0aaf9cb3094aeb127eef0f67ef481b6683337c3b7ddbc8cf3783d63648d764e,text_watermark,,generated from held-out ID only; never from train
images/dissertation_v1/ood/sensory_artifact/text_watermark/artifact_000131_00_text_watermark.png,1,train,synthetic_artifact,sensory_artifact,text_watermark,derived_from_synthetic_faf,,derived_or_generated_synthetic,test,369a81c25bf1e77d9fb58796f5acf0d7bdf45baf949225b9efe15ed4dacb178b,75cdb6a34fef7077b3c995565448dce323f3c26eecab573379d9dfb734a8db7b,text_watermark,,generated from held-out ID only; never from train
images/dissertation_v1/ood/sensory_artifact/text_watermark/artifact_000134_00_text_watermark.png,1,train,synthetic_artifact,sensory_artifact,text_watermark,derived_from_synthetic_faf,,derived_or_generated_synthetic,test,5f9f7be8bd983b48e7ec669a561dd92064e4fea5c563f670ec41c5dcdcd6692e,7c7ce6b5321de586e2a73555e7709e226600e93382ad9f6a36e75d0d790f2ff8,text_watermark,,generated from held-out ID only; never from train
images/dissertation_v1/ood/sensory_artifact/text_watermark/artifact_000135_00_text_watermark.png,1,train,synthetic_artifact,sensory_artifact,text_watermark,derived_from_synthetic_faf,,derived_or_generated_synthetic,test,42ea9cf535c13e6484ec0864d69af295e601979c84a678c8c876fb2a28e1b5c3,30954c72a9fb85152713d1ddf07ab06d48566e4f5a9101d121d95a220b380007,text_watermark,,generated from held-out ID only; never from train
images/dissertation_v1/ood/sensory_artifact/text_watermark/artifact_000136_00_text_watermark.png,1,train,synthetic_artifact,sensory_artifact,text_watermark,derived_from_synthetic_faf,,derived_or_generated_synthetic,test,9196d848dd9ae145c8e3b6b6a81a29f3c35930857b0fba2134989bc6f44f2ff5,f2a50ebec8d4c518d3dddfc9a597c3cd31e78cd19d54e81a0d05b6e0154973a6,text_watermark,,generated from held-out ID only; never from train
images/dissertation_v1/ood/sensory_artifact/text_watermark/artifact_000137_00_text_watermark.png,1,train,synthetic_artifact,sensory_artifact,text_watermark,derived_from_synthetic_faf,,derived_or_generated_synthetic,test,040e5b2bedf0b0a4de9000869425edd551f1757fe08185e1be15c1760a477216,7a794e04216d10b75a621304cc1d0fc7699b12295c58000ad5f0d937c8cafdea,text_watermark,,generated from held-out ID only; never from train
images/dissertation_v1/ood/sensory_artifact/text_watermark/artifact_000139_00_text_watermark.png,1,train,synthetic_artifact,sensory_artifact,text_watermark,derived_from_synthetic_faf,,derived_or_generated_synthetic,test,aaa7d48db69c54fa23df8340df7e040a45d5f1e1512d1033cf3dd3b76604b055,4d2d7cfa2ba311c178fa68aa390eb321c4df388e5a907d7f5fa285965d42f64f,text_watermark,,generated from held-out ID only; never from train
images/dissertation_v1/ood/sensory_artifact/text_watermark/artifact_000140_00_text_watermark.png,1,train,synthetic_artifact,sensory_artifact,text_watermark,derived_from_synthetic_faf,,derived_or_generated_synthetic,test,20e4b72e8a6f4ea483f20a6e59b18983436d125720661c97de2a0a1aca49f54a,c3e729187cae4fd775b713fa853a2456200b4faab0240643a30ad5594fc62d51,text_watermark,,generated from held-out ID only; never from train
images/dissertation_v1/ood/sensory_artifact/text_watermark/artifact_000141_00_text_watermark.png,1,train,synthetic_artifact,sensory_artifact,text_watermark,derived_from_synthetic_faf,,derived_or_generated_synthetic,test,d64154e4476784336d43981adb15cdc7b6a02d365290e166ee18d09518cf0895,1ecac33ab07d51111996036ab3fb88d5c08e171ff2a971e9acf5525296dea1c7,text_watermark,,generated from held-out ID only; never from train
images/dissertation_v1/ood/sensory_artifact/text_watermark/artifact_000142_00_text_watermark.png,1,train,synthetic_artifact,sensory_artifact,text_watermark,derived_from_synthetic_faf,,derived_or_generated_synthetic,test,21be5f7f2498100fb3e555d50c043658549c6781d757f1f4e925fcbd81fccaef,b9b696bd906b4c55bc36c91d9a2b4388150f80bb9b930062cdd275733b118cf0,text_watermark,,generated from held-out ID only; never from train
images/dissertation_v1/ood/sensory_artifact/text_watermark/artifact_000143_00_text_watermark.png,1,train,synthetic_artifact,sensory_artifact,text_watermark,derived_from_synthetic_faf,,derived_or_generated_synthetic,test,227207fdd0820db9ee5417e95107fde02efc471af2a2767a2319970ed98c8e16,29f8a59dce4344d3c3d5bcc8a0171474bd6e50bc1c0823a4ae0da7e45d8604e7,text_watermark,,generated from held-out ID only; never from train
images/dissertation_v1/ood/sensory_artifact/text_watermark/artifact_000145_00_text_watermark.png,1,train,synthetic_artifact,sensory_artifact,text_watermark,derived_from_synthetic_faf,,derived_or_generated_synthetic,test,75aa187b86cdd1c8e12c44f244e2821bd62892b64585140e1dd5c0f51c8cb189,578e6780b90d93dbd87714cf5bf1b0470f458e55596c36959b30ade921980aa8,text_watermark,,generated from held-out ID only; never from train
images/dissertation_v1/ood/sensory_artifact/text_watermark/artifact_000147_00_text_watermark.png,1,train,synthetic_artifact,sensory_artifact,text_watermark,derived_from_synthetic_faf,,derived_or_generated_synthetic,test,9eed78b516c68be4e970dd8f6fb04bd0fb599153584d9fe93201ac378a3a6cf8,2e934d86b1b37029c030e42e88b7112e2b5f81459322644877d85a5593aed347,text_watermark,,generated from held-out ID only; never from train
images/dissertation_v1/ood/sensory_artifact/text_watermark/artifact_000148_00_text_watermark.png,1,train,synthetic_artifact,sensory_artifact,text_watermark,derived_from_synthetic_faf,,derived_or_generated_synthetic,test,ca140aa39521c85d0a4194bb9f3ea2e92f539b51b1443084cb86d6d10392866b,18bdaf47632912f68f6b587cf57bc6844e251ca95824ceaebac102e755d86e81,text_watermark,,generated from held-out ID only; never from train
