image_path,label,split,source,ood_type,ood_subtype,source_dataset,source_url,license_status,source_split,source_image_hash,parent_image_hash,synthetic_transform,severity,notes
images/dissertation_v1/ood/sensory_artifact/arrow_annotation/artifact_000002_02_arrow_annotation.png,1,train,synthetic_artifact,sensory_artifact,arrow_annotation,derived_from_synthetic_faf,,derived_or_generated_synthetic,test,89c552bf4830ea9bca4ce56cc187372ec5b69b3f9dde2e824f2105d781db3e22,3fe16ad039a6555522438a9b9dd1a0de6bd787a7001116e06a97b4f034684ba2,arrow_annotation,,generated from held-out ID only; never from train
images/dissertation_v1/ood/sensory_artifact/arrow_annotation/artifact_000004_02_arrow_annotation.png,1,train,synthetic_artifact,sensory_artifact,arrow_annotation,derived_from_synthetic_faf,,derived_or_generated_synthetic,test,edec883e5d9ab301fa1e202468ecbd4d4a134c80a4af5562ff5bc97816cc1c51,d1f816cb395b94664ca9fc285317aa28d5757c61e7466f4d035552df5a7b2ef4,arrow_annotation,,generated from held-out ID only; never from train
images/dissertation_v1/ood/sensory_artifact/arrow_annotation/artifact_000005_02_arrow_annotation.png,1,train,synthetic_artifact,sensory_artifact,arrow_annotation,derived_from_synthetic_faf,,derived_or_generated_synthetic,test,7f62ac49fe44d1b04e163c52661ed1014f585f198b47e0dfd52c5c935ef1748b,a37d2499bdadac9b672e002cf5b14bc830d68e387c1ea4405083eb6eed030d26,arrow_annotation,,generated from held-out ID only; never from train
images/dissertation_v1/ood/sensory_artifact/arrow_annotation/artifact_000006_02_arrow_annotation.png,1,train,synthetic_artifact,sensory_artifact,arrow_annotation,derived_from_synthetic_faf,,derived_or_generated_synthetic,test,a1be2f682e802075bca2e9965d5c3f7ccca2ffa5e012028ce48985d2ba46f0d8,31d5f5ed5ac046981c6cb1df50192091daa4b282d054e8095b9e025b42afeb88,arrow_annotation,,generated from held-out ID only; never from train
images/dissertation_v1/ood/sensory_artifact/arrow_annotation/artifact_000007_02_arrow_annotation.png,1,train,synthetic_artifact,sensory_artifact,arrow_annotation,derived_from_synthetic_faf,,derived_or_generated_synthetic,test,a5da0ef69d2e3c4b551810eff76635f282bdddaf0b5653a0c70e401fad7af0af,f42ab30d20b276c5fba40818aeb540adbd4fef553ec7196ea828c0a30f5f349f,arrow_annotation,,generated from held-out ID only; never from train
images/dissertation_v1/ood/sensory_artifact/arrow_annotation/artifact_000009_02_arrow_annotation.png,1,train,synthetic_artifact,sensory_artifact,arrow_annotation,derived_from_synthetic_faf,,derived_or_generated_synthetic,test,24ac86b770f5100d07b6856096953a4a1a82f7d8eca7c94772ab0df0f4de5852,2921bd55bd6a1e0c179915271aa18bb9e1f22a278d1c127770fec0cb54d7d88d,arrow_annotation,,generated from held-out ID only; never from train
images/dissertation_v1/ood/sensory_artifact/arrow_annotation/artifact_000010_02_arrow_annotation.png,1,train,synthetic_artifact,sensory_artifact,arrow_annotation,derived_from_synthetic_faf,,derived_or_generated_synthetic,test,e37531e0722b4be2e3b638c5d17787c886795a27ed1717dc8626d09749cb237f,2ce067e78529d59ae5f2ff71b02be86e4f62371b0aa31810d2047f115fe68900,arrow_annotation,,generated from held-out ID only; never from train
images/dissertation_v1/ood/sensory_artifact/arrow_annotation/artifact_000011_02_arrow_annotation.png,1,train,synthetic_artifact,sensory_artifact,arrow_annotation,derived_from_synthetic_faf,,derived_or_generated_synthetic,test,583bcae245ef994c02970ead0c9e8372edc4397c3519f74085156d6553d91e45,d822b0621f3574fb70a96904005d10d950c5fed12e7f0f1c78edbcb396fbd7ac,arrow_annotation,,generated from held-out ID only; never from train
images/dissertation_v1/ood/sensory_artifact/arrow_annotation/artifact_000014_02_arrow_annotation.png,1,train,synthetic_artifact,sensory_artifact,arrow_annotation,derived_from_synthetic_faf,,derived_or_generated_synthetic,test,3bd8408bdd5619041293560e84dcd3a8f94802b705a52ad7063ea73d6b523954,50eb07963b954a027224c212fef91ed6b91ad3d68a58e0fb6e2fd32ccb4b8bd1,arrow_annotation,,generated from held-out ID only; never from train
images/dissertation_v1/ood/sensory_artifact/arrow_annotation/artifact_000015_02_arrow_annotation.png,1,train,synthetic_artifact,sensory_artifact,arrow_annotation,derived_from_synthetic_faf,,derived_or_generated_synthetic,test,343dd166d6fb4a1880d6917ef50efe16401db5a75616262647553300592866b9,38fbaedc8df6557c3519716071afbe70dbb54496bc3eda4dbd28443246ef0539,arrow_annotation,,generated from held-out ID only; never from train
images/dissertation_v1/ood/sensory_artifact/arrow_annotation/artifact_000016_02_arrow_annotation.png,1,train,synthetic_artifact,sensory_artifact,arrow_annotation,derived_from_synthetic_faf,,derived_or_generated_synthetic,test,08607a16bd9125dc3e837866ed078685f6618a74c7684e571628828a497a2c31,9c16a2d52b66788ef6f4635487fc55e1b8f9abf860695b606defc6a4d6726219,arrow_annotation,,generated from held-out ID only; never from train
images/dissertation_v1/ood/sensory_artifact/arrow_annotation/artifact_000018_02_arrow_annotation.png,1,train,synthetic_artifact,sensory_artifact,arrow_annotation,derived_from_synthetic_faf,,derived_or_generated_synthetic,test,b6d0062152e2664e194572a78d39869a3c05d7c414aedb72b34038b94f45fed4,fd6fd89f280a24b4873a415a5fc1f7315de7c22e49be7073c6a9348d08c1f07b,arrow_annotation,,generated from held-out ID only; never from train
images/dissertation_v1/ood/sensory_artifact/arrow_annotation/artifact_000020_02_arrow_annotation.png,1,train,synthetic_artifact,sensory_artifact,arrow_annotation,derived_from_synthetic_faf,,derived_or_generated_synthetic,test,2d0c8fe7e38276255fa31994441685ba45eb8c702a291d451191b984b29d5b12,5db33929cee5ce3d7b21de926a708da9a1e5e2b0c82a9430eebe1296f81aeaa3,arrow_annotation,,generated from held-out ID only; never from train
images/dissertation_v1/ood/sensory_artifact/arrow_annotation/artifact_000021_02_arrow_annotation.png,1,train,synthetic_artifact,sensory_artifact,arrow_annotation,derived_from_synthetic_faf,,derived_or_generated_synthetic,test,f86b8d1691498c94ba3cbc805c5225b3db23de4c101892b3903b3c7bf9f58ad4,4d03a1e9e5af412c9b0f27c2121c6702f6eac8ed7a1ee7be5bf7614449647c3f,arrow_annotation,,generated from held-out ID only; never from train
images/dissertation_v1/ood/sensory_artifact/arrow_annotation/artifact_000022_02_arrow_annotation.png,1,train,synthetic_artifact,sensory_artifact,arrow_annotation,derived_from_synthetic_faf,,derived_or_generated_synthetic,test,aa8a1bccc5756251dfae500f5c31bfe8e516bcac5c84a5e2618a01b3d93631b9,8731067f5bddc9601fe392e35a58da1299a5178ab7dfa27ab0a5fa2737e53dc0,arrow_annotation,,generated from held-out ID only; never from train
images/dissertation_v1/ood/sensory_artifact/arrow_annotation/artifact_000026_02_arrow_annotation.png,1,train,synthetic_artifact,sensory_artifact,arrow_annotation,derived_from_synthetic_faf,,derived_or_generated_synthetic,test,ec8df0a781fbb9432d6ba2c5173564d556b1d70abb769200e5531fc13e4d4ad6,47d438f5b053f04e177c822d969def1d7773e3f146dc0ea2c51f5a1fc298f1bf,arrow_annotation,,generated from held-out ID only; never from train
images/dissertation_v1/ood/sensory_artifact/arrow_annotation/artifact_000027_02_arrow_annotation.png,1,train,synthetic_artifact,sensory_artifact,arrow_annotation,derived_from_synthetic_faf,,derived_or_generated_synthetic,test,2a96bc896add05151f364c996410d70c846b54bfaec64ef89a0951ecdc179bc4,d17848e520a3ae00722eb99fa347570a8d433ea459bdccc4cd1875b60916af63,arrow_annotation,,generated from held-out ID only; never from train
images/dissertation_v1/ood/sensory_artifact/arrow_annotation/artifact_000029_02_arrow_annotation.png,1,train,synthetic_artifact,sensory_artifact,arrow_annotation,derived_from_synthetic_faf,,derived_or_generated_synthetic,test,72781aebe2447efaf8f0e670798c7f3b9a7444a58cb4f9ce9011e858fff5e5b0,06df7d1f687f8a014291b723a7281d280cf107ae764e77fc64a0958208a42440,arrow_annotation,,generated from held-out ID only; never from train
images/dissertation_v1/ood/sensory_artifact/arrow_annotation/artifact_000031_02_arrow_annotation.png,1,train,synthetic_artifact,sensory_artifact,arrow_annotation,derived_from_synthetic_faf,,derived_or_generated_synthetic,test,12b1d1069bc1b1cbf73e1f9908216947e55bfdd4cca9559d701d278386f58202,d9566cc09f758dd1d317a06788b155dff7dfac4dd76e0832de3589651a4e8145,arrow_annotation,,generated from held-out ID only; never from train
images/dissertation_v1/ood/sensory_artifact/arrow_annotation/artifact_000033_02_arrow_annotation.png,1,train,synthetic_artifact,sensory_artifact,arrow_annotation,derived_from_synthetic_faf,,derived_or_generated_synthetic,test,f119a0d2b68ed27a2a7e8d3e2937149138454380953c3bdf1e3bca27dff72231,4b7f0a7b00dfcf5ba2661e0bc56b7db00c61fe7777786f1f891fafb7ac03a267,arrow_annotation,,generated from held-out ID only; never from train
images/dissertation_v1/ood/sensory_artifact/arrow_annotation/artifact_000034_02_arrow_annotation.png,1,train,synthetic_artifact,sensory_artifact,arrow_annotation,derived_from_synthetic_faf,,derived_or_generated_synthetic,test,ac6a4b1bfdf8f61011101b7e367dd929fb092ba2c6141b28f8966ad344cb5abe,c6dd7425043cfeb65df2eb62643ca92c65f1cc68ddf4eb024e5e570e98350746,arrow_annotation,,generated from held-out ID only; never from train
images/dissertation_v1/ood/sensory_artifact/arrow_annotation/artifact_000036_02_arrow_annotation.png,1,train,synthetic_artifact,sensory_artifact,arrow_annotation,derived_from_synthetic_faf,,derived_or_generated_synthetic,test,85961c8a4b21ad6b0b0e24de5becac97e6bd3704ae4f59ac3cbdf967d0be7f51,6ec6209b2791522f0608c0e98d17415b05002c0ab9a4d1fff0df547aa6b1ecab,arrow_annotation,,generated from held-out ID only; never from train
images/dissertation_v1/ood/sensory_artifact/arrow_annotation/artifact_000037_02_arrow_annotation.png,1,train,synthetic_artifact,sensory_artifact,arrow_annotation,derived_from_synthetic_faf,,derived_or_generated_synthetic,test,340572db55b6d89297e3e2e70a6fa78697643d79c213fad7ca8089aff2f37cff,1d93bc13ac331db7a072736022e31038f869f965793787c53f3d2a57ec76cd8d,arrow_annotation,,generated from held-out ID only; never from train
images/dissertation_v1/ood/sensory_artifact/arrow_annotation/artifact_000038_02_arrow_annotation.png,1,train,synthetic_artifact,sensory_artifact,arrow_annotation,derived_from_synthetic_faf,,derived_or_generated_synthetic,test,b8232d659f8feca252de0332707b876259faa9e051087a16ebcfeb32427f6716,8cc0640073e0f9c820b460efc0c58ec7414b7e8df823d5f1c93b38ba793d8902,arrow_annotation,,generated from held-out ID only; never from train
images/dissertation_v1/ood/sensory_artifact/arrow_annotation/artifact_000039_02_arrow_annotation.png,1,train,synthetic_artifact,sensory_artifact,arrow_annotation,derived_from_synthetic_faf,,derived_or_generated_synthetic,test,b1d3c8029dcbfdf685ee01e592b5e1a00c678d0a9d967023133e1789ccaed030,43e31a69e1ac562052f9cdbaced1925f36b93985a9d7052f8914674a577bd981,arrow_annotation,,generated from held-out ID only; never from train
images/dissertation_v1/ood/sensory_artifact/arrow_annotation/artifact_000041_02_arrow_annotation.png,1,train,synthetic_artifact,sensory_artifact,arrow_annotation,derived_from_synthetic_faf,,derived_or_generated_synthetic,test,bb007220b9d3fe192d839dc90e20eec06aa36be992e762b4cd86b2a8b2ebfc8b,81a78d254ea6b2a2f5a4affbfb96971984508cdd9229061837c581ec353ebdad,arrow_annotation,,generated from held-out ID only; never from train
images/dissertation_v1/ood/sensory_artifact/arrow_annotation/artifact_000045_02_arrow_annotation.png,1,train,synthetic_artifact,sensory_artifact,arrow_annotation,derived_from_synthetic_faf,,derived_or_generated_synthetic,test,3094b8da48381f4c9fae6eab70cb76699b28e3227338e8db34f516f1b445de45,0d8179602a20b54a7b76b2646b6ca767cab75446932874d1ef601275c796d6ba,arrow_annotation,,generated from held-out ID only; never from train
images/dissertation_v1/ood/sensory_artifact/arrow_annotation/artifact_000048_02_arrow_annotation.png,1,train,synthetic_artifact,sensory_artifact,arrow_annotation,derived_from_synthetic_faf,,derived_or_generated_synthetic,test,ed26eeeff9bdbf93893dc771be77cb988ba6bb59c516803454a26429602a341d,36f73c8b9761160f2d53cae70e3f531a67de1e24ad2ae6fcf48727198c793160,arrow_annotation,,generated from held-out ID only; never from train
images/dissertation_v1/ood/sensory_artifact/arrow_annotation/artifact_000051_02_arrow_annotation.png,1,train,synthetic_artifact,sensory_artifact,arrow_annotation,derived_from_synthetic_faf,,derived_or_generated_synthetic,test,1c7bc94da2424d8dbe07f254a23b810e063526c6c1bf0db4db5cc3bb575c420e,d98c4689f08b345b86108e34cac4f9e60ff36db08a9d29d0e3243ca1cf2c6941,arrow_annotation,,generated from held-out ID only; never from train
images/dissertation_v1/ood/sensory_artifact/arrow_annotation/artifact_000052_02_arrow_annotation.png,1,train,synthetic_artifact,sensory_artifact,arrow_annotation,derived_from_synthetic_faf,,derived_or_generated_synthetic,test,5c550329642146f69597a88ba804d62c3c34717fedb1fa84988a654145e377aa,cd9af11e8731f9a6b9d13f0180c06c1f60c2ae8a695e16abc6268b79f1026b1e,arrow_annotation,,generated from held-out ID only; never from train
images/dissertation_v1/ood/sensory_artifact/arrow_annotation/artifact_000054_02_arrow_annotation.png,1,train,synthetic_artifact,sensory_artifact,arrow_annotation,derived_from_synthetic_faf,,derived_or_generated_synthetic,test,0a436f902ad0a854494df0d042d0f910c4923593105de7bd683e3411f977c128,f54f3645c72dc3a2c8558dc0200730edd83c26c1adc2e1b5b2dfb6a192f08c5d,arrow_annotation,,generated from held-out ID only; never from train
images/dissertation_v1/ood/sensory_artifact/arrow_annotation/artifact_000055_02_arrow_annotation.png,1,train,synthetic_artifact,sensory_artifact,arrow_annotation,derived_from_synthetic_faf,,derived_or_generated_synthetic,test,562007bfad5b48b5967eef379a2d8042e7d6e549116f23dac6bf083b2d2de59f,bb7ced17f3ce7864da174a6b78b7f34b25cf97ec01c15d5452696207f3063416,arrow_annotation,,generated from held-out ID only; never from train
images/dissertation_v1/ood/sensory_artifact/arrow_annotation/artifact_000056_02_arrow_annotation.png,1,train,synthetic_artifact,sensory_artifact,arrow_annotation,derived_from_synthetic_faf,,derived_or_generated_synthetic,test,99acc497d40952fb2cd33042717bdde4240d342fd92b9a8f96392159003c33c4,5cac36dc7dbb94150b4cd1703091de1fb9f3dc8fb4edfd870bfc1b1f799f0eab,arrow_annotation,,generated from held-out ID only; never from train
images/dissertation_v1/ood/sensory_artifact/arrow_annotation/artifact_000057_02_arrow_annotation.png,1,train,synthetic_artifact,sensory_artifact,arrow_annotation,derived_from_synthetic_faf,,derived_or_generated_synthetic,test,dcd6df87f089347ec7f2664a3fa43a9ca9f04c46280ae7145726f39d136df65f,31b43cdb11ddd17ba24311605ad64723ef0f74ce4e8dce09319ba9a7cb6f1b1e,arrow_annotation,,generated from held-out ID only; never from train
images/dissertation_v1/ood/sensory_artifact/arrow_annotation/artifact_000059_02_arrow_annotation.png,1,train,synthetic_artifact,sensory_artifact,arrow_annotation,derived_from_synthetic_faf,,derived_or_generated_synthetic,test,9b8ce4b77709b91a245791a4d16c4d2ae023833d5d72b8d26efb7ef56a18440e,2869b22fa7b02533b8e39d46cc06f3f911655ac33a2ad6eb153d8279df5416b4,arrow_annotation,,generated from held-out ID only; never from train
images/dissertation_v1/ood/sensory_artifact/arrow_annotation/artifact_000060_02_arrow_annotation.png,1,train,synthetic_artifact,sensory_artifact,arrow_annotation,derived_from_synthetic_faf,,derived_or_generated_synthetic,test,db81532822a5453de8ef55c654cc53b838c6b20d54ca64cc2880f24663921ccf,3a1a39ff67d065cd684acfd8e796efadd79cc73dbda7ad12dc6627016af7bdfc,arrow_annotation,,generated from held-out ID only; never from train
images/dissertation_v1/ood/sensory_artifact/arrow_annotation/artifact_000061_02_arrow_annotation.png,1,train,synthetic_artifact,sensory_artifact,arrow_annotation,derived_from_synthetic_faf,,derived_or_generated_synthetic,test,8e71867d4fbd7d11e236d3ccb8f323d853ea89f1a6037f377837c63423726d1a,12d8af55f0db94152dfed5578d720d5e721370d87553d40e7e89b8d273299636,arrow_annotation,,generated from held-out ID only; never from train
images/dissertation_v1/ood/sensory_artifact/arrow_annotation/artifact_000062_02_arrow_annotation.png,1,train,synthetic_artifact,sensory_artifact,arrow_annotation,derived_from_synthetic_faf,,derived_or_generated_synthetic,test,4e02fc26ddb21ed6d0516c283f9b5c6acb09ca44b9587a6da4d7cc9be3e5ea7d,00811fb76c52f5c2bd8a6d96a6c619f11efac29ad5d8de78e863a4026b14a14e,arrow_annotation,,generated from held-out ID only; never from train
images/dissertation_v1/ood/sensory_artifact/arrow_annotation/artifact_000064_02_arrow_annotation.png,1,train,synthetic_artifact,sensory_artifact,arrow_annotation,derived_from_synthetic_faf,,derived_or_generated_synthetic,test,d92737e0cfdcbaf4ca087f3419d5588f7fd9ed177a7cf3a27931d3d853fe2cc7,ed76f75a6431df837a0c96248c6d34a5feb8814386e0bff5e1c0200bdd9bde1c,arrow_annotation,,generated from held-out ID only; never from train
images/dissertation_v1/ood/sensory_artifact/arrow_annotation/artifact_000066_02_arrow_annotation.png,1,train,synthetic_artifact,sensory_artifact,arrow_annotation,derived_from_synthetic_faf,,derived_or_generated_synthetic,test,f9dc0aaf39eb646668d1fa7a6bed5acd800393921f2b4e994cd06504df4d6f99,bb563bc3bd6ec78b7023ed22eaaf1c66956f573f9bed0d4f9eb07fb708f4c884,arrow_annotation,,generated from held-out ID only; never from train
images/dissertation_v1/ood/sensory_artifact/arrow_annotation/artifact_000069_02_arrow_annotation.png,1,train,synthetic_artifact,sensory_artifact,arrow_annotation,derived_from_synthetic_faf,,derived_or_generated_synthetic,test,61c6f71b380d50e6315c1ceb6b4e1dca6ac19acf477e52f709b8ddc1425705c7,085c1b474fee2d6f0ae2e0bc9a953b1ed0e5f7f24e3106a6f47fec651897025f,arrow_annotation,,generated from held-out ID only; never from train
images/dissertation_v1/ood/sensory_artifact/arrow_annotation/artifact_000070_02_arrow_annotation.png,1,train,synthetic_artifact,sensory_artifact,arrow_annotation,derived_from_synthetic_faf,,derived_or_generated_synthetic,test,960c9961417a13951461a6b5e9cc337671bf27193d62b2e95f566f6e1613c604,5cda8eb9932b6b8bcc5bcdf0a7fbdac3818847732b37ac6dab45d267b2bff245,arrow_annotation,,generated from held-out ID only; never from train
images/dissertation_v1/ood/sensory_artifact/arrow_annotation/artifact_000071_02_arrow_annotation.png,1,train,synthetic_artifact,sensory_artifact,arrow_annotation,derived_from_synthetic_faf,,derived_or_generated_synthetic,test,cbc425b78fa48eb5dcce08f8230ab5b28b433790f5a9863632cca5181c549c25,c8eb47ac0768a5c9f9470dbb0e16e100847b28bcd7869d7962a0bffd9aa914e0,arrow_annotation,,generated from held-out ID only; never from train
images/dissertation_v1/ood/sensory_artifact/arrow_annotation/artifact_000072_02_arrow_annotation.png,1,train,synthetic_artifact,sensory_artifact,arrow_annotation,derived_from_synthetic_faf,,derived_or_generated_synthetic,test,749f0478ef96b49bef562c9567c29ab988ff2bef727489226f3c249b2ea0cbba,c8fe2b85f894306e93ed79f02f77da1427fdcbf995b0ad07e35c66f98bbdb7a0,arrow_annotation,,generated from held-out ID only; never from train
images/dissertation_v1/ood/sensory_artifact/arrow_annotation/artifact_000073_02_arrow_annotation.png,1,train,synthetic_artifact,sensory_artifact,arrow_annotation,derived_from_synthetic_faf,,derived_or_generated_synthetic,test,a94a75624c3a78313a47d717db4a40fb286b7b2cd97c6e75f8c1b82927990f8a,dcd3f3349f07e1bed7856633db333e4747430455d15c5a8608c54e3f7a1e3d7d,arrow_annotation,,generated from held-out ID only; never from train
images/dissertation_v1/ood/sensory_artifact/arrow_annotation/artifact_000075_02_arrow_annotation.png,1,train,synthetic_artifact,sensory_artifact,arrow_annotation,derived_from_synthetic_faf,,derived_or_generated_synthetic,test,81a6e4dcdb9af49f55792ea379d7e141ac1c07d7c213bc9a51fc4208d459b99d,4f49d5898ef29e6dbba84b94fa73a55c1a29a6694e6822a9b64b7d09fa1a5c38,arrow_annotation,,generated from held-out ID only; never from train
images/dissertation_v1/ood/sensory_artifact/arrow_annotation/artifact_000076_02_arrow_annotation.png,1,train,synthetic_artifact,sensory_artifact,arrow_annotation,derived_from_synthetic_faf,,derived_or_generated_synthetic,test,80123d5844dc99cfd9a5a2603b148e981754bb0448e1b605a388194428527468,c85bb9fb9937eec3a0f35515011e5ac1382b6995e2ad67861523bd730778ee5c,arrow_annotation,,generated from held-out ID only; never from train
images/dissertation_v1/ood/sensory_artifact/arrow_annotation/artifact_000077_02_arrow_annotation.png,1,train,synthetic_artifact,sensory_artifact,arrow_annotation,derived_from_synthetic_faf,,derived_or_generated_synthetic,test,016663b557160906aff44139bc9dc2a4e5197cd327b56c1b418df36842d646a5,e7627774111ea19b66b882a70a6b4e624d03c580bab2e995417adc97ae618fca,arrow_annotation,,generated from held-out ID only; never from train
images/dissertation_v1/ood/sensory_artifact/arrow_annotation/artifact_000081_02_arrow_annotation.png,1,train,synthetic_artifact,sensory_artifact,arrow_annotation,derived_from_synthetic_faf,,derived_or_generated_synthetic,test,5bf3df9904de51e03f8c14e5ff42e1369f3aa4e142b97ae5c744da97686e6737,9c236864c4a7287d1a3842022901afb11f7ce1717d553e2fb931863137eb46fd,arrow_annotation,,generated from held-out ID only; never from train
images/dissertation_v1/ood/sensory_artifact/arrow_annotation/artifact_000082_02_arrow_annotation.png,1,train,synthetic_artifact,sensory_artifact,arrow_annotation,derived_from_synthetic_faf,,derived_or_generated_synthetic,test,895c085a4b9b32332fffc8ef77635d0387a1b4a013f76d92928ca4c06adfadf3,5d2c59717f3d4d8170ce1f409aaaf7db80f7ae2685fb909f9db1013ab32d5c49,arrow_annotation,,generated from held-out ID only; never from train
images/dissertation_v1/ood/sensory_artifact/arrow_annotation/artifact_000084_02_arrow_annotation.png,1,train,synthetic_artifact,sensory_artifact,arrow_annotation,derived_from_synthetic_faf,,derived_or_generated_synthetic,test,1a8b4a49bb62f835db36944ea1022e78432e013f9a24694dea0dac7198e44a87,78be763eaa256c23ee59dbb43099a704088867a498e0712f9b39fca6e2a1a9e5,arrow_annotation,,generated from held-out ID only; never from train
images/dissertation_v1/ood/sensory_artifact/arrow_annotation/artifact_000085_02_arrow_annotation.png,1,train,synthetic_artifact,sensory_artifact,arrow_annotation,derived_from_synthetic_faf,,derived_or_generated_synthetic,test,43107026ef1450aa3f0ee1391f4af65b260e52db9742671b7ccbaf45d711a6a1,8d1a0ac599eb0fc0815a524bfd0d17776fb2ef35046fbc4572d893caaa893281,arrow_annotation,,generated from held-out ID only; never from train
images/dissertation_v1/ood/sensory_artifact/arrow_annotation/artifact_000086_02_arrow_annotation.png,1,train,synthetic_artifact,sensory_artifact,arrow_annotation,derived_from_synthetic_faf,,derived_or_generated_synthetic,test,e7574c276356e8e2f0d5b80cf9278040b0878b4a6baf6e1f7c3a0e04112c5682,31b02edfe736e04e35cd7f7a5b015298b7e2d1e515eab2fffefd23f0d137a0dc,arrow_annotation,,generated from held-out ID only; never from train
images/dissertation_v1/ood/sensory_artifact/arrow_annotation/artifact_000087_02_arrow_annotation.png,1,train,synthetic_artifact,sensory_artifact,arrow_annotation,derived_from_synthetic_faf,,derived_or_generated_synthetic,test,52e97fc78551d1aaf9ede4e9d1330092a36b34845aae2ff692e4dfbb337a38fc,8483b73bf3d280c2e7e75a7509b0bc94b7dd44e58f6d9814a899fb0b9732175a,arrow_annotation,,generated from held-out ID only; never from train
images/dissertation_v1/ood/sensory_artifact/arrow_annotation/artifact_000089_02_arrow_annotation.png,1,train,synthetic_artifact,sensory_artifact,arrow_annotation,derived_from_synthetic_faf,,derived_or_generated_synthetic,test,72e78158075c95fdc49c6565dcea3a514400da10743a85be781021062704076c,b3a3c25e180e7101a1b8c68aaee59031e3cdfca99d012931bf3981f7cf7b3148,arrow_annotation,,generated from held-out ID only; never from train
images/dissertation_v1/ood/sensory_artifact/arrow_annotation/artifact_000091_02_arrow_annotation.png,1,train,synthetic_artifact,sensory_artifact,arrow_annotation,derived_from_synthetic_faf,,derived_or_generated_synthetic,test,207fca3eab07edbf4c58f48468bc79617a69c47cf2e46994741ff08e46d8da88,aad7e429cc48dcdb1988b8ca4ee0525bf04dee268b8380a14b179424300151d6,arrow_annotation,,generated from held-out ID only; never from train
images/dissertation_v1/ood/sensory_artifact/arrow_annotation/artifact_000092_02_arrow_annotation.png,1,train,synthetic_artifact,sensory_artifact,arrow_annotation,derived_from_synthetic_faf,,derived_or_generated_synthetic,test,eb507896793512ac2bb32692fccdac693c092ae52bcba56334a5c0ffb6410b6d,7baa285b08e495d0697e82cc730097fc88a015655219451703d4b74cf88e04bf,arrow_annotation,,generated from held-out ID only; never from train
images/dissertation_v1/ood/sensory_artifact/arrow_annotation/artifact_000093_02_arrow_annotation.png,1,train,synthetic_artifact,sensory_artifact,arrow_annotation,derived_from_synthetic_faf,,derived_or_generated_synthetic,test,c129180230d06259d913c2f397a154559dd7b4755d5564b8473a924e0e79be25,0494612ae7255e132e9406a894d25bd19a533be196b9734af9000d922c17b3cc,arrow_annotation,,generated from held-out ID only; never from train
images/dissertation_v1/ood/sensory_artifact/arrow_annotation/artifact_000094_02_arrow_annotation.png,1,train,synthetic_artifact,sensory_artifact,arrow_annotation,derived_from_synthetic_faf,,derived_or_generated_synthetic,test,f3cbec5180db6f610d973e61f8a6f5259dbee75c65c62d3bf1af437c49956a73,ee8fa9a0a71d9854bc709dffc04506fd677490df5d65bac869c0430e8faf78bd,arrow_annotation,,generated from held-out ID only; never from train
images/dissertation_v1/ood/sensory_artifact/arrow_annotation/artifact_000098_02_arrow_annotation.png,1,train,synthetic_artifact,sensory_artifact,arrow_annotation,derived_from_synthetic_faf,,derived_or_generated_synthetic,test,afdc3ed3e66ef2fdb3db5ebe62a5a2686f414311063e3f02eab3eb1604948bad,ad1776fe9a4a4e0ac6dbc4fc86dc77490335756c571e1cac5c09b465f0c4b535,arrow_annotation,,generated from held-out ID only; never from train
images/dissertation_v1/ood/sensory_artifact/arrow_annotation/artifact_000099_02_arrow_annotation.png,1,train,synthetic_artifact,sensory_artifact,arrow_annotation,derived_from_synthetic_faf,,derived_or_generated_synthetic,test,db4eff78a2b23f30c3b0fa90d15c80c5f73c63fc697b8b2a24bd45c73120fe26,4e700d840f030cd552e0b77feb275ff4e36ff95e9d9f4bbf2d7d059bdadc9a84,arrow_annotation,,generated from held-out ID only; never from train
images/dissertation_v1/ood/sensory_artifact/arrow_annotation/artifact_000101_02_arrow_annotation.png,1,train,synthetic_artifact,sensory_artifact,arrow_annotation,derived_from_synthetic_faf,,derived_or_generated_synthetic,test,7be72b8e4ce766d3bdb8149c588ae6d6798b83720efb61ba5600a049df43417f,fd219f500dae4056481182b308e0fcd849c7712eea0f81adbed8fdb9fb27b484,arrow_annotation,,generated from held-out ID only; never from train
images/dissertation_v1/ood/sensory_artifact/arrow_annotation/artifact_000103_02_arrow_annotation.png,1,train,synthetic_artifact,sensory_artifact,arrow_annotation,derived_from_synthetic_faf,,derived_or_generated_synthetic,test,4f1218cf46740c492e0286d415f8d853de3adc6004643bbb66e90ea52285afbe,7e4e1f31c25f0a5bf586fe1a8946c76be7d0eef3fb520a018c3782c307394331,arrow_annotation,,generated from held-out ID only; never from train
images/dissertation_v1/ood/sensory_artifact/arrow_annotation/artifact_000105_02_arrow_annotation.png,1,train,synthetic_artifact,sensory_artifact,arrow_annotation,derived_from_synthetic_faf,,derived_or_generated_synthetic,test,ff938aa67c8a85452c7b9f897b91d07926ac26b96bb0244d8af7ae63d2a9212e,5aeefa494416110fc3806f91b7263e927a7398a19bcbe5c7e6b7e7cc6c626ce9,arrow_annotation,,generated from held-out ID only; never from train
images/dissertation_v1/ood/sensory_artifact/arrow_annotation/artifact_000107_02_arrow_annotation.png,1,train,synthetic_artifact,sensory_artifact,arrow_annotation,derived_from_synthetic_faf,,derived_or_generated_synthetic,test,bec9a2167f8d0e988380afe8d6e890472c0f1ebc89c1a3bda9923ed1df2f3347,44cad52a9605bcb262e06549a1f5752b5cfa0264bdac739c6e094b961caa0260,arrow_annotation,,generated from held-out ID only; never from train
images/dissertation_v1/ood/sensory_artifact/arrow_annotation/artifact_000110_02_arrow_annotation.png,1,train,synthetic_artifact,sensory_artifact,arrow_annotation,derived_from_synthetic_faf,,derived_or_generated_synthetic,test,64bb9883ded6e9eaa94f99a6ba00fcaa2b431a3c38eb0ad1877c7b4c491966ee,fee378e906a17520f332f1acc698a2c84788b70cd2669ff7b40c88519c15f9d4,arrow_annotation,,generated from held-out ID only; never from train
images/dissertation_v1/ood/sensory_artifact/arrow_annotation/artifact_000111_02_arrow_annotation.png,1,train,synthetic_artifact,sensory_artifact,arrow_annotation,derived_from_synthetic_faf,,derived_or_generated_synthetic,test,930da1afb9f43a6ba67011eaf58163dcd973fb1982db1fe2f792d609545c35e8,7e805b2a3e3142002e88d10d7f9ccbf84feaf1272c5f6cb33d29ef76ae2883cd,arrow_annotation,,generated from held-out ID only; never from train
images/dissertation_v1/ood/sensory_artifact/arrow_annotation/artifact_000112_02_arrow_annotation.png,1,train,synthetic_artifact,sensory_artifact,arrow_annotation,derived_from_synthetic_faf,,derived_or_generated_synthetic,test,0e86db9f84f06e999a9e1fc18f7c512d71b9eb08c1f398c7a6eb4bee917d0f41,0082a17690ee34f87cc084ca701192ff9bc09e65a2103ac1c6ae25c2f6d5afac,arrow_annotation,,generated from held-out ID only; never from train
images/dissertation_v1/ood/sensory_artifact/arrow_annotation/artifact_000114_02_arrow_annotation.png,1,train,synthetic_artifact,sensory_artifact,arrow_annotation,derived_from_synthetic_faf,,derived_or_generated_synthetic,test,7c46c299578e26565435206dd414026e708e5447d29320053b3de20634c39c26,f899478c2f1d44604649c59e088f1ba582e468bacf515f9dd0249ee2cf16e0bb,arrow_annotation,,generated from held-out ID only; never from train
images/dissertation_v1/ood/sensory_artifact/arrow_annotation/artifact_000115_02_arrow_annotation.png,1,train,synthetic_artifact,sensory_artifact,arrow_annotation,derived_from_synthetic_faf,,derived_or_generated_synthetic,test,1eea83e635f6a056872fbac29a4f1995d1f6f5fa51f61306fd432dd169ef9526,f9dd7c6f3daaf3b557787bcdc1c3ecdd27fc21186ef190f88728218f6cea9bde,arrow_annotation,,generated from held-out ID only; never from train
images/dissertation_v1/ood/sensory_artifact/arrow_annotation/artifact_000118_02_arrow_annotation.png,1,train,synthetic_artifact,sensory_artifact,arrow_annotation,derived_from_synthetic_faf,,derived_or_generated_synthetic,test,fd7d549f94924db1d92fc7eaf132d5f9c0d19789d5a3b811045e15c0f11c926e,16a1cc371228bd768eab2f371a75231fdc942e4ef4305c0baa4d1cba546b88bd,arrow_annotation,,generated from held-out ID only; never from train
images/dissertation_v1/ood/sensory_artifact/arrow_annotation/artifact_000119_02_arrow_annotation.png,1,train,synthetic_artifact,sensory_artifact,arrow_annotation,derived_from_synthetic_faf,,derived_or_generated_synthetic,test,25bbc2aef9a6d2e3e53733f5c15bf8c7cbe89f75b727144ea2438868c23f8c09,53bf5530df489572f1275cb4607b1bfd1a3e739f55de2f976346ef16b04c2aec,arrow_annotation,,generated from held-out ID only; never from train
images/dissertation_v1/ood/sensory_artifact/arrow_annotation/artifact_000120_02_arrow_annotation.png,1,train,synthetic_artifact,sensory_artifact,arrow_annotation,derived_from_synthetic_faf,,derived_or_generated_synthetic,test,fd0bd0bf80c7b2ff83dab2ea4af29a273fefe08c2659dcced1052aa9fc46d0a5,6050df662b7b43400e1ebcf42f771fb1a9c17485583af5e78204a70a08fb29c9,arrow_annotation,,generated from held-out ID only; never from train
images/dissertation_v1/ood/sensory_artifact/arrow_annotation/artifact_000122_02_arrow_annotation.png,1,train,synthetic_artifact,sensory_artifact,arrow_annotation,derived_from_synthetic_faf,,derived_or_generated_synthetic,test,220a11c918e7c791938a206761bad0d2d3833e53b4096ac3e5bf6e3abb08b478,265117c12dd093ed24562953f1f5fb10cc2a9ed74f2fac2312bd6629f939e390,arrow_annotation,,generated from held-out ID only; never from train
images/dissertation_v1/ood/sensory_artifact/arrow_annotation/artifact_000123_02_arrow_annotation.png,1,train,synthetic_artifact,sensory_artifact,arrow_annotation,derived_from_synthetic_faf,,derived_or_generated_synthetic,test,a978ee7cae9a3643b5678ddf364cda89cb6c14a27d832e5c58d178e960425a84,b328236f8fa5eb08baa181006074cf4b8eff61f785d6eb4b718b87b3c240b6fd,arrow_annotation,,generated from held-out ID only; never from train
images/dissertation_v1/ood/sensory_artifact/arrow_annotation/artifact_000124_02_arrow_annotation.png,1,train,synthetic_artifact,sensory_artifact,arrow_annotation,derived_from_synthetic_faf,,derived_or_generated_synthetic,test,9bd406299b926cc49d60e091bc03443771088df3c960539454921beb03edfc5b,1357c3ae2f0fba084aeed4a8283c596cb7847421f14f916d7feec6f64869c3b3,arrow_annotation,,generated from held-out ID only; never from train
images/dissertation_v1/ood/sensory_artifact/arrow_annotation/artifact_000125_02_arrow_annotation.png,1,train,synthetic_artifact,sensory_artifact,arrow_annotation,derived_from_synthetic_faf,,derived_or_generated_synthetic,test,9f9cd21b1d4ac81dbaae728e3ef12b3397ba3ce0c05b29a7c80ecf485d0bb6ef,7d411bc78dd10c916d8f3a829c53247234311a09b970a9f37107e2bee3f88e6f,arrow_annotation,,generated from held-out ID only; never from train
images/dissertation_v1/ood/sensory_artifact/arrow_annotation/artifact_000128_02_arrow_annotation.png,1,train,synthetic_artifact,sensory_artifact,arrow_annotation,derived_from_synthetic_faf,,derived_or_generated_synthetic,test,0108e9e49fa5a553f87c0c5f7ed8e79f4f90c7fa1f72f49fd880383404351252,f0aaf9cb3094aeb127eef0f67ef481b6683337c3b7ddbc8cf3783d63648d764e,arrow_annotation,,generated from held-out ID only; never from train
images/dissertation_v1/ood/sensory_artifact/arrow_annotation/artifact_000129_02_arrow_annotation.png,1,train,synthetic_artifact,sensory_artifact,arrow_annotation,derived_from_synthetic_faf,,derived_or_generated_synthetic,test,289feb296403bbf3081134105e7fc680ebd0db2f27d2fa96a82cb84f094f63d4,77f45451bad9b412dd81bc34fd0e1bdc36b0ef7e9851223783152e6b269e527b,arrow_annotation,,generated from held-out ID only; never from train
images/dissertation_v1/ood/sensory_artifact/arrow_annotation/artifact_000132_02_arrow_annotation.png,1,train,synthetic_artifact,sensory_artifact,arrow_annotation,derived_from_synthetic_faf,,derived_or_generated_synthetic,test,61c951aa13935d53a3927a272ab8749c6a91d47a794f3a64943f0e0022b2b330,3d935e27dafdbe49c27687fb83e10449e0a19e157734e6fa837e700ba93cefae,arrow_annotation,,generated from held-out ID only; never from train
images/dissertation_v1/ood/sensory_artifact/arrow_annotation/artifact_000134_02_arrow_annotation.png,1,train,synthetic_artifact,sensory_artifact,arrow_annotation,derived_from_synthetic_faf,,derived_or_generated_synthetic,test,f4fc9d043e57e1877eaa7c54d56230e8dafe7d16d8a787b1797c8bc21dc191ce,7c7ce6b5321de586e2a73555e7709e226600e93382ad9f6a36e75d0d790f2ff8,arrow_annotation,,generated from held-out ID only; never from train
images/dissertation_v1/ood/sensory_artifact/arrow_annotation/artifact_000135_02_arrow_annotation.png,1,train,synthetic_artifact,sensory_artifact,arrow_annotation,derived_from_synthetic_faf,,derived_or_generated_synthetic,test,99a907614ecf064a565c6b02ab8871976cb4b8146d6374b070fe4b37146ac70c,30954c72a9fb85152713d1ddf07ab06d48566e4f5a9101d121d95a220b380007,arrow_annotation,,generated from held-out ID only; never from train
images/dissertation_v1/ood/sensory_artifact/arrow_annotation/artifact_000138_02_arrow_annotation.png,1,train,synthetic_artifact,sensory_artifact,arrow_annotation,derived_from_synthetic_faf,,derived_or_generated_synthetic,test,b3f6a51b1f9db8133ef537992cec0a46d0fa505523e87293291b5cefa776a03d,4b305a31af3fef14a082608d569d1bb4c74d04b8759dd69bcc11af3ff51d76fd,arrow_annotation,,generated from held-out ID only; never from train
images/dissertation_v1/ood/sensory_artifact/arrow_annotation/artifact_000140_02_arrow_annotation.png,1,train,synthetic_artifact,sensory_artifact,arrow_annotation,derived_from_synthetic_faf,,derived_or_generated_synthetic,test,947f2b27985e3a8e3e8c1299b453f50ebf4774bdaf1f50b80a823d9448838fda,c3e729187cae4fd775b713fa853a2456200b4faab0240643a30ad5594fc62d51,arrow_annotation,,generated from held-out ID only; never from train
images/dissertation_v1/ood/sensory_artifact/arrow_annotation/artifact_000142_02_arrow_annotation.png,1,train,synthetic_artifact,sensory_artifact,arrow_annotation,derived_from_synthetic_faf,,derived_or_generated_synthetic,test,c23e2bc52e72fd1330337ad6e67b3c40aece24e643e3159b39c2d8d33653546a,b9b696bd906b4c55bc36c91d9a2b4388150f80bb9b930062cdd275733b118cf0,arrow_annotation,,generated from held-out ID only; never from train
images/dissertation_v1/ood/sensory_artifact/arrow_annotation/artifact_000143_02_arrow_annotation.png,1,train,synthetic_artifact,sensory_artifact,arrow_annotation,derived_from_synthetic_faf,,derived_or_generated_synthetic,test,8e2d790afd9a2a14e5347866905c9132e5aa8dd598909a9d97f29683408ba90e,29f8a59dce4344d3c3d5bcc8a0171474bd6e50bc1c0823a4ae0da7e45d8604e7,arrow_annotation,,generated from held-out ID only; never from train
images/dissertation_v1/ood/sensory_artifact/arrow_annotation/artifact_000145_02_arrow_annotation.png,1,train,synthetic_artifact,sensory_artifact,arrow_annotation,derived_from_synthetic_faf,,derived_or_generated_synthetic,test,b4f9c1fe5f05eced83bd8436220848aad6075b9546390375eb9fbe57c43d36e6,578e6780b90d93dbd87714cf5bf1b0470f458e55596c36959b30ade921980aa8,arrow_annotation,,generated from held-out ID only; never from train
images/dissertation_v1/ood/sensory_artifact/arrow_annotation/artifact_000146_02_arrow_annotation.png,1,train,synthetic_artifact,sensory_artifact,arrow_annotation,derived_from_synthetic_faf,,derived_or_generated_synthetic,test,61e1ba9c4ca4b91cb8fecd25a0810513c556f92ca6370139b3597de587b904f2,8d5dca178d246415a20ec046eff2a6a1e8cc47537541685f618d66e08c87b448,arrow_annotation,,generated from held-out ID only; never from train
images/dissertation_v1/ood/sensory_artifact/arrow_annotation/artifact_000147_02_arrow_annotation.png,1,train,synthetic_artifact,sensory_artifact,arrow_annotation,derived_from_synthetic_faf,,derived_or_generated_synthetic,test,bb757d80b22d924afa58fbd2d85416dfb39a11b9ae90f1668bfd2143cbbf901d,2e934d86b1b37029c030e42e88b7112e2b5f81459322644877d85a5593aed347,arrow_annotation,,generated from held-out ID only; never from train
images/dissertation_v1/ood/sensory_artifact/arrow_annotation/artifact_000149_02_arrow_annotation.png,1,train,synthetic_artifact,sensory_artifact,arrow_annotation,derived_from_synthetic_faf,,derived_or_generated_synthetic,test,4e7fe2e1285cd302787d0fe6f3c29bc5309e9d4a1c3386eb9c8082aff2f2ea65,98ee24975c82a09599460e77e4f5eccf8685da10de785739ae09ab4ed435ff72,arrow_annotation,,generated from held-out ID only; never from train
images/dissertation_v1/ood/sensory_artifact/blur_artifact/artifact_000000_04_blur_artifact.png,1,train,synthetic_artifact,sensory_artifact,blur_artifact,derived_from_synthetic_faf,,derived_or_generated_synthetic,test,a476401c0db62888d66f50cf8b0c3e13780b0e4317905d60ae89267c4b5286c1,112e823039e992ec964b01fc8c2627a079ef954f38f3b3afcb49dfec242da8de,blur_artifact,,generated from held-out ID only; never from train
images/dissertation_v1/ood/sensory_artifact/blur_artifact/artifact_000001_04_blur_artifact.png,1,train,synthetic_artifact,sensory_artifact,blur_artifact,derived_from_synthetic_faf,,derived_or_generated_synthetic,test,3549a0432771fce9a9c9c39a436c4be3b70a8feed6602945d05fe2f770706f3f,1a6fa85a126f3582d51f16ba281f47c1bf2c3e337748511a1c45e4ec0a690674,blur_artifact,,generated from held-out ID only; never from train
images/dissertation_v1/ood/sensory_artifact/blur_artifact/artifact_000002_04_blur_artifact.png,1,train,synthetic_artifact,sensory_artifact,blur_artifact,derived_from_synthetic_faf,,derived_or_generated_synthetic,test,7c8489edc3f01ee6886acd563f6b9e19281e2fffa6654f50fead84ae6c6f5398,3fe16ad039a6555522438a9b9dd1a0de6bd787a7001116e06a97b4f034684ba2,blur_artifact,,generated from held-out ID only; never from train
images/dissertation_v1/ood/sensory_artifact/blur_artifact/artifact_000003_04_blur_artifact.png,1,train,synthetic_artifact,sensory_artifact,blur_artifact,derived_from_synthetic_faf,,derived_or_generated_synthetic,test,ea5a45e607b62e4679a0ce6ec253a18c579743655d8f389ae192b9cc4ce559a1,24867463de88a27ed6056975a06b9e4409f987ffdcd4aa9d1894d7af0baf32f5,blur_artifact,,generated from held-out ID only; never from train
images/dissertation_v1/ood/sensory_artifact/blur_artifact/artifact_000005_04_blur_artifact.png,1,train,synthetic_artifact,sensory_artifact,blur_artifact,derived_from_synthetic_faf,,derived_or_generated_synthetic,test,a3c57c1563b880f0dff4559ecc90d9bedc4a060c8ff613dacfc87b0faae916de,a37d2499bdadac9b672e002cf5b14bc830d68e387c1ea4405083eb6eed030d26,blur_artifact,,generated from held-out ID only; never from train
images/dissertation_v1/ood/sensory_artifact/blur_artifact/artifact_000006_04_blur_artifact.png,1,train,synthetic_artifact,sensory_artifact,blur_artifact,derived_from_synthetic_faf,,derived_or_generated_synthetic,test,0f24e28e8d5abc0993d2eb5f08338897699b4eca18442ba1da17a9e98c5f477a,31d5f5ed5ac046981c6cb1df50192091daa4b282d054e8095b9e025b42afeb88,blur_artifact,,generated from held-out ID only; never from train
images/dissertation_v1/ood/sensory_artifact/blur_artifact/artifact_000010_04_blur_artifact.png,1,train,synthetic_artifact,sensory_artifact,blur_artifact,derived_from_synthetic_faf,,derived_or_generated_synthetic,test,82c14c125f6188c1f3875f0a3331f33935948fd88239c82bd9a72be53c93e2dc,2ce067e78529d59ae5f2ff71b02be86e4f62371b0aa31810d2047f115fe68900,blur_artifact,,generated from held-out ID only; never from train
images/dissertation_v1/ood/sensory_artifact/blur_artifact/artifact_000014_04_blur_artifact.png,1,train,synthetic_artifact,sensory_artifact,blur_artifact,derived_from_synthetic_faf,,derived_or_generated_synthetic,test,8a999ee943892f4198a6e092d76a0915be0d38af040e71e40c7e58c2d329117c,50eb07963b954a027224c212fef91ed6b91ad3d68a58e0fb6e2fd32ccb4b8bd1,blur_artifact,,generated from held-out ID only; never from train
images/dissertation_v1/ood/sensory_artifact/blur_artifact/artifact_000015_04_blur_artifact.png,1,train,synthetic_artifact,sensory_artifact,blur_artifact,derived_from_synthetic_faf,,derived_or_generated_synthetic,test,ee70f86a54ef83fa926077dbcb6e849b5407b4c9705f459ec2b33d6303fd5099,38fbaedc8df6557c3519716071afbe70dbb54496bc3eda4dbd28443246ef0539,blur_artifact,,generated from held-out ID only; never from train
images/dissertation_v1/ood/sensory_artifact/blur_artifact/artifact_000016_04_blur_artifact.png,1,train,synthetic_artifact,sensory_artifact,blur_artifact,derived_from_synthetic_faf,,derived_or_generated_synthetic,test,899f7d4dc7512b8552ca155b1765acff5a209dd776cc3ef0f5bacc550f88ae63,9c16a2d52b66788ef6f4635487fc55e1b8f9abf860695b606defc6a4d6726219,blur_artifact,,generated from held-out ID only; never from train
images/dissertation_v1/ood/sensory_artifact/blur_artifact/artifact_000017_04_blur_artifact.png,1,train,synthetic_artifact,sensory_artifact,blur_artifact,derived_from_synthetic_faf,,derived_or_generated_synthetic,test,aca70933e2ed460a4785ab0a593065e15ae00f784c1d07e6356085a21434c549,0861672a24270580387eea90d8f3ddd826a52d63c4428364052dec6bca1959ee,blur_artifact,,generated from held-out ID only; never from train
images/dissertation_v1/ood/sensory_artifact/blur_artifact/artifact_000020_04_blur_artifact.png,1,train,synthetic_artifact,sensory_artifact,blur_artifact,derived_from_synthetic_faf,,derived_or_generated_synthetic,test,e81222d3476fa93125e393e877be1cd18dce5c0429499484da497107195329f4,5db33929cee5ce3d7b21de926a708da9a1e5e2b0c82a9430eebe1296f81aeaa3,blur_artifact,,generated from held-out ID only; never from train
images/dissertation_v1/ood/sensory_artifact/blur_artifact/artifact_000022_04_blur_artifact.png,1,train,synthetic_artifact,sensory_artifact,blur_artifact,derived_from_synthetic_faf,,derived_or_generated_synthetic,test,059acf5bfd1ca503013200dd6d6e708534174f3bb1a9f30ae5c65e3a6b4c6ed3,8731067f5bddc9601fe392e35a58da1299a5178ab7dfa27ab0a5fa2737e53dc0,blur_artifact,,generated from held-out ID only; never from train
images/dissertation_v1/ood/sensory_artifact/blur_artifact/artifact_000023_04_blur_artifact.png,1,train,synthetic_artifact,sensory_artifact,blur_artifact,derived_from_synthetic_faf,,derived_or_generated_synthetic,test,cfe8ff8fc4962ced742432cb47ef5e5877832ac05af29823626379cffd5dd017,5c5de26e3693925f8d2d12200aa1eb36cf8d4f5713ead728d3a3a64bb8722356,blur_artifact,,generated from held-out ID only; never from train
images/dissertation_v1/ood/sensory_artifact/blur_artifact/artifact_000024_04_blur_artifact.png,1,train,synthetic_artifact,sensory_artifact,blur_artifact,derived_from_synthetic_faf,,derived_or_generated_synthetic,test,4c2fe15db3c659d659b8c3001386c611c3c15208c16421110e906cdd8bd68152,c79c1eadd5034a84c31a457a7f29eeab492a16ceab3ae65da8c348f9b42b67dc,blur_artifact,,generated from held-out ID only; never from train
images/dissertation_v1/ood/sensory_artifact/blur_artifact/artifact_000025_04_blur_artifact.png,1,train,synthetic_artifact,sensory_artifact,blur_artifact,derived_from_synthetic_faf,,derived_or_generated_synthetic,test,5a7b08534db50504bb7ad2f72676633d5a2516c7f7ba42398af7bfa073860166,45014680fe8cc341bc75b645b339be34a404d6394f3bb31ec63a903eff678f67,blur_artifact,,generated from held-out ID only; never from train
images/dissertation_v1/ood/sensory_artifact/blur_artifact/artifact_000028_04_blur_artifact.png,1,train,synthetic_artifact,sensory_artifact,blur_artifact,derived_from_synthetic_faf,,derived_or_generated_synthetic,test,22e34dd7975c67da41e63a015208605f0ad0501ac4773a5e29310a0d44dde31c,9fa756177a21820bc1bf3ee057de8b0c540d40ca1f6ce62ecbf8b4027efca125,blur_artifact,,generated from held-out ID only; never from train
images/dissertation_v1/ood/sensory_artifact/blur_artifact/artifact_000029_04_blur_artifact.png,1,train,synthetic_artifact,sensory_artifact,blur_artifact,derived_from_synthetic_faf,,derived_or_generated_synthetic,test,4428ceaa58a3304da3cba173428bc7e347fefebd07898e252d018133c0581b69,06df7d1f687f8a014291b723a7281d280cf107ae764e77fc64a0958208a42440,blur_artifact,,generated from held-out ID only; never from train
images/dissertation_v1/ood/sensory_artifact/blur_artifact/artifact_000030_04_blur_artifact.png,1,train,synthetic_artifact,sensory_artifact,blur_artifact,derived_from_synthetic_faf,,derived_or_generated_synthetic,test,eee57507373907344ee197d1d604d5034e8f33b7e869b69a724089c3e1ba5192,1abcc3a996b7ea0932243de4f741b523f245b8f81cda49fac05b1a1a0c363278,blur_artifact,,generated from held-out ID only; never from train
images/dissertation_v1/ood/sensory_artifact/blur_artifact/artifact_000031_04_blur_artifact.png,1,train,synthetic_artifact,sensory_artifact,blur_artifact,derived_from_synthetic_faf,,derived_or_generated_synthetic,test,37cee6e8924ab03658ea2ab4dfc32878f3eaca030cc58f4dc8397d40ff8bf40e,d9566cc09f758dd1d317a06788b155dff7dfac4dd76e0832de3589651a4e8145,blur_artifact,,generated from held-out ID only; never from train
images/dissertation_v1/ood/sensory_artifact/blur_artifact/artifact_000035_04_blur_artifact.png,1,train,synthetic_artifact,sensory_artifact,blur_artifact,derived_from_synthetic_faf,,derived_or_generated_synthetic,test,e20b5637393d62a521eb7b3f2508e1dbda147528a64c5324764e159112a69563,ad2206e763d2fe74e820f9849e3d5c70fae09a566c7d71af4a5642de99425176,blur_artifact,,generated from held-out ID only; never from train
images/dissertation_v1/ood/sensory_artifact/blur_artifact/artifact_000036_04_blur_artifact.png,1,train,synthetic_artifact,sensory_artifact,blur_artifact,derived_from_synthetic_faf,,derived_or_generated_synthetic,test,5a638cc118f531d06598560efdd0738fe2b19b4b9135c5d4a4d4c821a259a8da,6ec6209b2791522f0608c0e98d17415b05002c0ab9a4d1fff0df547aa6b1ecab,blur_artifact,,generated from held-out ID only; never from train
images/dissertation_v1/ood/sensory_artifact/blur_artifact/artifact_000038_04_blur_artifact.png,1,train,synthetic_artifact,sensory_artifact,blur_artifact,derived_from_synthetic_faf,,derived_or_generated_synthetic,test,2d7f6354df12456c391fc70f8928bc62c5b277a7a518d7445834ae2e489b86c0,8cc0640073e0f9c820b460efc0c58ec7414b7e8df823d5f1c93b38ba793d8902,blur_artifact,,generated from held-out ID only; never from train
images/dissertation_v1/ood/sensory_artifact/blur_artifact/artifact_000043_04_blur_artifact.png,1,train,synthetic_artifact,sensory_artifact,blur_artifact,derived_from_synthetic_faf,,derived_or_generated_synthetic,test,a7cf52548b6d6225d5d651831e6da8e44816fb1e60495b1ec38c935743ebba6d,04e999c3cc47238167c308d410eb7ec5ae292210ef634047c55982b81fa3012d,blur_artifact,,generated from held-out ID only; never from train
images/dissertation_v1/ood/sensory_artifact/blur_artifact/artifact_000044_04_blur_artifact.png,1,train,synthetic_artifact,sensory_artifact,blur_artifact,derived_from_synthetic_faf,,derived_or_generated_synthetic,test,882b5313c54769234e94485c67688e4f43b7334a430228bbd0a458694f513a06,a0fc7b7ace1490826b0bfc495d19e7bc00e13443171428e6b5659b32253005a7,blur_artifact,,generated from held-out ID only; never from train
images/dissertation_v1/ood/sensory_artifact/blur_artifact/artifact_000045_04_blur_artifact.png,1,train,synthetic_artifact,sensory_artifact,blur_artifact,derived_from_synthetic_faf,,derived_or_generated_synthetic,test,e8eacbb72bddc7046f157e3c5709f571dda678d8daafcd3e50d93a2f8f3f9a51,0d8179602a20b54a7b76b2646b6ca767cab75446932874d1ef601275c796d6ba,blur_artifact,,generated from held-out ID only; never from train
images/dissertation_v1/ood/sensory_artifact/blur_artifact/artifact_000046_04_blur_artifact.png,1,train,synthetic_artifact,sensory_artifact,blur_artifact,derived_from_synthetic_faf,,derived_or_generated_synthetic,test,a5219f09942c75ba186763033d7203fd49463e14783d9080b3e5942e4377ca62,13e2d91e78a8714c322247a847463a3c9b3942269050fac1dac7fa44bf951da6,blur_artifact,,generated from held-out ID only; never from train
images/dissertation_v1/ood/sensory_artifact/blur_artifact/artifact_000049_04_blur_artifact.png,1,train,synthetic_artifact,sensory_artifact,blur_artifact,derived_from_synthetic_faf,,derived_or_generated_synthetic,test,d372b6017a4c96d6b9c99e56e0123c613f86655cc3b148547acd0e6743923466,c61302a2ed48ff4f37562e3a39d8ad46a99270bf3b70b90085f1d38ef8b2b122,blur_artifact,,generated from held-out ID only; never from train
images/dissertation_v1/ood/sensory_artifact/blur_artifact/artifact_000050_04_blur_artifact.png,1,train,synthetic_artifact,sensory_artifact,blur_artifact,derived_from_synthetic_faf,,derived_or_generated_synthetic,test,1780b239085137a9bc938935cd81a5c538bb0b2984c49145ecaf8b1b0a9bc949,3e2c8579f7265860b011fe747af201935e3621054f77e9ddfe92505744ff4141,blur_artifact,,generated from held-out ID only; never from train
images/dissertation_v1/ood/sensory_artifact/blur_artifact/artifact_000052_04_blur_artifact.png,1,train,synthetic_artifact,sensory_artifact,blur_artifact,derived_from_synthetic_faf,,derived_or_generated_synthetic,test,6bf9a0bdb1260dc61a6af5a3721c0958abe30b48e66ec048e25604508583fb1a,cd9af11e8731f9a6b9d13f0180c06c1f60c2ae8a695e16abc6268b79f1026b1e,blur_artifact,,generated from held-out ID only; never from train
images/dissertation_v1/ood/sensory_artifact/blur_artifact/artifact_000053_04_blur_artifact.png,1,train,synthetic_artifact,sensory_artifact,blur_artifact,derived_from_synthetic_faf,,derived_or_generated_synthetic,test,3b523c49101bf64993da4f51f2a6fb4c21375e351b8c7a19eb7bc1b3935e8f5c,2e75a99248d3ec4b650068aec6b8ba48becf403fe672e40267ecffa7fc22b01f,blur_artifact,,generated from held-out ID only; never from train
images/dissertation_v1/ood/sensory_artifact/blur_artifact/artifact_000054_04_blur_artifact.png,1,train,synthetic_artifact,sensory_artifact,blur_artifact,derived_from_synthetic_faf,,derived_or_generated_synthetic,test,47492042752220613617f2f7a69b687a2aa87234a6d9da83af5b056918db4788,f54f3645c72dc3a2c8558dc0200730edd83c26c1adc2e1b5b2dfb6a192f08c5d,blur_artifact,,generated from held-out ID only; never from train
images/dissertation_v1/ood/sensory_artifact/blur_artifact/artifact_000055_04_blur_artifact.png,1,train,synthetic_artifact,sensory_artifact,blur_artifact,derived_from_synthetic_faf,,derived_or_generated_synthetic,test,b3d366759f1dc63df4ccf04c4b9aa25132b18cb8d9799f6e43d255464908a714,bb7ced17f3ce7864da174a6b78b7f34b25cf97ec01c15d5452696207f3063416,blur_artifact,,generated from held-out ID only; never from train
images/dissertation_v1/ood/sensory_artifact/blur_artifact/artifact_000056_04_blur_artifact.png,1,train,synthetic_artifact,sensory_artifact,blur_artifact,derived_from_synthetic_faf,,derived_or_generated_synthetic,test,c1853ad684cd81da13c9de20dfef377e8c189f8892e98c5b9520689d62426d2e,5cac36dc7dbb94150b4cd1703091de1fb9f3dc8fb4edfd870bfc1b1f799f0eab,blur_artifact,,generated from held-out ID only; never from train
images/dissertation_v1/ood/sensory_artifact/blur_artifact/artifact_000058_04_blur_artifact.png,1,train,synthetic_artifact,sensory_artifact,blur_artifact,derived_from_synthetic_faf,,derived_or_generated_synthetic,test,5ef62ba8097431dd452bc09507def91290429e1a556383e89bd1e285e5386d88,1e2992825661100b10f082d608b60f166b2eecdd1dcd52d490128ed1a1ac49f4,blur_artifact,,generated from held-out ID only; never from train
images/dissertation_v1/ood/sensory_artifact/blur_artifact/artifact_000059_04_blur_artifact.png,1,train,synthetic_artifact,sensory_artifact,blur_artifact,derived_from_synthetic_faf,,derived_or_generated_synthetic,test,179585a054c6a827e74df7436bfb3f8c38559c4e4c65256e632ea5c2fd3298bf,2869b22fa7b02533b8e39d46cc06f3f911655ac33a2ad6eb153d8279df5416b4,blur_artifact,,generated from held-out ID only; never from train
images/dissertation_v1/ood/sensory_artifact/blur_artifact/artifact_000060_04_blur_artifact.png,1,train,synthetic_artifact,sensory_artifact,blur_artifact,derived_from_synthetic_faf,,derived_or_generated_synthetic,test,0ba5ec07bf71db414f31d45f8befaa728cb3779383dd09d1c128117e61a2e2c4,3a1a39ff67d065cd684acfd8e796efadd79cc73dbda7ad12dc6627016af7bdfc,blur_artifact,,generated from held-out ID only; never from train
images/dissertation_v1/ood/sensory_artifact/blur_artifact/artifact_000061_04_blur_artifact.png,1,train,synthetic_artifact,sensory_artifact,blur_artifact,derived_from_synthetic_faf,,derived_or_generated_synthetic,test,7e810c99374550d1b114110005183c4a7ba6a35572242ce34fb7137045907a33,12d8af55f0db94152dfed5578d720d5e721370d87553d40e7e89b8d273299636,blur_artifact,,generated from held-out ID only; never from train
images/dissertation_v1/ood/sensory_artifact/blur_artifact/artifact_000062_04_blur_artifact.png,1,train,synthetic_artifact,sensory_artifact,blur_artifact,derived_from_synthetic_faf,,derived_or_generated_synthetic,test,a95798f25597ccfb37e46ea337f7cc566068e192385100a058f155e767b3abdd,00811fb76c52f5c2bd8a6d96a6c619f11efac29ad5d8de78e863a4026b14a14e,blur_artifact,,generated from held-out ID only; never from train
images/dissertation_v1/ood/sensory_artifact/blur_artifact/artifact_000068_04_blur_artifact.png,1,train,synthetic_artifact,sensory_artifact,blur_artifact,derived_from_synthetic_faf,,derived_or_generated_synthetic,test,b7a11e735980fc21a99321fd9907f2850cbc45903d829ec1dc48684f98382c79,6ff2c1217680eacf96b4149f1aeee26dcc37d0ca75e45f771425bc60b0396662,blur_artifact,,generated from held-out ID only; never from train
images/dissertation_v1/ood/sensory_artifact/blur_artifact/artifact_000069_04_blur_artifact.png,1,train,synthetic_artifact,sensory_artifact,blur_artifact,derived_from_synthetic_faf,,derived_or_generated_synthetic,test,059095a832949af4b516d0442c8dd5d204643189c7b0ecb8356736935d2f0e35,085c1b474fee2d6f0ae2e0bc9a953b1ed0e5f7f24e3106a6f47fec651897025f,blur_artifact,,generated from held-out ID only; never from train
images/dissertation_v1/ood/sensory_artifact/blur_artifact/artifact_000070_04_blur_artifact.png,1,train,synthetic_artifact,sensory_artifact,blur_artifact,derived_from_synthetic_faf,,derived_or_generated_synthetic,test,5b5a5be80a2bdbbce858b90fa96be3f57e4ede413113608b950339a59452ae3d,5cda8eb9932b6b8bcc5bcdf0a7fbdac3818847732b37ac6dab45d267b2bff245,blur_artifact,,generated from held-out ID only; never from train
images/dissertation_v1/ood/sensory_artifact/blur_artifact/artifact_000071_04_blur_artifact.png,1,train,synthetic_artifact,sensory_artifact,blur_artifact,derived_from_synthetic_faf,,derived_or_generated_synthetic,test,efa0845554540c435df75ebc35e4601f19e469f94d1cea71e10b196dcf099295,c8eb47ac0768a5c9f9470dbb0e16e100847b28bcd7869d7962a0bffd9aa914e0,blur_artifact,,generated from held-out ID only; never from train
images/dissertation_v1/ood/sensory_artifact/blur_artifact/artifact_000072_04_blur_artifact.png,1,train,synthetic_artifact,sensory_artifact,blur_artifact,derived_from_synthetic_faf,,derived_or_generated_synthetic,test,e02da341e3ad6ebfef5a5181e9031a29f5a53ac09f8099ad8aa7bc1488e1ec15,c8fe2b85f894306e93ed79f02f77da1427fdcbf995b0ad07e35c66f98bbdb7a0,blur_artifact,,generated from held-out ID only; never from train
images/dissertation_v1/ood/sensory_artifact/blur_artifact/artifact_000073_04_blur_artifact.png,1,train,synthetic_artifact,sensory_artifact,blur_artifact,derived_from_synthetic_faf,,derived_or_generated_synthetic,test,48fe1ee7b50825607eb87b4d73e83b7a9523569bf6b38767a33b2c4575825e96,dcd3f3349f07e1bed7856633db333e4747430455d15c5a8608c54e3f7a1e3d7d,blur_artifact,,generated from held-out ID only; never from train
images/dissertation_v1/ood/sensory_artifact/blur_artifact/artifact_000077_04_blur_artifact.png,1,train,synthetic_artifact,sensory_artifact,blur_artifact,derived_from_synthetic_faf,,derived_or_generated_synthetic,test,a181aaddeb91fc41b5103d94f31c0072ddffd34c0f937ac39f7e27f4be4a39b4,e7627774111ea19b66b882a70a6b4e624d03c580bab2e995417adc97ae618fca,blur_artifact,,generated from held-out ID only; never from train
images/dissertation_v1/ood/sensory_artifact/blur_artifact/artifact_000079_04_blur_artifact.png,1,train,synthetic_artifact,sensory_artifact,blur_artifact,derived_from_synthetic_faf,,derived_or_generated_synthetic,test,109abccebc136a36de6e03305e09a335e61088c4feab100fc76430d6bec4a8ee,82150b28a408cd90cad8ac33ead707590a8ba8d83cf3038f0788ed2cb27a2f89,blur_artifact,,generated from held-out ID only; never from train
images/dissertation_v1/ood/sensory_artifact/blur_artifact/artifact_000080_04_blur_artifact.png,1,train,synthetic_artifact,sensory_artifact,blur_artifact,derived_from_synthetic_faf,,derived_or_generated_synthetic,test,160e796487d08b195f9b5794829f66d5816bb58031f33e04b0c43654fb2c2c6c,0eaca6deb2f0b650a1e35e11befa7e12fba953dbc19c3512fafc20bebd5fb815,blur_artifact,,generated from held-out ID only; never from train
images/dissertation_v1/ood/sensory_artifact/blur_artifact/artifact_000081_04_blur_artifact.png,1,train,synthetic_artifact,sensory_artifact,blur_artifact,derived_from_synthetic_faf,,derived_or_generated_synthetic,test,c2bc047841b8f352a9c94d24050e171b8f2a9a131230934cdf5e618e7e798c4a,9c236864c4a7287d1a3842022901afb11f7ce1717d553e2fb931863137eb46fd,blur_artifact,,generated from held-out ID only; never from train
images/dissertation_v1/ood/sensory_artifact/blur_artifact/artifact_000082_04_blur_artifact.png,1,train,synthetic_artifact,sensory_artifact,blur_artifact,derived_from_synthetic_faf,,derived_or_generated_synthetic,test,8bb6a1b1ffcb291dad57700ccc9578bb131f14e7207b728e765bb7a0abb1d80d,5d2c59717f3d4d8170ce1f409aaaf7db80f7ae2685fb909f9db1013ab32d5c49,blur_artifact,,generated from held-out ID only; never from train
images/dissertation_v1/ood/sensory_artifact/blur_artifact/artifact_000084_04_blur_artifact.png,1,train,synthetic_artifact,sensory_artifact,blur_artifact,derived_from_synthetic_faf,,derived_or_generated_synthetic,test,1d460a1d32888a8ebef442728f2c4112ecd6d5d1306dfc5131c4574dcea05bdd,78be763eaa256c23ee59dbb43099a704088867a498e0712f9b39fca6e2a1a9e5,blur_artifact,,generated from held-out ID only; never from train
images/dissertation_v1/ood/sensory_artifact/blur_artifact/artifact_000086_04_blur_artifact.png,1,train,synthetic_artifact,sensory_artifact,blur_artifact,derived_from_synthetic_faf,,derived_or_generated_synthetic,test,2b385b3c71d3d108bba8d487416355dcc680830474fd01535d52632a29577d61,31b02edfe736e04e35cd7f7a5b015298b7e2d1e515eab2fffefd23f0d137a0dc,blur_artifact,,generated from held-out ID only; never from train
images/dissertation_v1/ood/sensory_artifact/blur_artifact/artifact_000087_04_blur_artifact.png,1,train,synthetic_artifact,sensory_artifact,blur_artifact,derived_from_synthetic_faf,,derived_or_generated_synthetic,test,c861103c597b8a8c126814da57f3b3c700c2416630779f3232c3955da6e367ec,8483b73bf3d280c2e7e75a7509b0bc94b7dd44e58f6d9814a899fb0b9732175a,blur_artifact,,generated from held-out ID only; never from train
images/dissertation_v1/ood/sensory_artifact/blur_artifact/artifact_000088_04_blur_artifact.png,1,train,synthetic_artifact,sensory_artifact,blur_artifact,derived_from_synthetic_faf,,derived_or_generated_synthetic,test,bb87f8c17fc8669e27b21b0ebc17022a4465971208103d2a6859e3440184eabe,f17437fbc8ba0a64d77cc3c9bf74907c67242c244da975a5c736668c80ba36ff,blur_artifact,,generated from held-out ID only; never from train
images/dissertation_v1/ood/sensory_artifact/blur_artifact/artifact_000089_04_blur_artifact.png,1,train,synthetic_artifact,sensory_artifact,blur_artifact,derived_from_synthetic_faf,,derived_or_generated_synthetic,test,4ae6f3105cd57bc13d02fc148510ed5869d4a0bb52f4ef2ec695d1ae61b07859,b3a3c25e180e7101a1b8c68aaee59031e3cdfca99d012931bf3981f7cf7b3148,blur_artifact,,generated from held-out ID only; never from train
images/dissertation_v1/ood/sensory_artifact/blur_artifact/artifact_000090_04_blur_artifact.png,1,train,synthetic_artifact,sensory_artifact,blur_artifact,derived_from_synthetic_faf,,derived_or_generated_synthetic,test,14e5635854982d5ccfcd95d8fb4097da9fa79d9f863b01f47679dd786878f1f1,3fca0579b63c1ae9218257ecf5fcae692b8b00b38f3afc621efdadf6a57debb7,blur_artifact,,generated from held-out ID only; never from train
images/dissertation_v1/ood/sensory_artifact/blur_artifact/artifact_000092_04_blur_artifact.png,1,train,synthetic_artifact,sensory_artifact,blur_artifact,derived_from_synthetic_faf,,derived_or_generated_synthetic,test,8da26b231f272343686497556ec38fa16efc0464919e6a1034656949a751f5cd,7baa285b08e495d0697e82cc730097fc88a015655219451703d4b74cf88e04bf,blur_artifact,,generated from held-out ID only; never from train
images/dissertation_v1/ood/sensory_artifact/blur_artifact/artifact_000096_04_blur_artifact.png,1,train,synthetic_artifact,sensory_artifact,blur_artifact,derived_from_synthetic_faf,,derived_or_generated_synthetic,test,10ce3c39dddb9b1d454bbb971bd5c7f5a4d10646e38a7a59b78a118816b1c1f1,618463cdedc1dfd6f8a910f4da6b05226a0546e4ace629eb24575e221d643b5a,blur_artifact,,generated from held-out ID only; never from train
images/dissertation_v1/ood/sensory_artifact/blur_artifact/artifact_000099_04_blur_artifact.png,1,train,synthetic_artifact,sensory_artifact,blur_artifact,derived_from_synthetic_faf,,derived_or_generated_synthetic,test,85873eb5b8a9a0867ecf014f04ab3cc930e11b4b3c356489aca0ec1faca6e4a3,4e700d840f030cd552e0b77feb275ff4e36ff95e9d9f4bbf2d7d059bdadc9a84,blur_artifact,,generated from held-out ID only; never from train
images/dissertation_v1/ood/sensory_artifact/blur_artifact/artifact_000100_04_blur_artifact.png,1,train,synthetic_artifact,sensory_artifact,blur_artifact,derived_from_synthetic_faf,,derived_or_generated_synthetic,test,fda2ebad6d02af9dca14ec97181d8a35a814e1f4f0ddf76682049a5cd92e4645,72629a18912da54c8f255baf6b2684e92df9a2ae8daa4964790904e299592680,blur_artifact,,generated from held-out ID only; never from train
images/dissertation_v1/ood/sensory_artifact/blur_artifact/artifact_000101_04_blur_artifact.png,1,train,synthetic_artifact,sensory_artifact,blur_artifact,derived_from_synthetic_faf,,derived_or_generated_synthetic,test,b2396ab5d2f6ec62b65734d5c1297c27d6de2cb62c854ae99677cb41b56671f3,fd219f500dae4056481182b308e0fcd849c7712eea0f81adbed8fdb9fb27b484,blur_artifact,,generated from held-out ID only; never from train
images/dissertation_v1/ood/sensory_artifact/blur_artifact/artifact_000102_04_blur_artifact.png,1,train,synthetic_artifact,sensory_artifact,blur_artifact,derived_from_synthetic_faf,,derived_or_generated_synthetic,test,b73b2f99ebba30a1dbb6738befa35c42506e96e32c31821cac5690e827e3bc69,876590b0a765ef6079e51d67a6947a5af2a14a9fbeccf29ca3f63f876f1fda65,blur_artifact,,generated from held-out ID only; never from train
images/dissertation_v1/ood/sensory_artifact/blur_artifact/artifact_000103_04_blur_artifact.png,1,train,synthetic_artifact,sensory_artifact,blur_artifact,derived_from_synthetic_faf,,derived_or_generated_synthetic,test,db39f298ff55931bf361b464e9b79ed2831928ad642cf8dc0b1fa096ce8c8bce,7e4e1f31c25f0a5bf586fe1a8946c76be7d0eef3fb520a018c3782c307394331,blur_artifact,,generated from held-out ID only; never from train
images/dissertation_v1/ood/sensory_artifact/blur_artifact/artifact_000104_04_blur_artifact.png,1,train,synthetic_artifact,sensory_artifact,blur_artifact,derived_from_synthetic_faf,,derived_or_generated_synthetic,test,6b80db8f247083eff576170b5ad9ef3cfdf2b45d3406cf25d2b302aea9dc5e71,0bdedd689eb5072ae76a5bc2982fc930589c53a3ea641a9eb81e21b15098d67e,blur_artifact,,generated from held-out ID only; never from train
images/dissertation_v1/ood/sensory_artifact/blur_artifact/artifact_000106_04_blur_artifact.png,1,train,synthetic_artifact,sensory_artifact,blur_artifact,derived_from_synthetic_faf,,derived_or_generated_synthetic,test,61b08d67614a1b3b77dd59b8c92333d828e1db2ae41cfd8543d1ca1464cdcb54,bd5ccc8dec52023f18c3ceb1ed1e4bc423722e98f7783bc9e167d7751fe12326,blur_artifact,,generated from held-out ID only; never from train
images/dissertation_v1/ood/sensory_artifact/blur_artifact/artifact_000108_04_blur_artifact.png,1,train,synthetic_artifact,sensory_artifact,blur_artifact,derived_from_synthetic_faf,,derived_or_generated_synthetic,test,391618380c4f54f06be8fa7fce7dfdb363443126cdeb3ff174887266cc2f2d24,7d72468a874689e25e4b5a25de725a8c0569ab36560fb167471c695722a7a5a1,blur_artifact,,generated from held-out ID only; never from train
images/dissertation_v1/ood/sensory_artifact/blur_artifact/artifact_000109_04_blur_artifact.png,1,train,synthetic_artifact,sensory_artifact,blur_artifact,derived_from_synthetic_faf,,derived_or_generated_synthetic,test,8be79eee3ca588eb362af43ecc9bac26691e9e6ae6557dff8009877af8616578,34f334303d87d3fece2fa5c693e847b9026173d7beed69537aeda43d5b114c55,blur_artifact,,generated from held-out ID only; never from train
images/dissertation_v1/ood/sensory_artifact/blur_artifact/artifact_000111_04_blur_artifact.png,1,train,synthetic_artifact,sensory_artifact,blur_artifact,derived_from_synthetic_faf,,derived_or_generated_synthetic,test,a6510c1d5fe6f954c03e5688e33efc7af25a0fac656b8903318935eff24d904b,7e805b2a3e3142002e88d10d7f9ccbf84feaf1272c5f6cb33d29ef76ae2883cd,blur_artifact,,generated from held-out ID only; never from train
images/dissertation_v1/ood/sensory_artifact/blur_artifact/artifact_000113_04_blur_artifact.png,1,train,synthetic_artifact,sensory_artifact,blur_artifact,derived_from_synthetic_faf,,derived_or_generated_synthetic,test,2a390a7f7171dadced8c4fc6c31efaf87fb2220514636946986924f795b2b8ce,f0a16dcee05bb93fc69293dec6b37b44edad69ce668e805549309e0aa6a401cc,blur_artifact,,generated from held-out ID only; never from train
images/dissertation_v1/ood/sensory_artifact/blur_artifact/artifact_000114_04_blur_artifact.png,1,train,synthetic_artifact,sensory_artifact,blur_artifact,derived_from_synthetic_faf,,derived_or_generated_synthetic,test,e27a8cbdad403c64e6133225b7f9dfbebac16aae0f0b5ac964b7061d8b0552e2,f899478c2f1d44604649c59e088f1ba582e468bacf515f9dd0249ee2cf16e0bb,blur_artifact,,generated from held-out ID only; never from train
images/dissertation_v1/ood/sensory_artifact/blur_artifact/artifact_000115_04_blur_artifact.png,1,train,synthetic_artifact,sensory_artifact,blur_artifact,derived_from_synthetic_faf,,derived_or_generated_synthetic,test,a793127410db7c90a2791b5e46b510eca553a469d70f8d71a7690701c3d82955,f9dd7c6f3daaf3b557787bcdc1c3ecdd27fc21186ef190f88728218f6cea9bde,blur_artifact,,generated from held-out ID only; never from train
images/dissertation_v1/ood/sensory_artifact/blur_artifact/artifact_000116_04_blur_artifact.png,1,train,synthetic_artifact,sensory_artifact,blur_artifact,derived_from_synthetic_faf,,derived_or_generated_synthetic,test,c9f8fa5e02dcf00ac5bae8306110bfb432c5e29af27eb07e886e10eb1c15d516,981c3d303c80b102eddb306f12e711c2b30df817b3cb9896889b09c72edee0dc,blur_artifact,,generated from held-out ID only; never from train
images/dissertation_v1/ood/sensory_artifact/blur_artifact/artifact_000119_04_blur_artifact.png,1,train,synthetic_artifact,sensory_artifact,blur_artifact,derived_from_synthetic_faf,,derived_or_generated_synthetic,test,a32635a9fc29052f5c0fc11b0e67289cd5151eb988862a485c0d90a4f5c210c7,53bf5530df489572f1275cb4607b1bfd1a3e739f55de2f976346ef16b04c2aec,blur_artifact,,generated from held-out ID only; never from train
images/dissertation_v1/ood/sensory_artifact/blur_artifact/artifact_000120_04_blur_artifact.png,1,train,synthetic_artifact,sensory_artifact,blur_artifact,derived_from_synthetic_faf,,derived_or_generated_synthetic,test,fb6e6a2061633b78825d26a97d2fc6599fa21c5efe593100ab2e93a5425c1680,6050df662b7b43400e1ebcf42f771fb1a9c17485583af5e78204a70a08fb29c9,blur_artifact,,generated from held-out ID only; never from train
images/dissertation_v1/ood/sensory_artifact/blur_artifact/artifact_000122_04_blur_artifact.png,1,train,synthetic_artifact,sensory_artifact,blur_artifact,derived_from_synthetic_faf,,derived_or_generated_synthetic,test,348822d2603a116923c2d81a515ebf9635c9c18a3dd23ddc17316ff260c0e8c6,265117c12dd093ed24562953f1f5fb10cc2a9ed74f2fac2312bd6629f939e390,blur_artifact,,generated from held-out ID only; never from train
images/dissertation_v1/ood/sensory_artifact/blur_artifact/artifact_000124_04_blur_artifact.png,1,train,synthetic_artifact,sensory_artifact,blur_artifact,derived_from_synthetic_faf,,derived_or_generated_synthetic,test,46652dc2cac5dedd6dafa761f0dfee559b741dceb9de712e69eda3a1133ec759,1357c3ae2f0fba084aeed4a8283c596cb7847421f14f916d7feec6f64869c3b3,blur_artifact,,generated from held-out ID only; never from train
images/dissertation_v1/ood/sensory_artifact/blur_artifact/artifact_000125_04_blur_artifact.png,1,train,synthetic_artifact,sensory_artifact,blur_artifact,derived_from_synthetic_faf,,derived_or_generated_synthetic,test,48771b5afdc9b31e1289ed24dbc590a1bb89411823c847b85e42293d529b6c57,7d411bc78dd10c916d8f3a829c53247234311a09b970a9f37107e2bee3f88e6f,blur_artifact,,generated from held-out ID only; never from train
images/dissertation_v1/ood/sensory_artifact/blur_artifact/artifact_000126_04_blur_artifact.png,1,train,synthetic_artifact,sensory_artifact,blur_artifact,derived_from_synthetic_faf,,derived_or_generated_synthetic,test,a54f9ec17a5aa808178e6347351cee36068a3b88a41743201fcea81577d6d5f7,5446b4ae0522888c46e2a57681584485ab4f74679b96a1ec7d3dc0edbe4e24e6,blur_artifact,,generated from held-out ID only; never from train
images/dissertation_v1/ood/sensory_artifact/blur_artifact/artifact_000127_04_blur_artifact.png,1,train,synthetic_artifact,sensory_artifact,blur_artifact,derived_from_synthetic_faf,,derived_or_generated_synthetic,test,e2e2719952a6db271b576c5cbe64da8a06494793c9268724e5892057bd841447,1d9bde0c3df2046a73385263a0f0f6b667dc8fcc40164c4219c812103b6ed89a,blur_artifact,,generated from held-out ID only; never from train
images/dissertation_v1/ood/sensory_artifact/blur_artifact/artifact_000128_04_blur_artifact.png,1,train,synthetic_artifact,sensory_artifact,blur_artifact,derived_from_synthetic_faf,,derived_or_generated_synthetic,test,31f3153e0753a8d6eb079bb82501dc8fbedf4e81bcc8df4fbd9b0731c4861cbe,f0aaf9cb3094aeb127eef0f67ef481b6683337c3b7ddbc8cf3783d63648d764e,blur_artifact,,generated from held-out ID only; never from train
images/dissertation_v1/ood/sensory_artifact/blur_artifact/artifact_000133_04_blur_artifact.png,1,train,synthetic_artifact,sensory_artifact,blur_artifact,derived_from_synthetic_faf,,derived_or_generated_synthetic,test,28d994509fd8a1153814ca33a7c0669c5fa7a8645352fbe78204008196451d9a,4939cf020113c74b587fc51d5a9628f40971fc08f2f4ebf3dc2f55b68a071b16,blur_artifact,,generated from held-out ID only; never from train
images/dissertation_v1/ood/sensory_artifact/blur_artifact/artifact_000134_04_blur_artifact.png,1,train,synthetic_artifact,sensory_artifact,blur_artifact,derived_from_synthetic_faf,,derived_or_generated_synthetic,test,f45952e8458e3fd2a64157d2afb6bdbd47df1562219ffa92b32a5f29a6476661,7c7ce6b5321de586e2a73555e7709e226600e93382ad9f6a36e75d0d790f2ff8,blur_artifact,,generated from held-out ID only; never from train
images/dissertation_v1/ood/sensory_artifact/blur_artifact/artifact_000135_04_blur_artifact.png,1,train,synthetic_artifact,sensory_artifact,blur_artifact,derived_from_synthetic_faf,,derived_or_generated_synthetic,test,72c7f473b0064b3748c4e3c1a4cb8810b6038dc3fffd64c18c774d5d2f4c7873,30954c72a9fb85152713d1ddf07ab06d48566e4f5a9101d121d95a220b380007,blur_artifact,,generated from held-out ID only; never from train
images/dissertation_v1/ood/sensory_artifact/blur_artifact/artifact_000136_04_blur_artifact.png,1,train,synthetic_artifact,sensory_artifact,blur_artifact,derived_from_synthetic_faf,,derived_or_generated_synthetic,test,97d5faacb133ba8a2d1f73d245d301029eca98354b9a7d4f91ba7babda221740,f2a50ebec8d4c518d3dddfc9a597c3cd31e78cd19d54e81a0d05b6e0154973a6,blur_artifact,,generated from held-out ID only; never from train
images/dissertation_v1/ood/sensory_artifact/blur_artifact/artifact_000137_04_blur_artifact.png,1,train,synthetic_artifact,sensory_artifact,blur_artifact,derived_from_synthetic_faf,,derived_or_generated_synthetic,test,f555d6f2d6ba8d364005c1232b0dbb2e32c90b8d3a5dbdadccb0df3dfe20822b,7a794e04216d10b75a621304cc1d0fc7699b12295c58000ad5f0d937c8cafdea,blur_artifact,,generated from held-out ID only; never from train
images/dissertation_v1/ood/sensory_artifact/blur_artifact/artifact_000138_04_blur_artifact.png,1,train,synthetic_artifact,sensory_artifact,blur_artifact,derived_from_synthetic_faf,,derived_or_generated_synthetic,test,ad5662514a94897dd490c281faeb3df3b1527435d185c85889099b289b273892,4b305a31af3fef14a082608d569d1bb4c74d04b8759dd69bcc11af3ff51d76fd,blur_artifact,,generated from held-out ID only; never from train
images/dissertation_v1/ood/sensory_artifact/blur_artifact/artifact_000142_04_blur_artifact.png,1,train,synthetic_artifact,sensory_artifact,blur_artifact,derived_from_synthetic_faf,,derived_or_generated_synthetic,test,754f0410bb8851112b00d8c8b31073bfaab6b8d3e09bd56713680b221960f74c,b9b696bd906b4c55bc36c91d9a2b4388150f80bb9b930062cdd275733b118cf0,blur_artifact,,generated from held-out ID only; never from train
images/dissertation_v1/ood/sensory_artifact/blur_artifact/artifact_000146_04_blur_artifact.png,1,train,synthetic_artifact,sensory_artifact,blur_artifact,derived_from_synthetic_faf,,derived_or_generated_synthetic,test,648ad08834f0de721b7b6ca0650dede1f54b57b6484750cd85e226988280bd71,8d5dca178d246415a20ec046eff2a6a1e8cc47537541685f618d66e08c87b448,blur_artifact,,generated from held-out ID only; never from train
images/dissertation_v1/ood/sensory_artifact/blur_artifact/artifact_000147_04_blur_artifact.png,1,train,synthetic_artifact,sensory_artifact,blur_artifact,derived_from_synthetic_faf,,derived_or_generated_synthetic,test,7a6914bd47d727d23ee533a0ef36af5a5703552230962615cc706edc303836a9,2e934d86b1b37029c030e42e88b7112e2b5f81459322644877d85a5593aed347,blur_artifact,,generated from held-out ID only; never from train
images/dissertation_v1/ood/sensory_artifact/blur_artifact/artifact_000149_04_blur_artifact.png,1,train,synthetic_artifact,sensory_artifact,blur_artifact,derived_from_synthetic_faf,,derived_or_generated_synthetic,test,bae6b51c19f3528b9d3ef13edf53634b9df027cdb858d685bd113b0f5c65c823,98ee24975c82a09599460e77e4f5eccf8685da10de785739ae09ab4ed435ff72,blur_artifact,,generated from held-out ID only; never from train
images/dissertation_v1/ood/sensory_artifact/border_crop/artifact_000001_05_border_crop.png,1,train,synthetic_artifact,sensory_artifact,border_crop,derived_from_synthetic_faf,,derived_or_generated_synthetic,test,1712c6e4f33f311d0dcb903cf4ac5939575de541f0ea8fe8a4b39725f8992cb2,1a6fa85a126f3582d51f16ba281f47c1bf2c3e337748511a1c45e4ec0a690674,border_crop,,generated from held-out ID only; never from train
images/dissertation_v1/ood/sensory_artifact/border_crop/artifact_000002_05_border_crop.png,1,train,synthetic_artifact,sensory_artifact,border_crop,derived_from_synthetic_faf,,derived_or_generated_synthetic,test,023e0857c3d642231ec5ae227f63befbd30b05ebd209a2e97ac2a62b36bac99e,3fe16ad039a6555522438a9b9dd1a0de6bd787a7001116e06a97b4f034684ba2,border_crop,,generated from held-out ID only; never from train
images/dissertation_v1/ood/sensory_artifact/border_crop/artifact_000003_05_border_crop.png,1,train,synthetic_artifact,sensory_artifact,border_crop,derived_from_synthetic_faf,,derived_or_generated_synthetic,test,e47e0baa045bab2be5919b02941b425942bc3c202f4c094889198e7b61b815c5,24867463de88a27ed6056975a06b9e4409f987ffdcd4aa9d1894d7af0baf32f5,border_crop,,generated from held-out ID only; never from train
images/dissertation_v1/ood/sensory_artifact/border_crop/artifact_000004_05_border_crop.png,1,train,synthetic_artifact,sensory_artifact,border_crop,derived_from_synthetic_faf,,derived_or_generated_synthetic,test,d0a44dd5029813439aa11ec95df65fa11f36dab16a28e2ae847e8f5af6a7dce2,d1f816cb395b94664ca9fc285317aa28d5757c61e7466f4d035552df5a7b2ef4,border_crop,,generated from held-out ID only; never from train
images/dissertation_v1/ood/sensory_artifact/border_crop/artifact_000007_05_border_crop.png,1,train,synthetic_artifact,sensory_artifact,border_crop,derived_from_synthetic_faf,,derived_or_generated_synthetic,test,670ec53d9bdac0203e6042cbc694fa4cc31af930371416a62ccd58b18f02ea1d,f42ab30d20b276c5fba40818aeb540adbd4fef553ec7196ea828c0a30f5f349f,border_crop,,generated from held-out ID only; never from train
images/dissertation_v1/ood/sensory_artifact/border_crop/artifact_000008_05_border_crop.png,1,train,synthetic_artifact,sensory_artifact,border_crop,derived_from_synthetic_faf,,derived_or_generated_synthetic,test,b982f4fcd975d2770a7f5c664cc97a335dee28568628b9afd7eeba55c852abdb,e6c4a5d7163b7548a0b47040c1306557f98a486871b94c8da983fdc932729197,border_crop,,generated from held-out ID only; never from train
images/dissertation_v1/ood/sensory_artifact/border_crop/artifact_000010_05_border_crop.png,1,train,synthetic_artifact,sensory_artifact,border_crop,derived_from_synthetic_faf,,derived_or_generated_synthetic,test,4182281cd0055e6f3ddc6e6a0d5db5cf0ebe2f61fe12e3d0993cb8e0b197d101,2ce067e78529d59ae5f2ff71b02be86e4f62371b0aa31810d2047f115fe68900,border_crop,,generated from held-out ID only; never from train
images/dissertation_v1/ood/sensory_artifact/border_crop/artifact_000011_05_border_crop.png,1,train,synthetic_artifact,sensory_artifact,border_crop,derived_from_synthetic_faf,,derived_or_generated_synthetic,test,aa8269669b4f6d93966062d097ba0c97457f39797d6ea2137663b0db866aed53,d822b0621f3574fb70a96904005d10d950c5fed12e7f0f1c78edbcb396fbd7ac,border_crop,,generated from held-out ID only; never from train
images/dissertation_v1/ood/sensory_artifact/border_crop/artifact_000012_05_border_crop.png,1,train,synthetic_artifact,sensory_artifact,border_crop,derived_from_synthetic_faf,,derived_or_generated_synthetic,test,3d986c60d05d81b625db9ea18fcac23904cdd059dc9b5fb085dc3f148868bdce,d924c9e1fbeb5b22e9ce25fbb30850ed8464394de79d31630d85707afefbd75b,border_crop,,generated from held-out ID only; never from train
images/dissertation_v1/ood/sensory_artifact/border_crop/artifact_000013_05_border_crop.png,1,train,synthetic_artifact,sensory_artifact,border_crop,derived_from_synthetic_faf,,derived_or_generated_synthetic,test,b16baa5ea40b89f7b27d5a6fbebd79d98ea27cbd4291201ff4223d631df3bdb5,0b875e277b8f1482ac5d0457e95fcb05cd77208c0e9e5356f266f98ccab7e3ed,border_crop,,generated from held-out ID only; never from train
images/dissertation_v1/ood/sensory_artifact/border_crop/artifact_000015_05_border_crop.png,1,train,synthetic_artifact,sensory_artifact,border_crop,derived_from_synthetic_faf,,derived_or_generated_synthetic,test,bc06d2261547003b3e471bae9933eeee68300052be71eb540b1cda786931b498,38fbaedc8df6557c3519716071afbe70dbb54496bc3eda4dbd28443246ef0539,border_crop,,generated from held-out ID only; never from train
images/dissertation_v1/ood/sensory_artifact/border_crop/artifact_000016_05_border_crop.png,1,train,synthetic_artifact,sensory_artifact,border_crop,derived_from_synthetic_faf,,derived_or_generated_synthetic,test,c2e11dd7e40a40d1fce4276f578f713ba760b7cbdc2c5e75dedd45a52de1be9b,9c16a2d52b66788ef6f4635487fc55e1b8f9abf860695b606defc6a4d6726219,border_crop,,generated from held-out ID only; never from train
images/dissertation_v1/ood/sensory_artifact/border_crop/artifact_000017_05_border_crop.png,1,train,synthetic_artifact,sensory_artifact,border_crop,derived_from_synthetic_faf,,derived_or_generated_synthetic,test,f9e6ff227fc8fe3eaaac35c710789e7c69728cf0d0373c960b310da2f445ba9f,0861672a24270580387eea90d8f3ddd826a52d63c4428364052dec6bca1959ee,border_crop,,generated from held-out ID only; never from train
images/dissertation_v1/ood/sensory_artifact/border_crop/artifact_000018_05_border_crop.png,1,train,synthetic_artifact,sensory_artifact,border_crop,derived_from_synthetic_faf,,derived_or_generated_synthetic,test,113873e208144414bd32471cdddae8e53826e3d009ebddb3169053695701e900,fd6fd89f280a24b4873a415a5fc1f7315de7c22e49be7073c6a9348d08c1f07b,border_crop,,generated from held-out ID only; never from train
images/dissertation_v1/ood/sensory_artifact/border_crop/artifact_000019_05_border_crop.png,1,train,synthetic_artifact,sensory_artifact,border_crop,derived_from_synthetic_faf,,derived_or_generated_synthetic,test,7a2502656453d3930c95d362b5d489bc84c504bef26e42bc0da6ad0864149eb0,f9a033e1944d7b29d126d036c4a91b903f0c3c335a85177788beafc3fe8b70da,border_crop,,generated from held-out ID only; never from train
images/dissertation_v1/ood/sensory_artifact/border_crop/artifact_000020_05_border_crop.png,1,train,synthetic_artifact,sensory_artifact,border_crop,derived_from_synthetic_faf,,derived_or_generated_synthetic,test,134b2025a7ca385d7aa4778fa75932ac1bb9bf14147e3bd67b935ec179a417a2,5db33929cee5ce3d7b21de926a708da9a1e5e2b0c82a9430eebe1296f81aeaa3,border_crop,,generated from held-out ID only; never from train
images/dissertation_v1/ood/sensory_artifact/border_crop/artifact_000021_05_border_crop.png,1,train,synthetic_artifact,sensory_artifact,border_crop,derived_from_synthetic_faf,,derived_or_generated_synthetic,test,5d764d34d8cb2e386b2b838b3cd85544ae75476ee33a956d23b6874fe53a6389,4d03a1e9e5af412c9b0f27c2121c6702f6eac8ed7a1ee7be5bf7614449647c3f,border_crop,,generated from held-out ID only; never from train
images/dissertation_v1/ood/sensory_artifact/border_crop/artifact_000024_05_border_crop.png,1,train,synthetic_artifact,sensory_artifact,border_crop,derived_from_synthetic_faf,,derived_or_generated_synthetic,test,fac4436e282558e7bd6cef023ff4ad0f9bc6b47bc84a866ff5a15f461e0a7afc,c79c1eadd5034a84c31a457a7f29eeab492a16ceab3ae65da8c348f9b42b67dc,border_crop,,generated from held-out ID only; never from train
images/dissertation_v1/ood/sensory_artifact/border_crop/artifact_000025_05_border_crop.png,1,train,synthetic_artifact,sensory_artifact,border_crop,derived_from_synthetic_faf,,derived_or_generated_synthetic,test,539f4205aa7b1b63dd2646303a7652345831f858d3c57740155392852336d637,45014680fe8cc341bc75b645b339be34a404d6394f3bb31ec63a903eff678f67,border_crop,,generated from held-out ID only; never from train
images/dissertation_v1/ood/sensory_artifact/border_crop/artifact_000026_05_border_crop.png,1,train,synthetic_artifact,sensory_artifact,border_crop,derived_from_synthetic_faf,,derived_or_generated_synthetic,test,b5e8be05ca19a4b23e7516ee0c7a041b9f933b33c9c6d4ac452c82b1b76b03dc,47d438f5b053f04e177c822d969def1d7773e3f146dc0ea2c51f5a1fc298f1bf,border_crop,,generated from held-out ID only; never from train
images/dissertation_v1/ood/sensory_artifact/border_crop/artifact_000027_05_border_crop.png,1,train,synthetic_artifact,sensory_artifact,border_crop,derived_from_synthetic_faf,,derived_or_generated_synthetic,test,c43804da6a998c6cb5dea2ae5a847637b3f17085cddc91fd5588280445913d69,d17848e520a3ae00722eb99fa347570a8d433ea459bdccc4cd1875b60916af63,border_crop,,generated from held-out ID only; never from train
images/dissertation_v1/ood/sensory_artifact/border_crop/artifact_000028_05_border_crop.png,1,train,synthetic_artifact,sensory_artifact,border_crop,derived_from_synthetic_faf,,derived_or_generated_synthetic,test,72b05318dfabddfd1b8b260cc6e5ff369bdbf0a1d7342d46b347bb173b1a478c,9fa756177a21820bc1bf3ee057de8b0c540d40ca1f6ce62ecbf8b4027efca125,border_crop,,generated from held-out ID only; never from train
images/dissertation_v1/ood/sensory_artifact/border_crop/artifact_000030_05_border_crop.png,1,train,synthetic_artifact,sensory_artifact,border_crop,derived_from_synthetic_faf,,derived_or_generated_synthetic,test,3ef63b11eeb30b5015e3ae95c60010458a537d91d745586e2d0fb9b19a0a6780,1abcc3a996b7ea0932243de4f741b523f245b8f81cda49fac05b1a1a0c363278,border_crop,,generated from held-out ID only; never from train
images/dissertation_v1/ood/sensory_artifact/border_crop/artifact_000031_05_border_crop.png,1,train,synthetic_artifact,sensory_artifact,border_crop,derived_from_synthetic_faf,,derived_or_generated_synthetic,test,2a2e704493c8983bcf1dcf7feccfb0ca3e5f4f0abfcec11dc19176384d6d3900,d9566cc09f758dd1d317a06788b155dff7dfac4dd76e0832de3589651a4e8145,border_crop,,generated from held-out ID only; never from train
images/dissertation_v1/ood/sensory_artifact/border_crop/artifact_000035_05_border_crop.png,1,train,synthetic_artifact,sensory_artifact,border_crop,derived_from_synthetic_faf,,derived_or_generated_synthetic,test,4dc039d6383378d8200dda12382c500a6f9a7f71603dd97f77cafb64ec0b6f53,ad2206e763d2fe74e820f9849e3d5c70fae09a566c7d71af4a5642de99425176,border_crop,,generated from held-out ID only; never from train
images/dissertation_v1/ood/sensory_artifact/border_crop/artifact_000037_05_border_crop.png,1,train,synthetic_artifact,sensory_artifact,border_crop,derived_from_synthetic_faf,,derived_or_generated_synthetic,test,5f32defe39c13c7533a62a3fdabc11a046ccf002e133681b4dc2cf2809cdc96f,1d93bc13ac331db7a072736022e31038f869f965793787c53f3d2a57ec76cd8d,border_crop,,generated from held-out ID only; never from train
images/dissertation_v1/ood/sensory_artifact/border_crop/artifact_000038_05_border_crop.png,1,train,synthetic_artifact,sensory_artifact,border_crop,derived_from_synthetic_faf,,derived_or_generated_synthetic,test,78a3b7f45ea562e51bd300874d2c844c2683589f9b1559cfd0edc17385eeb530,8cc0640073e0f9c820b460efc0c58ec7414b7e8df823d5f1c93b38ba793d8902,border_crop,,generated from held-out ID only; never from train
images/dissertation_v1/ood/sensory_artifact/border_crop/artifact_000041_05_border_crop.png,1,train,synthetic_artifact,sensory_artifact,border_crop,derived_from_synthetic_faf,,derived_or_generated_synthetic,test,df1db9934964d8e5bfd4900e36231cf340b5b74d03c2f7201c08893032133883,81a78d254ea6b2a2f5a4affbfb96971984508cdd9229061837c581ec353ebdad,border_crop,,generated from held-out ID only; never from train
images/dissertation_v1/ood/sensory_artifact/border_crop/artifact_000042_05_border_crop.png,1,train,synthetic_artifact,sensory_artifact,border_crop,derived_from_synthetic_faf,,derived_or_generated_synthetic,test,38ae0f4d2a15e9617cbb04f2b69faa4020c85e3dfc93282031728d42a6ca0a8a,273764d7d1cede8a69d70059b769f9450f2e61759815e3353dd151ea1e884e41,border_crop,,generated from held-out ID only; never from train
images/dissertation_v1/ood/sensory_artifact/border_crop/artifact_000045_05_border_crop.png,1,train,synthetic_artifact,sensory_artifact,border_crop,derived_from_synthetic_faf,,derived_or_generated_synthetic,test,911ff41fd28ea2dd47641aac5d30efb0fe7717b6dbfcca657e872b840aab7381,0d8179602a20b54a7b76b2646b6ca767cab75446932874d1ef601275c796d6ba,border_crop,,generated from held-out ID only; never from train
images/dissertation_v1/ood/sensory_artifact/border_crop/artifact_000047_05_border_crop.png,1,train,synthetic_artifact,sensory_artifact,border_crop,derived_from_synthetic_faf,,derived_or_generated_synthetic,test,12aea849a7efdd59f813a4bc8e8f85c70c26c944e0df55cc950b9cb4265f25fc,9027c7c813d92085e7eb1335e0de9e66ebd9b6730a0da446ba8e26cfbd03b685,border_crop,,generated from held-out ID only; never from train
images/dissertation_v1/ood/sensory_artifact/border_crop/artifact_000049_05_border_crop.png,1,train,synthetic_artifact,sensory_artifact,border_crop,derived_from_synthetic_faf,,derived_or_generated_synthetic,test,2ab6161732c58fef8de32eb807e4241ad051b72d5e9d406c511e03b913c51b5d,c61302a2ed48ff4f37562e3a39d8ad46a99270bf3b70b90085f1d38ef8b2b122,border_crop,,generated from held-out ID only; never from train
images/dissertation_v1/ood/sensory_artifact/border_crop/artifact_000050_05_border_crop.png,1,train,synthetic_artifact,sensory_artifact,border_crop,derived_from_synthetic_faf,,derived_or_generated_synthetic,test,da5b3cba4f24463b5afcd4d8ba0f0ff48f126652a7fdfef4125e04a2a48a586d,3e2c8579f7265860b011fe747af201935e3621054f77e9ddfe92505744ff4141,border_crop,,generated from held-out ID only; never from train
images/dissertation_v1/ood/sensory_artifact/border_crop/artifact_000051_05_border_crop.png,1,train,synthetic_artifact,sensory_artifact,border_crop,derived_from_synthetic_faf,,derived_or_generated_synthetic,test,29f0a875693a8f0c0988fb25269dd755b1f564746ed1453398d77d97548bebcb,d98c4689f08b345b86108e34cac4f9e60ff36db08a9d29d0e3243ca1cf2c6941,border_crop,,generated from held-out ID only; never from train
images/dissertation_v1/ood/sensory_artifact/border_crop/artifact_000052_05_border_crop.png,1,train,synthetic_artifact,sensory_artifact,border_crop,derived_from_synthetic_faf,,derived_or_generated_synthetic,test,516c3c7bb253c49d5d00ab0980a37f6d63ca0cd8381f4c1e3b960da828b1bcc5,cd9af11e8731f9a6b9d13f0180c06c1f60c2ae8a695e16abc6268b79f1026b1e,border_crop,,generated from held-out ID only; never from train
images/dissertation_v1/ood/sensory_artifact/border_crop/artifact_000053_05_border_crop.png,1,train,synthetic_artifact,sensory_artifact,border_crop,derived_from_synthetic_faf,,derived_or_generated_synthetic,test,0597eb520153352d8573d17fd0d617863c97f0e6f2a6cc3ef7e9eefc1095cc16,2e75a99248d3ec4b650068aec6b8ba48becf403fe672e40267ecffa7fc22b01f,border_crop,,generated from held-out ID only; never from train
images/dissertation_v1/ood/sensory_artifact/border_crop/artifact_000054_05_border_crop.png,1,train,synthetic_artifact,sensory_artifact,border_crop,derived_from_synthetic_faf,,derived_or_generated_synthetic,test,05149e7158b1141c27631a5d7268b63ef6d02d2015a179d052fe4d52461a973e,f54f3645c72dc3a2c8558dc0200730edd83c26c1adc2e1b5b2dfb6a192f08c5d,border_crop,,generated from held-out ID only; never from train
images/dissertation_v1/ood/sensory_artifact/border_crop/artifact_000055_05_border_crop.png,1,train,synthetic_artifact,sensory_artifact,border_crop,derived_from_synthetic_faf,,derived_or_generated_synthetic,test,5c69a14e8791f07897bf5c1d46d171c7291729d9d33637a9a90b3c2ec65cc906,bb7ced17f3ce7864da174a6b78b7f34b25cf97ec01c15d5452696207f3063416,border_crop,,generated from held-out ID only; never from train
images/dissertation_v1/ood/sensory_artifact/border_crop/artifact_000056_05_border_crop.png,1,train,synthetic_artifact,sensory_artifact,border_crop,derived_from_synthetic_faf,,derived_or_generated_synthetic,test,654a02d6d8ab579bae77ba455764cf5c95e4e8f253a4e902e017bd69cfa67a5f,5cac36dc7dbb94150b4cd1703091de1fb9f3dc8fb4edfd870bfc1b1f799f0eab,border_crop,,generated from held-out ID only; never from train
images/dissertation_v1/ood/sensory_artifact/border_crop/artifact_000057_05_border_crop.png,1,train,synthetic_artifact,sensory_artifact,border_crop,derived_from_synthetic_faf,,derived_or_generated_synthetic,test,66398a71d0777f642eb8b0ffd9afcece9683f441882e642f52ba8074a88b454e,31b43cdb11ddd17ba24311605ad64723ef0f74ce4e8dce09319ba9a7cb6f1b1e,border_crop,,generated from held-out ID only; never from train
images/dissertation_v1/ood/sensory_artifact/border_crop/artifact_000063_05_border_crop.png,1,train,synthetic_artifact,sensory_artifact,border_crop,derived_from_synthetic_faf,,derived_or_generated_synthetic,test,c7710792903d2fa2a8d12472a3ec0b8c40dc38e56f85662e2b17a3b2b06c9395,58539b1cc5b2a259e54144a3d7324bd17b5f13ee4782a6a85efdd05699bf6c97,border_crop,,generated from held-out ID only; never from train
images/dissertation_v1/ood/sensory_artifact/border_crop/artifact_000065_05_border_crop.png,1,train,synthetic_artifact,sensory_artifact,border_crop,derived_from_synthetic_faf,,derived_or_generated_synthetic,test,1204ba80e38ca65f3a9277ec5ec2f5e6403e0517ed9f41ec795929cfe393d3f6,1460815c49f046447b715c813ef49142cfbdb7f75ab3bd32fcd769d05a3a3d64,border_crop,,generated from held-out ID only; never from train
images/dissertation_v1/ood/sensory_artifact/border_crop/artifact_000066_05_border_crop.png,1,train,synthetic_artifact,sensory_artifact,border_crop,derived_from_synthetic_faf,,derived_or_generated_synthetic,test,a70b4ec0ccbaae92b2caadac856170eeef9be5fa126f6e0819096a0a5984f378,bb563bc3bd6ec78b7023ed22eaaf1c66956f573f9bed0d4f9eb07fb708f4c884,border_crop,,generated from held-out ID only; never from train
images/dissertation_v1/ood/sensory_artifact/border_crop/artifact_000067_05_border_crop.png,1,train,synthetic_artifact,sensory_artifact,border_crop,derived_from_synthetic_faf,,derived_or_generated_synthetic,test,c654ccb80ffbea1e8e340d5f5d54761578492b1f10672783ecffd3e6cc400908,4537ee987e4cbb0f7d661f6b948ff440ff86ec102fe5267eab5b4c44a7b75a92,border_crop,,generated from held-out ID only; never from train
images/dissertation_v1/ood/sensory_artifact/border_crop/artifact_000069_05_border_crop.png,1,train,synthetic_artifact,sensory_artifact,border_crop,derived_from_synthetic_faf,,derived_or_generated_synthetic,test,0a5d4d78e9cb5051c5f15fda50a19edc240f23c37932d3afe964f707c388c403,085c1b474fee2d6f0ae2e0bc9a953b1ed0e5f7f24e3106a6f47fec651897025f,border_crop,,generated from held-out ID only; never from train
images/dissertation_v1/ood/sensory_artifact/border_crop/artifact_000073_05_border_crop.png,1,train,synthetic_artifact,sensory_artifact,border_crop,derived_from_synthetic_faf,,derived_or_generated_synthetic,test,e0240086f14fc1fefa4ee875fe91b689655f5d4a19f6a9da86c98ce116fcb158,dcd3f3349f07e1bed7856633db333e4747430455d15c5a8608c54e3f7a1e3d7d,border_crop,,generated from held-out ID only; never from train
images/dissertation_v1/ood/sensory_artifact/border_crop/artifact_000074_05_border_crop.png,1,train,synthetic_artifact,sensory_artifact,border_crop,derived_from_synthetic_faf,,derived_or_generated_synthetic,test,6eb3fc0693ff26628ec2b37d3258e11d502cfdc3368392099d89047c29649187,121676a35541005d3f7f769e374c3ffc28e6ae19878fc3c1ecd6709102443fe7,border_crop,,generated from held-out ID only; never from train
images/dissertation_v1/ood/sensory_artifact/border_crop/artifact_000075_05_border_crop.png,1,train,synthetic_artifact,sensory_artifact,border_crop,derived_from_synthetic_faf,,derived_or_generated_synthetic,test,2f3e98aabdd2ee08bd9f335c195f639acb08f002b247639e14d28048f5ed28d3,4f49d5898ef29e6dbba84b94fa73a55c1a29a6694e6822a9b64b7d09fa1a5c38,border_crop,,generated from held-out ID only; never from train
images/dissertation_v1/ood/sensory_artifact/border_crop/artifact_000077_05_border_crop.png,1,train,synthetic_artifact,sensory_artifact,border_crop,derived_from_synthetic_faf,,derived_or_generated_synthetic,test,32f27eac10d34fd6e0188de66d27e5fa98ae02f14228204705610b0bec94c4df,e7627774111ea19b66b882a70a6b4e624d03c580bab2e995417adc97ae618fca,border_crop,,generated from held-out ID only; never from train
images/dissertation_v1/ood/sensory_artifact/border_crop/artifact_000078_05_border_crop.png,1,train,synthetic_artifact,sensory_artifact,border_crop,derived_from_synthetic_faf,,derived_or_generated_synthetic,test,b44900867c329c735bb420a7e05b16d2dfdbad07cecd655b7bbc75e98a97c9a9,9af2f45d4b55869623d7ce9516709e60795adfd67a812b55afb17354b9baf5d2,border_crop,,generated from held-out ID only; never from train
images/dissertation_v1/ood/sensory_artifact/border_crop/artifact_000082_05_border_crop.png,1,train,synthetic_artifact,sensory_artifact,border_crop,derived_from_synthetic_faf,,derived_or_generated_synthetic,test,3228dd2af4cf460894632e5cf293b6fad8b7a265714ff390b9e118258d1d3923,5d2c59717f3d4d8170ce1f409aaaf7db80f7ae2685fb909f9db1013ab32d5c49,border_crop,,generated from held-out ID only; never from train
images/dissertation_v1/ood/sensory_artifact/border_crop/artifact_000083_05_border_crop.png,1,train,synthetic_artifact,sensory_artifact,border_crop,derived_from_synthetic_faf,,derived_or_generated_synthetic,test,8d475951c452d4b1c3ac980535d84f89703bdec11939f8ea928ae69b2fb5b06c,df613791d34fe58c411d97501d84cfb02169bdf725504320c7577d8b9b232dfc,border_crop,,generated from held-out ID only; never from train
images/dissertation_v1/ood/sensory_artifact/border_crop/artifact_000086_05_border_crop.png,1,train,synthetic_artifact,sensory_artifact,border_crop,derived_from_synthetic_faf,,derived_or_generated_synthetic,test,4e6da8d24da3b4c619b28bf41fecccfffde2465eaf8e2cbdea26f54d39676576,31b02edfe736e04e35cd7f7a5b015298b7e2d1e515eab2fffefd23f0d137a0dc,border_crop,,generated from held-out ID only; never from train
images/dissertation_v1/ood/sensory_artifact/border_crop/artifact_000087_05_border_crop.png,1,train,synthetic_artifact,sensory_artifact,border_crop,derived_from_synthetic_faf,,derived_or_generated_synthetic,test,f0e277dde5511779f6c64599b06b97da1032497cd89ec03ff939cfbf34ac39cf,8483b73bf3d280c2e7e75a7509b0bc94b7dd44e58f6d9814a899fb0b9732175a,border_crop,,generated from held-out ID only; never from train
images/dissertation_v1/ood/sensory_artifact/border_crop/artifact_000089_05_border_crop.png,1,train,synthetic_artifact,sensory_artifact,border_crop,derived_from_synthetic_faf,,derived_or_generated_synthetic,test,ee1cdeffaacce615b7205e810e60e9ce26dff8b8d47ab9968ce25c8e4a80af5a,b3a3c25e180e7101a1b8c68aaee59031e3cdfca99d012931bf3981f7cf7b3148,border_crop,,generated from held-out ID only; never from train
images/dissertation_v1/ood/sensory_artifact/border_crop/artifact_000090_05_border_crop.png,1,train,synthetic_artifact,sensory_artifact,border_crop,derived_from_synthetic_faf,,derived_or_generated_synthetic,test,5fccbcf04a5abc04dc137c48f4066c86ca5a6e282afad2ee977ae0fb307ea47a,3fca0579b63c1ae9218257ecf5fcae692b8b00b38f3afc621efdadf6a57debb7,border_crop,,generated from held-out ID only; never from train
images/dissertation_v1/ood/sensory_artifact/border_crop/artifact_000091_05_border_crop.png,1,train,synthetic_artifact,sensory_artifact,border_crop,derived_from_synthetic_faf,,derived_or_generated_synthetic,test,3047dd66f55e0b182f1337da2e90752a9dc2951d31b8ad69b4f38de72fefad53,aad7e429cc48dcdb1988b8ca4ee0525bf04dee268b8380a14b179424300151d6,border_crop,,generated from held-out ID only; never from train
images/dissertation_v1/ood/sensory_artifact/border_crop/artifact_000092_05_border_crop.png,1,train,synthetic_artifact,sensory_artifact,border_crop,derived_from_synthetic_faf,,derived_or_generated_synthetic,test,497d5fe3e1486f808512d955ecaabf6a7c306d50a9f998f14811f7fa9e80fa2c,7baa285b08e495d0697e82cc730097fc88a015655219451703d4b74cf88e04bf,border_crop,,generated from held-out ID only; never from train
images/dissertation_v1/ood/sensory_artifact/border_crop/artifact_000093_05_border_crop.png,1,train,synthetic_artifact,sensory_artifact,border_crop,derived_from_synthetic_faf,,derived_or_generated_synthetic,test,f77a1bda5b002dd53b120bbbefa178f518e99de0db3c0600930fb788c1b03161,0494612ae7255e132e9406a894d25bd19a533be196b9734af9000d922c17b3cc,border_crop,,generated from held-out ID only; never from train
images/dissertation_v1/ood/sensory_artifact/border_crop/artifact_000095_05_border_crop.png,1,train,synthetic_artifact,sensory_artifact,border_crop,derived_from_synthetic_faf,,derived_or_generated_synthetic,test,e7ec5a72b03e5027a015a5f5cf48f841e2fa3bca55dfc61a874395409b4ac98f,36c01ce75ef8cd22d56a154a5e850c4a421754027b40778b2ec4204014e0ab30,border_crop,,generated from held-out ID only; never from train
images/dissertation_v1/ood/sensory_artifact/border_crop/artifact_000096_05_border_crop.png,1,train,synthetic_artifact,sensory_artifact,border_crop,derived_from_synthetic_faf,,derived_or_generated_synthetic,test,ac369c30534235cee3782ebc1184ad6ea96c25d012be660b9dfc85c8d755505b,618463cdedc1dfd6f8a910f4da6b05226a0546e4ace629eb24575e221d643b5a,border_crop,,generated from held-out ID only; never from train
images/dissertation_v1/ood/sensory_artifact/border_crop/artifact_000097_05_border_crop.png,1,train,synthetic_artifact,sensory_artifact,border_crop,derived_from_synthetic_faf,,derived_or_generated_synthetic,test,eaa0be8fe7b707d49b09834f39c7f73d8344bd74a882982556e0cca5d87fba27,a26e723e6ba939ae702551afe52c3c0750071c1c2e15bf59e1e3a5e9360598c1,border_crop,,generated from held-out ID only; never from train
images/dissertation_v1/ood/sensory_artifact/border_crop/artifact_000099_05_border_crop.png,1,train,synthetic_artifact,sensory_artifact,border_crop,derived_from_synthetic_faf,,derived_or_generated_synthetic,test,cf7570ab6b8483f914af8ab9f586de0b2fc3ce66b98012f32833bc352c3773a3,4e700d840f030cd552e0b77feb275ff4e36ff95e9d9f4bbf2d7d059bdadc9a84,border_crop,,generated from held-out ID only; never from train
images/dissertation_v1/ood/sensory_artifact/border_crop/artifact_000101_05_border_crop.png,1,train,synthetic_artifact,sensory_artifact,border_crop,derived_from_synthetic_faf,,derived_or_generated_synthetic,test,81daf3e3c7e7dff8598c7ea6de1e3f0b3f51f0361a333ffa784b25b5c30a799b,fd219f500dae4056481182b308e0fcd849c7712eea0f81adbed8fdb9fb27b484,border_crop,,generated from held-out ID only; never from train
images/dissertation_v1/ood/sensory_artifact/border_crop/artifact_000103_05_border_crop.png,1,train,synthetic_artifact,sensory_artifact,border_crop,derived_from_synthetic_faf,,derived_or_generated_synthetic,test,87dbf96bf6efdf1dcffc96e369922390e40c9587e4f92857af0c2fcae9be11d3,7e4e1f31c25f0a5bf586fe1a8946c76be7d0eef3fb520a018c3782c307394331,border_crop,,generated from held-out ID only; never from train
images/dissertation_v1/ood/sensory_artifact/border_crop/artifact_000106_05_border_crop.png,1,train,synthetic_artifact,sensory_artifact,border_crop,derived_from_synthetic_faf,,derived_or_generated_synthetic,test,426d24d8d3d83cda2f1283bf88ef84d7c033442a03739ef43c3d5ffe3a1038ce,bd5ccc8dec52023f18c3ceb1ed1e4bc423722e98f7783bc9e167d7751fe12326,border_crop,,generated from held-out ID only; never from train
images/dissertation_v1/ood/sensory_artifact/border_crop/artifact_000108_05_border_crop.png,1,train,synthetic_artifact,sensory_artifact,border_crop,derived_from_synthetic_faf,,derived_or_generated_synthetic,test,b0605338585c65f610185f2440cf877ce1b3c7210c640b99bb440338928b1d8b,7d72468a874689e25e4b5a25de725a8c0569ab36560fb167471c695722a7a5a1,border_crop,,generated from held-out ID only; never from train
images/dissertation_v1/ood/sensory_artifact/border_crop/artifact_000110_05_border_crop.png,1,train,synthetic_artifact,sensory_artifact,border_crop,derived_from_synthetic_faf,,derived_or_generated_synthetic,test,6beef31b7ce00322151cebbbe18f039e1ede2e2d50b70bf82dee4b0b313efb4d,fee378e906a17520f332f1acc698a2c84788b70cd2669ff7b40c88519c15f9d4,border_crop,,generated from held-out ID only; never from train
images/dissertation_v1/ood/sensory_artifact/border_crop/artifact_000111_05_border_crop.png,1,train,synthetic_artifact,sensory_artifact,border_crop,derived_from_synthetic_faf,,derived_or_generated_synthetic,test,e4427481708bd31b4c6e3814e1022e3b6f7830188fd2d65eae37d4299b4ffa42,7e805b2a3e3142002e88d10d7f9ccbf84feaf1272c5f6cb33d29ef76ae2883cd,border_crop,,generated from held-out ID only; never from train
images/dissertation_v1/ood/sensory_artifact/border_crop/artifact_000112_05_border_crop.png,1,train,synthetic_artifact,sensory_artifact,border_crop,derived_from_synthetic_faf,,derived_or_generated_synthetic,test,ca94d3b1ad356909139f6ea2fe855312a46a8b8cea9267983d7e98862fa04ebb,0082a17690ee34f87cc084ca701192ff9bc09e65a2103ac1c6ae25c2f6d5afac,border_crop,,generated from held-out ID only; never from train
images/dissertation_v1/ood/sensory_artifact/border_crop/artifact_000113_05_border_crop.png,1,train,synthetic_artifact,sensory_artifact,border_crop,derived_from_synthetic_faf,,derived_or_generated_synthetic,test,cdd3cca961c615abcced404be9e820ed5b73af0f5d798a2427e95530c5a55ab3,f0a16dcee05bb93fc69293dec6b37b44edad69ce668e805549309e0aa6a401cc,border_crop,,generated from held-out ID only; never from train
images/dissertation_v1/ood/sensory_artifact/border_crop/artifact_000115_05_border_crop.png,1,train,synthetic_artifact,sensory_artifact,border_crop,derived_from_synthetic_faf,,derived_or_generated_synthetic,test,fad43eb6496ab6b6f818755d022678914541aa8a4c3c7406c1ed55c47e16b499,f9dd7c6f3daaf3b557787bcdc1c3ecdd27fc21186ef190f88728218f6cea9bde,border_crop,,generated from held-out ID only; never from train
images/dissertation_v1/ood/sensory_artifact/border_crop/artifact_000117_05_border_crop.png,1,train,synthetic_artifact,sensory_artifact,border_crop,derived_from_synthetic_faf,,derived_or_generated_synthetic,test,f66464fdca65486197284c80a6c2d41d5909641591d8cfe47f5f99e9f01ce264,926e949cdcd11564e0a20d9021643664885781b0fd8a55b1def573c0e78352e6,border_crop,,generated from held-out ID only; never from train
images/dissertation_v1/ood/sensory_artifact/border_crop/artifact_000118_05_border_crop.png,1,train,synthetic_artifact,sensory_artifact,border_crop,derived_from_synthetic_faf,,derived_or_generated_synthetic,test,d540c5908b30e077b94adda5ce5b1df3a10baff5128106a93aab996362604e81,16a1cc371228bd768eab2f371a75231fdc942e4ef4305c0baa4d1cba546b88bd,border_crop,,generated from held-out ID only; never from train
images/dissertation_v1/ood/sensory_artifact/border_crop/artifact_000119_05_border_crop.png,1,train,synthetic_artifact,sensory_artifact,border_crop,derived_from_synthetic_faf,,derived_or_generated_synthetic,test,411a4ccccb382df16dbc6f06fecb4a52847b8c7cc59cc2ace8d4da6f0ff8f782,53bf5530df489572f1275cb4607b1bfd1a3e739f55de2f976346ef16b04c2aec,border_crop,,generated from held-out ID only; never from train
images/dissertation_v1/ood/sensory_artifact/border_crop/artifact_000123_05_border_crop.png,1,train,synthetic_artifact,sensory_artifact,border_crop,derived_from_synthetic_faf,,derived_or_generated_synthetic,test,e62a8a6c43c50f47bb56003c005083c65317204eef3226cb88e631bcc370b3cc,b328236f8fa5eb08baa181006074cf4b8eff61f785d6eb4b718b87b3c240b6fd,border_crop,,generated from held-out ID only; never from train
images/dissertation_v1/ood/sensory_artifact/border_crop/artifact_000128_05_border_crop.png,1,train,synthetic_artifact,sensory_artifact,border_crop,derived_from_synthetic_faf,,derived_or_generated_synthetic,test,d2e49be5cbb030985c10133cd906e385c358810932795aca272522416a6b4eaa,f0aaf9cb3094aeb127eef0f67ef481b6683337c3b7ddbc8cf3783d63648d764e,border_crop,,generated from held-out ID only; never from train
images/dissertation_v1/ood/sensory_artifact/border_crop/artifact_000131_05_border_crop.png,1,train,synthetic_artifact,sensory_artifact,border_crop,derived_from_synthetic_faf,,derived_or_generated_synthetic,test,c96e1a2308fc7578af6a7ae1c43bd2d6471513457e45bda54fc6fac6f330d75c,75cdb6a34fef7077b3c995565448dce323f3c26eecab573379d9dfb734a8db7b,border_crop,,generated from held-out ID only; never from train
images/dissertation_v1/ood/sensory_artifact/border_crop/artifact_000134_05_border_crop.png,1,train,synthetic_artifact,sensory_artifact,border_crop,derived_from_synthetic_faf,,derived_or_generated_synthetic,test,0e798ac9923ccbdfb6542af3c7343f8d67095f021103e78ea25e777ba9f19904,7c7ce6b5321de586e2a73555e7709e226600e93382ad9f6a36e75d0d790f2ff8,border_crop,,generated from held-out ID only; never from train
images/dissertation_v1/ood/sensory_artifact/border_crop/artifact_000136_05_border_crop.png,1,train,synthetic_artifact,sensory_artifact,border_crop,derived_from_synthetic_faf,,derived_or_generated_synthetic,test,2530b8ebda9ce1c4f2dc9bef6d4e97eca1e54c5667f68358722069b2e3e9e3cd,f2a50ebec8d4c518d3dddfc9a597c3cd31e78cd19d54e81a0d05b6e0154973a6,border_crop,,generated from held-out ID only; never from train
images/dissertation_v1/ood/sensory_artifact/border_crop/artifact_000137_05_border_crop.png,1,train,synthetic_artifact,sensory_artifact,border_crop,derived_from_synthetic_faf,,derived_or_generated_synthetic,test,7bf41d4fcb055677e4637822adbf1f1ad169c4e18e5c5dcaee291c84092a9d82,7a794e04216d10b75a621304cc1d0fc7699b12295c58000ad5f0d937c8cafdea,border_crop,,generated from held-out ID only; never from train
images/dissertation_v1/ood/sensory_artifact/border_crop/artifact_000138_05_border_crop.png,1,train,synthetic_artifact,sensory_artifact,border_crop,derived_from_synthetic_faf,,derived_or_generated_synthetic,test,b3eb9fccff8af51d37846fa82f34849b64bf5eb7736a70e563ff81bd01cde527,4b305a31af3fef14a082608d569d1bb4c74d04b8759dd69bcc11af3ff51d76fd,border_crop,,generated from held-out ID only; never from train
images/dissertation_v1/ood/sensory_artifact/border_crop/artifact_000139_05_border_crop.png,1,train,synthetic_artifact,sensory_artifact,border_crop,derived_from_synthetic_faf,,derived_or_generated_synthetic,test,761ac1f800dbb1295573aa0f8899f794b4b231c397edcd671ef4ab0b04179d3a,4d2d7cfa2ba311c178fa68aa390eb321c4df388e5a907d7f5fa285965d42f64f,border_crop,,generated from held-out ID only; never from train
images/dissertation_v1/ood/sensory_artifact/border_crop/artifact_000140_05_border_crop.png,1,train,synthetic_artifact,sensory_artifact,border_crop,derived_from_synthetic_faf,,derived_or_generated_synthetic,test,725551213fad2a3d8f409170a6a93a098c27a19ab49cf473fc8de07c27677c92,c3e729187cae4fd775b713fa853a2456200b4faab0240643a30ad5594fc62d51,border_crop,,generated from held-out ID only; never from train
images/dissertation_v1/ood/sensory_artifact/border_crop/artifact_000141_05_border_crop.png,1,train,synthetic_artifact,sensory_artifact,border_crop,derived_from_synthetic_faf,,derived_or_generated_synthetic,test,1e2c3bca6e3a32f30c829df47503ef64bcd95820c02c37f5e0896db075c53fd1,1ecac33ab07d51111996036ab3fb88d5c08e171ff2a971e9acf5525296dea1c7,border_crop,,generated from held-out ID only; never from train
images/dissertation_v1/ood/sensory_artifact/border_crop/artifact_000142_05_border_crop.png,1,train,synthetic_artifact,sensory_artifact,border_crop,derived_from_synthetic_faf,,derived_or_generated_synthetic,test,ef3a90321b34f5cf0494c0dd227d9f795d7dc975d9399d83e5f3ca8036bbd5ed,b9b696bd906b4c55bc36c91d9a2b4388150f80bb9b930062cdd275733b118cf0,border_crop,,generated from held-out ID only; never from train
images/dissertation_v1/ood/sensory_artifact/border_crop/artifact_000144_05_border_crop.png,1,train,synthetic_artifact,sensory_artifact,border_crop,derived_from_synthetic_faf,,derived_or_generated_synthetic,test,7647f4dd49440e9a30fbd43d98a0086a6aad0f692d32f7669053169ab1ae5df5,28526eafc96040b17551539e608681e59dbf5ee6b68de9f382e4a6658baafac2,border_crop,,generated from held-out ID only; never from train
images/dissertation_v1/ood/sensory_artifact/border_crop/artifact_000146_05_border_crop.png,1,train,synthetic_artifact,sensory_artifact,border_crop,derived_from_synthetic_faf,,derived_or_generated_synthetic,test,097ce4ba83e90205ea48c740f686f5d70be57659a5ec1106daf68dfcff24e288,8d5dca178d246415a20ec046eff2a6a1e8cc47537541685f618d66e08c87b448,border_crop,,generated from held-out ID only; never from train
images/dissertation_v1/ood/sensory_artifact/border_crop/artifact_000147_05_border_crop.png,1,train,synthetic_artifact,sensory_artifact,border_crop,derived_from_synthetic_faf,,derived_or_generated_synthetic,test,831e48ef704291db9f715846b4004d54a74cda20abfceb4efbeaa06a5c48d55e,2e934d86b1b37029c030e42e88b7112e2b5f81459322644877d85a5593aed347,border_crop,,generated from held-out ID only; never from train
images/dissertation_v1/ood/sensory_artifact/border_crop/artifact_000149_05_border_crop.png,1,train,synthetic_artifact,sensory_artifact,border_crop,derived_from_synthetic_faf,,derived_or_generated_synthetic,test,89e5865157d3c204b42bc6323cdd17ee263d025aa98c2a90350b9ec336c89c6f,98ee24975c82a09599460e77e4f5eccf8685da10de785739ae09ab4ed435ff72,border_crop,,generated from held-out ID only; never from train
images/dissertation_v1/ood/semantic_outlier/cifar10_natural/cifar10_natural_000000.png,1,train,public_semantic_outlier,semantic_outlier,cifar10_natural,prepared_cifar10_or_natural,,pending_manual_review,test,7fc317155849630882804175c55922bfc1c2b708b651773344d69f5f113d20a2,,,,public/prepared OOD source; verify license before dissertation submission
images/dissertation_v1/ood/semantic_outlier/cifar10_natural/cifar10_natural_000001.png,1,train,public_semantic_outlier,semantic_outlier,cifar10_natural,prepared_cifar10_or_natural,,pending_manual_review,test,ca0ae9f745dd9a8d407452cb7d0510cfb7dad77f0577d60f4166b6958d09e522,,,,public/prepared OOD source; verify license before dissertation submission
images/dissertation_v1/ood/semantic_outlier/cifar10_natural/cifar10_natural_000002.png,1,train,public_semantic_outlier,semantic_outlier,cifar10_natural,prepared_cifar10_or_natural,,pending_manual_review,test,0d32feae7ccf6103f8ed197913da39fce0599d6b51f45aa135ac3270573955ba,,,,public/prepared OOD source; verify license before dissertation submission
images/dissertation_v1/ood/semantic_outlier/cifar10_natural/cifar10_natural_000004.png,1,train,public_semantic_outlier,semantic_outlier,cifar10_natural,prepared_cifar10_or_natural,,pending_manual_review,test,c907b20c3eaca0d541accda8dc7fbaee17c993a65e3764dd7a70f35837ce1b1f,,,,public/prepared OOD source; verify license before dissertation submission
images/dissertation_v1/ood/semantic_outlier/cifar10_natural/cifar10_natural_000006.png,1,train,public_semantic_outlier,semantic_outlier,cifar10_natural,prepared_cifar10_or_natural,,pending_manual_review,test,d8a157e9daca293e089a2a952d0e76376d2b2992448e3851b603b9c3d281f4ea,,,,public/prepared OOD source; verify license before dissertation submission
images/dissertation_v1/ood/semantic_outlier/cifar10_natural/cifar10_natural_000007.png,1,train,public_semantic_outlier,semantic_outlier,cifar10_natural,prepared_cifar10_or_natural,,pending_manual_review,test,564dc276209f84cb0ff26158bdf50b48c95c4da5bbf9e26b5c8299ce9d06e8e5,,,,public/prepared OOD source; verify license before dissertation submission
images/dissertation_v1/ood/semantic_outlier/cifar10_natural/cifar10_natural_000008.png,1,train,public_semantic_outlier,semantic_outlier,cifar10_natural,prepared_cifar10_or_natural,,pending_manual_review,test,d4b8f1f3fb8e7ff91efeb762abff72f6c121b8494c0d585a277eb421f20340fa,,,,public/prepared OOD source; verify license before dissertation submission
images/dissertation_v1/ood/semantic_outlier/cifar10_natural/cifar10_natural_000010.png,1,train,public_semantic_outlier,semantic_outlier,cifar10_natural,prepared_cifar10_or_natural,,pending_manual_review,test,cb49828d640faf50efce7017cdcda1d3a418bc70483f09b53267f273d1eef408,,,,public/prepared OOD source; verify license before dissertation submission
images/dissertation_v1/ood/semantic_outlier/cifar10_natural/cifar10_natural_000011.png,1,train,public_semantic_outlier,semantic_outlier,cifar10_natural,prepared_cifar10_or_natural,,pending_manual_review,test,f8c3f12a68581267fc5236c5ddf90c85f138ee33fee3142727f19167a70de6b2,,,,public/prepared OOD source; verify license before dissertation submission
images/dissertation_v1/ood/semantic_outlier/cifar10_natural/cifar10_natural_000014.png,1,train,public_semantic_outlier,semantic_outlier,cifar10_natural,prepared_cifar10_or_natural,,pending_manual_review,test,499662c489e81046393a288384e73d31227200faefa910dd23c54024734b577a,,,,public/prepared OOD source; verify license before dissertation submission
images/dissertation_v1/ood/semantic_outlier/cifar10_natural/cifar10_natural_000017.png,1,train,public_semantic_outlier,semantic_outlier,cifar10_natural,prepared_cifar10_or_natural,,pending_manual_review,test,65e7e6c25cd85957dc61dc4da283d154abc51360ccb39ccbe0d2e914c2aebccf,,,,public/prepared OOD source; verify license before dissertation submission
images/dissertation_v1/ood/semantic_outlier/cifar10_natural/cifar10_natural_000018.png,1,train,public_semantic_outlier,semantic_outlier,cifar10_natural,prepared_cifar10_or_natural,,pending_manual_review,test,e61ea70346f06d694ae2d21dd1278f80cae571140275c4a018400cc7f16b7749,,,,public/prepared OOD source; verify license before dissertation submission
images/dissertation_v1/ood/semantic_outlier/cifar10_natural/cifar10_natural_000019.png,1,train,public_semantic_outlier,semantic_outlier,cifar10_natural,prepared_cifar10_or_natural,,pending_manual_review,test,592dc43caddaef008c7d764c536b9ad4dfb0622ac9a02a3b72409b7507213a1e,,,,public/prepared OOD source; verify license before dissertation submission
images/dissertation_v1/ood/semantic_outlier/cifar10_natural/cifar10_natural_000021.png,1,train,public_semantic_outlier,semantic_outlier,cifar10_natural,prepared_cifar10_or_natural,,pending_manual_review,test,6c4d48c90dc4ed1910ad6f625ee3b716a848f85f05e35fb7f2496b5397e010c2,,,,public/prepared OOD source; verify license before dissertation submission
images/dissertation_v1/ood/semantic_outlier/cifar10_natural/cifar10_natural_000022.png,1,train,public_semantic_outlier,semantic_outlier,cifar10_natural,prepared_cifar10_or_natural,,pending_manual_review,test,2b67d283e144f6447b05ea76e92ec9fbdaf1786812a33f970b2565d8e507b7b9,,,,public/prepared OOD source; verify license before dissertation submission
images/dissertation_v1/ood/semantic_outlier/cifar10_natural/cifar10_natural_000023.png,1,train,public_semantic_outlier,semantic_outlier,cifar10_natural,prepared_cifar10_or_natural,,pending_manual_review,test,2f68ad1ba31a5d8920c2a2a2806d744bb79de40e80686b8a57fb92d0facb80aa,,,,public/prepared OOD source; verify license before dissertation submission
images/dissertation_v1/ood/semantic_outlier/cifar10_natural/cifar10_natural_000027.png,1,train,public_semantic_outlier,semantic_outlier,cifar10_natural,prepared_cifar10_or_natural,,pending_manual_review,test,55734fe9dac4ed11e5d28a11c78acbf12409d37a12875ecaf948f27e808e7c20,,,,public/prepared OOD source; verify license before dissertation submission
images/dissertation_v1/ood/semantic_outlier/cifar10_natural/cifar10_natural_000028.png,1,train,public_semantic_outlier,semantic_outlier,cifar10_natural,prepared_cifar10_or_natural,,pending_manual_review,test,e4f9a730bf0b504622d0609e62ef17c6b33eb6357507eb0ab5e1a2a19e2dd42c,,,,public/prepared OOD source; verify license before dissertation submission
images/dissertation_v1/ood/semantic_outlier/cifar10_natural/cifar10_natural_000029.png,1,train,public_semantic_outlier,semantic_outlier,cifar10_natural,prepared_cifar10_or_natural,,pending_manual_review,test,849f9292721e7a0492309b8dc8dc7d2c3377827264cd1fbc451ada5391abb37c,,,,public/prepared OOD source; verify license before dissertation submission
images/dissertation_v1/ood/semantic_outlier/cifar10_natural/cifar10_natural_000031.png,1,train,public_semantic_outlier,semantic_outlier,cifar10_natural,prepared_cifar10_or_natural,,pending_manual_review,test,06e3e4f4b5190c4346d89d8c41cf7be5898ced4d214fb969279bac6705474a58,,,,public/prepared OOD source; verify license before dissertation submission
images/dissertation_v1/ood/semantic_outlier/cifar10_natural/cifar10_natural_000032.png,1,train,public_semantic_outlier,semantic_outlier,cifar10_natural,prepared_cifar10_or_natural,,pending_manual_review,test,c33b69a5ed463c59c1690b67cf0de513c5ffbab74301c9914d6e2a7d5ac8729a,,,,public/prepared OOD source; verify license before dissertation submission
images/dissertation_v1/ood/semantic_outlier/cifar10_natural/cifar10_natural_000033.png,1,train,public_semantic_outlier,semantic_outlier,cifar10_natural,prepared_cifar10_or_natural,,pending_manual_review,test,aa5ae3605c102d36024dff1c75b2805c51d81bd642ec6c4f9a763c6a8946c93f,,,,public/prepared OOD source; verify license before dissertation submission
images/dissertation_v1/ood/semantic_outlier/cifar10_natural/cifar10_natural_000034.png,1,train,public_semantic_outlier,semantic_outlier,cifar10_natural,prepared_cifar10_or_natural,,pending_manual_review,test,e535b1357fe80c56d41ae43924067586e38ca635effa07f38d26386b26f45e06,,,,public/prepared OOD source; verify license before dissertation submission
images/dissertation_v1/ood/semantic_outlier/cifar10_natural/cifar10_natural_000035.png,1,train,public_semantic_outlier,semantic_outlier,cifar10_natural,prepared_cifar10_or_natural,,pending_manual_review,test,2b5db25c6f64fd2d1ed3fe744e7b397a704e802adbb37685aee9f5029c10a733,,,,public/prepared OOD source; verify license before dissertation submission
images/dissertation_v1/ood/semantic_outlier/cifar10_natural/cifar10_natural_000037.png,1,train,public_semantic_outlier,semantic_outlier,cifar10_natural,prepared_cifar10_or_natural,,pending_manual_review,test,544ab068ada6afd46e06483891254f15bdab714f30739191e440b4b6f1e5b5ff,,,,public/prepared OOD source; verify license before dissertation submission
images/dissertation_v1/ood/semantic_outlier/cifar10_natural/cifar10_natural_000040.png,1,train,public_semantic_outlier,semantic_outlier,cifar10_natural,prepared_cifar10_or_natural,,pending_manual_review,test,e5aaaf432a0c9ee327ea6cc3a512dbc4434b302fff3837f0f66641b7af73cbec,,,,public/prepared OOD source; verify license before dissertation submission
images/dissertation_v1/ood/semantic_outlier/cifar10_natural/cifar10_natural_000041.png,1,train,public_semantic_outlier,semantic_outlier,cifar10_natural,prepared_cifar10_or_natural,,pending_manual_review,test,fde1fee9ebb632ddd80d163ce2ec4d1977bd1410f1c84389b97113065c84dcb2,,,,public/prepared OOD source; verify license before dissertation submission
images/dissertation_v1/ood/semantic_outlier/cifar10_natural/cifar10_natural_000042.png,1,train,public_semantic_outlier,semantic_outlier,cifar10_natural,prepared_cifar10_or_natural,,pending_manual_review,test,c586f15bb1c4cbb2da7016d61379502df85fa6fbb028e4a79af4500ed94fa215,,,,public/prepared OOD source; verify license before dissertation submission
images/dissertation_v1/ood/semantic_outlier/cifar10_natural/cifar10_natural_000044.png,1,train,public_semantic_outlier,semantic_outlier,cifar10_natural,prepared_cifar10_or_natural,,pending_manual_review,test,0daa8898ab8cae0e1efa9cd52eccb3cda415d69ac9bae39c10005fd9350d043a,,,,public/prepared OOD source; verify license before dissertation submission
images/dissertation_v1/ood/semantic_outlier/cifar10_natural/cifar10_natural_000045.png,1,train,public_semantic_outlier,semantic_outlier,cifar10_natural,prepared_cifar10_or_natural,,pending_manual_review,test,edca39186bbe48bc9f1be77861d1163b2cf5bf62766aadf49c0db1b4f2939a26,,,,public/prepared OOD source; verify license before dissertation submission
images/dissertation_v1/ood/semantic_outlier/cifar10_natural/cifar10_natural_000046.png,1,train,public_semantic_outlier,semantic_outlier,cifar10_natural,prepared_cifar10_or_natural,,pending_manual_review,test,fc6fb3c2d6b5603d682648ef51c2ea0f2bc4194adbb30161866e4dcfaa1790a2,,,,public/prepared OOD source; verify license before dissertation submission
images/dissertation_v1/ood/semantic_outlier/cifar10_natural/cifar10_natural_000048.png,1,train,public_semantic_outlier,semantic_outlier,cifar10_natural,prepared_cifar10_or_natural,,pending_manual_review,test,031854c89b17f087b893f5726ccb45760f691090afb3ebd4cca6a8c4a8069a46,,,,public/prepared OOD source; verify license before dissertation submission
images/dissertation_v1/ood/semantic_outlier/cifar10_natural/cifar10_natural_000051.png,1,train,public_semantic_outlier,semantic_outlier,cifar10_natural,prepared_cifar10_or_natural,,pending_manual_review,test,7ed8331079da7af682db7a0a3d6ffe9fc563089fb9638751d52bcfcb7dae11bc,,,,public/prepared OOD source; verify license before dissertation submission
images/dissertation_v1/ood/semantic_outlier/cifar10_natural/cifar10_natural_000053.png,1,train,public_semantic_outlier,semantic_outlier,cifar10_natural,prepared_cifar10_or_natural,,pending_manual_review,test,b407315dc819c650dc97ef427ca31dfa8e13f9ab24c7db794ae6f3d94f56b77f,,,,public/prepared OOD source; verify license before dissertation submission
images/dissertation_v1/ood/semantic_outlier/cifar10_natural/cifar10_natural_000054.png,1,train,public_semantic_outlier,semantic_outlier,cifar10_natural,prepared_cifar10_or_natural,,pending_manual_review,test,4cad50b6a16c4d37204f95716f1a181c87302aaf3b36452df6b671d75c4b94e7,,,,public/prepared OOD source; verify license before dissertation submission
images/dissertation_v1/ood/semantic_outlier/cifar10_natural/cifar10_natural_000056.png,1,train,public_semantic_outlier,semantic_outlier,cifar10_natural,prepared_cifar10_or_natural,,pending_manual_review,test,453e88f1f036905a2df1b88fff4dab2dcc7bc44ac380d05aab33ac17c76bbbc2,,,,public/prepared OOD source; verify license before dissertation submission
images/dissertation_v1/ood/semantic_outlier/cifar10_natural/cifar10_natural_000057.png,1,train,public_semantic_outlier,semantic_outlier,cifar10_natural,prepared_cifar10_or_natural,,pending_manual_review,test,ef5d38e47ed4e0f03cff82a2f32f01956e5a2b250f7fdd1a383b115b4e5e6c00,,,,public/prepared OOD source; verify license before dissertation submission
images/dissertation_v1/ood/semantic_outlier/cifar10_natural/cifar10_natural_000058.png,1,train,public_semantic_outlier,semantic_outlier,cifar10_natural,prepared_cifar10_or_natural,,pending_manual_review,test,38a65b870c586e13e52832b02203115c116ebc838a87364c785bf57be9c54271,,,,public/prepared OOD source; verify license before dissertation submission
images/dissertation_v1/ood/semantic_outlier/cifar10_natural/cifar10_natural_000059.png,1,train,public_semantic_outlier,semantic_outlier,cifar10_natural,prepared_cifar10_or_natural,,pending_manual_review,test,68b322b87dcd4354767193cd5ed155b7302ee4f488717168e59a9f76183e50c6,,,,public/prepared OOD source; verify license before dissertation submission
images/dissertation_v1/ood/semantic_outlier/cifar10_natural/cifar10_natural_000060.png,1,train,public_semantic_outlier,semantic_outlier,cifar10_natural,prepared_cifar10_or_natural,,pending_manual_review,test,9781a7aebc43963eff54c6c47247c49925a5ecd98f8fa4ee3bcf5d535db3b0b7,,,,public/prepared OOD source; verify license before dissertation submission
images/dissertation_v1/ood/semantic_outlier/cifar10_natural/cifar10_natural_000065.png,1,train,public_semantic_outlier,semantic_outlier,cifar10_natural,prepared_cifar10_or_natural,,pending_manual_review,test,fc8834fe509b4550d163938a76d107fb2d5a9a1999d94f8758b7bb60eaa77973,,,,public/prepared OOD source; verify license before dissertation submission
images/dissertation_v1/ood/semantic_outlier/cifar10_natural/cifar10_natural_000066.png,1,train,public_semantic_outlier,semantic_outlier,cifar10_natural,prepared_cifar10_or_natural,,pending_manual_review,test,c808daae162be145d8d37a3e7eae821545a5766d128870b09f4f3007069f35ee,,,,public/prepared OOD source; verify license before dissertation submission
images/dissertation_v1/ood/semantic_outlier/cifar10_natural/cifar10_natural_000069.png,1,train,public_semantic_outlier,semantic_outlier,cifar10_natural,prepared_cifar10_or_natural,,pending_manual_review,test,612a8a5e025791e6728dde6ba75559344992bdd168d08fd626f919cd71d767a1,,,,public/prepared OOD source; verify license before dissertation submission
images/dissertation_v1/ood/semantic_outlier/cifar10_natural/cifar10_natural_000071.png,1,train,public_semantic_outlier,semantic_outlier,cifar10_natural,prepared_cifar10_or_natural,,pending_manual_review,test,b9a55bdbc66dcca2af3c2075d7e82c3d79f68ccdcb1d3da173475c41b4601106,,,,public/prepared OOD source; verify license before dissertation submission
images/dissertation_v1/ood/semantic_outlier/cifar10_natural/cifar10_natural_000073.png,1,train,public_semantic_outlier,semantic_outlier,cifar10_natural,prepared_cifar10_or_natural,,pending_manual_review,test,6a34765752a5a383a3b6fc92973114aaa4e8b0562fede30ec3a88be5553723e6,,,,public/prepared OOD source; verify license before dissertation submission
images/dissertation_v1/ood/semantic_outlier/cifar10_natural/cifar10_natural_000075.png,1,train,public_semantic_outlier,semantic_outlier,cifar10_natural,prepared_cifar10_or_natural,,pending_manual_review,test,967f5283f39188878418a9511ac63824da2e1c614844171c86c3f822c3236c04,,,,public/prepared OOD source; verify license before dissertation submission
images/dissertation_v1/ood/semantic_outlier/cifar10_natural/cifar10_natural_000076.png,1,train,public_semantic_outlier,semantic_outlier,cifar10_natural,prepared_cifar10_or_natural,,pending_manual_review,test,8de3c724a7e663b648d0de2092a3d7b736e96e5eb75683585b9458d31e4cf251,,,,public/prepared OOD source; verify license before dissertation submission
images/dissertation_v1/ood/semantic_outlier/cifar10_natural/cifar10_natural_000082.png,1,train,public_semantic_outlier,semantic_outlier,cifar10_natural,prepared_cifar10_or_natural,,pending_manual_review,test,05001d7ddf881b50d9a8c39a77da89eccb91722ef51c73e66e0993b40d5fabb7,,,,public/prepared OOD source; verify license before dissertation submission
images/dissertation_v1/ood/semantic_outlier/cifar10_natural/cifar10_natural_000086.png,1,train,public_semantic_outlier,semantic_outlier,cifar10_natural,prepared_cifar10_or_natural,,pending_manual_review,test,066af48fa94a1acdc6fed6cf8322d342cb15779c18dce17a16bf9568e1c15158,,,,public/prepared OOD source; verify license before dissertation submission
images/dissertation_v1/ood/semantic_outlier/cifar10_natural/cifar10_natural_000089.png,1,train,public_semantic_outlier,semantic_outlier,cifar10_natural,prepared_cifar10_or_natural,,pending_manual_review,test,d697c3f579140a8506f18139e8ec260d4fcd1ba55d1eef477e9cbc6b9b751c8f,,,,public/prepared OOD source; verify license before dissertation submission
images/dissertation_v1/ood/semantic_outlier/cifar10_natural/cifar10_natural_000090.png,1,train,public_semantic_outlier,semantic_outlier,cifar10_natural,prepared_cifar10_or_natural,,pending_manual_review,test,4406a6873816d3d71673a67108ba20366f38c132ef37e02c3b1ddbf8683a53bc,,,,public/prepared OOD source; verify license before dissertation submission
images/dissertation_v1/ood/semantic_outlier/cifar10_natural/cifar10_natural_000094.png,1,train,public_semantic_outlier,semantic_outlier,cifar10_natural,prepared_cifar10_or_natural,,pending_manual_review,test,a9b3f946e195c959c1a8b880c9b355d1ce34ea52a753279126cdd3c1a3695acf,,,,public/prepared OOD source; verify license before dissertation submission
images/dissertation_v1/ood/semantic_outlier/cifar10_natural/cifar10_natural_000095.png,1,train,public_semantic_outlier,semantic_outlier,cifar10_natural,prepared_cifar10_or_natural,,pending_manual_review,test,553526832864e55a19484b3505ff4754ff35ba44acb7f6f4f5c4d5c6ec43667b,,,,public/prepared OOD source; verify license before dissertation submission
images/dissertation_v1/ood/semantic_outlier/cifar10_natural/cifar10_natural_000096.png,1,train,public_semantic_outlier,semantic_outlier,cifar10_natural,prepared_cifar10_or_natural,,pending_manual_review,test,b34643f3ac2d9f1c983b9b904c3cf0bc3ba9fd68ca6b64d48354e670f6ddcdd5,,,,public/prepared OOD source; verify license before dissertation submission
images/dissertation_v1/ood/semantic_outlier/cifar10_natural/cifar10_natural_000097.png,1,train,public_semantic_outlier,semantic_outlier,cifar10_natural,prepared_cifar10_or_natural,,pending_manual_review,test,030cc169b53abc0f866c4b2561f143cff81ec83d46ffb1d45a4ce08fda3078a9,,,,public/prepared OOD source; verify license before dissertation submission
images/dissertation_v1/ood/semantic_outlier/cifar10_natural/cifar10_natural_000100.png,1,train,public_semantic_outlier,semantic_outlier,cifar10_natural,prepared_cifar10_or_natural,,pending_manual_review,test,d75af34d7676ce24757cafa4e4db44e93f8b610c90db04df945950e9a4a55562,,,,public/prepared OOD source; verify license before dissertation submission
images/dissertation_v1/ood/semantic_outlier/cifar10_natural/cifar10_natural_000101.png,1,train,public_semantic_outlier,semantic_outlier,cifar10_natural,prepared_cifar10_or_natural,,pending_manual_review,test,5e276585fff2c642b15cea442993e2d547fe3c9bc220d670a8942324dab69b3a,,,,public/prepared OOD source; verify license before dissertation submission
images/dissertation_v1/ood/semantic_outlier/cifar10_natural/cifar10_natural_000102.png,1,train,public_semantic_outlier,semantic_outlier,cifar10_natural,prepared_cifar10_or_natural,,pending_manual_review,test,e3047072fe0c662d917a88c270c61576e83ef95551d11ca9ab96de4ddd65c58e,,,,public/prepared OOD source; verify license before dissertation submission
images/dissertation_v1/ood/semantic_outlier/cifar10_natural/cifar10_natural_000103.png,1,train,public_semantic_outlier,semantic_outlier,cifar10_natural,prepared_cifar10_or_natural,,pending_manual_review,test,b963b69de1b636e92e88ab556355d343b734618c62c6a24f7b552f2df98c62e0,,,,public/prepared OOD source; verify license before dissertation submission
images/dissertation_v1/ood/semantic_outlier/cifar10_natural/cifar10_natural_000105.png,1,train,public_semantic_outlier,semantic_outlier,cifar10_natural,prepared_cifar10_or_natural,,pending_manual_review,test,ce96343b67eaada8211f588b6edda6145ab74547fc8f754923a08819e7885c94,,,,public/prepared OOD source; verify license before dissertation submission
images/dissertation_v1/ood/semantic_outlier/cifar10_natural/cifar10_natural_000106.png,1,train,public_semantic_outlier,semantic_outlier,cifar10_natural,prepared_cifar10_or_natural,,pending_manual_review,test,2270b0fa461f495d14434ab2085ffa120ea70ffefba42b583305276955350eb2,,,,public/prepared OOD source; verify license before dissertation submission
images/dissertation_v1/ood/semantic_outlier/cifar10_natural/cifar10_natural_000109.png,1,train,public_semantic_outlier,semantic_outlier,cifar10_natural,prepared_cifar10_or_natural,,pending_manual_review,test,aad483fa441d6f090b06cae62f9aedef37d69d5991eae95e5190d9e85872fffc,,,,public/prepared OOD source; verify license before dissertation submission
images/dissertation_v1/ood/semantic_outlier/cifar10_natural/cifar10_natural_000110.png,1,train,public_semantic_outlier,semantic_outlier,cifar10_natural,prepared_cifar10_or_natural,,pending_manual_review,test,647922c7107e111b3092ecfd7c063f74eb90b585461eae9f9ef0b4e366a7800d,,,,public/prepared OOD source; verify license before dissertation submission
images/dissertation_v1/ood/semantic_outlier/cifar10_natural/cifar10_natural_000111.png,1,train,public_semantic_outlier,semantic_outlier,cifar10_natural,prepared_cifar10_or_natural,,pending_manual_review,test,38730f06f7a980d308306131919fdfffdf6e28b94d58fc78737e02bc3f244806,,,,public/prepared OOD source; verify license before dissertation submission
images/dissertation_v1/ood/semantic_outlier/cifar10_natural/cifar10_natural_000112.png,1,train,public_semantic_outlier,semantic_outlier,cifar10_natural,prepared_cifar10_or_natural,,pending_manual_review,test,ca7758b059beb64b9c1bd1df5a6f70aae602781bc74bc43045f318d13c4bdcf6,,,,public/prepared OOD source; verify license before dissertation submission
images/dissertation_v1/ood/semantic_outlier/cifar10_natural/cifar10_natural_000113.png,1,train,public_semantic_outlier,semantic_outlier,cifar10_natural,prepared_cifar10_or_natural,,pending_manual_review,test,2e43bda9cdecabf2fd16ca6f70a12cfa38ff93be00eae4bb3797340b3ae86558,,,,public/prepared OOD source; verify license before dissertation submission
images/dissertation_v1/ood/semantic_outlier/cifar10_natural/cifar10_natural_000115.png,1,train,public_semantic_outlier,semantic_outlier,cifar10_natural,prepared_cifar10_or_natural,,pending_manual_review,test,aaa8a882294ec62b62dca48e86d24041cea3435115f3f3108444bec01f6b387a,,,,public/prepared OOD source; verify license before dissertation submission
images/dissertation_v1/ood/semantic_outlier/cifar10_natural/cifar10_natural_000116.png,1,train,public_semantic_outlier,semantic_outlier,cifar10_natural,prepared_cifar10_or_natural,,pending_manual_review,test,ce4ec270360ddad8a83a97705f692d68a557742068059181ac8289f45d5676ee,,,,public/prepared OOD source; verify license before dissertation submission
images/dissertation_v1/ood/semantic_outlier/cifar10_natural/cifar10_natural_000117.png,1,train,public_semantic_outlier,semantic_outlier,cifar10_natural,prepared_cifar10_or_natural,,pending_manual_review,test,1c1e6ba4a43dfbbabf56e4a8eff3ca97b432883f0ad4d9a86fa0f038990c1fa2,,,,public/prepared OOD source; verify license before dissertation submission
images/dissertation_v1/ood/semantic_outlier/cifar10_natural/cifar10_natural_000118.png,1,train,public_semantic_outlier,semantic_outlier,cifar10_natural,prepared_cifar10_or_natural,,pending_manual_review,test,1584421e3dd6b103ee2aba0a9104841028a897e1e20728f43b30a9d37fb6c831,,,,public/prepared OOD source; verify license before dissertation submission
images/dissertation_v1/ood/semantic_outlier/cifar10_natural/cifar10_natural_000119.png,1,train,public_semantic_outlier,semantic_outlier,cifar10_natural,prepared_cifar10_or_natural,,pending_manual_review,test,7583ce06df6d438382d0ad12d039648f8ac390268cf7d7549f03e709afa0f4cc,,,,public/prepared OOD source; verify license before dissertation submission
images/dissertation_v1/ood/semantic_outlier/cifar10_natural/cifar10_natural_000121.png,1,train,public_semantic_outlier,semantic_outlier,cifar10_natural,prepared_cifar10_or_natural,,pending_manual_review,test,6b7272a7e0084e47a862bd39d7c51687fbec0f82e7f0c2ed98d3f85ffea9edf1,,,,public/prepared OOD source; verify license before dissertation submission
images/dissertation_v1/ood/semantic_outlier/cifar10_natural/cifar10_natural_000122.png,1,train,public_semantic_outlier,semantic_outlier,cifar10_natural,prepared_cifar10_or_natural,,pending_manual_review,test,80bb809a53118659ddab51a7dac33e5dab4c4bad4ae0fb78f7cb0abf56887c17,,,,public/prepared OOD source; verify license before dissertation submission
images/dissertation_v1/ood/semantic_outlier/cifar10_natural/cifar10_natural_000123.png,1,train,public_semantic_outlier,semantic_outlier,cifar10_natural,prepared_cifar10_or_natural,,pending_manual_review,test,c882ff720506f90ac14598dc2434034d5a832581189932ca92f62e666f7c63c5,,,,public/prepared OOD source; verify license before dissertation submission
images/dissertation_v1/ood/semantic_outlier/cifar10_natural/cifar10_natural_000126.png,1,train,public_semantic_outlier,semantic_outlier,cifar10_natural,prepared_cifar10_or_natural,,pending_manual_review,test,a55078cbedc973e11562b527b8d8ade00e96142a22ce54cb54b9b2e6d57f291b,,,,public/prepared OOD source; verify license before dissertation submission
images/dissertation_v1/ood/semantic_outlier/cifar10_natural/cifar10_natural_000128.png,1,train,public_semantic_outlier,semantic_outlier,cifar10_natural,prepared_cifar10_or_natural,,pending_manual_review,test,d1ab7279b715cc6cbb6c898bd5477b28cef22f93e6e1235249cfecb9a30f5a0f,,,,public/prepared OOD source; verify license before dissertation submission
images/dissertation_v1/ood/semantic_outlier/cifar10_natural/cifar10_natural_000129.png,1,train,public_semantic_outlier,semantic_outlier,cifar10_natural,prepared_cifar10_or_natural,,pending_manual_review,test,f24ff19e7bfab2f06bb10f7cd764c1bcbda5548daa6e8738ba87ff381b987653,,,,public/prepared OOD source; verify license before dissertation submission
images/dissertation_v1/ood/semantic_outlier/cifar10_natural/cifar10_natural_000131.png,1,train,public_semantic_outlier,semantic_outlier,cifar10_natural,prepared_cifar10_or_natural,,pending_manual_review,test,bff175fb8d5dbd96dc9fc9e01562abc2d9b236465d3537f4082e737722f189bc,,,,public/prepared OOD source; verify license before dissertation submission
images/dissertation_v1/ood/semantic_outlier/cifar10_natural/cifar10_natural_000132.png,1,train,public_semantic_outlier,semantic_outlier,cifar10_natural,prepared_cifar10_or_natural,,pending_manual_review,test,bb560c5e79a6ee51eada2a63f6c4044bf9eafc6b171cd1e7f1dc37a9bac85562,,,,public/prepared OOD source; verify license before dissertation submission
images/dissertation_v1/ood/semantic_outlier/cifar10_natural/cifar10_natural_000133.png,1,train,public_semantic_outlier,semantic_outlier,cifar10_natural,prepared_cifar10_or_natural,,pending_manual_review,test,4ccf623a96f476d4880a44335215c505c3f1af5d0b26d5ef12a9606e5ea1037d,,,,public/prepared OOD source; verify license before dissertation submission
images/dissertation_v1/ood/semantic_outlier/cifar10_natural/cifar10_natural_000135.png,1,train,public_semantic_outlier,semantic_outlier,cifar10_natural,prepared_cifar10_or_natural,,pending_manual_review,test,e3d888e6584e68c34fdd00d8ab2c4fb65421d9a758311a72880480d85c18782e,,,,public/prepared OOD source; verify license before dissertation submission
images/dissertation_v1/ood/semantic_outlier/cifar10_natural/cifar10_natural_000137.png,1,train,public_semantic_outlier,semantic_outlier,cifar10_natural,prepared_cifar10_or_natural,,pending_manual_review,test,807ce9932439750c66b13dd0c52fd6e1f1e4a21a2f5e4211cb448b55b5aaaf0e,,,,public/prepared OOD source; verify license before dissertation submission
images/dissertation_v1/ood/semantic_outlier/cifar10_natural/cifar10_natural_000138.png,1,train,public_semantic_outlier,semantic_outlier,cifar10_natural,prepared_cifar10_or_natural,,pending_manual_review,test,0528932d413146b3bf062a43b84b324826a5a746f367a13d14ed32b53f144973,,,,public/prepared OOD source; verify license before dissertation submission
images/dissertation_v1/ood/semantic_outlier/cifar10_natural/cifar10_natural_000139.png,1,train,public_semantic_outlier,semantic_outlier,cifar10_natural,prepared_cifar10_or_natural,,pending_manual_review,test,5703c5741ce2a6a899330ed85852deba25405666b91861aac3cf14d67de579c2,,,,public/prepared OOD source; verify license before dissertation submission
images/dissertation_v1/ood/semantic_outlier/cifar10_natural/cifar10_natural_000142.png,1,train,public_semantic_outlier,semantic_outlier,cifar10_natural,prepared_cifar10_or_natural,,pending_manual_review,test,a8cd10cbe98b83bfc319ce8887ebc091df0f45baca2a4bcd1513a7a96d0bc7f2,,,,public/prepared OOD source; verify license before dissertation submission
images/dissertation_v1/ood/semantic_outlier/cifar10_natural/cifar10_natural_000143.png,1,train,public_semantic_outlier,semantic_outlier,cifar10_natural,prepared_cifar10_or_natural,,pending_manual_review,test,588d2b2ad3e7fa091d409ee30351e61e5361eaf2e21fcebd416a0b02bbe38844,,,,public/prepared OOD source; verify license before dissertation submission
images/dissertation_v1/ood/semantic_outlier/cifar10_natural/cifar10_natural_000144.png,1,train,public_semantic_outlier,semantic_outlier,cifar10_natural,prepared_cifar10_or_natural,,pending_manual_review,test,b0b57e640ec5168a7a3f3f433b02a130180cb7add28e9b43a157276c134b7200,,,,public/prepared OOD source; verify license before dissertation submission
images/dissertation_v1/ood/semantic_outlier/cifar10_natural/cifar10_natural_000148.png,1,train,public_semantic_outlier,semantic_outlier,cifar10_natural,prepared_cifar10_or_natural,,pending_manual_review,test,f9380839119fa24a3e07839c6e10bc45e59f8e013508758ef89e641e63d71279,,,,public/prepared OOD source; verify license before dissertation submission
images/dissertation_v1/ood/semantic_outlier/cifar10_natural/cifar10_natural_000149.png,1,train,public_semantic_outlier,semantic_outlier,cifar10_natural,prepared_cifar10_or_natural,,pending_manual_review,test,244959870df61fe745d8caaa9a6d2d648a886d5f1efa7943f710eeacd36a1bb5,,,,public/prepared OOD source; verify license before dissertation submission
images/dissertation_v1/ood/semantic_outlier/cifar10_natural/cifar10_natural_000152.png,1,train,public_semantic_outlier,semantic_outlier,cifar10_natural,prepared_cifar10_or_natural,,pending_manual_review,test,79add353c002e371db1dc1b799de5126ea04939d40fe07233147281ff1704de5,,,,public/prepared OOD source; verify license before dissertation submission
images/dissertation_v1/ood/semantic_outlier/cifar10_natural/cifar10_natural_000154.png,1,train,public_semantic_outlier,semantic_outlier,cifar10_natural,prepared_cifar10_or_natural,,pending_manual_review,test,205c42da3d755cf9d56d9eb2876c7536da42d690673bc6a0bd3d13302cc86e20,,,,public/prepared OOD source; verify license before dissertation submission
images/dissertation_v1/ood/semantic_outlier/cifar10_natural/cifar10_natural_000156.png,1,train,public_semantic_outlier,semantic_outlier,cifar10_natural,prepared_cifar10_or_natural,,pending_manual_review,test,1c98dae8ed3f83f716f1ce4d9e75f512d752f85fa740b78332f3c3a7340775b2,,,,public/prepared OOD source; verify license before dissertation submission
images/dissertation_v1/ood/semantic_outlier/cifar10_natural/cifar10_natural_000158.png,1,train,public_semantic_outlier,semantic_outlier,cifar10_natural,prepared_cifar10_or_natural,,pending_manual_review,test,651175e9774afd1b43e84409627ebe383e82703d2817bc11beafab4c1bc3192a,,,,public/prepared OOD source; verify license before dissertation submission
images/dissertation_v1/ood/semantic_outlier/cifar10_natural/cifar10_natural_000159.png,1,train,public_semantic_outlier,semantic_outlier,cifar10_natural,prepared_cifar10_or_natural,,pending_manual_review,test,8489c3403911b5a3129de2cc1775a486f85600da1ae2f590d1acc1b17af1a4cc,,,,public/prepared OOD source; verify license before dissertation submission
images/dissertation_v1/ood/semantic_outlier/cifar10_natural/cifar10_natural_000160.png,1,train,public_semantic_outlier,semantic_outlier,cifar10_natural,prepared_cifar10_or_natural,,pending_manual_review,test,ba189b62b7dbb641aa29f7b026753b62e25eac8090e70d4c3a9ca1d606b0b832,,,,public/prepared OOD source; verify license before dissertation submission
images/dissertation_v1/ood/semantic_outlier/cifar10_natural/cifar10_natural_000162.png,1,train,public_semantic_outlier,semantic_outlier,cifar10_natural,prepared_cifar10_or_natural,,pending_manual_review,test,ea18225f31c2f78bd556f82328751d77a9dc890868546b215d157d0f00ea7d4c,,,,public/prepared OOD source; verify license before dissertation submission
images/dissertation_v1/ood/semantic_outlier/cifar10_natural/cifar10_natural_000165.png,1,train,public_semantic_outlier,semantic_outlier,cifar10_natural,prepared_cifar10_or_natural,,pending_manual_review,test,195d17963b1adde8e317f21c58a39867166dab9b8c8b2083595988fc1af88752,,,,public/prepared OOD source; verify license before dissertation submission
images/dissertation_v1/ood/semantic_outlier/cifar10_natural/cifar10_natural_000166.png,1,train,public_semantic_outlier,semantic_outlier,cifar10_natural,prepared_cifar10_or_natural,,pending_manual_review,test,ccff99c8fa67a40a26b90c0182d70bc64435b8c4c12bdac920cd5b8aa7e54d99,,,,public/prepared OOD source; verify license before dissertation submission
images/dissertation_v1/ood/semantic_outlier/cifar10_natural/cifar10_natural_000167.png,1,train,public_semantic_outlier,semantic_outlier,cifar10_natural,prepared_cifar10_or_natural,,pending_manual_review,test,8150e2f6143fb71688ec978e309cae138995822ded15571f3bd526221ad1ad68,,,,public/prepared OOD source; verify license before dissertation submission
images/dissertation_v1/ood/semantic_outlier/cifar10_natural/cifar10_natural_000168.png,1,train,public_semantic_outlier,semantic_outlier,cifar10_natural,prepared_cifar10_or_natural,,pending_manual_review,test,08f2ad04d33cfeca2538bd08dbec061606c9a6dadc20c0700fb76118fb33a119,,,,public/prepared OOD source; verify license before dissertation submission
images/dissertation_v1/ood/semantic_outlier/cifar10_natural/cifar10_natural_000169.png,1,train,public_semantic_outlier,semantic_outlier,cifar10_natural,prepared_cifar10_or_natural,,pending_manual_review,test,766aeba693ae64a262dd578c71aec9282b2dbc990720c193b2bb5bbce82b5ee6,,,,public/prepared OOD source; verify license before dissertation submission
images/dissertation_v1/ood/semantic_outlier/cifar10_natural/cifar10_natural_000170.png,1,train,public_semantic_outlier,semantic_outlier,cifar10_natural,prepared_cifar10_or_natural,,pending_manual_review,test,83443783538521f8d6efc7c1c84b113c7e908bb67845ba7fd334eb0f70e081ad,,,,public/prepared OOD source; verify license before dissertation submission
images/dissertation_v1/ood/semantic_outlier/cifar10_natural/cifar10_natural_000173.png,1,train,public_semantic_outlier,semantic_outlier,cifar10_natural,prepared_cifar10_or_natural,,pending_manual_review,test,a728a22476900fd135dbb6f29f61a428948eda709354ed7a74f0b4cf56ac23fe,,,,public/prepared OOD source; verify license before dissertation submission
images/dissertation_v1/ood/semantic_outlier/cifar10_natural/cifar10_natural_000174.png,1,train,public_semantic_outlier,semantic_outlier,cifar10_natural,prepared_cifar10_or_natural,,pending_manual_review,test,c0e781608a81e7d5e639e81580803a8c02fe7b7794c5a4ab551cf0fea54f43ad,,,,public/prepared OOD source; verify license before dissertation submission
images/dissertation_v1/ood/semantic_outlier/cifar10_natural/cifar10_natural_000176.png,1,train,public_semantic_outlier,semantic_outlier,cifar10_natural,prepared_cifar10_or_natural,,pending_manual_review,test,4cde2bbc290a14c54874e9cda2362d0f6e64ce09182db98457d1813fa81faea7,,,,public/prepared OOD source; verify license before dissertation submission
images/dissertation_v1/ood/semantic_outlier/cifar10_natural/cifar10_natural_000177.png,1,train,public_semantic_outlier,semantic_outlier,cifar10_natural,prepared_cifar10_or_natural,,pending_manual_review,test,690cf63679e0a019a59b4b4b4a28f5972b1ea0a01b76029effc63426c2948963,,,,public/prepared OOD source; verify license before dissertation submission
images/dissertation_v1/ood/semantic_outlier/cifar10_natural/cifar10_natural_000179.png,1,train,public_semantic_outlier,semantic_outlier,cifar10_natural,prepared_cifar10_or_natural,,pending_manual_review,test,29639d2973b69682bdc47d78cd30bfd3ca5e298614f22b02db394294cc744a21,,,,public/prepared OOD source; verify license before dissertation submission
images/dissertation_v1/ood/semantic_outlier/cifar10_natural/cifar10_natural_000182.png,1,train,public_semantic_outlier,semantic_outlier,cifar10_natural,prepared_cifar10_or_natural,,pending_manual_review,test,70468e70ef306b32653f563a045bf6b7ebca7839fc87c5b378cfb9605fe3ba9d,,,,public/prepared OOD source; verify license before dissertation submission
images/dissertation_v1/ood/semantic_outlier/cifar10_natural/cifar10_natural_000183.png,1,train,public_semantic_outlier,semantic_outlier,cifar10_natural,prepared_cifar10_or_natural,,pending_manual_review,test,5808511a1456202870d6eb01eb44dba88b78947988a004c66e2908e4cd7f888a,,,,public/prepared OOD source; verify license before dissertation submission
images/dissertation_v1/ood/semantic_outlier/cifar10_natural/cifar10_natural_000184.png,1,train,public_semantic_outlier,semantic_outlier,cifar10_natural,prepared_cifar10_or_natural,,pending_manual_review,test,eff5814525ab9e29d6b4b21507d64e0a70f049d6b96adc3d747294ad3a2ee429,,,,public/prepared OOD source; verify license before dissertation submission
images/dissertation_v1/ood/semantic_outlier/cifar10_natural/cifar10_natural_000185.png,1,train,public_semantic_outlier,semantic_outlier,cifar10_natural,prepared_cifar10_or_natural,,pending_manual_review,test,e9b506607642bb2e09348783c29cf7b1c00fe1ca5b57ded4b703223f4f5bd374,,,,public/prepared OOD source; verify license before dissertation submission
images/dissertation_v1/ood/semantic_outlier/cifar10_natural/cifar10_natural_000186.png,1,train,public_semantic_outlier,semantic_outlier,cifar10_natural,prepared_cifar10_or_natural,,pending_manual_review,test,efc273ed96b005dcb6c86b16f2ed8d61817de3098998908ff3a6af0c80c02d94,,,,public/prepared OOD source; verify license before dissertation submission
images/dissertation_v1/ood/semantic_outlier/cifar10_natural/cifar10_natural_000187.png,1,train,public_semantic_outlier,semantic_outlier,cifar10_natural,prepared_cifar10_or_natural,,pending_manual_review,test,31a6bee79ebe4a7f1a45119c95c385a62b7fcbf70627450031ae55275c11ca0a,,,,public/prepared OOD source; verify license before dissertation submission
images/dissertation_v1/ood/semantic_outlier/cifar10_natural/cifar10_natural_000188.png,1,train,public_semantic_outlier,semantic_outlier,cifar10_natural,prepared_cifar10_or_natural,,pending_manual_review,test,a3878c09addb2546b5cbd49fbc38deaaa4efba2f79495b0edc49fa2cd070ea57,,,,public/prepared OOD source; verify license before dissertation submission
images/dissertation_v1/ood/semantic_outlier/cifar10_natural/cifar10_natural_000189.png,1,train,public_semantic_outlier,semantic_outlier,cifar10_natural,prepared_cifar10_or_natural,,pending_manual_review,test,6b747e60f9d0f158f88d0712a81c852fea917fd6f7a39eaa3e24f1529e28f082,,,,public/prepared OOD source; verify license before dissertation submission
images/dissertation_v1/ood/semantic_outlier/cifar10_natural/cifar10_natural_000190.png,1,train,public_semantic_outlier,semantic_outlier,cifar10_natural,prepared_cifar10_or_natural,,pending_manual_review,test,3cbf83dec881b3cfac021e34deb9b87844fdf9782650f1d712ab029afd9cb4a2,,,,public/prepared OOD source; verify license before dissertation submission
images/dissertation_v1/ood/semantic_outlier/cifar10_natural/cifar10_natural_000191.png,1,train,public_semantic_outlier,semantic_outlier,cifar10_natural,prepared_cifar10_or_natural,,pending_manual_review,test,8764f50ebea78d70d28b6d9be0323e4b5e11723c719bdadca6b40af51068a9c2,,,,public/prepared OOD source; verify license before dissertation submission
images/dissertation_v1/ood/semantic_outlier/cifar10_natural/cifar10_natural_000194.png,1,train,public_semantic_outlier,semantic_outlier,cifar10_natural,prepared_cifar10_or_natural,,pending_manual_review,test,d31d12ecc75def7fcbd2042766ad99008b84097ef57b025cc51a01cf4b217360,,,,public/prepared OOD source; verify license before dissertation submission
images/dissertation_v1/ood/semantic_outlier/cifar10_natural/cifar10_natural_000195.png,1,train,public_semantic_outlier,semantic_outlier,cifar10_natural,prepared_cifar10_or_natural,,pending_manual_review,test,709a09bde0874aa2adfd77cd8a877b3ee8223d28f18bbca29383ae759ca2a85b,,,,public/prepared OOD source; verify license before dissertation submission
images/dissertation_v1/ood/semantic_outlier/cifar10_natural/cifar10_natural_000196.png,1,train,public_semantic_outlier,semantic_outlier,cifar10_natural,prepared_cifar10_or_natural,,pending_manual_review,test,295974045726bcd3f59ef3b5a2a1aee8a70e4e6c4931821f055dfa9e9c269e91,,,,public/prepared OOD source; verify license before dissertation submission
images/dissertation_v1/ood/semantic_outlier/cifar10_natural/cifar10_natural_000197.png,1,train,public_semantic_outlier,semantic_outlier,cifar10_natural,prepared_cifar10_or_natural,,pending_manual_review,test,b2509e255de939b5fc794a79d87e7258b2ee3645f0de86812e5ca5a8b513a37b,,,,public/prepared OOD source; verify license before dissertation submission
images/dissertation_v1/ood/semantic_outlier/cifar10_natural/cifar10_natural_000202.png,1,train,public_semantic_outlier,semantic_outlier,cifar10_natural,prepared_cifar10_or_natural,,pending_manual_review,test,ccdecee4ac0d53652c1ecbc583774c796cc07c23ad951b8c1df4713a804432ec,,,,public/prepared OOD source; verify license before dissertation submission
images/dissertation_v1/ood/semantic_outlier/cifar10_natural/cifar10_natural_000203.png,1,train,public_semantic_outlier,semantic_outlier,cifar10_natural,prepared_cifar10_or_natural,,pending_manual_review,test,388f6408d73baab53eaa53ac34eb732348bb52fc4c2d6853cb82e8fffd487daa,,,,public/prepared OOD source; verify license before dissertation submission
images/dissertation_v1/ood/semantic_outlier/cifar10_natural/cifar10_natural_000204.png,1,train,public_semantic_outlier,semantic_outlier,cifar10_natural,prepared_cifar10_or_natural,,pending_manual_review,test,0f3e4ff5db4a8c7e74115837c2ac659e594474f087ee47f8bf33d9f6183a0f56,,,,public/prepared OOD source; verify license before dissertation submission
images/dissertation_v1/ood/semantic_outlier/cifar10_natural/cifar10_natural_000206.png,1,train,public_semantic_outlier,semantic_outlier,cifar10_natural,prepared_cifar10_or_natural,,pending_manual_review,test,08c2445f0ea3b90e9f5e94ae9e726d1cbdbde41e3bf21e77620fbcb8dc9bdd54,,,,public/prepared OOD source; verify license before dissertation submission
images/dissertation_v1/ood/semantic_outlier/cifar10_natural/cifar10_natural_000207.png,1,train,public_semantic_outlier,semantic_outlier,cifar10_natural,prepared_cifar10_or_natural,,pending_manual_review,test,59a00337d9912cba3b6dc4a75609fb8b3685f3912ea8730ee50a932575e53d2a,,,,public/prepared OOD source; verify license before dissertation submission
images/dissertation_v1/ood/semantic_outlier/cifar10_natural/cifar10_natural_000208.png,1,train,public_semantic_outlier,semantic_outlier,cifar10_natural,prepared_cifar10_or_natural,,pending_manual_review,test,9ef5f60efb046a1381751a9d5fddd683f5e1cfe7f2e412e07f096a8378c522aa,,,,public/prepared OOD source; verify license before dissertation submission
images/dissertation_v1/ood/semantic_outlier/cifar10_natural/cifar10_natural_000209.png,1,train,public_semantic_outlier,semantic_outlier,cifar10_natural,prepared_cifar10_or_natural,,pending_manual_review,test,3541cfce5e39f4b20abc9c72a237c5fbdf85372c2d7d7ff9e93580e3caa29195,,,,public/prepared OOD source; verify license before dissertation submission
images/dissertation_v1/ood/semantic_outlier/cifar10_natural/cifar10_natural_000210.png,1,train,public_semantic_outlier,semantic_outlier,cifar10_natural,prepared_cifar10_or_natural,,pending_manual_review,test,1653eb7897ed0e0a0720ef43518f7404a567ceddf7e7d96cd363ef6effd27865,,,,public/prepared OOD source; verify license before dissertation submission
images/dissertation_v1/ood/semantic_outlier/cifar10_natural/cifar10_natural_000211.png,1,train,public_semantic_outlier,semantic_outlier,cifar10_natural,prepared_cifar10_or_natural,,pending_manual_review,test,a6e6d38e34af901e27f59441f373d9ddd2691a6603acc7c9528f616abaebdef7,,,,public/prepared OOD source; verify license before dissertation submission
images/dissertation_v1/ood/semantic_outlier/cifar10_natural/cifar10_natural_000212.png,1,train,public_semantic_outlier,semantic_outlier,cifar10_natural,prepared_cifar10_or_natural,,pending_manual_review,test,39c9ac7e7e1fd4a5f8f0c05e1fe5321db940575b59e18124b69626edcfa8d490,,,,public/prepared OOD source; verify license before dissertation submission
images/dissertation_v1/ood/semantic_outlier/cifar10_natural/cifar10_natural_000213.png,1,train,public_semantic_outlier,semantic_outlier,cifar10_natural,prepared_cifar10_or_natural,,pending_manual_review,test,128841a8a35edc150b778ebe8e96ccc7c798c7087252fc2f2a9ea9755981ee3b,,,,public/prepared OOD source; verify license before dissertation submission
images/dissertation_v1/ood/semantic_outlier/cifar10_natural/cifar10_natural_000214.png,1,train,public_semantic_outlier,semantic_outlier,cifar10_natural,prepared_cifar10_or_natural,,pending_manual_review,test,887e98ce2ccb7e0603b587c592633acc255d79376b03742691e82bc64f01445c,,,,public/prepared OOD source; verify license before dissertation submission
images/dissertation_v1/ood/semantic_outlier/cifar10_natural/cifar10_natural_000216.png,1,train,public_semantic_outlier,semantic_outlier,cifar10_natural,prepared_cifar10_or_natural,,pending_manual_review,test,71c542b97bdc52dcccd736ec3235a83354afd464f0c8d1d526dc862bbcc94376,,,,public/prepared OOD source; verify license before dissertation submission
images/dissertation_v1/ood/semantic_outlier/cifar10_natural/cifar10_natural_000219.png,1,train,public_semantic_outlier,semantic_outlier,cifar10_natural,prepared_cifar10_or_natural,,pending_manual_review,test,15aea1f178aaeb52d3205999e99ef9cf31dccf9dd1cd407acb09a6fd3c1ad117,,,,public/prepared OOD source; verify license before dissertation submission
images/dissertation_v1/ood/semantic_outlier/cifar10_natural/cifar10_natural_000221.png,1,train,public_semantic_outlier,semantic_outlier,cifar10_natural,prepared_cifar10_or_natural,,pending_manual_review,test,9827a77593fabcc06d2d9f70c03dd4e1f9a4308dde4f0d3f16dd1b0e8c83b01a,,,,public/prepared OOD source; verify license before dissertation submission
images/dissertation_v1/ood/semantic_outlier/cifar10_natural/cifar10_natural_000223.png,1,train,public_semantic_outlier,semantic_outlier,cifar10_natural,prepared_cifar10_or_natural,,pending_manual_review,test,81c99458a1a2c542c2bf1373628665bf155600a492ee503190d9aa9567397f66,,,,public/prepared OOD source; verify license before dissertation submission
images/dissertation_v1/ood/semantic_outlier/cifar10_natural/cifar10_natural_000224.png,1,train,public_semantic_outlier,semantic_outlier,cifar10_natural,prepared_cifar10_or_natural,,pending_manual_review,test,083b2902b1e9a305b82d51d492162bc93eb8ff5d1fc342b26f84d3b9f845cf7d,,,,public/prepared OOD source; verify license before dissertation submission
images/dissertation_v1/ood/semantic_outlier/cifar10_natural/cifar10_natural_000228.png,1,train,public_semantic_outlier,semantic_outlier,cifar10_natural,prepared_cifar10_or_natural,,pending_manual_review,test,93d862f3714a173bc70088f86d5c0f9060ab2075f07ee733cd31a526ad6e90b2,,,,public/prepared OOD source; verify license before dissertation submission
images/dissertation_v1/ood/semantic_outlier/cifar10_natural/cifar10_natural_000229.png,1,train,public_semantic_outlier,semantic_outlier,cifar10_natural,prepared_cifar10_or_natural,,pending_manual_review,test,c12c3347e0d291f1534160aa5ceabb503f1898acf9aa602cdce68eebb510da6c,,,,public/prepared OOD source; verify license before dissertation submission
images/dissertation_v1/ood/semantic_outlier/cifar10_natural/cifar10_natural_000230.png,1,train,public_semantic_outlier,semantic_outlier,cifar10_natural,prepared_cifar10_or_natural,,pending_manual_review,test,ab7c70ff4830d487b614860aef2e7a8b6c747934ab890567c40efd611f648281,,,,public/prepared OOD source; verify license before dissertation submission
images/dissertation_v1/ood/semantic_outlier/cifar10_natural/cifar10_natural_000234.png,1,train,public_semantic_outlier,semantic_outlier,cifar10_natural,prepared_cifar10_or_natural,,pending_manual_review,test,25549b566efe05f630859ce400e9bcbcdc4315fe8120ebdc4bdda2a4344c763c,,,,public/prepared OOD source; verify license before dissertation submission
images/dissertation_v1/ood/semantic_outlier/cifar10_natural/cifar10_natural_000235.png,1,train,public_semantic_outlier,semantic_outlier,cifar10_natural,prepared_cifar10_or_natural,,pending_manual_review,test,6278abbdf02649f1b398b26beef64e8169933926223c28fa31ef1b413962de3a,,,,public/prepared OOD source; verify license before dissertation submission
images/dissertation_v1/ood/semantic_outlier/cifar10_natural/cifar10_natural_000237.png,1,train,public_semantic_outlier,semantic_outlier,cifar10_natural,prepared_cifar10_or_natural,,pending_manual_review,test,6d0a452df5cc6f4152d2e607fde5bf9278cbd605153dfaf6ab1e0fedeb7397a1,,,,public/prepared OOD source; verify license before dissertation submission
images/dissertation_v1/ood/semantic_outlier/cifar10_natural/cifar10_natural_000238.png,1,train,public_semantic_outlier,semantic_outlier,cifar10_natural,prepared_cifar10_or_natural,,pending_manual_review,test,86047afb42cdc23c8dc8b937e6c4f0413dbc06719ed82d2888bf52f035511dc1,,,,public/prepared OOD source; verify license before dissertation submission
images/dissertation_v1/ood/semantic_outlier/cifar10_natural/cifar10_natural_000239.png,1,train,public_semantic_outlier,semantic_outlier,cifar10_natural,prepared_cifar10_or_natural,,pending_manual_review,test,21192312de051d567fdd55e0b5028f2f3739447991a28ac88bb4c35807b1e0ba,,,,public/prepared OOD source; verify license before dissertation submission
images/dissertation_v1/ood/semantic_outlier/cifar10_natural/cifar10_natural_000240.png,1,train,public_semantic_outlier,semantic_outlier,cifar10_natural,prepared_cifar10_or_natural,,pending_manual_review,test,ec591e321b373bb853426634d9db3d1f1fa87cdfb0cf39260aac1398ea4488c8,,,,public/prepared OOD source; verify license before dissertation submission
images/dissertation_v1/ood/semantic_outlier/cifar10_natural/cifar10_natural_000242.png,1,train,public_semantic_outlier,semantic_outlier,cifar10_natural,prepared_cifar10_or_natural,,pending_manual_review,test,9475dbf479d16f82714ad4fe6d331bd6a3dc59695d0fa070e6612094aaa95824,,,,public/prepared OOD source; verify license before dissertation submission
images/dissertation_v1/ood/semantic_outlier/cifar10_natural/cifar10_natural_000243.png,1,train,public_semantic_outlier,semantic_outlier,cifar10_natural,prepared_cifar10_or_natural,,pending_manual_review,test,5c10c7877efa95918b697506979dc453db6b2a0e5fc9d5a4c0cd85067742d042,,,,public/prepared OOD source; verify license before dissertation submission
images/dissertation_v1/ood/semantic_outlier/cifar10_natural/cifar10_natural_000246.png,1,train,public_semantic_outlier,semantic_outlier,cifar10_natural,prepared_cifar10_or_natural,,pending_manual_review,test,fd904767c960769e37c28cb1ff29d75736eb2f6cb1c14bd240ec32c90b37ece6,,,,public/prepared OOD source; verify license before dissertation submission
images/dissertation_v1/ood/semantic_outlier/cifar10_natural/cifar10_natural_000247.png,1,train,public_semantic_outlier,semantic_outlier,cifar10_natural,prepared_cifar10_or_natural,,pending_manual_review,test,02cd459a07ddf90d303ba01138b57ea8aee598ef029125d073b43956294605a2,,,,public/prepared OOD source; verify license before dissertation submission
images/dissertation_v1/ood/semantic_outlier/cifar10_natural/cifar10_natural_000250.png,1,train,public_semantic_outlier,semantic_outlier,cifar10_natural,prepared_cifar10_or_natural,,pending_manual_review,test,0030a4295c01fdcd90661fca9678f34e2e39eae3b649cd686deb6843dd6785f0,,,,public/prepared OOD source; verify license before dissertation submission
images/dissertation_v1/ood/semantic_outlier/cifar10_natural/cifar10_natural_000251.png,1,train,public_semantic_outlier,semantic_outlier,cifar10_natural,prepared_cifar10_or_natural,,pending_manual_review,test,a09c37ff33c650e34c8ca7fbe9e2a3ae7c6a6d90414828f9cce4410868e2dbce,,,,public/prepared OOD source; verify license before dissertation submission
images/dissertation_v1/ood/semantic_outlier/cifar10_natural/cifar10_natural_000252.png,1,train,public_semantic_outlier,semantic_outlier,cifar10_natural,prepared_cifar10_or_natural,,pending_manual_review,test,b13b03d91475cae907c1203c36f2d012a3b9738efb13dfe3ab43aca7df684f1d,,,,public/prepared OOD source; verify license before dissertation submission
images/dissertation_v1/ood/semantic_outlier/cifar10_natural/cifar10_natural_000254.png,1,train,public_semantic_outlier,semantic_outlier,cifar10_natural,prepared_cifar10_or_natural,,pending_manual_review,test,6974f5f1b31aab51b02a2ca510790842c0db399d3ebacc8eeb44211af1fc11ff,,,,public/prepared OOD source; verify license before dissertation submission
images/dissertation_v1/ood/semantic_outlier/cifar10_natural/cifar10_natural_000255.png,1,train,public_semantic_outlier,semantic_outlier,cifar10_natural,prepared_cifar10_or_natural,,pending_manual_review,test,269bbbb5ddf98e1d1a86cf4d8b8670ef60bd8f815df0e8d30d5dd5b5bc212b12,,,,public/prepared OOD source; verify license before dissertation submission
images/dissertation_v1/ood/semantic_outlier/cifar10_natural/cifar10_natural_000256.png,1,train,public_semantic_outlier,semantic_outlier,cifar10_natural,prepared_cifar10_or_natural,,pending_manual_review,test,ea8683afdbe877d9df0ea1de3336ed1d0b0c414cc1a4cab3f110711e559ede13,,,,public/prepared OOD source; verify license before dissertation submission
images/dissertation_v1/ood/semantic_outlier/cifar10_natural/cifar10_natural_000257.png,1,train,public_semantic_outlier,semantic_outlier,cifar10_natural,prepared_cifar10_or_natural,,pending_manual_review,test,2f72710598ac9f8b3100b16c855f9d62e6f01e7f962b59fe72b76ae6ea66f2d1,,,,public/prepared OOD source; verify license before dissertation submission
images/dissertation_v1/ood/semantic_outlier/cifar10_natural/cifar10_natural_000259.png,1,train,public_semantic_outlier,semantic_outlier,cifar10_natural,prepared_cifar10_or_natural,,pending_manual_review,test,4f589045be7bd732a0c745cef85600da6da164633cf33fb206c9d605a8b18e72,,,,public/prepared OOD source; verify license before dissertation submission
images/dissertation_v1/ood/semantic_outlier/cifar10_natural/cifar10_natural_000263.png,1,train,public_semantic_outlier,semantic_outlier,cifar10_natural,prepared_cifar10_or_natural,,pending_manual_review,test,7173fa49a9a778442ebeb523296d4eca0a60fed184b847758a52561e060fe644,,,,public/prepared OOD source; verify license before dissertation submission
images/dissertation_v1/ood/semantic_outlier/cifar10_natural/cifar10_natural_000264.png,1,train,public_semantic_outlier,semantic_outlier,cifar10_natural,prepared_cifar10_or_natural,,pending_manual_review,test,c6a4a01f4eed2cd3c1acc9ef8f8fa77e3009b66721fe1359b6ce068a96f2ac68,,,,public/prepared OOD source; verify license before dissertation submission
images/dissertation_v1/ood/semantic_outlier/cifar10_natural/cifar10_natural_000265.png,1,train,public_semantic_outlier,semantic_outlier,cifar10_natural,prepared_cifar10_or_natural,,pending_manual_review,test,477be11fa96d76c033814226dee22a5c96c70eb8dd497d2ee80775c876c82fcd,,,,public/prepared OOD source; verify license before dissertation submission
images/dissertation_v1/ood/semantic_outlier/cifar10_natural/cifar10_natural_000266.png,1,train,public_semantic_outlier,semantic_outlier,cifar10_natural,prepared_cifar10_or_natural,,pending_manual_review,test,7a46f0b8b522b6b4743670805e3720caabacce95278e7f97a4cdabdb9ef0ca42,,,,public/prepared OOD source; verify license before dissertation submission
images/dissertation_v1/ood/semantic_outlier/cifar10_natural/cifar10_natural_000268.png,1,train,public_semantic_outlier,semantic_outlier,cifar10_natural,prepared_cifar10_or_natural,,pending_manual_review,test,29cd442bad5167f8850e6464310f4789e24e5abb1d3716a5627e3a3a2e1ab210,,,,public/prepared OOD source; verify license before dissertation submission
images/dissertation_v1/ood/semantic_outlier/cifar10_natural/cifar10_natural_000271.png,1,train,public_semantic_outlier,semantic_outlier,cifar10_natural,prepared_cifar10_or_natural,,pending_manual_review,test,3f4aea92b00d6330c06e793595de71973fcc8d89fd0076873d48e2100e831f24,,,,public/prepared OOD source; verify license before dissertation submission
images/dissertation_v1/ood/semantic_outlier/cifar10_natural/cifar10_natural_000273.png,1,train,public_semantic_outlier,semantic_outlier,cifar10_natural,prepared_cifar10_or_natural,,pending_manual_review,test,00cf1b46b4de5933df50355a9dcceaed42a28b813c0767ac72a0a573988633de,,,,public/prepared OOD source; verify license before dissertation submission
images/dissertation_v1/ood/semantic_outlier/cifar10_natural/cifar10_natural_000274.png,1,train,public_semantic_outlier,semantic_outlier,cifar10_natural,prepared_cifar10_or_natural,,pending_manual_review,test,bd2f9db8c3b07c30a459a116832281f5ac6c3ba158150cea88adb6e670d41649,,,,public/prepared OOD source; verify license before dissertation submission
images/dissertation_v1/ood/semantic_outlier/cifar10_natural/cifar10_natural_000276.png,1,train,public_semantic_outlier,semantic_outlier,cifar10_natural,prepared_cifar10_or_natural,,pending_manual_review,test,dd90be38c5989b0f0ed5751acdd5ba716f29acbee2435d787db918e4c7493e0a,,,,public/prepared OOD source; verify license before dissertation submission
images/dissertation_v1/ood/semantic_outlier/cifar10_natural/cifar10_natural_000277.png,1,train,public_semantic_outlier,semantic_outlier,cifar10_natural,prepared_cifar10_or_natural,,pending_manual_review,test,2b7750002da797df83a23b86a92f80845e9e0c1328536f0c329f0179065f1c82,,,,public/prepared OOD source; verify license before dissertation submission
images/dissertation_v1/ood/semantic_outlier/cifar10_natural/cifar10_natural_000278.png,1,train,public_semantic_outlier,semantic_outlier,cifar10_natural,prepared_cifar10_or_natural,,pending_manual_review,test,ca81bfaa681e12bd4b6fd45390aa4843d649c6f49df07ba5f32a93f8ab0f9d00,,,,public/prepared OOD source; verify license before dissertation submission
images/dissertation_v1/ood/semantic_outlier/cifar10_natural/cifar10_natural_000279.png,1,train,public_semantic_outlier,semantic_outlier,cifar10_natural,prepared_cifar10_or_natural,,pending_manual_review,test,df043172cc5372690ab9d2539f0ccfbdfae2598112f7b709f7e06eb722c9d9ce,,,,public/prepared OOD source; verify license before dissertation submission
images/dissertation_v1/ood/semantic_outlier/cifar10_natural/cifar10_natural_000280.png,1,train,public_semantic_outlier,semantic_outlier,cifar10_natural,prepared_cifar10_or_natural,,pending_manual_review,test,afb23744bf172cceabbcaa486fc74123d3e939155996327b18cdb0b4c3bbc21e,,,,public/prepared OOD source; verify license before dissertation submission
images/dissertation_v1/ood/semantic_outlier/cifar10_natural/cifar10_natural_000281.png,1,train,public_semantic_outlier,semantic_outlier,cifar10_natural,prepared_cifar10_or_natural,,pending_manual_review,test,ff3e4283d1c4c612f4d4e941a61af35d9552aa76ce9e99e75254eb7afe71e4a6,,,,public/prepared OOD source; verify license before dissertation submission
images/dissertation_v1/ood/semantic_outlier/cifar10_natural/cifar10_natural_000282.png,1,train,public_semantic_outlier,semantic_outlier,cifar10_natural,prepared_cifar10_or_natural,,pending_manual_review,test,bdb1c9c5a8ddbbf6d04f9f7331788639868d1c1a8b05a9086357c1d995fcf371,,,,public/prepared OOD source; verify license before dissertation submission
images/dissertation_v1/ood/semantic_outlier/cifar10_natural/cifar10_natural_000288.png,1,train,public_semantic_outlier,semantic_outlier,cifar10_natural,prepared_cifar10_or_natural,,pending_manual_review,test,90f8d62373b8ae3ffe9ec0568199bd5d4acf12f5e68c9ecb7a96fe73fe1dd3c0,,,,public/prepared OOD source; verify license before dissertation submission
images/dissertation_v1/ood/semantic_outlier/cifar10_natural/cifar10_natural_000289.png,1,train,public_semantic_outlier,semantic_outlier,cifar10_natural,prepared_cifar10_or_natural,,pending_manual_review,test,c269f38bfc8eb9f075c4c0ccac547ce6213f473ba8593a2d4d8a339e776e6217,,,,public/prepared OOD source; verify license before dissertation submission
images/dissertation_v1/ood/semantic_outlier/cifar10_natural/cifar10_natural_000290.png,1,train,public_semantic_outlier,semantic_outlier,cifar10_natural,prepared_cifar10_or_natural,,pending_manual_review,test,bed91208b3d73d723e7dff13d367a011aa46a905eb66b8bd45a78fcfcf429b7a,,,,public/prepared OOD source; verify license before dissertation submission
images/dissertation_v1/ood/semantic_outlier/cifar10_natural/cifar10_natural_000295.png,1,train,public_semantic_outlier,semantic_outlier,cifar10_natural,prepared_cifar10_or_natural,,pending_manual_review,test,b59d612c81ba8c7cff4c269935da85376909ef1414a42a1c59ce61bfa3057df1,,,,public/prepared OOD source; verify license before dissertation submission
images/dissertation_v1/ood/semantic_outlier/cifar10_natural/cifar10_natural_000298.png,1,train,public_semantic_outlier,semantic_outlier,cifar10_natural,prepared_cifar10_or_natural,,pending_manual_review,test,7b36af82dd7b28c783fba6cc7a015c9f1bff82bf437ae97358b098a4aa06d5ae,,,,public/prepared OOD source; verify license before dissertation submission
images/dissertation_v1/ood/semantic_outlier/cifar10_natural/cifar10_natural_000299.png,1,train,public_semantic_outlier,semantic_outlier,cifar10_natural,prepared_cifar10_or_natural,,pending_manual_review,test,ed776b3fce2f35983836f7717931cf1208066d8c6721dc65d69e8a2243c250d2,,,,public/prepared OOD source; verify license before dissertation submission
images/dissertation_v1/ood/semantic_outlier/cifar10_natural/cifar10_natural_000301.png,1,train,public_semantic_outlier,semantic_outlier,cifar10_natural,prepared_cifar10_or_natural,,pending_manual_review,test,b74117845405e79c60624bec5d30a16b31dd5c722b97b0ffec0a18b170010b3c,,,,public/prepared OOD source; verify license before dissertation submission
images/dissertation_v1/ood/semantic_outlier/cifar10_natural/cifar10_natural_000302.png,1,train,public_semantic_outlier,semantic_outlier,cifar10_natural,prepared_cifar10_or_natural,,pending_manual_review,test,1278e968a1654a6ad5b10bf0c2e67c98ce11616627abfa3776e3f6ff3787153d,,,,public/prepared OOD source; verify license before dissertation submission
images/dissertation_v1/ood/semantic_outlier/cifar10_natural/cifar10_natural_000303.png,1,train,public_semantic_outlier,semantic_outlier,cifar10_natural,prepared_cifar10_or_natural,,pending_manual_review,test,58465910c6f3364a6ed69fd865f1e2266e4f461512de3d97bb20efb27bc83117,,,,public/prepared OOD source; verify license before dissertation submission
images/dissertation_v1/ood/semantic_outlier/cifar10_natural/cifar10_natural_000306.png,1,train,public_semantic_outlier,semantic_outlier,cifar10_natural,prepared_cifar10_or_natural,,pending_manual_review,test,99edb630fc29579853c107db5962bfbbe020dfa9923e1f53f52c2d37c54472e9,,,,public/prepared OOD source; verify license before dissertation submission
images/dissertation_v1/ood/semantic_outlier/cifar10_natural/cifar10_natural_000307.png,1,train,public_semantic_outlier,semantic_outlier,cifar10_natural,prepared_cifar10_or_natural,,pending_manual_review,test,2076297454b2d8fd2393bb1458a94a8a38a4c4dd6c084491a2ad52cd02c54976,,,,public/prepared OOD source; verify license before dissertation submission
images/dissertation_v1/ood/semantic_outlier/cifar10_natural/cifar10_natural_000309.png,1,train,public_semantic_outlier,semantic_outlier,cifar10_natural,prepared_cifar10_or_natural,,pending_manual_review,test,3127bee6ea4c50ad86ff92f067f14e6fef3bb17ae6063f795d9c1315ebfaa62c,,,,public/prepared OOD source; verify license before dissertation submission
images/dissertation_v1/ood/semantic_outlier/cifar10_natural/cifar10_natural_000312.png,1,train,public_semantic_outlier,semantic_outlier,cifar10_natural,prepared_cifar10_or_natural,,pending_manual_review,test,7fd71f47ea4380c87361a5a4c52c5490f551c1ff42260232e14ae29d3baa17e2,,,,public/prepared OOD source; verify license before dissertation submission
images/dissertation_v1/ood/semantic_outlier/cifar10_natural/cifar10_natural_000314.png,1,train,public_semantic_outlier,semantic_outlier,cifar10_natural,prepared_cifar10_or_natural,,pending_manual_review,test,81b8dac5b7df58f427aa72925f7ee067eca7775526cc54566437c61da7299814,,,,public/prepared OOD source; verify license before dissertation submission
images/dissertation_v1/ood/semantic_outlier/cifar10_natural/cifar10_natural_000315.png,1,train,public_semantic_outlier,semantic_outlier,cifar10_natural,prepared_cifar10_or_natural,,pending_manual_review,test,ef97fcfd29677e5bf6da91e5eb449d07073a78a3edd70d2acbca9426925d077a,,,,public/prepared OOD source; verify license before dissertation submission
images/dissertation_v1/ood/semantic_outlier/cifar10_natural/cifar10_natural_000316.png,1,train,public_semantic_outlier,semantic_outlier,cifar10_natural,prepared_cifar10_or_natural,,pending_manual_review,test,3ceea43324c8ea2999e3acd3397d02a324208e09b921ba51455560a594501118,,,,public/prepared OOD source; verify license before dissertation submission
images/dissertation_v1/ood/semantic_outlier/cifar10_natural/cifar10_natural_000317.png,1,train,public_semantic_outlier,semantic_outlier,cifar10_natural,prepared_cifar10_or_natural,,pending_manual_review,test,b2a07408994d67664c0c25a555ee7cafe5db118fc44ebc45b14df8f59b5b9f7f,,,,public/prepared OOD source; verify license before dissertation submission
images/dissertation_v1/ood/semantic_outlier/cifar10_natural/cifar10_natural_000318.png,1,train,public_semantic_outlier,semantic_outlier,cifar10_natural,prepared_cifar10_or_natural,,pending_manual_review,test,c1b32e0135b47b4da1ccf75536e2201c66b9deab929f4160281bc565e9bc110f,,,,public/prepared OOD source; verify license before dissertation submission
images/dissertation_v1/ood/semantic_outlier/cifar10_natural/cifar10_natural_000319.png,1,train,public_semantic_outlier,semantic_outlier,cifar10_natural,prepared_cifar10_or_natural,,pending_manual_review,test,19955e216ab355bffbcea4d46a951f5411d0f9de264c04a65ab3073c95fb8369,,,,public/prepared OOD source; verify license before dissertation submission
images/dissertation_v1/ood/semantic_outlier/cifar10_natural/cifar10_natural_000322.png,1,train,public_semantic_outlier,semantic_outlier,cifar10_natural,prepared_cifar10_or_natural,,pending_manual_review,test,405ca6a3d51d9a8f96dccf91b79211f1ab018b1070137e8273a9ec8a8dee9f86,,,,public/prepared OOD source; verify license before dissertation submission
images/dissertation_v1/ood/semantic_outlier/cifar10_natural/cifar10_natural_000324.png,1,train,public_semantic_outlier,semantic_outlier,cifar10_natural,prepared_cifar10_or_natural,,pending_manual_review,test,1aa90c31fcf841987dcd12191042b7f00e39bc6a29b97504c60ff5ae521fe984,,,,public/prepared OOD source; verify license before dissertation submission
images/dissertation_v1/ood/semantic_outlier/cifar10_natural/cifar10_natural_000325.png,1,train,public_semantic_outlier,semantic_outlier,cifar10_natural,prepared_cifar10_or_natural,,pending_manual_review,test,1450d8307392dcd61b3dfa23837822d84eed3c72485417dbf019cc6fedc99003,,,,public/prepared OOD source; verify license before dissertation submission
images/dissertation_v1/ood/semantic_outlier/cifar10_natural/cifar10_natural_000328.png,1,train,public_semantic_outlier,semantic_outlier,cifar10_natural,prepared_cifar10_or_natural,,pending_manual_review,test,26a828c9b1f10a79e054fcbefdfd1aab8e48056758e4318b6fa55c86d9ae4105,,,,public/prepared OOD source; verify license before dissertation submission
images/dissertation_v1/ood/semantic_outlier/cifar10_natural/cifar10_natural_000329.png,1,train,public_semantic_outlier,semantic_outlier,cifar10_natural,prepared_cifar10_or_natural,,pending_manual_review,test,78d5339611a81ef27733dfc42f1941c3e5a15ac58166509751244a8c80bc00f1,,,,public/prepared OOD source; verify license before dissertation submission
images/dissertation_v1/ood/semantic_outlier/cifar10_natural/cifar10_natural_000330.png,1,train,public_semantic_outlier,semantic_outlier,cifar10_natural,prepared_cifar10_or_natural,,pending_manual_review,test,5e243b2d24fc274329cf35e6715f437b3fa92dd47c62bb9b19a1a626bd882017,,,,public/prepared OOD source; verify license before dissertation submission
images/dissertation_v1/ood/semantic_outlier/cifar10_natural/cifar10_natural_000332.png,1,train,public_semantic_outlier,semantic_outlier,cifar10_natural,prepared_cifar10_or_natural,,pending_manual_review,test,d40b6c67c755284a426c93205026a7cb7b8d3f7987d9fcf7ed0579405e72fef4,,,,public/prepared OOD source; verify license before dissertation submission
images/dissertation_v1/ood/semantic_outlier/cifar10_natural/cifar10_natural_000335.png,1,train,public_semantic_outlier,semantic_outlier,cifar10_natural,prepared_cifar10_or_natural,,pending_manual_review,test,353657aaa8aae5cf547c06b2426e99fdfaf56e75179c7b4d728a13d2fb39432b,,,,public/prepared OOD source; verify license before dissertation submission
images/dissertation_v1/ood/semantic_outlier/cifar10_natural/cifar10_natural_000336.png,1,train,public_semantic_outlier,semantic_outlier,cifar10_natural,prepared_cifar10_or_natural,,pending_manual_review,test,a9801c89ebb16af97e7485602848ec607df58941c08865fe02764b7ccdaf0dd4,,,,public/prepared OOD source; verify license before dissertation submission
images/dissertation_v1/ood/semantic_outlier/cifar10_natural/cifar10_natural_000338.png,1,train,public_semantic_outlier,semantic_outlier,cifar10_natural,prepared_cifar10_or_natural,,pending_manual_review,test,93b504874b21879c577eaf1a00f366abbdff4215326ed68cb7ab0831bce04e2f,,,,public/prepared OOD source; verify license before dissertation submission
images/dissertation_v1/ood/semantic_outlier/cifar10_natural/cifar10_natural_000339.png,1,train,public_semantic_outlier,semantic_outlier,cifar10_natural,prepared_cifar10_or_natural,,pending_manual_review,test,202bf6616396c95c52498ea89269af5d11e4d71d4e82f850166f2e4ec75b2c88,,,,public/prepared OOD source; verify license before dissertation submission
images/dissertation_v1/ood/semantic_outlier/cifar10_natural/cifar10_natural_000340.png,1,train,public_semantic_outlier,semantic_outlier,cifar10_natural,prepared_cifar10_or_natural,,pending_manual_review,test,bb7a7af65fa9fdabdfc18b52aa9059f9b8dad84104d82cee665ca5e694fb76ca,,,,public/prepared OOD source; verify license before dissertation submission
images/dissertation_v1/ood/semantic_outlier/cifar10_natural/cifar10_natural_000341.png,1,train,public_semantic_outlier,semantic_outlier,cifar10_natural,prepared_cifar10_or_natural,,pending_manual_review,test,445e3fdc7816326b555692501f610fd4ceed7a05155a6a9cb2c5b7740994a286,,,,public/prepared OOD source; verify license before dissertation submission
images/dissertation_v1/ood/semantic_outlier/cifar10_natural/cifar10_natural_000343.png,1,train,public_semantic_outlier,semantic_outlier,cifar10_natural,prepared_cifar10_or_natural,,pending_manual_review,test,2dc3065762e8f1b3c9f9d23b63afe4a190e5e82f22d19f1670ff2ea08e380037,,,,public/prepared OOD source; verify license before dissertation submission
images/dissertation_v1/ood/semantic_outlier/cifar10_natural/cifar10_natural_000344.png,1,train,public_semantic_outlier,semantic_outlier,cifar10_natural,prepared_cifar10_or_natural,,pending_manual_review,test,d43f4da3806b48299206f130e377fbae8e591cfc83d312e8d991e32cdc12c527,,,,public/prepared OOD source; verify license before dissertation submission
images/dissertation_v1/ood/semantic_outlier/cifar10_natural/cifar10_natural_000346.png,1,train,public_semantic_outlier,semantic_outlier,cifar10_natural,prepared_cifar10_or_natural,,pending_manual_review,test,9a2c41df8c3ecc4f068f0cd4a2bb7470f926bcbf5e8fc0d85e88918d62bf97f4,,,,public/prepared OOD source; verify license before dissertation submission
images/dissertation_v1/ood/semantic_outlier/cifar10_natural/cifar10_natural_000347.png,1,train,public_semantic_outlier,semantic_outlier,cifar10_natural,prepared_cifar10_or_natural,,pending_manual_review,test,0a23a30dfcf907a6621cfd7ba4adab41107d10b946218961de8147e3eb486db9,,,,public/prepared OOD source; verify license before dissertation submission
images/dissertation_v1/ood/semantic_outlier/cifar10_natural/cifar10_natural_000349.png,1,train,public_semantic_outlier,semantic_outlier,cifar10_natural,prepared_cifar10_or_natural,,pending_manual_review,test,f1321775733199b36c478b7898cb1747d9421aedb6e9905174ddcb0a131287e7,,,,public/prepared OOD source; verify license before dissertation submission
images/dissertation_v1/ood/semantic_outlier/cifar10_natural/cifar10_natural_000351.png,1,train,public_semantic_outlier,semantic_outlier,cifar10_natural,prepared_cifar10_or_natural,,pending_manual_review,test,cdad7be3f671af9560bfc2f5e859193c57104dbac290499f2ac9b60c6a4b9d94,,,,public/prepared OOD source; verify license before dissertation submission
images/dissertation_v1/ood/semantic_outlier/cifar10_natural/cifar10_natural_000354.png,1,train,public_semantic_outlier,semantic_outlier,cifar10_natural,prepared_cifar10_or_natural,,pending_manual_review,test,1e297540cbc944a456204e09eefccab3628cf958e7bdb5bc04881bdfaa110684,,,,public/prepared OOD source; verify license before dissertation submission
images/dissertation_v1/ood/semantic_outlier/cifar10_natural/cifar10_natural_000357.png,1,train,public_semantic_outlier,semantic_outlier,cifar10_natural,prepared_cifar10_or_natural,,pending_manual_review,test,fd05fc44dfedf460baf89d2e59068485ae1d63e6fb5be6d0f6609d8674e229a3,,,,public/prepared OOD source; verify license before dissertation submission
images/dissertation_v1/ood/semantic_outlier/cifar10_natural/cifar10_natural_000358.png,1,train,public_semantic_outlier,semantic_outlier,cifar10_natural,prepared_cifar10_or_natural,,pending_manual_review,test,048ae66f559931a1a8a88f168aca703398e94a58d7a00ccdf4e57b53e83b4b87,,,,public/prepared OOD source; verify license before dissertation submission
images/dissertation_v1/ood/semantic_outlier/cifar10_natural/cifar10_natural_000362.png,1,train,public_semantic_outlier,semantic_outlier,cifar10_natural,prepared_cifar10_or_natural,,pending_manual_review,test,772519710fbcc5224a5dd63f1b544defb405280a876387cc831ac0506739370c,,,,public/prepared OOD source; verify license before dissertation submission
images/dissertation_v1/ood/semantic_outlier/cifar10_natural/cifar10_natural_000363.png,1,train,public_semantic_outlier,semantic_outlier,cifar10_natural,prepared_cifar10_or_natural,,pending_manual_review,test,fb54daeb8a5de599379b8be3bc4a549fa46aa59f5ebba3184edef6c872769e26,,,,public/prepared OOD source; verify license before dissertation submission
images/dissertation_v1/ood/semantic_outlier/cifar10_natural/cifar10_natural_000365.png,1,train,public_semantic_outlier,semantic_outlier,cifar10_natural,prepared_cifar10_or_natural,,pending_manual_review,test,aa469a71f001665cf296d4760de171c34585a4c243db95af59d7f2fa7cae3d03,,,,public/prepared OOD source; verify license before dissertation submission
images/dissertation_v1/ood/semantic_outlier/cifar10_natural/cifar10_natural_000366.png,1,train,public_semantic_outlier,semantic_outlier,cifar10_natural,prepared_cifar10_or_natural,,pending_manual_review,test,5093db532cb8c2d30efbf9642718b9ed4de1ada3cc75e7ce7d9c31790f0efc8a,,,,public/prepared OOD source; verify license before dissertation submission
images/dissertation_v1/ood/semantic_outlier/cifar10_natural/cifar10_natural_000367.png,1,train,public_semantic_outlier,semantic_outlier,cifar10_natural,prepared_cifar10_or_natural,,pending_manual_review,test,4bc2c0ea37ab051af463884519b8f72a7378c69cb0bc93870ba47f634236ffc4,,,,public/prepared OOD source; verify license before dissertation submission
images/dissertation_v1/ood/semantic_outlier/cifar10_natural/cifar10_natural_000369.png,1,train,public_semantic_outlier,semantic_outlier,cifar10_natural,prepared_cifar10_or_natural,,pending_manual_review,test,44256baf93c099ea02e1a04c0771bbf478056f77e64857b46bf9bc0f021f1093,,,,public/prepared OOD source; verify license before dissertation submission
images/dissertation_v1/ood/semantic_outlier/cifar10_natural/cifar10_natural_000370.png,1,train,public_semantic_outlier,semantic_outlier,cifar10_natural,prepared_cifar10_or_natural,,pending_manual_review,test,dc074fed5592767c8842c846fbd8d02c8267eb3688fd8b467c4d796b719b763b,,,,public/prepared OOD source; verify license before dissertation submission
images/dissertation_v1/ood/semantic_outlier/cifar10_natural/cifar10_natural_000371.png,1,train,public_semantic_outlier,semantic_outlier,cifar10_natural,prepared_cifar10_or_natural,,pending_manual_review,test,36964dd76f4a8128976d989e4745de24ade51748a5c28b051ff234ceb9001a50,,,,public/prepared OOD source; verify license before dissertation submission
images/dissertation_v1/ood/semantic_outlier/cifar10_natural/cifar10_natural_000372.png,1,train,public_semantic_outlier,semantic_outlier,cifar10_natural,prepared_cifar10_or_natural,,pending_manual_review,test,c5a2aeeda58d4b942dc27934ffd72ec84a2d796dcfd54039ea1d39f0998730dc,,,,public/prepared OOD source; verify license before dissertation submission
images/dissertation_v1/ood/semantic_outlier/cifar10_natural/cifar10_natural_000374.png,1,train,public_semantic_outlier,semantic_outlier,cifar10_natural,prepared_cifar10_or_natural,,pending_manual_review,test,a113ef5a81dc236bb5687e041d80369ba7ec3c13690301d64355c6b712d34dd4,,,,public/prepared OOD source; verify license before dissertation submission
images/dissertation_v1/ood/semantic_outlier/cifar10_natural/cifar10_natural_000375.png,1,train,public_semantic_outlier,semantic_outlier,cifar10_natural,prepared_cifar10_or_natural,,pending_manual_review,test,9c328a6dc2653db60c436c8e8af6dbcd7732ccd89f98f2ecdfc3504a2e70c456,,,,public/prepared OOD source; verify license before dissertation submission
images/dissertation_v1/ood/semantic_outlier/cifar10_natural/cifar10_natural_000376.png,1,train,public_semantic_outlier,semantic_outlier,cifar10_natural,prepared_cifar10_or_natural,,pending_manual_review,test,5390b3a318fd59e1fe1b02514bc2fc9b6798f3b4730ba40f115e96e55c7a5eff,,,,public/prepared OOD source; verify license before dissertation submission
images/dissertation_v1/ood/semantic_outlier/cifar10_natural/cifar10_natural_000377.png,1,train,public_semantic_outlier,semantic_outlier,cifar10_natural,prepared_cifar10_or_natural,,pending_manual_review,test,dc89f10521d7e274ccbd12614e12df7374f7d6c9962fea1d04caf94e562a4fe9,,,,public/prepared OOD source; verify license before dissertation submission
images/dissertation_v1/ood/semantic_outlier/cifar10_natural/cifar10_natural_000378.png,1,train,public_semantic_outlier,semantic_outlier,cifar10_natural,prepared_cifar10_or_natural,,pending_manual_review,test,f8e43bb89cdf519ae3f4f670625a87682bf6d8f089ae413a11c2fe3af9d54074,,,,public/prepared OOD source; verify license before dissertation submission
images/dissertation_v1/ood/semantic_outlier/cifar10_natural/cifar10_natural_000382.png,1,train,public_semantic_outlier,semantic_outlier,cifar10_natural,prepared_cifar10_or_natural,,pending_manual_review,test,b3cd53ce972fa5721caaea2225a93dbba319ba34d5fbe7580eca383f00f6d06a,,,,public/prepared OOD source; verify license before dissertation submission
images/dissertation_v1/ood/semantic_outlier/cifar10_natural/cifar10_natural_000383.png,1,train,public_semantic_outlier,semantic_outlier,cifar10_natural,prepared_cifar10_or_natural,,pending_manual_review,test,5862c2c93b90d064db98fc4683d4133d3666eeec8ee4c0378d8bb95da81b77a1,,,,public/prepared OOD source; verify license before dissertation submission
images/dissertation_v1/ood/semantic_outlier/cifar10_natural/cifar10_natural_000386.png,1,train,public_semantic_outlier,semantic_outlier,cifar10_natural,prepared_cifar10_or_natural,,pending_manual_review,test,4e6afdc71830671d471ac4e1c83366e3abef018f0677864c4152f1b9934622bc,,,,public/prepared OOD source; verify license before dissertation submission
images/dissertation_v1/ood/semantic_outlier/cifar10_natural/cifar10_natural_000388.png,1,train,public_semantic_outlier,semantic_outlier,cifar10_natural,prepared_cifar10_or_natural,,pending_manual_review,test,1f298522fe94d620001a3246289d1dc3fcabb7bedd053b13f153ec78c1faf99d,,,,public/prepared OOD source; verify license before dissertation submission
images/dissertation_v1/ood/semantic_outlier/cifar10_natural/cifar10_natural_000392.png,1,train,public_semantic_outlier,semantic_outlier,cifar10_natural,prepared_cifar10_or_natural,,pending_manual_review,test,299b055a35315f9962e5ffe5978e1488f9f73678dee36101d9b62def19b603a2,,,,public/prepared OOD source; verify license before dissertation submission
images/dissertation_v1/ood/semantic_outlier/cifar10_natural/cifar10_natural_000394.png,1,train,public_semantic_outlier,semantic_outlier,cifar10_natural,prepared_cifar10_or_natural,,pending_manual_review,test,7e74982a7e6c6a1c39b78029a7478f5e40d327809895f83d87e7d63d5adf24fd,,,,public/prepared OOD source; verify license before dissertation submission
images/dissertation_v1/ood/semantic_outlier/cifar10_natural/cifar10_natural_000396.png,1,train,public_semantic_outlier,semantic_outlier,cifar10_natural,prepared_cifar10_or_natural,,pending_manual_review,test,b627b3241a151243712470e5ce58b7481dace04076492907a611975d13c5ad05,,,,public/prepared OOD source; verify license before dissertation submission
images/dissertation_v1/ood/semantic_outlier/cifar10_natural/cifar10_natural_000399.png,1,train,public_semantic_outlier,semantic_outlier,cifar10_natural,prepared_cifar10_or_natural,,pending_manual_review,test,d5ce8f98d0dff9b70a4428efcbf42e9f16e8c7f3057fa24c21bdb04afe3abddf,,,,public/prepared OOD source; verify license before dissertation submission
images/dissertation_v1/ood/semantic_outlier/cifar10_natural/cifar10_natural_000401.png,1,train,public_semantic_outlier,semantic_outlier,cifar10_natural,prepared_cifar10_or_natural,,pending_manual_review,test,996a89954dd0a3adb8c2531a1a5ed5d9865b74de19206f5267d89306b6ce51a3,,,,public/prepared OOD source; verify license before dissertation submission
images/dissertation_v1/ood/semantic_outlier/cifar10_natural/cifar10_natural_000402.png,1,train,public_semantic_outlier,semantic_outlier,cifar10_natural,prepared_cifar10_or_natural,,pending_manual_review,test,a1849d9cae52c7153d5de218d0d0d8c0b1a50a3faf8ac0664709dceb91ec804d,,,,public/prepared OOD source; verify license before dissertation submission
images/dissertation_v1/ood/semantic_outlier/cifar10_natural/cifar10_natural_000404.png,1,train,public_semantic_outlier,semantic_outlier,cifar10_natural,prepared_cifar10_or_natural,,pending_manual_review,test,e4defc3cda87f1802b5897c08e4e2ef959b8c7ed4416d3e3e6403d91e88e4f4f,,,,public/prepared OOD source; verify license before dissertation submission
images/dissertation_v1/ood/semantic_outlier/cifar10_natural/cifar10_natural_000406.png,1,train,public_semantic_outlier,semantic_outlier,cifar10_natural,prepared_cifar10_or_natural,,pending_manual_review,test,bbc6d5a6f44816dc7d41940b69dbd243398fbdba0d6089daa9166faa692c3b7b,,,,public/prepared OOD source; verify license before dissertation submission
images/dissertation_v1/ood/semantic_outlier/cifar10_natural/cifar10_natural_000407.png,1,train,public_semantic_outlier,semantic_outlier,cifar10_natural,prepared_cifar10_or_natural,,pending_manual_review,test,1fed851c8accd70aee4a78f2f79baeee699bc5bced87a0f3143c03c3d9d4c075,,,,public/prepared OOD source; verify license before dissertation submission
images/dissertation_v1/ood/semantic_outlier/cifar10_natural/cifar10_natural_000408.png,1,train,public_semantic_outlier,semantic_outlier,cifar10_natural,prepared_cifar10_or_natural,,pending_manual_review,test,dd71e5c9e363c7d6a2437c12d18c34a35c33e7e9f71b2c8bcf9bdc25f459efed,,,,public/prepared OOD source; verify license before dissertation submission
images/dissertation_v1/ood/semantic_outlier/cifar10_natural/cifar10_natural_000409.png,1,train,public_semantic_outlier,semantic_outlier,cifar10_natural,prepared_cifar10_or_natural,,pending_manual_review,test,f89a0c5c721a8d3efaaa906a9421174d7c67238b6a932e5930da93e998878806,,,,public/prepared OOD source; verify license before dissertation submission
images/dissertation_v1/ood/semantic_outlier/cifar10_natural/cifar10_natural_000411.png,1,train,public_semantic_outlier,semantic_outlier,cifar10_natural,prepared_cifar10_or_natural,,pending_manual_review,test,d3c0cd82902e00a96396d7c8def1bf15f528592d28fe2f049d1645abb604be7b,,,,public/prepared OOD source; verify license before dissertation submission
images/dissertation_v1/ood/semantic_outlier/cifar10_natural/cifar10_natural_000413.png,1,train,public_semantic_outlier,semantic_outlier,cifar10_natural,prepared_cifar10_or_natural,,pending_manual_review,test,f2edfd2bd39eeffd4aaf31eedc64fb8d0141c2bf6793a6287a2f9c7d9ca5c233,,,,public/prepared OOD source; verify license before dissertation submission
images/dissertation_v1/ood/semantic_outlier/cifar10_natural/cifar10_natural_000416.png,1,train,public_semantic_outlier,semantic_outlier,cifar10_natural,prepared_cifar10_or_natural,,pending_manual_review,test,6d23a4e468aee0e25c1371065c6738f34436f8b99a06041e5b4eead79092f81a,,,,public/prepared OOD source; verify license before dissertation submission
images/dissertation_v1/ood/semantic_outlier/cifar10_natural/cifar10_natural_000417.png,1,train,public_semantic_outlier,semantic_outlier,cifar10_natural,prepared_cifar10_or_natural,,pending_manual_review,test,14eca86c9b2c5b9ac67f4ba58ac45933933df5c7433b62dc021b2df417068539,,,,public/prepared OOD source; verify license before dissertation submission
images/dissertation_v1/ood/semantic_outlier/cifar10_natural/cifar10_natural_000419.png,1,train,public_semantic_outlier,semantic_outlier,cifar10_natural,prepared_cifar10_or_natural,,pending_manual_review,test,81ce2c7e9fa4a07d01b45254ba47780e89bd6b1490ffd6e4bfb96d6568fe523b,,,,public/prepared OOD source; verify license before dissertation submission
images/dissertation_v1/ood/semantic_outlier/cifar10_natural/cifar10_natural_000421.png,1,train,public_semantic_outlier,semantic_outlier,cifar10_natural,prepared_cifar10_or_natural,,pending_manual_review,test,5a2cbb767340ce6f9f9c2275bcac61f6c41e215aa8172cf700a1fc690810b833,,,,public/prepared OOD source; verify license before dissertation submission
images/dissertation_v1/ood/semantic_outlier/cifar10_natural/cifar10_natural_000422.png,1,train,public_semantic_outlier,semantic_outlier,cifar10_natural,prepared_cifar10_or_natural,,pending_manual_review,test,77985f1fbdabe23c370f7df95951b4f385ca4d445e7fc63ab0a8f49eb64fb543,,,,public/prepared OOD source; verify license before dissertation submission
images/dissertation_v1/ood/semantic_outlier/cifar10_natural/cifar10_natural_000423.png,1,train,public_semantic_outlier,semantic_outlier,cifar10_natural,prepared_cifar10_or_natural,,pending_manual_review,test,8d4d3cb23bb9b69320d38366cfe191864b8128dd8d0507e206c2d9ffdb881c54,,,,public/prepared OOD source; verify license before dissertation submission
images/dissertation_v1/ood/semantic_outlier/cifar10_natural/cifar10_natural_000425.png,1,train,public_semantic_outlier,semantic_outlier,cifar10_natural,prepared_cifar10_or_natural,,pending_manual_review,test,28a9914111e94be201eecb46dd190836c6ab8748cac4a16d04774ccc2ad5ee8b,,,,public/prepared OOD source; verify license before dissertation submission
images/dissertation_v1/ood/semantic_outlier/cifar10_natural/cifar10_natural_000426.png,1,train,public_semantic_outlier,semantic_outlier,cifar10_natural,prepared_cifar10_or_natural,,pending_manual_review,test,c1ad60860dd62e6a6c7b89532e287b4e817557896d2105a68a1b7da185732096,,,,public/prepared OOD source; verify license before dissertation submission
images/dissertation_v1/ood/semantic_outlier/cifar10_natural/cifar10_natural_000428.png,1,train,public_semantic_outlier,semantic_outlier,cifar10_natural,prepared_cifar10_or_natural,,pending_manual_review,test,37dbff13eef022094f39d35e9ad0308e474b8d58160450725fe4e3f81f394266,,,,public/prepared OOD source; verify license before dissertation submission
images/dissertation_v1/ood/semantic_outlier/cifar10_natural/cifar10_natural_000429.png,1,train,public_semantic_outlier,semantic_outlier,cifar10_natural,prepared_cifar10_or_natural,,pending_manual_review,test,b00c1c5390232a297d34888ae0d166682735736ddbb20b798d9daaee1ef8b960,,,,public/prepared OOD source; verify license before dissertation submission
images/dissertation_v1/ood/semantic_outlier/cifar10_natural/cifar10_natural_000432.png,1,train,public_semantic_outlier,semantic_outlier,cifar10_natural,prepared_cifar10_or_natural,,pending_manual_review,test,af3372c79710b002b023e9bb3d8d1382f2b7df74b68138fec3d313756c449421,,,,public/prepared OOD source; verify license before dissertation submission
images/dissertation_v1/ood/semantic_outlier/cifar10_natural/cifar10_natural_000436.png,1,train,public_semantic_outlier,semantic_outlier,cifar10_natural,prepared_cifar10_or_natural,,pending_manual_review,test,be60d47c9a8b4db776ee3859c1f5355e26d4f4b4103a322e4ab60b09bd22d511,,,,public/prepared OOD source; verify license before dissertation submission
images/dissertation_v1/ood/semantic_outlier/cifar10_natural/cifar10_natural_000437.png,1,train,public_semantic_outlier,semantic_outlier,cifar10_natural,prepared_cifar10_or_natural,,pending_manual_review,test,82693ce009fd7441235dfe5fc7cd8f5828855919ad953171956b01eb6097c9d1,,,,public/prepared OOD source; verify license before dissertation submission
images/dissertation_v1/ood/semantic_outlier/cifar10_natural/cifar10_natural_000440.png,1,train,public_semantic_outlier,semantic_outlier,cifar10_natural,prepared_cifar10_or_natural,,pending_manual_review,test,d875cfea9d4428ead24912cb56a68610ccf55a37b16c0126749fe4a947ef4268,,,,public/prepared OOD source; verify license before dissertation submission
images/dissertation_v1/ood/semantic_outlier/cifar10_natural/cifar10_natural_000441.png,1,train,public_semantic_outlier,semantic_outlier,cifar10_natural,prepared_cifar10_or_natural,,pending_manual_review,test,921ffce453defeb5bb5d692985fdedbb94a757000f0f77613acfc3d1199abb2c,,,,public/prepared OOD source; verify license before dissertation submission
images/dissertation_v1/ood/semantic_outlier/cifar10_natural/cifar10_natural_000442.png,1,train,public_semantic_outlier,semantic_outlier,cifar10_natural,prepared_cifar10_or_natural,,pending_manual_review,test,b17326394cffbeda4bd9eb3a573710f9d51d59861f9894b45713e5b5731599fa,,,,public/prepared OOD source; verify license before dissertation submission
images/dissertation_v1/ood/semantic_outlier/cifar10_natural/cifar10_natural_000443.png,1,train,public_semantic_outlier,semantic_outlier,cifar10_natural,prepared_cifar10_or_natural,,pending_manual_review,test,d803e42820851c4bb3c7b66e0b5c573e7d1a28268f870aadd23b70f5a6ccffda,,,,public/prepared OOD source; verify license before dissertation submission
images/dissertation_v1/ood/semantic_outlier/cifar10_natural/cifar10_natural_000444.png,1,train,public_semantic_outlier,semantic_outlier,cifar10_natural,prepared_cifar10_or_natural,,pending_manual_review,test,1f53112e780f9463b6cad25229e45a71b12367c8ec9b701a0363fdfa8cf75e86,,,,public/prepared OOD source; verify license before dissertation submission
images/dissertation_v1/ood/semantic_outlier/cifar10_natural/cifar10_natural_000445.png,1,train,public_semantic_outlier,semantic_outlier,cifar10_natural,prepared_cifar10_or_natural,,pending_manual_review,test,4a853adb293c9c71eb6aedb2104e1db3074e0e05073067d3d3c8897e26484452,,,,public/prepared OOD source; verify license before dissertation submission
images/dissertation_v1/ood/semantic_outlier/cifar10_natural/cifar10_natural_000446.png,1,train,public_semantic_outlier,semantic_outlier,cifar10_natural,prepared_cifar10_or_natural,,pending_manual_review,test,1b59608862e816ca2cdaf887ae7ef2111ee08ad5c1d03050edb11301339fe3c9,,,,public/prepared OOD source; verify license before dissertation submission
images/dissertation_v1/ood/semantic_outlier/cifar10_natural/cifar10_natural_000447.png,1,train,public_semantic_outlier,semantic_outlier,cifar10_natural,prepared_cifar10_or_natural,,pending_manual_review,test,ffe069a32b33de8f0c804eaa59b8098eecc71a8af9f893090a74799faa4044d9,,,,public/prepared OOD source; verify license before dissertation submission
images/dissertation_v1/ood/semantic_outlier/cifar10_natural/cifar10_natural_000448.png,1,train,public_semantic_outlier,semantic_outlier,cifar10_natural,prepared_cifar10_or_natural,,pending_manual_review,test,fa6a63ba05d947f43f88434b0b3b5b4fcba48820f4e4a5f71d590d8fa9e19031,,,,public/prepared OOD source; verify license before dissertation submission
images/dissertation_v1/ood/semantic_outlier/cifar10_natural/cifar10_natural_000449.png,1,train,public_semantic_outlier,semantic_outlier,cifar10_natural,prepared_cifar10_or_natural,,pending_manual_review,test,46c6cc3cf7939aa4b187f96d2f3d5dd6f62ed5ff14f3f8bc9006232b64bc1b96,,,,public/prepared OOD source; verify license before dissertation submission
images/dissertation_v1/ood/semantic_outlier/cifar10_natural/cifar10_natural_000451.png,1,train,public_semantic_outlier,semantic_outlier,cifar10_natural,prepared_cifar10_or_natural,,pending_manual_review,test,4e4e3d35bec6daa4992b5938518f0b9ce743a0242c9308f10ed911a3480b728b,,,,public/prepared OOD source; verify license before dissertation submission
images/dissertation_v1/ood/semantic_outlier/cifar10_natural/cifar10_natural_000452.png,1,train,public_semantic_outlier,semantic_outlier,cifar10_natural,prepared_cifar10_or_natural,,pending_manual_review,test,360c6ff1a2b165fdc473f50588f38b59ec856ce97fafc7cb1c539b96fc5265af,,,,public/prepared OOD source; verify license before dissertation submission
images/dissertation_v1/ood/semantic_outlier/cifar10_natural/cifar10_natural_000453.png,1,train,public_semantic_outlier,semantic_outlier,cifar10_natural,prepared_cifar10_or_natural,,pending_manual_review,test,9886645ed3d649373baa496a05ec88dd05ae64025a3b093b8a9ba1767dbf2237,,,,public/prepared OOD source; verify license before dissertation submission
images/dissertation_v1/ood/semantic_outlier/cifar10_natural/cifar10_natural_000454.png,1,train,public_semantic_outlier,semantic_outlier,cifar10_natural,prepared_cifar10_or_natural,,pending_manual_review,test,5684619802a6c3fa152236ba2a883fe34f7f77ad7aa5bb670f45352f90c91cc8,,,,public/prepared OOD source; verify license before dissertation submission
images/dissertation_v1/ood/semantic_outlier/cifar10_natural/cifar10_natural_000456.png,1,train,public_semantic_outlier,semantic_outlier,cifar10_natural,prepared_cifar10_or_natural,,pending_manual_review,test,aab7dfadb75df9a2d51063d449176f5d8d1d52a1ca601994ddee3e61354e3f5f,,,,public/prepared OOD source; verify license before dissertation submission
images/dissertation_v1/ood/semantic_outlier/cifar10_natural/cifar10_natural_000457.png,1,train,public_semantic_outlier,semantic_outlier,cifar10_natural,prepared_cifar10_or_natural,,pending_manual_review,test,28509a303c9999a8c1403b906a7eca63a9c4a1c68086bf07a3d042599dce0e4a,,,,public/prepared OOD source; verify license before dissertation submission
images/dissertation_v1/ood/semantic_outlier/cifar10_natural/cifar10_natural_000458.png,1,train,public_semantic_outlier,semantic_outlier,cifar10_natural,prepared_cifar10_or_natural,,pending_manual_review,test,32e6fbdedcb70d1c956d3ae60467ce1d3858f755ed3d06b7503220e9d70e3d99,,,,public/prepared OOD source; verify license before dissertation submission
images/dissertation_v1/ood/semantic_outlier/cifar10_natural/cifar10_natural_000459.png,1,train,public_semantic_outlier,semantic_outlier,cifar10_natural,prepared_cifar10_or_natural,,pending_manual_review,test,ae977d3dd53f63f3ec52677c3c289e8b314c537e717dda6bc38ca08c163df347,,,,public/prepared OOD source; verify license before dissertation submission
images/dissertation_v1/ood/semantic_outlier/cifar10_natural/cifar10_natural_000460.png,1,train,public_semantic_outlier,semantic_outlier,cifar10_natural,prepared_cifar10_or_natural,,pending_manual_review,test,29d17d53d04e3cb1517794606a37651a45dfde2f0692861f0b5eea7511b162e8,,,,public/prepared OOD source; verify license before dissertation submission
images/dissertation_v1/ood/semantic_outlier/cifar10_natural/cifar10_natural_000463.png,1,train,public_semantic_outlier,semantic_outlier,cifar10_natural,prepared_cifar10_or_natural,,pending_manual_review,test,3c61dd4636b3e7a00830c063b1dd1e3140c9556ae401f48c24d60638ee53f166,,,,public/prepared OOD source; verify license before dissertation submission
images/dissertation_v1/ood/semantic_outlier/cifar10_natural/cifar10_natural_000464.png,1,train,public_semantic_outlier,semantic_outlier,cifar10_natural,prepared_cifar10_or_natural,,pending_manual_review,test,851e943ac420eb6533797c7f913c9a8a649a361f66a7189ef1f8d2ad115a08da,,,,public/prepared OOD source; verify license before dissertation submission
images/dissertation_v1/ood/semantic_outlier/cifar10_natural/cifar10_natural_000465.png,1,train,public_semantic_outlier,semantic_outlier,cifar10_natural,prepared_cifar10_or_natural,,pending_manual_review,test,3d9209abdf93b3e55478def99729ca89f1abb662a6fe299d2a99bee754fbe486,,,,public/prepared OOD source; verify license before dissertation submission
images/dissertation_v1/ood/semantic_outlier/cifar10_natural/cifar10_natural_000468.png,1,train,public_semantic_outlier,semantic_outlier,cifar10_natural,prepared_cifar10_or_natural,,pending_manual_review,test,52f46832a53c5c4572fb610ee8f44eb4372d68ccca7761b09f287adf5cf5f89a,,,,public/prepared OOD source; verify license before dissertation submission
images/dissertation_v1/ood/semantic_outlier/cifar10_natural/cifar10_natural_000470.png,1,train,public_semantic_outlier,semantic_outlier,cifar10_natural,prepared_cifar10_or_natural,,pending_manual_review,test,831bdb270e17fa9028ed7e447ead2d315e98d763dbc31dac4a1003c86265b282,,,,public/prepared OOD source; verify license before dissertation submission
images/dissertation_v1/ood/semantic_outlier/cifar10_natural/cifar10_natural_000472.png,1,train,public_semantic_outlier,semantic_outlier,cifar10_natural,prepared_cifar10_or_natural,,pending_manual_review,test,9d6cd97f606de77f4346072f31bd53a7d5f4121491fc1eb8260809782b4f5ca1,,,,public/prepared OOD source; verify license before dissertation submission
images/dissertation_v1/ood/semantic_outlier/cifar10_natural/cifar10_natural_000473.png,1,train,public_semantic_outlier,semantic_outlier,cifar10_natural,prepared_cifar10_or_natural,,pending_manual_review,test,a4ecfea0384267d86655acfb6bc82abbd8592bbe7931240bc281b5ce4d96ac74,,,,public/prepared OOD source; verify license before dissertation submission
images/dissertation_v1/ood/semantic_outlier/cifar10_natural/cifar10_natural_000474.png,1,train,public_semantic_outlier,semantic_outlier,cifar10_natural,prepared_cifar10_or_natural,,pending_manual_review,test,9ebad6ee08bef0d1dfea14f4446b27c70aad9a3747be8b886e8ad5206d1bcc2d,,,,public/prepared OOD source; verify license before dissertation submission
images/dissertation_v1/ood/semantic_outlier/cifar10_natural/cifar10_natural_000476.png,1,train,public_semantic_outlier,semantic_outlier,cifar10_natural,prepared_cifar10_or_natural,,pending_manual_review,test,81b98a5b84e1297ec38694a9a4fd06a66decd28866af5f1b146bc3dfb289af2b,,,,public/prepared OOD source; verify license before dissertation submission
images/dissertation_v1/ood/semantic_outlier/cifar10_natural/cifar10_natural_000478.png,1,train,public_semantic_outlier,semantic_outlier,cifar10_natural,prepared_cifar10_or_natural,,pending_manual_review,test,a6e55234a94d5e19715517be4548cd194c40632eff3c7a4b37adc1535feee454,,,,public/prepared OOD source; verify license before dissertation submission
images/dissertation_v1/ood/semantic_outlier/cifar10_natural/cifar10_natural_000481.png,1,train,public_semantic_outlier,semantic_outlier,cifar10_natural,prepared_cifar10_or_natural,,pending_manual_review,test,70c39d721346310d88047fe0ee11b576e7490437fd8241d01533233d195ca914,,,,public/prepared OOD source; verify license before dissertation submission
images/dissertation_v1/ood/semantic_outlier/cifar10_natural/cifar10_natural_000483.png,1,train,public_semantic_outlier,semantic_outlier,cifar10_natural,prepared_cifar10_or_natural,,pending_manual_review,test,019d0e3819b406f2184bf3e7c51a84bcdb8759be558c0f2ef19dc5d7263747dc,,,,public/prepared OOD source; verify license before dissertation submission
images/dissertation_v1/ood/semantic_outlier/cifar10_natural/cifar10_natural_000484.png,1,train,public_semantic_outlier,semantic_outlier,cifar10_natural,prepared_cifar10_or_natural,,pending_manual_review,test,626cbea90dabe66909962412870cf0efb392270d920a8157828bcec5ff8c705a,,,,public/prepared OOD source; verify license before dissertation submission
images/dissertation_v1/ood/semantic_outlier/cifar10_natural/cifar10_natural_000485.png,1,train,public_semantic_outlier,semantic_outlier,cifar10_natural,prepared_cifar10_or_natural,,pending_manual_review,test,293c8b2a94e91ab991df516595ed158bd37c628175cccbfad0cf46011b03c1c4,,,,public/prepared OOD source; verify license before dissertation submission
images/dissertation_v1/ood/semantic_outlier/cifar10_natural/cifar10_natural_000486.png,1,train,public_semantic_outlier,semantic_outlier,cifar10_natural,prepared_cifar10_or_natural,,pending_manual_review,test,8f666eca0622762715dd0a6bc56e27727ebb002c7092bedf7fc079cdb67aafe2,,,,public/prepared OOD source; verify license before dissertation submission
images/dissertation_v1/ood/semantic_outlier/cifar10_natural/cifar10_natural_000488.png,1,train,public_semantic_outlier,semantic_outlier,cifar10_natural,prepared_cifar10_or_natural,,pending_manual_review,test,dc125b5679aee7ed3fd541ff0542aff67bd529f8196c84c587f622cb7fb7a1f1,,,,public/prepared OOD source; verify license before dissertation submission
images/dissertation_v1/ood/semantic_outlier/cifar10_natural/cifar10_natural_000490.png,1,train,public_semantic_outlier,semantic_outlier,cifar10_natural,prepared_cifar10_or_natural,,pending_manual_review,test,a564b11eb81a1b0a5ba2b4d9947c059df03291449411157a81d05fd5778a39bc,,,,public/prepared OOD source; verify license before dissertation submission
images/dissertation_v1/ood/semantic_outlier/cifar10_natural/cifar10_natural_000491.png,1,train,public_semantic_outlier,semantic_outlier,cifar10_natural,prepared_cifar10_or_natural,,pending_manual_review,test,ce27122a94f891bf256c571d87d2a5aa578c108fdd04132a3c615f10ffd51d51,,,,public/prepared OOD source; verify license before dissertation submission
images/dissertation_v1/ood/semantic_outlier/cifar10_natural/cifar10_natural_000492.png,1,train,public_semantic_outlier,semantic_outlier,cifar10_natural,prepared_cifar10_or_natural,,pending_manual_review,test,0f350bf81a560e1e883c2040df2374683ae20f5e39a1d2aa395408ddef680bda,,,,public/prepared OOD source; verify license before dissertation submission
images/dissertation_v1/ood/semantic_outlier/cifar10_natural/cifar10_natural_000495.png,1,train,public_semantic_outlier,semantic_outlier,cifar10_natural,prepared_cifar10_or_natural,,pending_manual_review,test,773feca94e9d25d2bfe20125b11b650b38159be19f2dfb2d879d23066763e496,,,,public/prepared OOD source; verify license before dissertation submission
images/dissertation_v1/ood/semantic_outlier/cifar10_natural/cifar10_natural_000497.png,1,train,public_semantic_outlier,semantic_outlier,cifar10_natural,prepared_cifar10_or_natural,,pending_manual_review,test,4b6d78d198859c8d946c2578de938d47dde4dce1259a5fd004a6c82bff7cd523,,,,public/prepared OOD source; verify license before dissertation submission
images/dissertation_v1/ood/semantic_outlier/cifar10_natural/cifar10_natural_000499.png,1,train,public_semantic_outlier,semantic_outlier,cifar10_natural,prepared_cifar10_or_natural,,pending_manual_review,test,11d51fd53353c12cff99c239f0a886d9e5823f5ed4d9078e6e92932c81c9138b,,,,public/prepared OOD source; verify license before dissertation submission
images/dissertation_v1/ood/modality_shift/colour_fundus/colour_fundus_000000.png,1,train,public_modality_shift,modality_shift,colour_fundus,prepared_colour_fundus,,pending_manual_review,test,d7939ee175933de63e5aa3adcf50248d4757711d313c4241d0894821a122af7e,,,,public/prepared OOD source; verify license before dissertation submission
images/dissertation_v1/ood/modality_shift/colour_fundus/colour_fundus_000001.png,1,train,public_modality_shift,modality_shift,colour_fundus,prepared_colour_fundus,,pending_manual_review,test,d931a2c439f4dfe18ec87705252d136acc05656557bce66e58cd435851a63d57,,,,public/prepared OOD source; verify license before dissertation submission
images/dissertation_v1/ood/modality_shift/colour_fundus/colour_fundus_000002.png,1,train,public_modality_shift,modality_shift,colour_fundus,prepared_colour_fundus,,pending_manual_review,test,8036792207ae54b08c375b64152727f200e390c348b35f4a09258947306a62b2,,,,public/prepared OOD source; verify license before dissertation submission
images/dissertation_v1/ood/modality_shift/colour_fundus/colour_fundus_000005.png,1,train,public_modality_shift,modality_shift,colour_fundus,prepared_colour_fundus,,pending_manual_review,test,b12051f7f972b51f43df53fd09f14c628ee31635fb1d6b508d435a2e6697a2c7,,,,public/prepared OOD source; verify license before dissertation submission
images/dissertation_v1/ood/modality_shift/colour_fundus/colour_fundus_000006.png,1,train,public_modality_shift,modality_shift,colour_fundus,prepared_colour_fundus,,pending_manual_review,test,5c1226e52bd40979190594d66575b5bb0cde930df2dca45aea0d532614dac6cf,,,,public/prepared OOD source; verify license before dissertation submission
images/dissertation_v1/ood/modality_shift/colour_fundus/colour_fundus_000007.png,1,train,public_modality_shift,modality_shift,colour_fundus,prepared_colour_fundus,,pending_manual_review,test,a76ac4a1dc46e56febed749640a64ca5bfb36a320301014e8397c236bacbdd84,,,,public/prepared OOD source; verify license before dissertation submission
images/dissertation_v1/ood/modality_shift/colour_fundus/colour_fundus_000008.png,1,train,public_modality_shift,modality_shift,colour_fundus,prepared_colour_fundus,,pending_manual_review,test,d782c56d30ecb5784ef4a0271f8a609062d24775c280711eaf2804693ac8928f,,,,public/prepared OOD source; verify license before dissertation submission
images/dissertation_v1/ood/modality_shift/colour_fundus/colour_fundus_000009.png,1,train,public_modality_shift,modality_shift,colour_fundus,prepared_colour_fundus,,pending_manual_review,test,c876b9e837a9ad5c76e4f56f097d6b8641516635b95a05758a06570d1bf24875,,,,public/prepared OOD source; verify license before dissertation submission
images/dissertation_v1/ood/modality_shift/colour_fundus/colour_fundus_000011.png,1,train,public_modality_shift,modality_shift,colour_fundus,prepared_colour_fundus,,pending_manual_review,test,6f13d44fb1a0ebc8b61eecd3d200b4765bfd5e7175ea2b135960d66f64da6ac1,,,,public/prepared OOD source; verify license before dissertation submission
images/dissertation_v1/ood/modality_shift/colour_fundus/colour_fundus_000013.png,1,train,public_modality_shift,modality_shift,colour_fundus,prepared_colour_fundus,,pending_manual_review,test,62e3ca817f51dc908bd4d853d87a943116fda9b83d0272dea58c8543558f4521,,,,public/prepared OOD source; verify license before dissertation submission
images/dissertation_v1/ood/modality_shift/colour_fundus/colour_fundus_000014.png,1,train,public_modality_shift,modality_shift,colour_fundus,prepared_colour_fundus,,pending_manual_review,test,061e7724d44805c7bded58ffdc62301c41c149df03a4dc05bf16e1476881da59,,,,public/prepared OOD source; verify license before dissertation submission
images/dissertation_v1/ood/modality_shift/colour_fundus/colour_fundus_000015.png,1,train,public_modality_shift,modality_shift,colour_fundus,prepared_colour_fundus,,pending_manual_review,test,ea860ef37dbc6b9cfeee1e3688dbdc4e483687b58fc2281a542412be8a1a0c0e,,,,public/prepared OOD source; verify license before dissertation submission
images/dissertation_v1/ood/modality_shift/colour_fundus/colour_fundus_000016.png,1,train,public_modality_shift,modality_shift,colour_fundus,prepared_colour_fundus,,pending_manual_review,test,44c0808524ebf86a78124f094c19eb272840d17247578f494c96193d97ecabd3,,,,public/prepared OOD source; verify license before dissertation submission
images/dissertation_v1/ood/modality_shift/colour_fundus/colour_fundus_000017.png,1,train,public_modality_shift,modality_shift,colour_fundus,prepared_colour_fundus,,pending_manual_review,test,4bcf81ba95bf2b20ccb0e6e82174fa1219c67cda14b0b9c25a6c3416bd44da87,,,,public/prepared OOD source; verify license before dissertation submission
images/dissertation_v1/ood/modality_shift/colour_fundus/colour_fundus_000019.png,1,train,public_modality_shift,modality_shift,colour_fundus,prepared_colour_fundus,,pending_manual_review,test,5fd6f5d0db024e95b84d22fcdc6d23736df37c6f1033f62d4e2c3ede5d4af7b0,,,,public/prepared OOD source; verify license before dissertation submission
images/dissertation_v1/ood/modality_shift/colour_fundus/colour_fundus_000022.png,1,train,public_modality_shift,modality_shift,colour_fundus,prepared_colour_fundus,,pending_manual_review,test,f6161135c45cc3dd19f4526c938b99eb3edab7b916b774e6d2dfc2cb913d2bac,,,,public/prepared OOD source; verify license before dissertation submission
images/dissertation_v1/ood/modality_shift/colour_fundus/colour_fundus_000025.png,1,train,public_modality_shift,modality_shift,colour_fundus,prepared_colour_fundus,,pending_manual_review,test,a96fbf9da591871a3652d497fb46bbd46672c8a464ee2027729135fa3a3c72fe,,,,public/prepared OOD source; verify license before dissertation submission
images/dissertation_v1/ood/modality_shift/colour_fundus/colour_fundus_000028.png,1,train,public_modality_shift,modality_shift,colour_fundus,prepared_colour_fundus,,pending_manual_review,test,abab31c833874043754ac37fdcb7652a67a102f7b822ab87c386613b5d3d46b5,,,,public/prepared OOD source; verify license before dissertation submission
images/dissertation_v1/ood/modality_shift/colour_fundus/colour_fundus_000031.png,1,train,public_modality_shift,modality_shift,colour_fundus,prepared_colour_fundus,,pending_manual_review,test,af46996b8cfc1153e787f429f02cbcfb1d7d5831e7d7eb847951f3c8aef7f9dd,,,,public/prepared OOD source; verify license before dissertation submission
images/dissertation_v1/ood/modality_shift/colour_fundus/colour_fundus_000034.png,1,train,public_modality_shift,modality_shift,colour_fundus,prepared_colour_fundus,,pending_manual_review,test,0134273055e512fa5a190fad8d184791a2af0be17b9873ec37c3616634b0197a,,,,public/prepared OOD source; verify license before dissertation submission
images/dissertation_v1/ood/modality_shift/colour_fundus/colour_fundus_000035.png,1,train,public_modality_shift,modality_shift,colour_fundus,prepared_colour_fundus,,pending_manual_review,test,749c4b8599d322c47a9f432e6fecf844d59b745107b20218d5d6aab02e80630a,,,,public/prepared OOD source; verify license before dissertation submission
images/dissertation_v1/ood/modality_shift/colour_fundus/colour_fundus_000036.png,1,train,public_modality_shift,modality_shift,colour_fundus,prepared_colour_fundus,,pending_manual_review,test,1c5d1fe01264c68508bf12c2444a4be723bab2a63d620cd1818d867697f33d14,,,,public/prepared OOD source; verify license before dissertation submission
images/dissertation_v1/ood/modality_shift/colour_fundus/colour_fundus_000038.png,1,train,public_modality_shift,modality_shift,colour_fundus,prepared_colour_fundus,,pending_manual_review,test,2522c5a69553121418217aebdb71dce94195e1a7fd4279fc0b74ded02cc98ed6,,,,public/prepared OOD source; verify license before dissertation submission
images/dissertation_v1/ood/modality_shift/colour_fundus/colour_fundus_000039.png,1,train,public_modality_shift,modality_shift,colour_fundus,prepared_colour_fundus,,pending_manual_review,test,42cd2aabbbc7c8b4608428561fc653071b1468350d20ba64093870afbce39bea,,,,public/prepared OOD source; verify license before dissertation submission
images/dissertation_v1/ood/modality_shift/colour_fundus/colour_fundus_000040.png,1,train,public_modality_shift,modality_shift,colour_fundus,prepared_colour_fundus,,pending_manual_review,test,a57c11d63d9a5bf8422dafc8d885c324f9309c8cf4be42044ce8054e73d96faa,,,,public/prepared OOD source; verify license before dissertation submission
images/dissertation_v1/ood/modality_shift/colour_fundus/colour_fundus_000041.png,1,train,public_modality_shift,modality_shift,colour_fundus,prepared_colour_fundus,,pending_manual_review,test,90bd46e109b3a076d296a3d12cb5df534f3dde13860ed0435a648df245bba43e,,,,public/prepared OOD source; verify license before dissertation submission
images/dissertation_v1/ood/modality_shift/colour_fundus/colour_fundus_000042.png,1,train,public_modality_shift,modality_shift,colour_fundus,prepared_colour_fundus,,pending_manual_review,test,800f6d9a64ffe0e5b0d6f16e160ff33ea5a3819ae9084f871f79ae5e6a46c848,,,,public/prepared OOD source; verify license before dissertation submission
images/dissertation_v1/ood/modality_shift/colour_fundus/colour_fundus_000043.png,1,train,public_modality_shift,modality_shift,colour_fundus,prepared_colour_fundus,,pending_manual_review,test,b7f585ba12a5b1c8b6bc45fe3976c94b825f76fe35cee206cda7dd1fbd4397ee,,,,public/prepared OOD source; verify license before dissertation submission
images/dissertation_v1/ood/modality_shift/colour_fundus/colour_fundus_000044.png,1,train,public_modality_shift,modality_shift,colour_fundus,prepared_colour_fundus,,pending_manual_review,test,34c93491231ff857a5eedfe08a5efe34a8560c52a0f4b1de7631c1df33041b8c,,,,public/prepared OOD source; verify license before dissertation submission
images/dissertation_v1/ood/modality_shift/colour_fundus/colour_fundus_000049.png,1,train,public_modality_shift,modality_shift,colour_fundus,prepared_colour_fundus,,pending_manual_review,test,e23630809acf2ea607feb877eeb3eabeaec13c3dcbb68c653a49ba44d433f750,,,,public/prepared OOD source; verify license before dissertation submission
images/dissertation_v1/ood/modality_shift/colour_fundus/colour_fundus_000050.png,1,train,public_modality_shift,modality_shift,colour_fundus,prepared_colour_fundus,,pending_manual_review,test,21d0d0f645a08f4b4ed7a0cbceed6ee31dad19acd4d2e2db23d55605684c653a,,,,public/prepared OOD source; verify license before dissertation submission
images/dissertation_v1/ood/modality_shift/colour_fundus/colour_fundus_000051.png,1,train,public_modality_shift,modality_shift,colour_fundus,prepared_colour_fundus,,pending_manual_review,test,fb39e2117d7e8b972a558a1e77a0212051bd2f0e01cbc4e0d25aab9b8b1fb51c,,,,public/prepared OOD source; verify license before dissertation submission
images/dissertation_v1/ood/modality_shift/colour_fundus/colour_fundus_000052.png,1,train,public_modality_shift,modality_shift,colour_fundus,prepared_colour_fundus,,pending_manual_review,test,7fe5c44c61dcdee0064304605dc79b25c86b3fbc669329d3f53eb5567ff57fce,,,,public/prepared OOD source; verify license before dissertation submission
images/dissertation_v1/ood/modality_shift/colour_fundus/colour_fundus_000053.png,1,train,public_modality_shift,modality_shift,colour_fundus,prepared_colour_fundus,,pending_manual_review,test,154f4b9e3935443807be3644ed2897cc2bf8e0892ea4d9672f084e2929e8c00e,,,,public/prepared OOD source; verify license before dissertation submission
images/dissertation_v1/ood/modality_shift/colour_fundus/colour_fundus_000054.png,1,train,public_modality_shift,modality_shift,colour_fundus,prepared_colour_fundus,,pending_manual_review,test,4cac05d44dcd01167f2fc44fd5066afb52216e725a15221518cbeae59654a306,,,,public/prepared OOD source; verify license before dissertation submission
images/dissertation_v1/ood/modality_shift/colour_fundus/colour_fundus_000055.png,1,train,public_modality_shift,modality_shift,colour_fundus,prepared_colour_fundus,,pending_manual_review,test,cc003e71d17dd174dd8f5510fcc42c72bbf0528a4d56da95f80a027725f58785,,,,public/prepared OOD source; verify license before dissertation submission
images/dissertation_v1/ood/modality_shift/colour_fundus/colour_fundus_000058.png,1,train,public_modality_shift,modality_shift,colour_fundus,prepared_colour_fundus,,pending_manual_review,test,e21f2c9741ab9297798175874b2aa3b2fc84e6559c68a92d5f67490ed38f649f,,,,public/prepared OOD source; verify license before dissertation submission
images/dissertation_v1/ood/modality_shift/colour_fundus/colour_fundus_000060.png,1,train,public_modality_shift,modality_shift,colour_fundus,prepared_colour_fundus,,pending_manual_review,test,ab7f0556661bf51daa25b3b717e754cbea55afefb67e48caed0893cb9b7b6c53,,,,public/prepared OOD source; verify license before dissertation submission
images/dissertation_v1/ood/modality_shift/colour_fundus/colour_fundus_000062.png,1,train,public_modality_shift,modality_shift,colour_fundus,prepared_colour_fundus,,pending_manual_review,test,e43d4e0b3b01f532982326f9f447bdc0b5ccdf928e160c7b834c9a73fbb3a3d3,,,,public/prepared OOD source; verify license before dissertation submission
images/dissertation_v1/ood/modality_shift/colour_fundus/colour_fundus_000063.png,1,train,public_modality_shift,modality_shift,colour_fundus,prepared_colour_fundus,,pending_manual_review,test,beb648fb1ecb574b9e06a885ed99d57111e8699d5e956d491dfc5d80228b3ca4,,,,public/prepared OOD source; verify license before dissertation submission
images/dissertation_v1/ood/modality_shift/colour_fundus/colour_fundus_000065.png,1,train,public_modality_shift,modality_shift,colour_fundus,prepared_colour_fundus,,pending_manual_review,test,f89ff5359f64c634c8dfed7f1040ce1cb5cc042fa170927995d00ebed9e3558c,,,,public/prepared OOD source; verify license before dissertation submission
images/dissertation_v1/ood/modality_shift/colour_fundus/colour_fundus_000069.png,1,train,public_modality_shift,modality_shift,colour_fundus,prepared_colour_fundus,,pending_manual_review,test,380bbb40a5801954523a6729b1ea6c183c515648fe011bca2f007c2acbc52933,,,,public/prepared OOD source; verify license before dissertation submission
images/dissertation_v1/ood/modality_shift/colour_fundus/colour_fundus_000070.png,1,train,public_modality_shift,modality_shift,colour_fundus,prepared_colour_fundus,,pending_manual_review,test,589b39f3a0b1ced381ad7ced82760e49e20005839a0e169629a42016a6c4cf66,,,,public/prepared OOD source; verify license before dissertation submission
images/dissertation_v1/ood/modality_shift/colour_fundus/colour_fundus_000072.png,1,train,public_modality_shift,modality_shift,colour_fundus,prepared_colour_fundus,,pending_manual_review,test,29862c0e768fc9b51c86d294ff572f08a38f3ce91d1ecf8d531f02a3500c92b6,,,,public/prepared OOD source; verify license before dissertation submission
images/dissertation_v1/ood/modality_shift/colour_fundus/colour_fundus_000073.png,1,train,public_modality_shift,modality_shift,colour_fundus,prepared_colour_fundus,,pending_manual_review,test,33b9f62bb10d42a5f7f5aff5d2a06237b78eb01fae333e0bf3505a8c548ae108,,,,public/prepared OOD source; verify license before dissertation submission
images/dissertation_v1/ood/modality_shift/colour_fundus/colour_fundus_000077.png,1,train,public_modality_shift,modality_shift,colour_fundus,prepared_colour_fundus,,pending_manual_review,test,ba0053da565ed8308fc231d0d7c18cc19068862eab587255143a217ac4687963,,,,public/prepared OOD source; verify license before dissertation submission
images/dissertation_v1/ood/modality_shift/colour_fundus/colour_fundus_000078.png,1,train,public_modality_shift,modality_shift,colour_fundus,prepared_colour_fundus,,pending_manual_review,test,78b50633a84d9d5c61473a255ebe63dfa38600092c536989fa891e0ab2719ab3,,,,public/prepared OOD source; verify license before dissertation submission
images/dissertation_v1/ood/modality_shift/colour_fundus/colour_fundus_000080.png,1,train,public_modality_shift,modality_shift,colour_fundus,prepared_colour_fundus,,pending_manual_review,test,affe431231ed989944757964093b2c1f458cc8bcb46ec518ab7bebbab808bb75,,,,public/prepared OOD source; verify license before dissertation submission
images/dissertation_v1/ood/modality_shift/colour_fundus/colour_fundus_000081.png,1,train,public_modality_shift,modality_shift,colour_fundus,prepared_colour_fundus,,pending_manual_review,test,9996def40f480a387af3250d71bbede85129698093c1ef878e8d837d42b09e86,,,,public/prepared OOD source; verify license before dissertation submission
images/dissertation_v1/ood/modality_shift/colour_fundus/colour_fundus_000083.png,1,train,public_modality_shift,modality_shift,colour_fundus,prepared_colour_fundus,,pending_manual_review,test,b39c17bb38abecd567b09f57634ed65d38180dc6749714027fcc831ba35eedac,,,,public/prepared OOD source; verify license before dissertation submission
images/dissertation_v1/ood/modality_shift/colour_fundus/colour_fundus_000086.png,1,train,public_modality_shift,modality_shift,colour_fundus,prepared_colour_fundus,,pending_manual_review,test,7a878ede5b0859831f6a34a8d381e119d65cbc7682833131e9041af16fa438aa,,,,public/prepared OOD source; verify license before dissertation submission
images/dissertation_v1/ood/modality_shift/colour_fundus/colour_fundus_000089.png,1,train,public_modality_shift,modality_shift,colour_fundus,prepared_colour_fundus,,pending_manual_review,test,7b8a6f4b789d96e56c2670ded2df3348856c8050e28f4daea27e9c334cc20cb8,,,,public/prepared OOD source; verify license before dissertation submission
images/dissertation_v1/ood/modality_shift/colour_fundus/colour_fundus_000090.png,1,train,public_modality_shift,modality_shift,colour_fundus,prepared_colour_fundus,,pending_manual_review,test,83921320535507fc306e0c5980171d6b0e0f986bd7a640038abcead75ca86f4b,,,,public/prepared OOD source; verify license before dissertation submission
images/dissertation_v1/ood/modality_shift/colour_fundus/colour_fundus_000092.png,1,train,public_modality_shift,modality_shift,colour_fundus,prepared_colour_fundus,,pending_manual_review,test,9aae8e6df058732d64689e02db739bbdc17195b6ba61b28dc6ebee70bf9ed917,,,,public/prepared OOD source; verify license before dissertation submission
images/dissertation_v1/ood/modality_shift/colour_fundus/colour_fundus_000093.png,1,train,public_modality_shift,modality_shift,colour_fundus,prepared_colour_fundus,,pending_manual_review,test,d3f3547de145461e514cc07d5159dff9a13fe633a6ce492fa0a15d98e83d634c,,,,public/prepared OOD source; verify license before dissertation submission
images/dissertation_v1/ood/modality_shift/colour_fundus/colour_fundus_000096.png,1,train,public_modality_shift,modality_shift,colour_fundus,prepared_colour_fundus,,pending_manual_review,test,0537ca166f00857e038b61a2efa61ffbbff780b14b3c6facb17d49ff3773b7f4,,,,public/prepared OOD source; verify license before dissertation submission
images/dissertation_v1/ood/modality_shift/colour_fundus/colour_fundus_000097.png,1,train,public_modality_shift,modality_shift,colour_fundus,prepared_colour_fundus,,pending_manual_review,test,e26cc29cc054329d2373c690f8305447c5d36db4f6c538484f8cc6a016ed8448,,,,public/prepared OOD source; verify license before dissertation submission
images/dissertation_v1/ood/modality_shift/colour_fundus/colour_fundus_000098.png,1,train,public_modality_shift,modality_shift,colour_fundus,prepared_colour_fundus,,pending_manual_review,test,ec009d12b230de814bcbf2ad4f54678aeafa196d2ebfebb5f53c4bd3485e901d,,,,public/prepared OOD source; verify license before dissertation submission
images/dissertation_v1/ood/modality_shift/colour_fundus/colour_fundus_000099.png,1,train,public_modality_shift,modality_shift,colour_fundus,prepared_colour_fundus,,pending_manual_review,test,ef32d759d517c42ea4eae28c92073abda536cdb5dac5df92d4fe2af0bd0a39e3,,,,public/prepared OOD source; verify license before dissertation submission
images/dissertation_v1/ood/modality_shift/colour_fundus/colour_fundus_000100.png,1,train,public_modality_shift,modality_shift,colour_fundus,prepared_colour_fundus,,pending_manual_review,test,05a6810ae120d75eaa33d4a9e1b194af8c3f7dc31918d99a4aba6d3567040446,,,,public/prepared OOD source; verify license before dissertation submission
images/dissertation_v1/ood/modality_shift/colour_fundus/colour_fundus_000101.png,1,train,public_modality_shift,modality_shift,colour_fundus,prepared_colour_fundus,,pending_manual_review,test,a0980c918396a9db92572f9f9e3f01cf8a60b28cabe4b6111bf4ecaca3932ffb,,,,public/prepared OOD source; verify license before dissertation submission
images/dissertation_v1/ood/modality_shift/colour_fundus/colour_fundus_000102.png,1,train,public_modality_shift,modality_shift,colour_fundus,prepared_colour_fundus,,pending_manual_review,test,6112de161d08e2731a625330ff75f478a3e18e9572d577995574bcec92b36728,,,,public/prepared OOD source; verify license before dissertation submission
images/dissertation_v1/ood/modality_shift/colour_fundus/colour_fundus_000103.png,1,train,public_modality_shift,modality_shift,colour_fundus,prepared_colour_fundus,,pending_manual_review,test,dfc1265db6e986faccf6be5296404009c7b6248411131b35ba3d534974e352da,,,,public/prepared OOD source; verify license before dissertation submission
images/dissertation_v1/ood/modality_shift/colour_fundus/colour_fundus_000104.png,1,train,public_modality_shift,modality_shift,colour_fundus,prepared_colour_fundus,,pending_manual_review,test,dcc7154d115455cd07950e4709bd91c7f7e2516926cbfe9678529505c62665f6,,,,public/prepared OOD source; verify license before dissertation submission
images/dissertation_v1/ood/modality_shift/colour_fundus/colour_fundus_000105.png,1,train,public_modality_shift,modality_shift,colour_fundus,prepared_colour_fundus,,pending_manual_review,test,06c8bb805698b6f4e1264b35902ed8a6cae2509bd4714e5d0563e6bfecf6b9b0,,,,public/prepared OOD source; verify license before dissertation submission
images/dissertation_v1/ood/modality_shift/colour_fundus/colour_fundus_000106.png,1,train,public_modality_shift,modality_shift,colour_fundus,prepared_colour_fundus,,pending_manual_review,test,47e75fad006afdce2253a469e8a6f78827e9c17fa2396123cad11d2fd7cb4136,,,,public/prepared OOD source; verify license before dissertation submission
images/dissertation_v1/ood/modality_shift/colour_fundus/colour_fundus_000109.png,1,train,public_modality_shift,modality_shift,colour_fundus,prepared_colour_fundus,,pending_manual_review,test,ae446e4cde2190d19ef9bb880009bc984a8475365a62255e95659e96ba9898e5,,,,public/prepared OOD source; verify license before dissertation submission
images/dissertation_v1/ood/modality_shift/colour_fundus/colour_fundus_000112.png,1,train,public_modality_shift,modality_shift,colour_fundus,prepared_colour_fundus,,pending_manual_review,test,64139ccad3aa081cf894ce14e45f1e862633e15a24f5cf69a3a33b47cc49422a,,,,public/prepared OOD source; verify license before dissertation submission
images/dissertation_v1/ood/modality_shift/colour_fundus/colour_fundus_000113.png,1,train,public_modality_shift,modality_shift,colour_fundus,prepared_colour_fundus,,pending_manual_review,test,df07fa7c70dd51651afa069575a99a3a4dfb28adc74d77e578b4df967d19bb50,,,,public/prepared OOD source; verify license before dissertation submission
images/dissertation_v1/ood/modality_shift/colour_fundus/colour_fundus_000115.png,1,train,public_modality_shift,modality_shift,colour_fundus,prepared_colour_fundus,,pending_manual_review,test,bf63053c91c4b861246a38d2f749feac6efe88ca409d935610a252d73f24af07,,,,public/prepared OOD source; verify license before dissertation submission
images/dissertation_v1/ood/modality_shift/colour_fundus/colour_fundus_000117.png,1,train,public_modality_shift,modality_shift,colour_fundus,prepared_colour_fundus,,pending_manual_review,test,de97f45f9f0c00be5d34f111a335e5c5c9e3c1a5bd55f4f9a977c9fdd045e30e,,,,public/prepared OOD source; verify license before dissertation submission
images/dissertation_v1/ood/modality_shift/colour_fundus/colour_fundus_000118.png,1,train,public_modality_shift,modality_shift,colour_fundus,prepared_colour_fundus,,pending_manual_review,test,d28eeb632e66fab85d4407d00df56538b9c925537699f5bc601d3580ed630c51,,,,public/prepared OOD source; verify license before dissertation submission
images/dissertation_v1/ood/modality_shift/colour_fundus/colour_fundus_000119.png,1,train,public_modality_shift,modality_shift,colour_fundus,prepared_colour_fundus,,pending_manual_review,test,94c7365d9f9bbe0599aa63a71476f3d8909d8fb717c131602903f2181fe1d19c,,,,public/prepared OOD source; verify license before dissertation submission
images/dissertation_v1/ood/modality_shift/colour_fundus/colour_fundus_000120.png,1,train,public_modality_shift,modality_shift,colour_fundus,prepared_colour_fundus,,pending_manual_review,test,9422388e5167d72a1e8f5f3708456a38e476c9294daaa0e4999bcec5017281a4,,,,public/prepared OOD source; verify license before dissertation submission
images/dissertation_v1/ood/modality_shift/colour_fundus/colour_fundus_000121.png,1,train,public_modality_shift,modality_shift,colour_fundus,prepared_colour_fundus,,pending_manual_review,test,9d95318223589425d91f7957895e609081e02463c5e4b9c8add7ca5c35dfd260,,,,public/prepared OOD source; verify license before dissertation submission
images/dissertation_v1/ood/modality_shift/colour_fundus/colour_fundus_000123.png,1,train,public_modality_shift,modality_shift,colour_fundus,prepared_colour_fundus,,pending_manual_review,test,24b957b97131c84524b87d9cf434cd0f7889a855b8598e14f0951fb5a7a998b9,,,,public/prepared OOD source; verify license before dissertation submission
images/dissertation_v1/ood/modality_shift/colour_fundus/colour_fundus_000125.png,1,train,public_modality_shift,modality_shift,colour_fundus,prepared_colour_fundus,,pending_manual_review,test,5896b0af172ebeec48c0304e1543ef78e6e1136fd2e001e6d5bbc695dd1292b5,,,,public/prepared OOD source; verify license before dissertation submission
images/dissertation_v1/ood/modality_shift/colour_fundus/colour_fundus_000126.png,1,train,public_modality_shift,modality_shift,colour_fundus,prepared_colour_fundus,,pending_manual_review,test,6a8b70b399a7ae6d0669f8dee9637ab9272852423559d111794a740cb9640612,,,,public/prepared OOD source; verify license before dissertation submission
images/dissertation_v1/ood/modality_shift/colour_fundus/colour_fundus_000127.png,1,train,public_modality_shift,modality_shift,colour_fundus,prepared_colour_fundus,,pending_manual_review,test,b637e98e2632bea5e9313120f85c5bd1147012967b37002df966e23c2d4cf9b4,,,,public/prepared OOD source; verify license before dissertation submission
images/dissertation_v1/ood/modality_shift/colour_fundus/colour_fundus_000128.png,1,train,public_modality_shift,modality_shift,colour_fundus,prepared_colour_fundus,,pending_manual_review,test,b2738df3ff61268bc2d65b3a593f0408207f900eb5ac9fb0b62efda88dbcf529,,,,public/prepared OOD source; verify license before dissertation submission
images/dissertation_v1/ood/modality_shift/colour_fundus/colour_fundus_000129.png,1,train,public_modality_shift,modality_shift,colour_fundus,prepared_colour_fundus,,pending_manual_review,test,f37d241530ca2282d53e28c22bc9428b532914485d7cbcbc84e73cc4e67d9a3e,,,,public/prepared OOD source; verify license before dissertation submission
images/dissertation_v1/ood/modality_shift/colour_fundus/colour_fundus_000131.png,1,train,public_modality_shift,modality_shift,colour_fundus,prepared_colour_fundus,,pending_manual_review,test,1613afc492c51037ae9d1a04484cbde11605868184af9833644e9ec1a6cd4de8,,,,public/prepared OOD source; verify license before dissertation submission
images/dissertation_v1/ood/modality_shift/colour_fundus/colour_fundus_000134.png,1,train,public_modality_shift,modality_shift,colour_fundus,prepared_colour_fundus,,pending_manual_review,test,1768ecf1a863b9a6bc794cb779a167441a751efe4dbdc9bafa982060cf3ff71f,,,,public/prepared OOD source; verify license before dissertation submission
images/dissertation_v1/ood/modality_shift/colour_fundus/colour_fundus_000135.png,1,train,public_modality_shift,modality_shift,colour_fundus,prepared_colour_fundus,,pending_manual_review,test,8e34aa6222b0e5634d2caaacd22bf4a8da3e9f2438d4362b55fcfb7703b4190e,,,,public/prepared OOD source; verify license before dissertation submission
images/dissertation_v1/ood/modality_shift/colour_fundus/colour_fundus_000136.png,1,train,public_modality_shift,modality_shift,colour_fundus,prepared_colour_fundus,,pending_manual_review,test,f5b44148218a8df2961bf9bc18367f69b10f96edff5930ac2828e72954ad3d27,,,,public/prepared OOD source; verify license before dissertation submission
images/dissertation_v1/ood/modality_shift/colour_fundus/colour_fundus_000138.png,1,train,public_modality_shift,modality_shift,colour_fundus,prepared_colour_fundus,,pending_manual_review,test,2b684f08bf5bc6bca6441c834312d26fb378ec1215288bc3a53fa98b617415dc,,,,public/prepared OOD source; verify license before dissertation submission
images/dissertation_v1/ood/modality_shift/colour_fundus/colour_fundus_000140.png,1,train,public_modality_shift,modality_shift,colour_fundus,prepared_colour_fundus,,pending_manual_review,test,227d60245d40728fb2d6b332119eb91678ae5240cfc3e9083f4aef0190f7e73e,,,,public/prepared OOD source; verify license before dissertation submission
images/dissertation_v1/ood/modality_shift/colour_fundus/colour_fundus_000141.png,1,train,public_modality_shift,modality_shift,colour_fundus,prepared_colour_fundus,,pending_manual_review,test,4b18f6568f0d01a0f5ed07fc7a8b2ca74d09ccd22bdb6a7b24eaf13811bed941,,,,public/prepared OOD source; verify license before dissertation submission
images/dissertation_v1/ood/modality_shift/colour_fundus/colour_fundus_000142.png,1,train,public_modality_shift,modality_shift,colour_fundus,prepared_colour_fundus,,pending_manual_review,test,a8289c759a6c127fb3915b8eeff7ff34b962f8b7cf446ffbeb5d66e54d72a8db,,,,public/prepared OOD source; verify license before dissertation submission
images/dissertation_v1/ood/modality_shift/colour_fundus/colour_fundus_000144.png,1,train,public_modality_shift,modality_shift,colour_fundus,prepared_colour_fundus,,pending_manual_review,test,84fe908757b032e59523f9406e35c4b9856aed9188513f105b15c7546dd75f1d,,,,public/prepared OOD source; verify license before dissertation submission
images/dissertation_v1/ood/modality_shift/colour_fundus/colour_fundus_000145.png,1,train,public_modality_shift,modality_shift,colour_fundus,prepared_colour_fundus,,pending_manual_review,test,b9e8988d482bee5556c98896086ea944858114ce20352c60726866f0fe488b4d,,,,public/prepared OOD source; verify license before dissertation submission
images/dissertation_v1/ood/modality_shift/colour_fundus/colour_fundus_000149.png,1,train,public_modality_shift,modality_shift,colour_fundus,prepared_colour_fundus,,pending_manual_review,test,25ab0de222ddee40140fea9490b0c778595a5ad0cd024b8c9a2f349158c75540,,,,public/prepared OOD source; verify license before dissertation submission
images/dissertation_v1/ood/modality_shift/colour_fundus/colour_fundus_000154.png,1,train,public_modality_shift,modality_shift,colour_fundus,prepared_colour_fundus,,pending_manual_review,test,30cd9153c81adfe96558c4f1131eb2c70da4b1d738d5e24fbb2efe8c55d99882,,,,public/prepared OOD source; verify license before dissertation submission
images/dissertation_v1/ood/modality_shift/colour_fundus/colour_fundus_000155.png,1,train,public_modality_shift,modality_shift,colour_fundus,prepared_colour_fundus,,pending_manual_review,test,9da6e3a7f4d286063934031e08022e70d50d875f218ba7ec1c2ad867c30f1848,,,,public/prepared OOD source; verify license before dissertation submission
images/dissertation_v1/ood/modality_shift/colour_fundus/colour_fundus_000156.png,1,train,public_modality_shift,modality_shift,colour_fundus,prepared_colour_fundus,,pending_manual_review,test,18911416d9dc7b9d2cdfb0218c59722dd6248cd806d20dfd7cd9365c38b749b7,,,,public/prepared OOD source; verify license before dissertation submission
images/dissertation_v1/ood/modality_shift/colour_fundus/colour_fundus_000157.png,1,train,public_modality_shift,modality_shift,colour_fundus,prepared_colour_fundus,,pending_manual_review,test,a6842617997b507f261512f4ce817fd0d10bde67e7ad834c8d6b6b4d222b62a9,,,,public/prepared OOD source; verify license before dissertation submission
images/dissertation_v1/ood/modality_shift/colour_fundus/colour_fundus_000158.png,1,train,public_modality_shift,modality_shift,colour_fundus,prepared_colour_fundus,,pending_manual_review,test,d471acd55ef0b6b9e12e2ea95e7ee868f414c4e69bc6f2ca8885e238d61f5336,,,,public/prepared OOD source; verify license before dissertation submission
images/dissertation_v1/ood/modality_shift/colour_fundus/colour_fundus_000159.png,1,train,public_modality_shift,modality_shift,colour_fundus,prepared_colour_fundus,,pending_manual_review,test,13024f446bf9dc9408b5ac4932e70958812cf4c5e11ffc3e8f84c7bf2f9dc436,,,,public/prepared OOD source; verify license before dissertation submission
images/dissertation_v1/ood/modality_shift/colour_fundus/colour_fundus_000160.png,1,train,public_modality_shift,modality_shift,colour_fundus,prepared_colour_fundus,,pending_manual_review,test,54de0ec70208b2bece828e57cfd0e282f0625a4f8eee2611eb90c41e8ff06449,,,,public/prepared OOD source; verify license before dissertation submission
images/dissertation_v1/ood/modality_shift/colour_fundus/colour_fundus_000161.png,1,train,public_modality_shift,modality_shift,colour_fundus,prepared_colour_fundus,,pending_manual_review,test,10a5053eaf46aefb7e5402c307ee093c67f3f4ec799f2ca21291c4246f639e32,,,,public/prepared OOD source; verify license before dissertation submission
images/dissertation_v1/ood/modality_shift/colour_fundus/colour_fundus_000162.png,1,train,public_modality_shift,modality_shift,colour_fundus,prepared_colour_fundus,,pending_manual_review,test,3d7570c1850196120f6b07fe71ec00471b96de4c7365ae74b691dbd313dcec3f,,,,public/prepared OOD source; verify license before dissertation submission
images/dissertation_v1/ood/modality_shift/colour_fundus/colour_fundus_000164.png,1,train,public_modality_shift,modality_shift,colour_fundus,prepared_colour_fundus,,pending_manual_review,test,e9221ca39f507a5be0f004f53e69178de45ff630b6410dbd15f96e5adb77ce16,,,,public/prepared OOD source; verify license before dissertation submission
images/dissertation_v1/ood/modality_shift/colour_fundus/colour_fundus_000165.png,1,train,public_modality_shift,modality_shift,colour_fundus,prepared_colour_fundus,,pending_manual_review,test,814f147d8c354f274d78f07becd04371c3a28c18e23d30b388d87ede839a3972,,,,public/prepared OOD source; verify license before dissertation submission
images/dissertation_v1/ood/modality_shift/colour_fundus/colour_fundus_000166.png,1,train,public_modality_shift,modality_shift,colour_fundus,prepared_colour_fundus,,pending_manual_review,test,034d417e86cfbb2b32efc2c8660aafc7bcf8fd44d0115d1076d03d863beaf49c,,,,public/prepared OOD source; verify license before dissertation submission
images/dissertation_v1/ood/modality_shift/colour_fundus/colour_fundus_000167.png,1,train,public_modality_shift,modality_shift,colour_fundus,prepared_colour_fundus,,pending_manual_review,test,ff792ac2689c4fa263ca5293a0ac97ace2236009e29e76e9e682db6442722e8e,,,,public/prepared OOD source; verify license before dissertation submission
images/dissertation_v1/ood/modality_shift/colour_fundus/colour_fundus_000169.png,1,train,public_modality_shift,modality_shift,colour_fundus,prepared_colour_fundus,,pending_manual_review,test,35ed8230566509519a962304c453a429655de8611cc0be459a2b37cba7d6d3c7,,,,public/prepared OOD source; verify license before dissertation submission
images/dissertation_v1/ood/modality_shift/colour_fundus/colour_fundus_000170.png,1,train,public_modality_shift,modality_shift,colour_fundus,prepared_colour_fundus,,pending_manual_review,test,13f7d48edef3d7145c32fbc52f6615a2ab97ce507c176ef3a41d011f2c604b14,,,,public/prepared OOD source; verify license before dissertation submission
images/dissertation_v1/ood/modality_shift/colour_fundus/colour_fundus_000175.png,1,train,public_modality_shift,modality_shift,colour_fundus,prepared_colour_fundus,,pending_manual_review,test,7c81fe45e50e537ce9f60fbbf1795b6d687c2a8cd7461cc3a1b59e05f51e2a4a,,,,public/prepared OOD source; verify license before dissertation submission
images/dissertation_v1/ood/modality_shift/colour_fundus/colour_fundus_000177.png,1,train,public_modality_shift,modality_shift,colour_fundus,prepared_colour_fundus,,pending_manual_review,test,7f50b16b76482ff71754b9394764e0210c0cd194e63b9a42d3d2cff0af6df130,,,,public/prepared OOD source; verify license before dissertation submission
images/dissertation_v1/ood/modality_shift/colour_fundus/colour_fundus_000178.png,1,train,public_modality_shift,modality_shift,colour_fundus,prepared_colour_fundus,,pending_manual_review,test,d5141373e00872a714af578d28f2661f0239ab3fc2735315ed60e021178ad592,,,,public/prepared OOD source; verify license before dissertation submission
images/dissertation_v1/ood/modality_shift/colour_fundus/colour_fundus_000181.png,1,train,public_modality_shift,modality_shift,colour_fundus,prepared_colour_fundus,,pending_manual_review,test,51796c9b9dad6c0cd9fca7b155e478f321d33f0723ffcec977a06ae70f023764,,,,public/prepared OOD source; verify license before dissertation submission
images/dissertation_v1/ood/modality_shift/colour_fundus/colour_fundus_000182.png,1,train,public_modality_shift,modality_shift,colour_fundus,prepared_colour_fundus,,pending_manual_review,test,a9689c44197c8e35218f1d66b6c6452648dfee88835a8426ae378412f8d684df,,,,public/prepared OOD source; verify license before dissertation submission
images/dissertation_v1/ood/modality_shift/colour_fundus/colour_fundus_000183.png,1,train,public_modality_shift,modality_shift,colour_fundus,prepared_colour_fundus,,pending_manual_review,test,62ac02cd179baf2daeb6c0b3c3025c3d49f30aee0b5aa7aaa509857ff9c70cff,,,,public/prepared OOD source; verify license before dissertation submission
images/dissertation_v1/ood/modality_shift/colour_fundus/colour_fundus_000186.png,1,train,public_modality_shift,modality_shift,colour_fundus,prepared_colour_fundus,,pending_manual_review,test,4ef8acf3a473858571fe3ae965b7eca778b01a23c5066630a10ffbcb32af717c,,,,public/prepared OOD source; verify license before dissertation submission
images/dissertation_v1/ood/modality_shift/colour_fundus/colour_fundus_000188.png,1,train,public_modality_shift,modality_shift,colour_fundus,prepared_colour_fundus,,pending_manual_review,test,bd5edad828082ea2dd06d74f0d07e6a72e7eb627d3910e0defa89be7231315e0,,,,public/prepared OOD source; verify license before dissertation submission
images/dissertation_v1/ood/modality_shift/colour_fundus/colour_fundus_000190.png,1,train,public_modality_shift,modality_shift,colour_fundus,prepared_colour_fundus,,pending_manual_review,test,8985efbb5dc669e349c7640943083b162c62817cf442c182778015ca4d910148,,,,public/prepared OOD source; verify license before dissertation submission
images/dissertation_v1/ood/modality_shift/colour_fundus/colour_fundus_000191.png,1,train,public_modality_shift,modality_shift,colour_fundus,prepared_colour_fundus,,pending_manual_review,test,2f22165c08398a8f4188eead1977b6637ed95e9f24b8b97517bec11a28f1e1c3,,,,public/prepared OOD source; verify license before dissertation submission
images/dissertation_v1/ood/modality_shift/colour_fundus/colour_fundus_000194.png,1,train,public_modality_shift,modality_shift,colour_fundus,prepared_colour_fundus,,pending_manual_review,test,66337084cdbcc4210bd48f5562274a95dbbb0af2ff3da7cfa47b6b4f1df14aa2,,,,public/prepared OOD source; verify license before dissertation submission
images/dissertation_v1/ood/modality_shift/colour_fundus/colour_fundus_000197.png,1,train,public_modality_shift,modality_shift,colour_fundus,prepared_colour_fundus,,pending_manual_review,test,ff7b70ead88ec9a97431c3e3a1b54ad19054eeb5586c2dd284615077051553fa,,,,public/prepared OOD source; verify license before dissertation submission
images/dissertation_v1/ood/modality_shift/colour_fundus/colour_fundus_000198.png,1,train,public_modality_shift,modality_shift,colour_fundus,prepared_colour_fundus,,pending_manual_review,test,5c5ecaca5f0ef3c5c5145cf0aed94a7372551fc369c47e684e8e8fb7f34873d2,,,,public/prepared OOD source; verify license before dissertation submission
images/dissertation_v1/ood/sensory_artifact/composite_layout/artifact_000000_03_composite_layout.png,1,train,synthetic_artifact,sensory_artifact,composite_layout,derived_from_synthetic_faf,,derived_or_generated_synthetic,test,e06aa88f0521b6731cd7ae71d974e2a9af95f449399447f27a1d9a243cfcecd6,112e823039e992ec964b01fc8c2627a079ef954f38f3b3afcb49dfec242da8de,composite_layout,,generated from held-out ID only; never from train
images/dissertation_v1/ood/sensory_artifact/composite_layout/artifact_000001_03_composite_layout.png,1,train,synthetic_artifact,sensory_artifact,composite_layout,derived_from_synthetic_faf,,derived_or_generated_synthetic,test,f989202dca0ca0e714e628fb297ed2c136ce84096d6cab7198eea272576c4971,1a6fa85a126f3582d51f16ba281f47c1bf2c3e337748511a1c45e4ec0a690674,composite_layout,,generated from held-out ID only; never from train
images/dissertation_v1/ood/sensory_artifact/composite_layout/artifact_000002_03_composite_layout.png,1,train,synthetic_artifact,sensory_artifact,composite_layout,derived_from_synthetic_faf,,derived_or_generated_synthetic,test,ed363d05b33f2fb66370a7f7c2d752a54680f8c085ecbec155e343ee8ad0450a,3fe16ad039a6555522438a9b9dd1a0de6bd787a7001116e06a97b4f034684ba2,composite_layout,,generated from held-out ID only; never from train
images/dissertation_v1/ood/sensory_artifact/composite_layout/artifact_000005_03_composite_layout.png,1,train,synthetic_artifact,sensory_artifact,composite_layout,derived_from_synthetic_faf,,derived_or_generated_synthetic,test,b95503bd3ebed3231cafa41f2a97b6a96aca2541973b21d4c47abe58fb26dc1f,a37d2499bdadac9b672e002cf5b14bc830d68e387c1ea4405083eb6eed030d26,composite_layout,,generated from held-out ID only; never from train
images/dissertation_v1/ood/sensory_artifact/composite_layout/artifact_000008_03_composite_layout.png,1,train,synthetic_artifact,sensory_artifact,composite_layout,derived_from_synthetic_faf,,derived_or_generated_synthetic,test,d8357c24231c25ba80cd7ac9db26673952dd31c448ac5493b63cd8938e27611b,e6c4a5d7163b7548a0b47040c1306557f98a486871b94c8da983fdc932729197,composite_layout,,generated from held-out ID only; never from train
images/dissertation_v1/ood/sensory_artifact/composite_layout/artifact_000009_03_composite_layout.png,1,train,synthetic_artifact,sensory_artifact,composite_layout,derived_from_synthetic_faf,,derived_or_generated_synthetic,test,3419cb45652e01643ac36937d3b1256a972cfb38ef627326a331b2a59241b34a,2921bd55bd6a1e0c179915271aa18bb9e1f22a278d1c127770fec0cb54d7d88d,composite_layout,,generated from held-out ID only; never from train
images/dissertation_v1/ood/sensory_artifact/composite_layout/artifact_000010_03_composite_layout.png,1,train,synthetic_artifact,sensory_artifact,composite_layout,derived_from_synthetic_faf,,derived_or_generated_synthetic,test,d4b23dfb0703646371e4afe2cf7d6bc8044e3e5238da6275d76dcef35bdafafa,2ce067e78529d59ae5f2ff71b02be86e4f62371b0aa31810d2047f115fe68900,composite_layout,,generated from held-out ID only; never from train
images/dissertation_v1/ood/sensory_artifact/composite_layout/artifact_000011_03_composite_layout.png,1,train,synthetic_artifact,sensory_artifact,composite_layout,derived_from_synthetic_faf,,derived_or_generated_synthetic,test,919c302279403bb712709aa15ab52885a6850db06e082e5cf681b8869fe8913c,d822b0621f3574fb70a96904005d10d950c5fed12e7f0f1c78edbcb396fbd7ac,composite_layout,,generated from held-out ID only; never from train
images/dissertation_v1/ood/sensory_artifact/composite_layout/artifact_000014_03_composite_layout.png,1,train,synthetic_artifact,sensory_artifact,composite_layout,derived_from_synthetic_faf,,derived_or_generated_synthetic,test,000987e69fab1f8e38d845b7e2cc691eb25e06d49a71e02cdea097cda4944bc8,50eb07963b954a027224c212fef91ed6b91ad3d68a58e0fb6e2fd32ccb4b8bd1,composite_layout,,generated from held-out ID only; never from train
images/dissertation_v1/ood/sensory_artifact/composite_layout/artifact_000016_03_composite_layout.png,1,train,synthetic_artifact,sensory_artifact,composite_layout,derived_from_synthetic_faf,,derived_or_generated_synthetic,test,e93e607e1bb9fdf9d43a8d2fe1f192d6b58e9b58d188bbecfbaeaa3e7bf84f63,9c16a2d52b66788ef6f4635487fc55e1b8f9abf860695b606defc6a4d6726219,composite_layout,,generated from held-out ID only; never from train
images/dissertation_v1/ood/sensory_artifact/composite_layout/artifact_000017_03_composite_layout.png,1,train,synthetic_artifact,sensory_artifact,composite_layout,derived_from_synthetic_faf,,derived_or_generated_synthetic,test,59a44a1b118cd4a7eb8039e17c14d9d0f5a4d075f549f8b1e004842e2efe6b95,0861672a24270580387eea90d8f3ddd826a52d63c4428364052dec6bca1959ee,composite_layout,,generated from held-out ID only; never from train
images/dissertation_v1/ood/sensory_artifact/composite_layout/artifact_000018_03_composite_layout.png,1,train,synthetic_artifact,sensory_artifact,composite_layout,derived_from_synthetic_faf,,derived_or_generated_synthetic,test,f85719008350cd8feb9c6cf3e1f8c95b8ce762ea295a8def4ecb5a7210a8e7f7,fd6fd89f280a24b4873a415a5fc1f7315de7c22e49be7073c6a9348d08c1f07b,composite_layout,,generated from held-out ID only; never from train
images/dissertation_v1/ood/sensory_artifact/composite_layout/artifact_000019_03_composite_layout.png,1,train,synthetic_artifact,sensory_artifact,composite_layout,derived_from_synthetic_faf,,derived_or_generated_synthetic,test,340febeaf00a2f93cc60c9529c1e23545aee09e69260fb4c8c78a0f8944af11f,f9a033e1944d7b29d126d036c4a91b903f0c3c335a85177788beafc3fe8b70da,composite_layout,,generated from held-out ID only; never from train
images/dissertation_v1/ood/sensory_artifact/composite_layout/artifact_000021_03_composite_layout.png,1,train,synthetic_artifact,sensory_artifact,composite_layout,derived_from_synthetic_faf,,derived_or_generated_synthetic,test,ab371acec4984758f91889006c5f1f9045d309b3079d9a59a0e576ecea8d3046,4d03a1e9e5af412c9b0f27c2121c6702f6eac8ed7a1ee7be5bf7614449647c3f,composite_layout,,generated from held-out ID only; never from train
images/dissertation_v1/ood/sensory_artifact/composite_layout/artifact_000023_03_composite_layout.png,1,train,synthetic_artifact,sensory_artifact,composite_layout,derived_from_synthetic_faf,,derived_or_generated_synthetic,test,06cee445960c78c204d2eccc9af8d1a331eeb0a342b853f8e75257798561573e,5c5de26e3693925f8d2d12200aa1eb36cf8d4f5713ead728d3a3a64bb8722356,composite_layout,,generated from held-out ID only; never from train
images/dissertation_v1/ood/sensory_artifact/composite_layout/artifact_000024_03_composite_layout.png,1,train,synthetic_artifact,sensory_artifact,composite_layout,derived_from_synthetic_faf,,derived_or_generated_synthetic,test,89859b83cfc65525c28e433a8580887f54c32c7ba157baa4d582738d67a30ba3,c79c1eadd5034a84c31a457a7f29eeab492a16ceab3ae65da8c348f9b42b67dc,composite_layout,,generated from held-out ID only; never from train
images/dissertation_v1/ood/sensory_artifact/composite_layout/artifact_000029_03_composite_layout.png,1,train,synthetic_artifact,sensory_artifact,composite_layout,derived_from_synthetic_faf,,derived_or_generated_synthetic,test,0d6898ad538754bdb654d492248801f2dbe1459a6d2499fb14c2638b434088aa,06df7d1f687f8a014291b723a7281d280cf107ae764e77fc64a0958208a42440,composite_layout,,generated from held-out ID only; never from train
images/dissertation_v1/ood/sensory_artifact/composite_layout/artifact_000031_03_composite_layout.png,1,train,synthetic_artifact,sensory_artifact,composite_layout,derived_from_synthetic_faf,,derived_or_generated_synthetic,test,ed9f7498b0c6c19729403063b14f419b851553b01cec3702efd8fe1cb118b274,d9566cc09f758dd1d317a06788b155dff7dfac4dd76e0832de3589651a4e8145,composite_layout,,generated from held-out ID only; never from train
images/dissertation_v1/ood/sensory_artifact/composite_layout/artifact_000033_03_composite_layout.png,1,train,synthetic_artifact,sensory_artifact,composite_layout,derived_from_synthetic_faf,,derived_or_generated_synthetic,test,e35a4a45e24cc51e2d5cd9b7d228f429a4d76cdb5d10a89062c11074d1d50657,4b7f0a7b00dfcf5ba2661e0bc56b7db00c61fe7777786f1f891fafb7ac03a267,composite_layout,,generated from held-out ID only; never from train
images/dissertation_v1/ood/sensory_artifact/composite_layout/artifact_000034_03_composite_layout.png,1,train,synthetic_artifact,sensory_artifact,composite_layout,derived_from_synthetic_faf,,derived_or_generated_synthetic,test,d69e25f7fe0a8cc8a83d6614ab736f1cebe930dd4f846ed495f88bc6d605908e,c6dd7425043cfeb65df2eb62643ca92c65f1cc68ddf4eb024e5e570e98350746,composite_layout,,generated from held-out ID only; never from train
images/dissertation_v1/ood/sensory_artifact/composite_layout/artifact_000035_03_composite_layout.png,1,train,synthetic_artifact,sensory_artifact,composite_layout,derived_from_synthetic_faf,,derived_or_generated_synthetic,test,5cd5a499fdbd8ce6fb1804b0c31d7c6bea2b13e8264b3359925b1bf05ba9207d,ad2206e763d2fe74e820f9849e3d5c70fae09a566c7d71af4a5642de99425176,composite_layout,,generated from held-out ID only; never from train
images/dissertation_v1/ood/sensory_artifact/composite_layout/artifact_000036_03_composite_layout.png,1,train,synthetic_artifact,sensory_artifact,composite_layout,derived_from_synthetic_faf,,derived_or_generated_synthetic,test,09296f1202df0b2856d659ea85933453a86b74f704adc8db455f796792ae3d83,6ec6209b2791522f0608c0e98d17415b05002c0ab9a4d1fff0df547aa6b1ecab,composite_layout,,generated from held-out ID only; never from train
images/dissertation_v1/ood/sensory_artifact/composite_layout/artifact_000037_03_composite_layout.png,1,train,synthetic_artifact,sensory_artifact,composite_layout,derived_from_synthetic_faf,,derived_or_generated_synthetic,test,f1b5f1785ca9b6628a33643bcdcbc84283a115044096341e073f342fc4841d35,1d93bc13ac331db7a072736022e31038f869f965793787c53f3d2a57ec76cd8d,composite_layout,,generated from held-out ID only; never from train
images/dissertation_v1/ood/sensory_artifact/composite_layout/artifact_000038_03_composite_layout.png,1,train,synthetic_artifact,sensory_artifact,composite_layout,derived_from_synthetic_faf,,derived_or_generated_synthetic,test,ccf30fd50a07d1a814fbaec04e7779cca5f0080700b170bd84344eecfee56bac,8cc0640073e0f9c820b460efc0c58ec7414b7e8df823d5f1c93b38ba793d8902,composite_layout,,generated from held-out ID only; never from train
images/dissertation_v1/ood/sensory_artifact/composite_layout/artifact_000039_03_composite_layout.png,1,train,synthetic_artifact,sensory_artifact,composite_layout,derived_from_synthetic_faf,,derived_or_generated_synthetic,test,188d5b6ba9f0add87f3ee32bdce1d3c6456f5311f2d946d77ec028b4daa8fe39,43e31a69e1ac562052f9cdbaced1925f36b93985a9d7052f8914674a577bd981,composite_layout,,generated from held-out ID only; never from train
images/dissertation_v1/ood/sensory_artifact/composite_layout/artifact_000040_03_composite_layout.png,1,train,synthetic_artifact,sensory_artifact,composite_layout,derived_from_synthetic_faf,,derived_or_generated_synthetic,test,d6b20c523e33f54eebd419423b38368b9813f81e987960680ad0289a16d86740,aa24c50bf2b5968019954cbc11eda597cb49e3a77a7856d909c0ad771f83887e,composite_layout,,generated from held-out ID only; never from train
images/dissertation_v1/ood/sensory_artifact/composite_layout/artifact_000041_03_composite_layout.png,1,train,synthetic_artifact,sensory_artifact,composite_layout,derived_from_synthetic_faf,,derived_or_generated_synthetic,test,8a23467cd8c6b1c132cb7d44fcad4e04b734a7a6085485e2f2e9ed05ae5a87aa,81a78d254ea6b2a2f5a4affbfb96971984508cdd9229061837c581ec353ebdad,composite_layout,,generated from held-out ID only; never from train
images/dissertation_v1/ood/sensory_artifact/composite_layout/artifact_000043_03_composite_layout.png,1,train,synthetic_artifact,sensory_artifact,composite_layout,derived_from_synthetic_faf,,derived_or_generated_synthetic,test,354a4a2aad9385ec1d7f537c39b06633dfcef785b0f9d8642e6cf8df18c54944,04e999c3cc47238167c308d410eb7ec5ae292210ef634047c55982b81fa3012d,composite_layout,,generated from held-out ID only; never from train
images/dissertation_v1/ood/sensory_artifact/composite_layout/artifact_000045_03_composite_layout.png,1,train,synthetic_artifact,sensory_artifact,composite_layout,derived_from_synthetic_faf,,derived_or_generated_synthetic,test,ef63cfb945e1a3d78521855d5f6952aa53978329cac1c5e3ec5af009b01cb680,0d8179602a20b54a7b76b2646b6ca767cab75446932874d1ef601275c796d6ba,composite_layout,,generated from held-out ID only; never from train
images/dissertation_v1/ood/sensory_artifact/composite_layout/artifact_000046_03_composite_layout.png,1,train,synthetic_artifact,sensory_artifact,composite_layout,derived_from_synthetic_faf,,derived_or_generated_synthetic,test,517eabf3ee1eb3366e9ffc3b2f66b03e87e0b1230965d9afaf6a061a0078f045,13e2d91e78a8714c322247a847463a3c9b3942269050fac1dac7fa44bf951da6,composite_layout,,generated from held-out ID only; never from train
images/dissertation_v1/ood/sensory_artifact/composite_layout/artifact_000049_03_composite_layout.png,1,train,synthetic_artifact,sensory_artifact,composite_layout,derived_from_synthetic_faf,,derived_or_generated_synthetic,test,a47b4a7d5719a67a55f57a25c96dfc5727c7dbbba4e51646d7915517a5d2ccd2,c61302a2ed48ff4f37562e3a39d8ad46a99270bf3b70b90085f1d38ef8b2b122,composite_layout,,generated from held-out ID only; never from train
images/dissertation_v1/ood/sensory_artifact/composite_layout/artifact_000050_03_composite_layout.png,1,train,synthetic_artifact,sensory_artifact,composite_layout,derived_from_synthetic_faf,,derived_or_generated_synthetic,test,a792842d9a19af1f61af509e13545ef0f11503163ed0bf8e0dc5c2205a3c6d9f,3e2c8579f7265860b011fe747af201935e3621054f77e9ddfe92505744ff4141,composite_layout,,generated from held-out ID only; never from train
images/dissertation_v1/ood/sensory_artifact/composite_layout/artifact_000052_03_composite_layout.png,1,train,synthetic_artifact,sensory_artifact,composite_layout,derived_from_synthetic_faf,,derived_or_generated_synthetic,test,986a4e54bd98654c597885093f57b8f6b6b01d62faedd9c2309d69e3eb7cd5ed,cd9af11e8731f9a6b9d13f0180c06c1f60c2ae8a695e16abc6268b79f1026b1e,composite_layout,,generated from held-out ID only; never from train
images/dissertation_v1/ood/sensory_artifact/composite_layout/artifact_000053_03_composite_layout.png,1,train,synthetic_artifact,sensory_artifact,composite_layout,derived_from_synthetic_faf,,derived_or_generated_synthetic,test,26ca9e371c0a83c34370b7a00c424093e9431be7c038ec569e2b4954fb581a6a,2e75a99248d3ec4b650068aec6b8ba48becf403fe672e40267ecffa7fc22b01f,composite_layout,,generated from held-out ID only; never from train
images/dissertation_v1/ood/sensory_artifact/composite_layout/artifact_000056_03_composite_layout.png,1,train,synthetic_artifact,sensory_artifact,composite_layout,derived_from_synthetic_faf,,derived_or_generated_synthetic,test,e132802f12378d6ae3cf1fcda25bf2f7f3a17a071992a10df73f79305bf6a805,5cac36dc7dbb94150b4cd1703091de1fb9f3dc8fb4edfd870bfc1b1f799f0eab,composite_layout,,generated from held-out ID only; never from train
images/dissertation_v1/ood/sensory_artifact/composite_layout/artifact_000057_03_composite_layout.png,1,train,synthetic_artifact,sensory_artifact,composite_layout,derived_from_synthetic_faf,,derived_or_generated_synthetic,test,3e0af8389f8c556cdd62e10f0ceb3f0878d888db3450c94f1b878804bf76df86,31b43cdb11ddd17ba24311605ad64723ef0f74ce4e8dce09319ba9a7cb6f1b1e,composite_layout,,generated from held-out ID only; never from train
images/dissertation_v1/ood/sensory_artifact/composite_layout/artifact_000058_03_composite_layout.png,1,train,synthetic_artifact,sensory_artifact,composite_layout,derived_from_synthetic_faf,,derived_or_generated_synthetic,test,04096ffb6696a68524590e00e2e99dcdcd1695df8a8fe7c07e9f48b7f726824f,1e2992825661100b10f082d608b60f166b2eecdd1dcd52d490128ed1a1ac49f4,composite_layout,,generated from held-out ID only; never from train
images/dissertation_v1/ood/sensory_artifact/composite_layout/artifact_000059_03_composite_layout.png,1,train,synthetic_artifact,sensory_artifact,composite_layout,derived_from_synthetic_faf,,derived_or_generated_synthetic,test,1ee194b3095061834cb76bb04f4fdb4fff2bab6aadaa1117658ba83915e9ab16,2869b22fa7b02533b8e39d46cc06f3f911655ac33a2ad6eb153d8279df5416b4,composite_layout,,generated from held-out ID only; never from train
images/dissertation_v1/ood/sensory_artifact/composite_layout/artifact_000060_03_composite_layout.png,1,train,synthetic_artifact,sensory_artifact,composite_layout,derived_from_synthetic_faf,,derived_or_generated_synthetic,test,692011fd22b71897e615691cef910a028a2359b06ea592e59ccf3b0d5fcd4c5f,3a1a39ff67d065cd684acfd8e796efadd79cc73dbda7ad12dc6627016af7bdfc,composite_layout,,generated from held-out ID only; never from train
images/dissertation_v1/ood/sensory_artifact/composite_layout/artifact_000062_03_composite_layout.png,1,train,synthetic_artifact,sensory_artifact,composite_layout,derived_from_synthetic_faf,,derived_or_generated_synthetic,test,efdea05c3c7f1b057f2299fbd12130580b623fcdfe0fa6bb5fa00cb35d81d62b,00811fb76c52f5c2bd8a6d96a6c619f11efac29ad5d8de78e863a4026b14a14e,composite_layout,,generated from held-out ID only; never from train
images/dissertation_v1/ood/sensory_artifact/composite_layout/artifact_000064_03_composite_layout.png,1,train,synthetic_artifact,sensory_artifact,composite_layout,derived_from_synthetic_faf,,derived_or_generated_synthetic,test,94cbaaad7daae12538741714658adc236d8053254c5356c73d2a096eeca4c820,ed76f75a6431df837a0c96248c6d34a5feb8814386e0bff5e1c0200bdd9bde1c,composite_layout,,generated from held-out ID only; never from train
images/dissertation_v1/ood/sensory_artifact/composite_layout/artifact_000065_03_composite_layout.png,1,train,synthetic_artifact,sensory_artifact,composite_layout,derived_from_synthetic_faf,,derived_or_generated_synthetic,test,e4c8be39916fdfc8efbe3c4cdbe269cf52d8c9b9209dcf7f19d56ba6c24abe86,1460815c49f046447b715c813ef49142cfbdb7f75ab3bd32fcd769d05a3a3d64,composite_layout,,generated from held-out ID only; never from train
images/dissertation_v1/ood/sensory_artifact/composite_layout/artifact_000066_03_composite_layout.png,1,train,synthetic_artifact,sensory_artifact,composite_layout,derived_from_synthetic_faf,,derived_or_generated_synthetic,test,fd7da20cba52086644e32ea80e283f256709e3795aabe3e2bab418e8f5507404,bb563bc3bd6ec78b7023ed22eaaf1c66956f573f9bed0d4f9eb07fb708f4c884,composite_layout,,generated from held-out ID only; never from train
images/dissertation_v1/ood/sensory_artifact/composite_layout/artifact_000067_03_composite_layout.png,1,train,synthetic_artifact,sensory_artifact,composite_layout,derived_from_synthetic_faf,,derived_or_generated_synthetic,test,3b1d817da4a5b321047b6fe79b8d796eda52450fc63c4623fffc8bc9f4bc79fc,4537ee987e4cbb0f7d661f6b948ff440ff86ec102fe5267eab5b4c44a7b75a92,composite_layout,,generated from held-out ID only; never from train
images/dissertation_v1/ood/sensory_artifact/composite_layout/artifact_000068_03_composite_layout.png,1,train,synthetic_artifact,sensory_artifact,composite_layout,derived_from_synthetic_faf,,derived_or_generated_synthetic,test,accd0d228764bafc8e309edd1402a99e65a785f6201f75b56b1da9673176a9a5,6ff2c1217680eacf96b4149f1aeee26dcc37d0ca75e45f771425bc60b0396662,composite_layout,,generated from held-out ID only; never from train
images/dissertation_v1/ood/sensory_artifact/composite_layout/artifact_000069_03_composite_layout.png,1,train,synthetic_artifact,sensory_artifact,composite_layout,derived_from_synthetic_faf,,derived_or_generated_synthetic,test,afa7e2df7dceb70f4e7a3cfbe443e31d682a9d467cdedfd1b99f3a39d950ca64,085c1b474fee2d6f0ae2e0bc9a953b1ed0e5f7f24e3106a6f47fec651897025f,composite_layout,,generated from held-out ID only; never from train
images/dissertation_v1/ood/sensory_artifact/composite_layout/artifact_000071_03_composite_layout.png,1,train,synthetic_artifact,sensory_artifact,composite_layout,derived_from_synthetic_faf,,derived_or_generated_synthetic,test,a14ccb95073fd2c212b5ff595f2124f1d4912315eeceb6347e4470650875dbcb,c8eb47ac0768a5c9f9470dbb0e16e100847b28bcd7869d7962a0bffd9aa914e0,composite_layout,,generated from held-out ID only; never from train
images/dissertation_v1/ood/sensory_artifact/composite_layout/artifact_000074_03_composite_layout.png,1,train,synthetic_artifact,sensory_artifact,composite_layout,derived_from_synthetic_faf,,derived_or_generated_synthetic,test,ad4acd931509166c90f3d4c2cdd7098e7b61d171b06fb21a78989feb1e144c73,121676a35541005d3f7f769e374c3ffc28e6ae19878fc3c1ecd6709102443fe7,composite_layout,,generated from held-out ID only; never from train
images/dissertation_v1/ood/sensory_artifact/composite_layout/artifact_000077_03_composite_layout.png,1,train,synthetic_artifact,sensory_artifact,composite_layout,derived_from_synthetic_faf,,derived_or_generated_synthetic,test,df721cd7979742d74f1e4f5af157d64ac2bd8f2f4ec34e3baf0be88ace33251b,e7627774111ea19b66b882a70a6b4e624d03c580bab2e995417adc97ae618fca,composite_layout,,generated from held-out ID only; never from train
images/dissertation_v1/ood/sensory_artifact/composite_layout/artifact_000078_03_composite_layout.png,1,train,synthetic_artifact,sensory_artifact,composite_layout,derived_from_synthetic_faf,,derived_or_generated_synthetic,test,4efb7a1631a9a3a42f6a220048250b34618a306ad7bc99af728f517eedb7b2ab,9af2f45d4b55869623d7ce9516709e60795adfd67a812b55afb17354b9baf5d2,composite_layout,,generated from held-out ID only; never from train
images/dissertation_v1/ood/sensory_artifact/composite_layout/artifact_000080_03_composite_layout.png,1,train,synthetic_artifact,sensory_artifact,composite_layout,derived_from_synthetic_faf,,derived_or_generated_synthetic,test,07db526ca58462510151c92f228c853e76037310af7dc39272de1d3ee27074b0,0eaca6deb2f0b650a1e35e11befa7e12fba953dbc19c3512fafc20bebd5fb815,composite_layout,,generated from held-out ID only; never from train
images/dissertation_v1/ood/sensory_artifact/composite_layout/artifact_000081_03_composite_layout.png,1,train,synthetic_artifact,sensory_artifact,composite_layout,derived_from_synthetic_faf,,derived_or_generated_synthetic,test,edf0ef15f2a6f9534546174e0478fc1abb7c05f8318d93c0fb3d3237e309afad,9c236864c4a7287d1a3842022901afb11f7ce1717d553e2fb931863137eb46fd,composite_layout,,generated from held-out ID only; never from train
images/dissertation_v1/ood/sensory_artifact/composite_layout/artifact_000082_03_composite_layout.png,1,train,synthetic_artifact,sensory_artifact,composite_layout,derived_from_synthetic_faf,,derived_or_generated_synthetic,test,d19731cce810e964fb8906bba555ea2fa9be0ddfde67f7973507637cc0bab247,5d2c59717f3d4d8170ce1f409aaaf7db80f7ae2685fb909f9db1013ab32d5c49,composite_layout,,generated from held-out ID only; never from train
images/dissertation_v1/ood/sensory_artifact/composite_layout/artifact_000083_03_composite_layout.png,1,train,synthetic_artifact,sensory_artifact,composite_layout,derived_from_synthetic_faf,,derived_or_generated_synthetic,test,e85cb975ab78215695c8957138251367158f123554405a37e29641625f202e2a,df613791d34fe58c411d97501d84cfb02169bdf725504320c7577d8b9b232dfc,composite_layout,,generated from held-out ID only; never from train
images/dissertation_v1/ood/sensory_artifact/composite_layout/artifact_000084_03_composite_layout.png,1,train,synthetic_artifact,sensory_artifact,composite_layout,derived_from_synthetic_faf,,derived_or_generated_synthetic,test,53ec48e7d38c73c9d53a6b552f1bb4c01b9432a06ccace2b98269686873a6c6c,78be763eaa256c23ee59dbb43099a704088867a498e0712f9b39fca6e2a1a9e5,composite_layout,,generated from held-out ID only; never from train
images/dissertation_v1/ood/sensory_artifact/composite_layout/artifact_000088_03_composite_layout.png,1,train,synthetic_artifact,sensory_artifact,composite_layout,derived_from_synthetic_faf,,derived_or_generated_synthetic,test,e5ab8b7135285ba5a6a778475add96baa64e109ec0a5926b199f088f86ffe5d3,f17437fbc8ba0a64d77cc3c9bf74907c67242c244da975a5c736668c80ba36ff,composite_layout,,generated from held-out ID only; never from train
images/dissertation_v1/ood/sensory_artifact/composite_layout/artifact_000091_03_composite_layout.png,1,train,synthetic_artifact,sensory_artifact,composite_layout,derived_from_synthetic_faf,,derived_or_generated_synthetic,test,364674caab423a74eb54243e8d86dc4e5f0f7291cef576cc5d3bf82ca94538d1,aad7e429cc48dcdb1988b8ca4ee0525bf04dee268b8380a14b179424300151d6,composite_layout,,generated from held-out ID only; never from train
images/dissertation_v1/ood/sensory_artifact/composite_layout/artifact_000092_03_composite_layout.png,1,train,synthetic_artifact,sensory_artifact,composite_layout,derived_from_synthetic_faf,,derived_or_generated_synthetic,test,8df97ddf7fe0567efc99bf7daf30745666d313dadb6905ac29dcdc9b48d17c59,7baa285b08e495d0697e82cc730097fc88a015655219451703d4b74cf88e04bf,composite_layout,,generated from held-out ID only; never from train
images/dissertation_v1/ood/sensory_artifact/composite_layout/artifact_000093_03_composite_layout.png,1,train,synthetic_artifact,sensory_artifact,composite_layout,derived_from_synthetic_faf,,derived_or_generated_synthetic,test,c1a84981a4ce8577d5874d2a5963850d3356d2e4b0ced1c8851aab4dafc701f9,0494612ae7255e132e9406a894d25bd19a533be196b9734af9000d922c17b3cc,composite_layout,,generated from held-out ID only; never from train
images/dissertation_v1/ood/sensory_artifact/composite_layout/artifact_000094_03_composite_layout.png,1,train,synthetic_artifact,sensory_artifact,composite_layout,derived_from_synthetic_faf,,derived_or_generated_synthetic,test,f23f0c7ffaaf5a1158f200cb4a5912beadf718e6e504c9e5407167fc28520467,ee8fa9a0a71d9854bc709dffc04506fd677490df5d65bac869c0430e8faf78bd,composite_layout,,generated from held-out ID only; never from train
images/dissertation_v1/ood/sensory_artifact/composite_layout/artifact_000095_03_composite_layout.png,1,train,synthetic_artifact,sensory_artifact,composite_layout,derived_from_synthetic_faf,,derived_or_generated_synthetic,test,d2e4eb1fbbfa42be227b730caf74e8be0d2d3dc2b0f3c849ccbece8e9728bf92,36c01ce75ef8cd22d56a154a5e850c4a421754027b40778b2ec4204014e0ab30,composite_layout,,generated from held-out ID only; never from train
images/dissertation_v1/ood/sensory_artifact/composite_layout/artifact_000096_03_composite_layout.png,1,train,synthetic_artifact,sensory_artifact,composite_layout,derived_from_synthetic_faf,,derived_or_generated_synthetic,test,457bdef4103be9b02f2c41b082b922167906a4dfd80c3891ac22a0ea6809ae49,618463cdedc1dfd6f8a910f4da6b05226a0546e4ace629eb24575e221d643b5a,composite_layout,,generated from held-out ID only; never from train
images/dissertation_v1/ood/sensory_artifact/composite_layout/artifact_000097_03_composite_layout.png,1,train,synthetic_artifact,sensory_artifact,composite_layout,derived_from_synthetic_faf,,derived_or_generated_synthetic,test,2d07656a8b9e993dc4cd4706b989bd03f971de61af4f355409a642a93d56b48b,a26e723e6ba939ae702551afe52c3c0750071c1c2e15bf59e1e3a5e9360598c1,composite_layout,,generated from held-out ID only; never from train
images/dissertation_v1/ood/sensory_artifact/composite_layout/artifact_000098_03_composite_layout.png,1,train,synthetic_artifact,sensory_artifact,composite_layout,derived_from_synthetic_faf,,derived_or_generated_synthetic,test,26d99cdbffa7a389a54a9ff6f1beb1b3958df62a150e61eabc0f24348a326708,ad1776fe9a4a4e0ac6dbc4fc86dc77490335756c571e1cac5c09b465f0c4b535,composite_layout,,generated from held-out ID only; never from train
images/dissertation_v1/ood/sensory_artifact/composite_layout/artifact_000101_03_composite_layout.png,1,train,synthetic_artifact,sensory_artifact,composite_layout,derived_from_synthetic_faf,,derived_or_generated_synthetic,test,45168e27470d7bb3a407da39040da39105a2dc3ba667299ae3f2682245d1765d,fd219f500dae4056481182b308e0fcd849c7712eea0f81adbed8fdb9fb27b484,composite_layout,,generated from held-out ID only; never from train
images/dissertation_v1/ood/sensory_artifact/composite_layout/artifact_000108_03_composite_layout.png,1,train,synthetic_artifact,sensory_artifact,composite_layout,derived_from_synthetic_faf,,derived_or_generated_synthetic,test,55d9b7f681e1004342f0ef1a9b7d3a134b0fb9b46f771f81692d1546c28f2775,7d72468a874689e25e4b5a25de725a8c0569ab36560fb167471c695722a7a5a1,composite_layout,,generated from held-out ID only; never from train
images/dissertation_v1/ood/sensory_artifact/composite_layout/artifact_000109_03_composite_layout.png,1,train,synthetic_artifact,sensory_artifact,composite_layout,derived_from_synthetic_faf,,derived_or_generated_synthetic,test,3bebbd5f1942c7337aeca5a3066a546c757f941eefacd0108cc12167e16b5b9d,34f334303d87d3fece2fa5c693e847b9026173d7beed69537aeda43d5b114c55,composite_layout,,generated from held-out ID only; never from train
images/dissertation_v1/ood/sensory_artifact/composite_layout/artifact_000110_03_composite_layout.png,1,train,synthetic_artifact,sensory_artifact,composite_layout,derived_from_synthetic_faf,,derived_or_generated_synthetic,test,76faba9fca98f5e71b2449a892e0a564944f5356a50610db45db36bdfe16e2af,fee378e906a17520f332f1acc698a2c84788b70cd2669ff7b40c88519c15f9d4,composite_layout,,generated from held-out ID only; never from train
images/dissertation_v1/ood/sensory_artifact/composite_layout/artifact_000111_03_composite_layout.png,1,train,synthetic_artifact,sensory_artifact,composite_layout,derived_from_synthetic_faf,,derived_or_generated_synthetic,test,ee0db271de3e8ae691d248c3b6d4265f75048f5f77cacccbdef3bdc0cb26f5c4,7e805b2a3e3142002e88d10d7f9ccbf84feaf1272c5f6cb33d29ef76ae2883cd,composite_layout,,generated from held-out ID only; never from train
images/dissertation_v1/ood/sensory_artifact/composite_layout/artifact_000113_03_composite_layout.png,1,train,synthetic_artifact,sensory_artifact,composite_layout,derived_from_synthetic_faf,,derived_or_generated_synthetic,test,1ed621de99f0bec3c97a0d6c00313b1a54cc3158e645ca1cd6748b90119565e4,f0a16dcee05bb93fc69293dec6b37b44edad69ce668e805549309e0aa6a401cc,composite_layout,,generated from held-out ID only; never from train
images/dissertation_v1/ood/sensory_artifact/composite_layout/artifact_000114_03_composite_layout.png,1,train,synthetic_artifact,sensory_artifact,composite_layout,derived_from_synthetic_faf,,derived_or_generated_synthetic,test,396e3a33b6e6862396cfae14a6b1976191a558ba6c83c7a9b9f8ab53233893ed,f899478c2f1d44604649c59e088f1ba582e468bacf515f9dd0249ee2cf16e0bb,composite_layout,,generated from held-out ID only; never from train
images/dissertation_v1/ood/sensory_artifact/composite_layout/artifact_000115_03_composite_layout.png,1,train,synthetic_artifact,sensory_artifact,composite_layout,derived_from_synthetic_faf,,derived_or_generated_synthetic,test,4dd4a5200f9557c57abb892583582280467b989019f97cf9693660fcf3a8aba9,f9dd7c6f3daaf3b557787bcdc1c3ecdd27fc21186ef190f88728218f6cea9bde,composite_layout,,generated from held-out ID only; never from train
images/dissertation_v1/ood/sensory_artifact/composite_layout/artifact_000116_03_composite_layout.png,1,train,synthetic_artifact,sensory_artifact,composite_layout,derived_from_synthetic_faf,,derived_or_generated_synthetic,test,4897c924f6a6fab98f10b485d3863a3602a228c6dbbfb42f88236a76b093349b,981c3d303c80b102eddb306f12e711c2b30df817b3cb9896889b09c72edee0dc,composite_layout,,generated from held-out ID only; never from train
images/dissertation_v1/ood/sensory_artifact/composite_layout/artifact_000117_03_composite_layout.png,1,train,synthetic_artifact,sensory_artifact,composite_layout,derived_from_synthetic_faf,,derived_or_generated_synthetic,test,6c7dfb0e33cfa189bb5399cc7807fbafd86324ca2f53fdb5a30e8eb0f76c7375,926e949cdcd11564e0a20d9021643664885781b0fd8a55b1def573c0e78352e6,composite_layout,,generated from held-out ID only; never from train
images/dissertation_v1/ood/sensory_artifact/composite_layout/artifact_000118_03_composite_layout.png,1,train,synthetic_artifact,sensory_artifact,composite_layout,derived_from_synthetic_faf,,derived_or_generated_synthetic,test,cc5b94527b29ad7205ec28065f26cf96b60332a7239255bd82dc030ece3a1da9,16a1cc371228bd768eab2f371a75231fdc942e4ef4305c0baa4d1cba546b88bd,composite_layout,,generated from held-out ID only; never from train
images/dissertation_v1/ood/sensory_artifact/composite_layout/artifact_000119_03_composite_layout.png,1,train,synthetic_artifact,sensory_artifact,composite_layout,derived_from_synthetic_faf,,derived_or_generated_synthetic,test,3bab7805a044f5985f1f114c4c3f26dffff99ed787a6e658f7bd453b1073cd17,53bf5530df489572f1275cb4607b1bfd1a3e739f55de2f976346ef16b04c2aec,composite_layout,,generated from held-out ID only; never from train
images/dissertation_v1/ood/sensory_artifact/composite_layout/artifact_000120_03_composite_layout.png,1,train,synthetic_artifact,sensory_artifact,composite_layout,derived_from_synthetic_faf,,derived_or_generated_synthetic,test,77a7beb211179b5d4e60d5f154f301e5786075117cf94e54f522146817c2b8ff,6050df662b7b43400e1ebcf42f771fb1a9c17485583af5e78204a70a08fb29c9,composite_layout,,generated from held-out ID only; never from train
images/dissertation_v1/ood/sensory_artifact/composite_layout/artifact_000121_03_composite_layout.png,1,train,synthetic_artifact,sensory_artifact,composite_layout,derived_from_synthetic_faf,,derived_or_generated_synthetic,test,5a1b9aa05921612eb25699ac408bab845598c5a3cb0cf46a2b76e460dfae11da,76663bd120041d5058985d3efa42b23e50de4086393997695a050775c4116f62,composite_layout,,generated from held-out ID only; never from train
images/dissertation_v1/ood/sensory_artifact/composite_layout/artifact_000122_03_composite_layout.png,1,train,synthetic_artifact,sensory_artifact,composite_layout,derived_from_synthetic_faf,,derived_or_generated_synthetic,test,95bcb5b543bb2aadf32ba977784da52d61ef686486726654e12ebdfcea022ac1,265117c12dd093ed24562953f1f5fb10cc2a9ed74f2fac2312bd6629f939e390,composite_layout,,generated from held-out ID only; never from train
images/dissertation_v1/ood/sensory_artifact/composite_layout/artifact_000123_03_composite_layout.png,1,train,synthetic_artifact,sensory_artifact,composite_layout,derived_from_synthetic_faf,,derived_or_generated_synthetic,test,9848d2abbfa0b409517bf87e5729df918a5154380c1ccf1f7e6484a75704f7f2,b328236f8fa5eb08baa181006074cf4b8eff61f785d6eb4b718b87b3c240b6fd,composite_layout,,generated from held-out ID only; never from train
images/dissertation_v1/ood/sensory_artifact/composite_layout/artifact_000126_03_composite_layout.png,1,train,synthetic_artifact,sensory_artifact,composite_layout,derived_from_synthetic_faf,,derived_or_generated_synthetic,test,c245ae563c1353b3df0d1a5d5a25224f205842a1ffc247b5ceda920141e550ca,5446b4ae0522888c46e2a57681584485ab4f74679b96a1ec7d3dc0edbe4e24e6,composite_layout,,generated from held-out ID only; never from train
images/dissertation_v1/ood/sensory_artifact/composite_layout/artifact_000127_03_composite_layout.png,1,train,synthetic_artifact,sensory_artifact,composite_layout,derived_from_synthetic_faf,,derived_or_generated_synthetic,test,31610914326b88024e8aa7a1a08d484aa9b026faf172b199bb149f149edaac8a,1d9bde0c3df2046a73385263a0f0f6b667dc8fcc40164c4219c812103b6ed89a,composite_layout,,generated from held-out ID only; never from train
images/dissertation_v1/ood/sensory_artifact/composite_layout/artifact_000130_03_composite_layout.png,1,train,synthetic_artifact,sensory_artifact,composite_layout,derived_from_synthetic_faf,,derived_or_generated_synthetic,test,b0d07706a04f6851b7bf190d3e29ab94c86e095e8ca39620b27c138888a41f8c,69bda353d331eb52b616773a3917d7c88596a2387ba6f07730fe1843535de574,composite_layout,,generated from held-out ID only; never from train
images/dissertation_v1/ood/sensory_artifact/composite_layout/artifact_000132_03_composite_layout.png,1,train,synthetic_artifact,sensory_artifact,composite_layout,derived_from_synthetic_faf,,derived_or_generated_synthetic,test,088e599534d63e66d81a9ec263ba342afdfe317bb6691b72d53759b4332b1bcd,3d935e27dafdbe49c27687fb83e10449e0a19e157734e6fa837e700ba93cefae,composite_layout,,generated from held-out ID only; never from train
images/dissertation_v1/ood/sensory_artifact/composite_layout/artifact_000134_03_composite_layout.png,1,train,synthetic_artifact,sensory_artifact,composite_layout,derived_from_synthetic_faf,,derived_or_generated_synthetic,test,efd71e5b57cdf1c0153b775b999d728e0bc3cc8f17dd7ebbeffcc83c587053b8,7c7ce6b5321de586e2a73555e7709e226600e93382ad9f6a36e75d0d790f2ff8,composite_layout,,generated from held-out ID only; never from train
images/dissertation_v1/ood/sensory_artifact/composite_layout/artifact_000136_03_composite_layout.png,1,train,synthetic_artifact,sensory_artifact,composite_layout,derived_from_synthetic_faf,,derived_or_generated_synthetic,test,f255a63cf9157c4df171e08e8c198a77b56593ec8685f4c66fb2d1f1ef37c425,f2a50ebec8d4c518d3dddfc9a597c3cd31e78cd19d54e81a0d05b6e0154973a6,composite_layout,,generated from held-out ID only; never from train
images/dissertation_v1/ood/sensory_artifact/composite_layout/artifact_000137_03_composite_layout.png,1,train,synthetic_artifact,sensory_artifact,composite_layout,derived_from_synthetic_faf,,derived_or_generated_synthetic,test,375ec84d486e291bacbe1669c499d69668669eab47dce51359473dfa5691ce37,7a794e04216d10b75a621304cc1d0fc7699b12295c58000ad5f0d937c8cafdea,composite_layout,,generated from held-out ID only; never from train
images/dissertation_v1/ood/sensory_artifact/composite_layout/artifact_000140_03_composite_layout.png,1,train,synthetic_artifact,sensory_artifact,composite_layout,derived_from_synthetic_faf,,derived_or_generated_synthetic,test,90a5ceff5d10f5273b8185128af9bf13f93593386c36f2f602437d4d7e2f6cc5,c3e729187cae4fd775b713fa853a2456200b4faab0240643a30ad5594fc62d51,composite_layout,,generated from held-out ID only; never from train
images/dissertation_v1/ood/sensory_artifact/composite_layout/artifact_000141_03_composite_layout.png,1,train,synthetic_artifact,sensory_artifact,composite_layout,derived_from_synthetic_faf,,derived_or_generated_synthetic,test,d200596e7307dc495b71dc284d3bf61c69bf66812e8bb9c7c1b93e1e353edfac,1ecac33ab07d51111996036ab3fb88d5c08e171ff2a971e9acf5525296dea1c7,composite_layout,,generated from held-out ID only; never from train
images/dissertation_v1/ood/sensory_artifact/composite_layout/artifact_000147_03_composite_layout.png,1,train,synthetic_artifact,sensory_artifact,composite_layout,derived_from_synthetic_faf,,derived_or_generated_synthetic,test,6f34fdc2dd2d5748630fdf228b5d6de8e542eefd72dd2e8bdb82918fc090ef7f,2e934d86b1b37029c030e42e88b7112e2b5f81459322644877d85a5593aed347,composite_layout,,generated from held-out ID only; never from train
images/dissertation_v1/ood/sensory_artifact/gaussian_noise/artifact_000001_06_gaussian_noise.png,1,train,synthetic_artifact,sensory_artifact,gaussian_noise,derived_from_synthetic_faf,,derived_or_generated_synthetic,test,7d5494158f84ac887950302865478f554edba025f9d2dac3751acdc6ed833cb1,1a6fa85a126f3582d51f16ba281f47c1bf2c3e337748511a1c45e4ec0a690674,gaussian_noise,,generated from held-out ID only; never from train
images/dissertation_v1/ood/sensory_artifact/gaussian_noise/artifact_000003_06_gaussian_noise.png,1,train,synthetic_artifact,sensory_artifact,gaussian_noise,derived_from_synthetic_faf,,derived_or_generated_synthetic,test,7059eea5877add5fa661b6d3cbc5792b4b2588d3a2f28e4519ad13277611a4fd,24867463de88a27ed6056975a06b9e4409f987ffdcd4aa9d1894d7af0baf32f5,gaussian_noise,,generated from held-out ID only; never from train
images/dissertation_v1/ood/sensory_artifact/gaussian_noise/artifact_000006_06_gaussian_noise.png,1,train,synthetic_artifact,sensory_artifact,gaussian_noise,derived_from_synthetic_faf,,derived_or_generated_synthetic,test,28acd7354d0bbd5224205597f8659e100f5045c5909d101b7a5562c0e43f0b7a,31d5f5ed5ac046981c6cb1df50192091daa4b282d054e8095b9e025b42afeb88,gaussian_noise,,generated from held-out ID only; never from train
images/dissertation_v1/ood/sensory_artifact/gaussian_noise/artifact_000007_06_gaussian_noise.png,1,train,synthetic_artifact,sensory_artifact,gaussian_noise,derived_from_synthetic_faf,,derived_or_generated_synthetic,test,cfdf7b7dcc5fe032f6ed0800a62fc5d803b42d8fdcae42426dcbede3f45f07aa,f42ab30d20b276c5fba40818aeb540adbd4fef553ec7196ea828c0a30f5f349f,gaussian_noise,,generated from held-out ID only; never from train
images/dissertation_v1/ood/sensory_artifact/gaussian_noise/artifact_000009_06_gaussian_noise.png,1,train,synthetic_artifact,sensory_artifact,gaussian_noise,derived_from_synthetic_faf,,derived_or_generated_synthetic,test,c9d3ebf26cb710b02d24a445642c00acd17ada955dcaec5c6d8bd3fc9fdd82f9,2921bd55bd6a1e0c179915271aa18bb9e1f22a278d1c127770fec0cb54d7d88d,gaussian_noise,,generated from held-out ID only; never from train
images/dissertation_v1/ood/sensory_artifact/gaussian_noise/artifact_000010_06_gaussian_noise.png,1,train,synthetic_artifact,sensory_artifact,gaussian_noise,derived_from_synthetic_faf,,derived_or_generated_synthetic,test,927ebd2bd078fac2fa9edeaf548f01636b278c70e80c083eec31a62645777644,2ce067e78529d59ae5f2ff71b02be86e4f62371b0aa31810d2047f115fe68900,gaussian_noise,,generated from held-out ID only; never from train
images/dissertation_v1/ood/sensory_artifact/gaussian_noise/artifact_000012_06_gaussian_noise.png,1,train,synthetic_artifact,sensory_artifact,gaussian_noise,derived_from_synthetic_faf,,derived_or_generated_synthetic,test,cee5054909ed7ea5c61291f5e6970d66a862e21b5d27556a7d5fd296ce335d13,d924c9e1fbeb5b22e9ce25fbb30850ed8464394de79d31630d85707afefbd75b,gaussian_noise,,generated from held-out ID only; never from train
images/dissertation_v1/ood/sensory_artifact/gaussian_noise/artifact_000013_06_gaussian_noise.png,1,train,synthetic_artifact,sensory_artifact,gaussian_noise,derived_from_synthetic_faf,,derived_or_generated_synthetic,test,13a1db742f91cd02fa4039068af1ffcd41d1ae03c339b2aba885ebf5dd3d683f,0b875e277b8f1482ac5d0457e95fcb05cd77208c0e9e5356f266f98ccab7e3ed,gaussian_noise,,generated from held-out ID only; never from train
images/dissertation_v1/ood/sensory_artifact/gaussian_noise/artifact_000014_06_gaussian_noise.png,1,train,synthetic_artifact,sensory_artifact,gaussian_noise,derived_from_synthetic_faf,,derived_or_generated_synthetic,test,54ff96445adda9ac9981692e9d2f6c861c7ba65e63c6c576d80ef422cfd792d8,50eb07963b954a027224c212fef91ed6b91ad3d68a58e0fb6e2fd32ccb4b8bd1,gaussian_noise,,generated from held-out ID only; never from train
images/dissertation_v1/ood/sensory_artifact/gaussian_noise/artifact_000015_06_gaussian_noise.png,1,train,synthetic_artifact,sensory_artifact,gaussian_noise,derived_from_synthetic_faf,,derived_or_generated_synthetic,test,9999dc5c77e4f9a6cd0dfce7331fc3bffa6d4e98d3f9b4adeec076c6e7830c91,38fbaedc8df6557c3519716071afbe70dbb54496bc3eda4dbd28443246ef0539,gaussian_noise,,generated from held-out ID only; never from train
images/dissertation_v1/ood/sensory_artifact/gaussian_noise/artifact_000016_06_gaussian_noise.png,1,train,synthetic_artifact,sensory_artifact,gaussian_noise,derived_from_synthetic_faf,,derived_or_generated_synthetic,test,80526f6dcdb9749ea287db7df149dd0a1f25fd128f16a08c986afcc432799888,9c16a2d52b66788ef6f4635487fc55e1b8f9abf860695b606defc6a4d6726219,gaussian_noise,,generated from held-out ID only; never from train
images/dissertation_v1/ood/sensory_artifact/gaussian_noise/artifact_000018_06_gaussian_noise.png,1,train,synthetic_artifact,sensory_artifact,gaussian_noise,derived_from_synthetic_faf,,derived_or_generated_synthetic,test,2bd5ff378be48b78a109a9220905284838809517560c2837597e723321e561fc,fd6fd89f280a24b4873a415a5fc1f7315de7c22e49be7073c6a9348d08c1f07b,gaussian_noise,,generated from held-out ID only; never from train
images/dissertation_v1/ood/sensory_artifact/gaussian_noise/artifact_000019_06_gaussian_noise.png,1,train,synthetic_artifact,sensory_artifact,gaussian_noise,derived_from_synthetic_faf,,derived_or_generated_synthetic,test,17c5e2fb37305a637d817c15a8d05947ba6cc3f127f5c0e209bfab0837be5055,f9a033e1944d7b29d126d036c4a91b903f0c3c335a85177788beafc3fe8b70da,gaussian_noise,,generated from held-out ID only; never from train
images/dissertation_v1/ood/sensory_artifact/gaussian_noise/artifact_000020_06_gaussian_noise.png,1,train,synthetic_artifact,sensory_artifact,gaussian_noise,derived_from_synthetic_faf,,derived_or_generated_synthetic,test,39e888b9dc5128a806cbee7ce6502d44b794dbbabeb6422fa11a7f7e7e139099,5db33929cee5ce3d7b21de926a708da9a1e5e2b0c82a9430eebe1296f81aeaa3,gaussian_noise,,generated from held-out ID only; never from train
images/dissertation_v1/ood/sensory_artifact/gaussian_noise/artifact_000021_06_gaussian_noise.png,1,train,synthetic_artifact,sensory_artifact,gaussian_noise,derived_from_synthetic_faf,,derived_or_generated_synthetic,test,bf919aa1de04db79733ccecece13bb023a8cb84a59801a0246df55924e263742,4d03a1e9e5af412c9b0f27c2121c6702f6eac8ed7a1ee7be5bf7614449647c3f,gaussian_noise,,generated from held-out ID only; never from train
images/dissertation_v1/ood/sensory_artifact/gaussian_noise/artifact_000022_06_gaussian_noise.png,1,train,synthetic_artifact,sensory_artifact,gaussian_noise,derived_from_synthetic_faf,,derived_or_generated_synthetic,test,7cd475f25f8621dde4852dfeb1e06c87680715c445c430d0a3c0e3362d741b7c,8731067f5bddc9601fe392e35a58da1299a5178ab7dfa27ab0a5fa2737e53dc0,gaussian_noise,,generated from held-out ID only; never from train
images/dissertation_v1/ood/sensory_artifact/gaussian_noise/artifact_000023_06_gaussian_noise.png,1,train,synthetic_artifact,sensory_artifact,gaussian_noise,derived_from_synthetic_faf,,derived_or_generated_synthetic,test,57ae8fb626dcce5a6246a9032c1ac5c8d38d691796659a8598e29c2b070adbe2,5c5de26e3693925f8d2d12200aa1eb36cf8d4f5713ead728d3a3a64bb8722356,gaussian_noise,,generated from held-out ID only; never from train
images/dissertation_v1/ood/sensory_artifact/gaussian_noise/artifact_000028_06_gaussian_noise.png,1,train,synthetic_artifact,sensory_artifact,gaussian_noise,derived_from_synthetic_faf,,derived_or_generated_synthetic,test,979ccca7346547aab96d33e94ecf5f1f61d1e88e2442fac7de9469b3598d5e80,9fa756177a21820bc1bf3ee057de8b0c540d40ca1f6ce62ecbf8b4027efca125,gaussian_noise,,generated from held-out ID only; never from train
images/dissertation_v1/ood/sensory_artifact/gaussian_noise/artifact_000029_06_gaussian_noise.png,1,train,synthetic_artifact,sensory_artifact,gaussian_noise,derived_from_synthetic_faf,,derived_or_generated_synthetic,test,c2c1637e1a222d6bc233056119e9f6a1ed4ad205e5994bfdc7a6ed50399ecc0d,06df7d1f687f8a014291b723a7281d280cf107ae764e77fc64a0958208a42440,gaussian_noise,,generated from held-out ID only; never from train
images/dissertation_v1/ood/sensory_artifact/gaussian_noise/artifact_000031_06_gaussian_noise.png,1,train,synthetic_artifact,sensory_artifact,gaussian_noise,derived_from_synthetic_faf,,derived_or_generated_synthetic,test,6813d5761568cedb03dd804067c2ce8c197fb070cff1d6e0198af3cd4cdaca2e,d9566cc09f758dd1d317a06788b155dff7dfac4dd76e0832de3589651a4e8145,gaussian_noise,,generated from held-out ID only; never from train
images/dissertation_v1/ood/sensory_artifact/gaussian_noise/artifact_000033_06_gaussian_noise.png,1,train,synthetic_artifact,sensory_artifact,gaussian_noise,derived_from_synthetic_faf,,derived_or_generated_synthetic,test,63d22bd78a2f77d94c7bb427c3f2a8a859c82bae2181587dfea091a50ebc2135,4b7f0a7b00dfcf5ba2661e0bc56b7db00c61fe7777786f1f891fafb7ac03a267,gaussian_noise,,generated from held-out ID only; never from train
images/dissertation_v1/ood/sensory_artifact/gaussian_noise/artifact_000034_06_gaussian_noise.png,1,train,synthetic_artifact,sensory_artifact,gaussian_noise,derived_from_synthetic_faf,,derived_or_generated_synthetic,test,5c5778a4bfc840578e4f4439747bf6a19c1a98ce4cbba65da7cbf200ee66bf0a,c6dd7425043cfeb65df2eb62643ca92c65f1cc68ddf4eb024e5e570e98350746,gaussian_noise,,generated from held-out ID only; never from train
images/dissertation_v1/ood/sensory_artifact/gaussian_noise/artifact_000035_06_gaussian_noise.png,1,train,synthetic_artifact,sensory_artifact,gaussian_noise,derived_from_synthetic_faf,,derived_or_generated_synthetic,test,d724ae389d929edd5d8b9ec98c2b6362e99800fb6db923701f0dd22b31ade1ec,ad2206e763d2fe74e820f9849e3d5c70fae09a566c7d71af4a5642de99425176,gaussian_noise,,generated from held-out ID only; never from train
images/dissertation_v1/ood/sensory_artifact/gaussian_noise/artifact_000036_06_gaussian_noise.png,1,train,synthetic_artifact,sensory_artifact,gaussian_noise,derived_from_synthetic_faf,,derived_or_generated_synthetic,test,22a8d701e7c16f41194fd21533ee41f8508ed72180e3a0cb10a992911b266145,6ec6209b2791522f0608c0e98d17415b05002c0ab9a4d1fff0df547aa6b1ecab,gaussian_noise,,generated from held-out ID only; never from train
images/dissertation_v1/ood/sensory_artifact/gaussian_noise/artifact_000038_06_gaussian_noise.png,1,train,synthetic_artifact,sensory_artifact,gaussian_noise,derived_from_synthetic_faf,,derived_or_generated_synthetic,test,bae6fa1401754b32fc6a2cc745279cf103bb0ba1ec45123c88bc3f8505660a93,8cc0640073e0f9c820b460efc0c58ec7414b7e8df823d5f1c93b38ba793d8902,gaussian_noise,,generated from held-out ID only; never from train
images/dissertation_v1/ood/sensory_artifact/gaussian_noise/artifact_000039_06_gaussian_noise.png,1,train,synthetic_artifact,sensory_artifact,gaussian_noise,derived_from_synthetic_faf,,derived_or_generated_synthetic,test,05435f9b63592653dad7ac130eddcce3b113d4642b06ae16fd5a432f66b773ab,43e31a69e1ac562052f9cdbaced1925f36b93985a9d7052f8914674a577bd981,gaussian_noise,,generated from held-out ID only; never from train
images/dissertation_v1/ood/sensory_artifact/gaussian_noise/artifact_000040_06_gaussian_noise.png,1,train,synthetic_artifact,sensory_artifact,gaussian_noise,derived_from_synthetic_faf,,derived_or_generated_synthetic,test,376ae25cc67deb1df9c4c633d454caec0d7b8981981cbafa7f85080e597b102a,aa24c50bf2b5968019954cbc11eda597cb49e3a77a7856d909c0ad771f83887e,gaussian_noise,,generated from held-out ID only; never from train
images/dissertation_v1/ood/sensory_artifact/gaussian_noise/artifact_000041_06_gaussian_noise.png,1,train,synthetic_artifact,sensory_artifact,gaussian_noise,derived_from_synthetic_faf,,derived_or_generated_synthetic,test,32b6f2d786c3590375346e1f75c2d54d6b95435b698109d8865d5f6efcdf824c,81a78d254ea6b2a2f5a4affbfb96971984508cdd9229061837c581ec353ebdad,gaussian_noise,,generated from held-out ID only; never from train
images/dissertation_v1/ood/sensory_artifact/gaussian_noise/artifact_000042_06_gaussian_noise.png,1,train,synthetic_artifact,sensory_artifact,gaussian_noise,derived_from_synthetic_faf,,derived_or_generated_synthetic,test,5672a1bbc4fd6ee7e212a73444a03c109bc7f2b174cd3dc0514cd2d6fd1464d7,273764d7d1cede8a69d70059b769f9450f2e61759815e3353dd151ea1e884e41,gaussian_noise,,generated from held-out ID only; never from train
images/dissertation_v1/ood/sensory_artifact/gaussian_noise/artifact_000043_06_gaussian_noise.png,1,train,synthetic_artifact,sensory_artifact,gaussian_noise,derived_from_synthetic_faf,,derived_or_generated_synthetic,test,fa77b01ee4d2315b42432005814ad775d02ad0c10211d8ac82269ab5ad180222,04e999c3cc47238167c308d410eb7ec5ae292210ef634047c55982b81fa3012d,gaussian_noise,,generated from held-out ID only; never from train
images/dissertation_v1/ood/sensory_artifact/gaussian_noise/artifact_000044_06_gaussian_noise.png,1,train,synthetic_artifact,sensory_artifact,gaussian_noise,derived_from_synthetic_faf,,derived_or_generated_synthetic,test,968c5d09d8e0562ea4899a13e9d90e3c410a0833d110c17da2360044e892c326,a0fc7b7ace1490826b0bfc495d19e7bc00e13443171428e6b5659b32253005a7,gaussian_noise,,generated from held-out ID only; never from train
images/dissertation_v1/ood/sensory_artifact/gaussian_noise/artifact_000047_06_gaussian_noise.png,1,train,synthetic_artifact,sensory_artifact,gaussian_noise,derived_from_synthetic_faf,,derived_or_generated_synthetic,test,cf6a6e4896a24ed310057c1b161db6ca301dbea91c469a85fa653571c30503d1,9027c7c813d92085e7eb1335e0de9e66ebd9b6730a0da446ba8e26cfbd03b685,gaussian_noise,,generated from held-out ID only; never from train
images/dissertation_v1/ood/sensory_artifact/gaussian_noise/artifact_000048_06_gaussian_noise.png,1,train,synthetic_artifact,sensory_artifact,gaussian_noise,derived_from_synthetic_faf,,derived_or_generated_synthetic,test,337146bfe8b37abe553254c52c5c0108ef1d2d1d6a9ef19e0e879d52bffd9bfb,36f73c8b9761160f2d53cae70e3f531a67de1e24ad2ae6fcf48727198c793160,gaussian_noise,,generated from held-out ID only; never from train
images/dissertation_v1/ood/sensory_artifact/gaussian_noise/artifact_000049_06_gaussian_noise.png,1,train,synthetic_artifact,sensory_artifact,gaussian_noise,derived_from_synthetic_faf,,derived_or_generated_synthetic,test,1ef55eb38b79647a82f155ce87191b7ef27b3d4c42649bc92711c96ac28d6638,c61302a2ed48ff4f37562e3a39d8ad46a99270bf3b70b90085f1d38ef8b2b122,gaussian_noise,,generated from held-out ID only; never from train
images/dissertation_v1/ood/sensory_artifact/gaussian_noise/artifact_000050_06_gaussian_noise.png,1,train,synthetic_artifact,sensory_artifact,gaussian_noise,derived_from_synthetic_faf,,derived_or_generated_synthetic,test,7ed0c18442591a89b5505af72bdd9cc1922a5d3f1c07ee20d6feacd28bb2d9a9,3e2c8579f7265860b011fe747af201935e3621054f77e9ddfe92505744ff4141,gaussian_noise,,generated from held-out ID only; never from train
images/dissertation_v1/ood/sensory_artifact/gaussian_noise/artifact_000051_06_gaussian_noise.png,1,train,synthetic_artifact,sensory_artifact,gaussian_noise,derived_from_synthetic_faf,,derived_or_generated_synthetic,test,347b9e8c424ec3d0823a1001335ed6855f6458afc784e6cd2c04cc11e73d1618,d98c4689f08b345b86108e34cac4f9e60ff36db08a9d29d0e3243ca1cf2c6941,gaussian_noise,,generated from held-out ID only; never from train
images/dissertation_v1/ood/sensory_artifact/gaussian_noise/artifact_000053_06_gaussian_noise.png,1,train,synthetic_artifact,sensory_artifact,gaussian_noise,derived_from_synthetic_faf,,derived_or_generated_synthetic,test,e975797a9039f5d7aeea2624b8fc2437afce33c4c707f72cccca0114d57e14de,2e75a99248d3ec4b650068aec6b8ba48becf403fe672e40267ecffa7fc22b01f,gaussian_noise,,generated from held-out ID only; never from train
images/dissertation_v1/ood/sensory_artifact/gaussian_noise/artifact_000056_06_gaussian_noise.png,1,train,synthetic_artifact,sensory_artifact,gaussian_noise,derived_from_synthetic_faf,,derived_or_generated_synthetic,test,3918eae889d0eada431b3dc8b06c3204cceeb10c46db85661a296180dc0e1f31,5cac36dc7dbb94150b4cd1703091de1fb9f3dc8fb4edfd870bfc1b1f799f0eab,gaussian_noise,,generated from held-out ID only; never from train
images/dissertation_v1/ood/sensory_artifact/gaussian_noise/artifact_000061_06_gaussian_noise.png,1,train,synthetic_artifact,sensory_artifact,gaussian_noise,derived_from_synthetic_faf,,derived_or_generated_synthetic,test,d2b5c8947b8227a3bfd48b86e083cc18bf81813316c6f8ffa1aa8aeaa631d34a,12d8af55f0db94152dfed5578d720d5e721370d87553d40e7e89b8d273299636,gaussian_noise,,generated from held-out ID only; never from train
images/dissertation_v1/ood/sensory_artifact/gaussian_noise/artifact_000062_06_gaussian_noise.png,1,train,synthetic_artifact,sensory_artifact,gaussian_noise,derived_from_synthetic_faf,,derived_or_generated_synthetic,test,3414d23ca9de67560014a9f342c2ee15d6dd76e2c9590b519401d59a1b3d9c2f,00811fb76c52f5c2bd8a6d96a6c619f11efac29ad5d8de78e863a4026b14a14e,gaussian_noise,,generated from held-out ID only; never from train
images/dissertation_v1/ood/sensory_artifact/gaussian_noise/artifact_000066_06_gaussian_noise.png,1,train,synthetic_artifact,sensory_artifact,gaussian_noise,derived_from_synthetic_faf,,derived_or_generated_synthetic,test,2ec19500bdc410918a87c3bedee408fe60dbcdc5c6ee98413631df07e8f3b76b,bb563bc3bd6ec78b7023ed22eaaf1c66956f573f9bed0d4f9eb07fb708f4c884,gaussian_noise,,generated from held-out ID only; never from train
images/dissertation_v1/ood/sensory_artifact/gaussian_noise/artifact_000068_06_gaussian_noise.png,1,train,synthetic_artifact,sensory_artifact,gaussian_noise,derived_from_synthetic_faf,,derived_or_generated_synthetic,test,dcf4effda947d9407b8414a5cb8866eb65f81e99e228695a24e034f1bf41b471,6ff2c1217680eacf96b4149f1aeee26dcc37d0ca75e45f771425bc60b0396662,gaussian_noise,,generated from held-out ID only; never from train
images/dissertation_v1/ood/sensory_artifact/gaussian_noise/artifact_000071_06_gaussian_noise.png,1,train,synthetic_artifact,sensory_artifact,gaussian_noise,derived_from_synthetic_faf,,derived_or_generated_synthetic,test,2304d2633c14aee0a05a84b72bd784c5e1182adee53169c84c870af359eb0ae4,c8eb47ac0768a5c9f9470dbb0e16e100847b28bcd7869d7962a0bffd9aa914e0,gaussian_noise,,generated from held-out ID only; never from train
images/dissertation_v1/ood/sensory_artifact/gaussian_noise/artifact_000072_06_gaussian_noise.png,1,train,synthetic_artifact,sensory_artifact,gaussian_noise,derived_from_synthetic_faf,,derived_or_generated_synthetic,test,2990705d55781dd3d3d15cb1da13dc4fbb12d45d01182a69c53d0c2ada3345bc,c8fe2b85f894306e93ed79f02f77da1427fdcbf995b0ad07e35c66f98bbdb7a0,gaussian_noise,,generated from held-out ID only; never from train
images/dissertation_v1/ood/sensory_artifact/gaussian_noise/artifact_000074_06_gaussian_noise.png,1,train,synthetic_artifact,sensory_artifact,gaussian_noise,derived_from_synthetic_faf,,derived_or_generated_synthetic,test,b2d183046e9ab3626ea7fa9154cc7293b86b9a2cb3a1ef653373bb86bb2b466e,121676a35541005d3f7f769e374c3ffc28e6ae19878fc3c1ecd6709102443fe7,gaussian_noise,,generated from held-out ID only; never from train
images/dissertation_v1/ood/sensory_artifact/gaussian_noise/artifact_000076_06_gaussian_noise.png,1,train,synthetic_artifact,sensory_artifact,gaussian_noise,derived_from_synthetic_faf,,derived_or_generated_synthetic,test,0ae4fe58ec6b6af8c8b0bd808bd5b5e9cb9d29edbb584c5d95cb6e5fe1bf77d5,c85bb9fb9937eec3a0f35515011e5ac1382b6995e2ad67861523bd730778ee5c,gaussian_noise,,generated from held-out ID only; never from train
images/dissertation_v1/ood/sensory_artifact/gaussian_noise/artifact_000078_06_gaussian_noise.png,1,train,synthetic_artifact,sensory_artifact,gaussian_noise,derived_from_synthetic_faf,,derived_or_generated_synthetic,test,166461a47d6b557bc256e93e03d3e12fd4ee7a87df0bb53716f6235b3348123a,9af2f45d4b55869623d7ce9516709e60795adfd67a812b55afb17354b9baf5d2,gaussian_noise,,generated from held-out ID only; never from train
images/dissertation_v1/ood/sensory_artifact/gaussian_noise/artifact_000084_06_gaussian_noise.png,1,train,synthetic_artifact,sensory_artifact,gaussian_noise,derived_from_synthetic_faf,,derived_or_generated_synthetic,test,fc9b0f2d62665ca911c76becb843422d5ecd64e5f8d38f48370c49865ee4ec23,78be763eaa256c23ee59dbb43099a704088867a498e0712f9b39fca6e2a1a9e5,gaussian_noise,,generated from held-out ID only; never from train
images/dissertation_v1/ood/sensory_artifact/gaussian_noise/artifact_000085_06_gaussian_noise.png,1,train,synthetic_artifact,sensory_artifact,gaussian_noise,derived_from_synthetic_faf,,derived_or_generated_synthetic,test,3c6523e97202791f1969c482ffe32de28852f70e7bebf1992be5cdb4674457b5,8d1a0ac599eb0fc0815a524bfd0d17776fb2ef35046fbc4572d893caaa893281,gaussian_noise,,generated from held-out ID only; never from train
images/dissertation_v1/ood/sensory_artifact/gaussian_noise/artifact_000087_06_gaussian_noise.png,1,train,synthetic_artifact,sensory_artifact,gaussian_noise,derived_from_synthetic_faf,,derived_or_generated_synthetic,test,d522a5ed3aab2dd7960eb6c3fac3110c4fcc7da639cd486cb8c13022a236e486,8483b73bf3d280c2e7e75a7509b0bc94b7dd44e58f6d9814a899fb0b9732175a,gaussian_noise,,generated from held-out ID only; never from train
images/dissertation_v1/ood/sensory_artifact/gaussian_noise/artifact_000088_06_gaussian_noise.png,1,train,synthetic_artifact,sensory_artifact,gaussian_noise,derived_from_synthetic_faf,,derived_or_generated_synthetic,test,2de7b286df1c4d90d7da5caae839b7dbc8b1e632e94d942dcda10135bd1b5246,f17437fbc8ba0a64d77cc3c9bf74907c67242c244da975a5c736668c80ba36ff,gaussian_noise,,generated from held-out ID only; never from train
images/dissertation_v1/ood/sensory_artifact/gaussian_noise/artifact_000089_06_gaussian_noise.png,1,train,synthetic_artifact,sensory_artifact,gaussian_noise,derived_from_synthetic_faf,,derived_or_generated_synthetic,test,160aef89756782ab5bc2629952f75bc81cbca329ea53a59ec4d7cabb1aebb855,b3a3c25e180e7101a1b8c68aaee59031e3cdfca99d012931bf3981f7cf7b3148,gaussian_noise,,generated from held-out ID only; never from train
images/dissertation_v1/ood/sensory_artifact/gaussian_noise/artifact_000090_06_gaussian_noise.png,1,train,synthetic_artifact,sensory_artifact,gaussian_noise,derived_from_synthetic_faf,,derived_or_generated_synthetic,test,87213389e01ec4d22ac8f4d875c506da090f85421c01c8cd5bc2f56f4db9da16,3fca0579b63c1ae9218257ecf5fcae692b8b00b38f3afc621efdadf6a57debb7,gaussian_noise,,generated from held-out ID only; never from train
images/dissertation_v1/ood/sensory_artifact/gaussian_noise/artifact_000092_06_gaussian_noise.png,1,train,synthetic_artifact,sensory_artifact,gaussian_noise,derived_from_synthetic_faf,,derived_or_generated_synthetic,test,63283794fcc35f918032406ac3cb828eecc18c547180e38beeba14f7490a12e1,7baa285b08e495d0697e82cc730097fc88a015655219451703d4b74cf88e04bf,gaussian_noise,,generated from held-out ID only; never from train
images/dissertation_v1/ood/sensory_artifact/gaussian_noise/artifact_000093_06_gaussian_noise.png,1,train,synthetic_artifact,sensory_artifact,gaussian_noise,derived_from_synthetic_faf,,derived_or_generated_synthetic,test,657f5e42566d90ee1e6c05ac748d25dff6ef2bdb2b5ed767229663be3f089056,0494612ae7255e132e9406a894d25bd19a533be196b9734af9000d922c17b3cc,gaussian_noise,,generated from held-out ID only; never from train
images/dissertation_v1/ood/sensory_artifact/gaussian_noise/artifact_000094_06_gaussian_noise.png,1,train,synthetic_artifact,sensory_artifact,gaussian_noise,derived_from_synthetic_faf,,derived_or_generated_synthetic,test,a6b901a11e7446d0a38305eabf63b293f6086d95877a6cd56bf768bc1be6526b,ee8fa9a0a71d9854bc709dffc04506fd677490df5d65bac869c0430e8faf78bd,gaussian_noise,,generated from held-out ID only; never from train
images/dissertation_v1/ood/sensory_artifact/gaussian_noise/artifact_000097_06_gaussian_noise.png,1,train,synthetic_artifact,sensory_artifact,gaussian_noise,derived_from_synthetic_faf,,derived_or_generated_synthetic,test,185c1068feb688770218320fa958aa77b4a2d182fe0ab0c7fab5ae4333d846f2,a26e723e6ba939ae702551afe52c3c0750071c1c2e15bf59e1e3a5e9360598c1,gaussian_noise,,generated from held-out ID only; never from train
images/dissertation_v1/ood/sensory_artifact/gaussian_noise/artifact_000100_06_gaussian_noise.png,1,train,synthetic_artifact,sensory_artifact,gaussian_noise,derived_from_synthetic_faf,,derived_or_generated_synthetic,test,68ab35deba14c944b4f781adf73dfdfc1e256faee7262ea6a20bdfdf90aa3ac9,72629a18912da54c8f255baf6b2684e92df9a2ae8daa4964790904e299592680,gaussian_noise,,generated from held-out ID only; never from train
images/dissertation_v1/ood/sensory_artifact/gaussian_noise/artifact_000101_06_gaussian_noise.png,1,train,synthetic_artifact,sensory_artifact,gaussian_noise,derived_from_synthetic_faf,,derived_or_generated_synthetic,test,d1493691127ed77910c05b890f26ea826b5cff49c452bb1299cb1b5390ce21c8,fd219f500dae4056481182b308e0fcd849c7712eea0f81adbed8fdb9fb27b484,gaussian_noise,,generated from held-out ID only; never from train
images/dissertation_v1/ood/sensory_artifact/gaussian_noise/artifact_000102_06_gaussian_noise.png,1,train,synthetic_artifact,sensory_artifact,gaussian_noise,derived_from_synthetic_faf,,derived_or_generated_synthetic,test,7c92422754bca48452b0ed2398a86a2b5cb9856cadf57b7057661b9f00928bf4,876590b0a765ef6079e51d67a6947a5af2a14a9fbeccf29ca3f63f876f1fda65,gaussian_noise,,generated from held-out ID only; never from train
images/dissertation_v1/ood/sensory_artifact/gaussian_noise/artifact_000103_06_gaussian_noise.png,1,train,synthetic_artifact,sensory_artifact,gaussian_noise,derived_from_synthetic_faf,,derived_or_generated_synthetic,test,ea023402da551bcc8f706b9401a734f87c176717d179843c19607dd9cc860a87,7e4e1f31c25f0a5bf586fe1a8946c76be7d0eef3fb520a018c3782c307394331,gaussian_noise,,generated from held-out ID only; never from train
images/dissertation_v1/ood/sensory_artifact/gaussian_noise/artifact_000104_06_gaussian_noise.png,1,train,synthetic_artifact,sensory_artifact,gaussian_noise,derived_from_synthetic_faf,,derived_or_generated_synthetic,test,01424d6876bf7bf2372248aecff717cc2d89635531b8254bd2fd4b8256861948,0bdedd689eb5072ae76a5bc2982fc930589c53a3ea641a9eb81e21b15098d67e,gaussian_noise,,generated from held-out ID only; never from train
images/dissertation_v1/ood/sensory_artifact/gaussian_noise/artifact_000106_06_gaussian_noise.png,1,train,synthetic_artifact,sensory_artifact,gaussian_noise,derived_from_synthetic_faf,,derived_or_generated_synthetic,test,683fe6655ab33ffdab805029e877da36bdd7a9ed5c1e35f66e0ecf2f28003762,bd5ccc8dec52023f18c3ceb1ed1e4bc423722e98f7783bc9e167d7751fe12326,gaussian_noise,,generated from held-out ID only; never from train
images/dissertation_v1/ood/sensory_artifact/gaussian_noise/artifact_000108_06_gaussian_noise.png,1,train,synthetic_artifact,sensory_artifact,gaussian_noise,derived_from_synthetic_faf,,derived_or_generated_synthetic,test,6c555596b2eead897db55dc2c4715b66eb54f8cc705b1b3124b6dfb950fec5b3,7d72468a874689e25e4b5a25de725a8c0569ab36560fb167471c695722a7a5a1,gaussian_noise,,generated from held-out ID only; never from train
images/dissertation_v1/ood/sensory_artifact/gaussian_noise/artifact_000109_06_gaussian_noise.png,1,train,synthetic_artifact,sensory_artifact,gaussian_noise,derived_from_synthetic_faf,,derived_or_generated_synthetic,test,ad73e55071aa1bf2cccd98720b5c10bb7cdd4f9dd05a51eb0708f61eb47d478c,34f334303d87d3fece2fa5c693e847b9026173d7beed69537aeda43d5b114c55,gaussian_noise,,generated from held-out ID only; never from train
images/dissertation_v1/ood/sensory_artifact/gaussian_noise/artifact_000110_06_gaussian_noise.png,1,train,synthetic_artifact,sensory_artifact,gaussian_noise,derived_from_synthetic_faf,,derived_or_generated_synthetic,test,a41d42e122540d37ea24fe1a12e6f30347a36551427b250ca10132587ec375a2,fee378e906a17520f332f1acc698a2c84788b70cd2669ff7b40c88519c15f9d4,gaussian_noise,,generated from held-out ID only; never from train
images/dissertation_v1/ood/sensory_artifact/gaussian_noise/artifact_000111_06_gaussian_noise.png,1,train,synthetic_artifact,sensory_artifact,gaussian_noise,derived_from_synthetic_faf,,derived_or_generated_synthetic,test,185f207945d86ddbc18b123d2273242d4557f79cba5da48587ee287beda0ba4b,7e805b2a3e3142002e88d10d7f9ccbf84feaf1272c5f6cb33d29ef76ae2883cd,gaussian_noise,,generated from held-out ID only; never from train
images/dissertation_v1/ood/sensory_artifact/gaussian_noise/artifact_000112_06_gaussian_noise.png,1,train,synthetic_artifact,sensory_artifact,gaussian_noise,derived_from_synthetic_faf,,derived_or_generated_synthetic,test,e1c31986792a338d2df4014bee6b4c1cf1a02b32f09b596260e4241e29aa21d0,0082a17690ee34f87cc084ca701192ff9bc09e65a2103ac1c6ae25c2f6d5afac,gaussian_noise,,generated from held-out ID only; never from train
images/dissertation_v1/ood/sensory_artifact/gaussian_noise/artifact_000113_06_gaussian_noise.png,1,train,synthetic_artifact,sensory_artifact,gaussian_noise,derived_from_synthetic_faf,,derived_or_generated_synthetic,test,d60ba5208a17a6eb8fa98250d3ca3e5841b54d09272fee6122884c25fc29adb1,f0a16dcee05bb93fc69293dec6b37b44edad69ce668e805549309e0aa6a401cc,gaussian_noise,,generated from held-out ID only; never from train
images/dissertation_v1/ood/sensory_artifact/gaussian_noise/artifact_000114_06_gaussian_noise.png,1,train,synthetic_artifact,sensory_artifact,gaussian_noise,derived_from_synthetic_faf,,derived_or_generated_synthetic,test,1b668bd8183083ab72cfa065e621ffab3b97a08e6fb1149a79f54aedb5bcdb71,f899478c2f1d44604649c59e088f1ba582e468bacf515f9dd0249ee2cf16e0bb,gaussian_noise,,generated from held-out ID only; never from train
images/dissertation_v1/ood/sensory_artifact/gaussian_noise/artifact_000117_06_gaussian_noise.png,1,train,synthetic_artifact,sensory_artifact,gaussian_noise,derived_from_synthetic_faf,,derived_or_generated_synthetic,test,a7785b806dbddcc19f09cfa0099ddf846f57e01e3026dc9df9a9954135f60018,926e949cdcd11564e0a20d9021643664885781b0fd8a55b1def573c0e78352e6,gaussian_noise,,generated from held-out ID only; never from train
images/dissertation_v1/ood/sensory_artifact/gaussian_noise/artifact_000118_06_gaussian_noise.png,1,train,synthetic_artifact,sensory_artifact,gaussian_noise,derived_from_synthetic_faf,,derived_or_generated_synthetic,test,6e352ec0c7a78a6748db2550fbdbbc3d7ade34ef96abf1355dd7cf517a4ee911,16a1cc371228bd768eab2f371a75231fdc942e4ef4305c0baa4d1cba546b88bd,gaussian_noise,,generated from held-out ID only; never from train
images/dissertation_v1/ood/sensory_artifact/gaussian_noise/artifact_000119_06_gaussian_noise.png,1,train,synthetic_artifact,sensory_artifact,gaussian_noise,derived_from_synthetic_faf,,derived_or_generated_synthetic,test,e3104c2d3a78b57f5e0a11aad979aad21c683d2d2dff94189ca4629e080079ae,53bf5530df489572f1275cb4607b1bfd1a3e739f55de2f976346ef16b04c2aec,gaussian_noise,,generated from held-out ID only; never from train
images/dissertation_v1/ood/sensory_artifact/gaussian_noise/artifact_000121_06_gaussian_noise.png,1,train,synthetic_artifact,sensory_artifact,gaussian_noise,derived_from_synthetic_faf,,derived_or_generated_synthetic,test,13721e8557ae359b5fdf1ee1a231f6532a546f635e093bbae2751a71dfccf1a1,76663bd120041d5058985d3efa42b23e50de4086393997695a050775c4116f62,gaussian_noise,,generated from held-out ID only; never from train
images/dissertation_v1/ood/sensory_artifact/gaussian_noise/artifact_000123_06_gaussian_noise.png,1,train,synthetic_artifact,sensory_artifact,gaussian_noise,derived_from_synthetic_faf,,derived_or_generated_synthetic,test,d96ca0bacb4abe718939befb031ff4cabd997f11f1ec1643f1be19e98ddbe66d,b328236f8fa5eb08baa181006074cf4b8eff61f785d6eb4b718b87b3c240b6fd,gaussian_noise,,generated from held-out ID only; never from train
images/dissertation_v1/ood/sensory_artifact/gaussian_noise/artifact_000125_06_gaussian_noise.png,1,train,synthetic_artifact,sensory_artifact,gaussian_noise,derived_from_synthetic_faf,,derived_or_generated_synthetic,test,90dfcb89691dbd4b028ee717168492e69af0bc3a4586dbbdaa8fbaa675210684,7d411bc78dd10c916d8f3a829c53247234311a09b970a9f37107e2bee3f88e6f,gaussian_noise,,generated from held-out ID only; never from train
images/dissertation_v1/ood/sensory_artifact/gaussian_noise/artifact_000126_06_gaussian_noise.png,1,train,synthetic_artifact,sensory_artifact,gaussian_noise,derived_from_synthetic_faf,,derived_or_generated_synthetic,test,e753e3adb5d463cd11932050736805fb850830ac65491f6a7d94944d1bd7700f,5446b4ae0522888c46e2a57681584485ab4f74679b96a1ec7d3dc0edbe4e24e6,gaussian_noise,,generated from held-out ID only; never from train
images/dissertation_v1/ood/sensory_artifact/gaussian_noise/artifact_000132_06_gaussian_noise.png,1,train,synthetic_artifact,sensory_artifact,gaussian_noise,derived_from_synthetic_faf,,derived_or_generated_synthetic,test,4d3927a6d91f61744fd3bc6efb4645987151236a2af47abf5efcec7ca0904025,3d935e27dafdbe49c27687fb83e10449e0a19e157734e6fa837e700ba93cefae,gaussian_noise,,generated from held-out ID only; never from train
images/dissertation_v1/ood/sensory_artifact/gaussian_noise/artifact_000134_06_gaussian_noise.png,1,train,synthetic_artifact,sensory_artifact,gaussian_noise,derived_from_synthetic_faf,,derived_or_generated_synthetic,test,baa3cc6b9913b1d344587b30668c58fdad9803cc53e1286b59854439703c8d35,7c7ce6b5321de586e2a73555e7709e226600e93382ad9f6a36e75d0d790f2ff8,gaussian_noise,,generated from held-out ID only; never from train
images/dissertation_v1/ood/sensory_artifact/gaussian_noise/artifact_000135_06_gaussian_noise.png,1,train,synthetic_artifact,sensory_artifact,gaussian_noise,derived_from_synthetic_faf,,derived_or_generated_synthetic,test,6baac0084531ea50df5f825f4b065e58ba37a6245dcb6991897a36c0f888cfc8,30954c72a9fb85152713d1ddf07ab06d48566e4f5a9101d121d95a220b380007,gaussian_noise,,generated from held-out ID only; never from train
images/dissertation_v1/ood/sensory_artifact/gaussian_noise/artifact_000136_06_gaussian_noise.png,1,train,synthetic_artifact,sensory_artifact,gaussian_noise,derived_from_synthetic_faf,,derived_or_generated_synthetic,test,2ac12e99ed626c8d7a3cc7c9c1ba84935f79816edb2e74372d101642d5f3be5e,f2a50ebec8d4c518d3dddfc9a597c3cd31e78cd19d54e81a0d05b6e0154973a6,gaussian_noise,,generated from held-out ID only; never from train
images/dissertation_v1/ood/sensory_artifact/gaussian_noise/artifact_000137_06_gaussian_noise.png,1,train,synthetic_artifact,sensory_artifact,gaussian_noise,derived_from_synthetic_faf,,derived_or_generated_synthetic,test,219c37a6f4613ebfb34a7e28de1e21aef990f65e509650d33c385842cd344e5a,7a794e04216d10b75a621304cc1d0fc7699b12295c58000ad5f0d937c8cafdea,gaussian_noise,,generated from held-out ID only; never from train
images/dissertation_v1/ood/sensory_artifact/gaussian_noise/artifact_000138_06_gaussian_noise.png,1,train,synthetic_artifact,sensory_artifact,gaussian_noise,derived_from_synthetic_faf,,derived_or_generated_synthetic,test,1c9f049f1e248c0aca9abb2708d7a4185e3aea7114e4a9c0cc17d61a715eeb2b,4b305a31af3fef14a082608d569d1bb4c74d04b8759dd69bcc11af3ff51d76fd,gaussian_noise,,generated from held-out ID only; never from train
images/dissertation_v1/ood/sensory_artifact/gaussian_noise/artifact_000140_06_gaussian_noise.png,1,train,synthetic_artifact,sensory_artifact,gaussian_noise,derived_from_synthetic_faf,,derived_or_generated_synthetic,test,07deaf2db1b8505b1e70faa5a7216a749b38eacd9def316bca4f281e5862a585,c3e729187cae4fd775b713fa853a2456200b4faab0240643a30ad5594fc62d51,gaussian_noise,,generated from held-out ID only; never from train
images/dissertation_v1/ood/sensory_artifact/gaussian_noise/artifact_000142_06_gaussian_noise.png,1,train,synthetic_artifact,sensory_artifact,gaussian_noise,derived_from_synthetic_faf,,derived_or_generated_synthetic,test,29912146eebb681f55b495990ad89b52da4af6e700a05fbc81afb25c5123c7a4,b9b696bd906b4c55bc36c91d9a2b4388150f80bb9b930062cdd275733b118cf0,gaussian_noise,,generated from held-out ID only; never from train
images/dissertation_v1/ood/sensory_artifact/gaussian_noise/artifact_000143_06_gaussian_noise.png,1,train,synthetic_artifact,sensory_artifact,gaussian_noise,derived_from_synthetic_faf,,derived_or_generated_synthetic,test,060a6875f3af17a96c5a1268bce4274cd1fd7df2526b656dbb8f648aa45df32f,29f8a59dce4344d3c3d5bcc8a0171474bd6e50bc1c0823a4ae0da7e45d8604e7,gaussian_noise,,generated from held-out ID only; never from train
images/dissertation_v1/ood/sensory_artifact/gaussian_noise/artifact_000144_06_gaussian_noise.png,1,train,synthetic_artifact,sensory_artifact,gaussian_noise,derived_from_synthetic_faf,,derived_or_generated_synthetic,test,68bb071160f7236df6540ab3989cd3dc6e5b189953c8406e20efa08f9dc67b2c,28526eafc96040b17551539e608681e59dbf5ee6b68de9f382e4a6658baafac2,gaussian_noise,,generated from held-out ID only; never from train
images/dissertation_v1/ood/sensory_artifact/gaussian_noise/artifact_000145_06_gaussian_noise.png,1,train,synthetic_artifact,sensory_artifact,gaussian_noise,derived_from_synthetic_faf,,derived_or_generated_synthetic,test,676f7b6df77488cce0e9bb1627c982a5a4d6fff0f422857ed4102bec9ac693d6,578e6780b90d93dbd87714cf5bf1b0470f458e55596c36959b30ade921980aa8,gaussian_noise,,generated from held-out ID only; never from train
images/dissertation_v1/ood/sensory_artifact/gaussian_noise/artifact_000146_06_gaussian_noise.png,1,train,synthetic_artifact,sensory_artifact,gaussian_noise,derived_from_synthetic_faf,,derived_or_generated_synthetic,test,74b2e3e269472ff5844d023de5ba6c31f2bca43a4f363cda9049a5063f0c406f,8d5dca178d246415a20ec046eff2a6a1e8cc47537541685f618d66e08c87b448,gaussian_noise,,generated from held-out ID only; never from train
images/dissertation_v1/ood/sensory_artifact/gaussian_noise/artifact_000148_06_gaussian_noise.png,1,train,synthetic_artifact,sensory_artifact,gaussian_noise,derived_from_synthetic_faf,,derived_or_generated_synthetic,test,ca34df5eb9c3f36d0e62aaf13a1f9eeb129bc2282d601924e1183c15677e4df9,18bdaf47632912f68f6b587cf57bc6844e251ca95824ceaebac102e755d86e81,gaussian_noise,,generated from held-out ID only; never from train
images/dissertation_v1/ood/sensory_artifact/jpeg_compression/artifact_000001_07_jpeg_compression.png,1,train,synthetic_artifact,sensory_artifact,jpeg_compression,derived_from_synthetic_faf,,derived_or_generated_synthetic,test,0fee6fef3c5dab88bbdb14615cb5d6f9d34971e412468a40006495fa5ca6c134,1a6fa85a126f3582d51f16ba281f47c1bf2c3e337748511a1c45e4ec0a690674,jpeg_compression,,generated from held-out ID only; never from train
images/dissertation_v1/ood/sensory_artifact/jpeg_compression/artifact_000002_07_jpeg_compression.png,1,train,synthetic_artifact,sensory_artifact,jpeg_compression,derived_from_synthetic_faf,,derived_or_generated_synthetic,test,b8abfacc2b88afcdd0d3389b7a373f642c3c05ee833ccc67cf541752ec6d8242,3fe16ad039a6555522438a9b9dd1a0de6bd787a7001116e06a97b4f034684ba2,jpeg_compression,,generated from held-out ID only; never from train
images/dissertation_v1/ood/sensory_artifact/jpeg_compression/artifact_000003_07_jpeg_compression.png,1,train,synthetic_artifact,sensory_artifact,jpeg_compression,derived_from_synthetic_faf,,derived_or_generated_synthetic,test,9f020390484c70c630d1e6b4d1ce4a0c2e508f310f729d75e0c01be3fd298b99,24867463de88a27ed6056975a06b9e4409f987ffdcd4aa9d1894d7af0baf32f5,jpeg_compression,,generated from held-out ID only; never from train
images/dissertation_v1/ood/sensory_artifact/jpeg_compression/artifact_000004_07_jpeg_compression.png,1,train,synthetic_artifact,sensory_artifact,jpeg_compression,derived_from_synthetic_faf,,derived_or_generated_synthetic,test,9d42a1ac9121140c98525b130a4e199a674daf427fc1830ea0b35499da81af74,d1f816cb395b94664ca9fc285317aa28d5757c61e7466f4d035552df5a7b2ef4,jpeg_compression,,generated from held-out ID only; never from train
images/dissertation_v1/ood/sensory_artifact/jpeg_compression/artifact_000007_07_jpeg_compression.png,1,train,synthetic_artifact,sensory_artifact,jpeg_compression,derived_from_synthetic_faf,,derived_or_generated_synthetic,test,07ed8885ab8cd69812140915754d6e0afadb01d90178aadcd7b9a5cdbed9cd93,f42ab30d20b276c5fba40818aeb540adbd4fef553ec7196ea828c0a30f5f349f,jpeg_compression,,generated from held-out ID only; never from train
images/dissertation_v1/ood/sensory_artifact/jpeg_compression/artifact_000008_07_jpeg_compression.png,1,train,synthetic_artifact,sensory_artifact,jpeg_compression,derived_from_synthetic_faf,,derived_or_generated_synthetic,test,c3623f6a5e9b5615ba81f97fa120ccd1041e206b3a03e08514f03f0dd11befd0,e6c4a5d7163b7548a0b47040c1306557f98a486871b94c8da983fdc932729197,jpeg_compression,,generated from held-out ID only; never from train
images/dissertation_v1/ood/sensory_artifact/jpeg_compression/artifact_000009_07_jpeg_compression.png,1,train,synthetic_artifact,sensory_artifact,jpeg_compression,derived_from_synthetic_faf,,derived_or_generated_synthetic,test,750265b055769494d205ba8da7c6c6de57fd3058bb97cd0b46b0a06f859dd9f7,2921bd55bd6a1e0c179915271aa18bb9e1f22a278d1c127770fec0cb54d7d88d,jpeg_compression,,generated from held-out ID only; never from train
images/dissertation_v1/ood/sensory_artifact/jpeg_compression/artifact_000010_07_jpeg_compression.png,1,train,synthetic_artifact,sensory_artifact,jpeg_compression,derived_from_synthetic_faf,,derived_or_generated_synthetic,test,1d4bfcf2be730aa07e3e622a1ba5aeff0e76079d1433fc92631e7e7f379683a8,2ce067e78529d59ae5f2ff71b02be86e4f62371b0aa31810d2047f115fe68900,jpeg_compression,,generated from held-out ID only; never from train
images/dissertation_v1/ood/sensory_artifact/jpeg_compression/artifact_000011_07_jpeg_compression.png,1,train,synthetic_artifact,sensory_artifact,jpeg_compression,derived_from_synthetic_faf,,derived_or_generated_synthetic,test,c6161e4f82d8aa877220c5a240cc372c234db9c4bdd8fa880fd83d53c4efdaf8,d822b0621f3574fb70a96904005d10d950c5fed12e7f0f1c78edbcb396fbd7ac,jpeg_compression,,generated from held-out ID only; never from train
images/dissertation_v1/ood/sensory_artifact/jpeg_compression/artifact_000012_07_jpeg_compression.png,1,train,synthetic_artifact,sensory_artifact,jpeg_compression,derived_from_synthetic_faf,,derived_or_generated_synthetic,test,051603dcd02155ee8decb4df63b56d29989a3dc47d9b4bc8a45139e74bd53bf5,d924c9e1fbeb5b22e9ce25fbb30850ed8464394de79d31630d85707afefbd75b,jpeg_compression,,generated from held-out ID only; never from train
images/dissertation_v1/ood/sensory_artifact/jpeg_compression/artifact_000014_07_jpeg_compression.png,1,train,synthetic_artifact,sensory_artifact,jpeg_compression,derived_from_synthetic_faf,,derived_or_generated_synthetic,test,d4972fa6a5a498309f96297d4b01bf1bebe78ebf2f4fb500069818dc31722c86,50eb07963b954a027224c212fef91ed6b91ad3d68a58e0fb6e2fd32ccb4b8bd1,jpeg_compression,,generated from held-out ID only; never from train
images/dissertation_v1/ood/sensory_artifact/jpeg_compression/artifact_000016_07_jpeg_compression.png,1,train,synthetic_artifact,sensory_artifact,jpeg_compression,derived_from_synthetic_faf,,derived_or_generated_synthetic,test,2b8cd2b2976616c7f54e1b73f9c5648cc7e0d683853705bd5d91b1e178dfccb4,9c16a2d52b66788ef6f4635487fc55e1b8f9abf860695b606defc6a4d6726219,jpeg_compression,,generated from held-out ID only; never from train
images/dissertation_v1/ood/sensory_artifact/jpeg_compression/artifact_000018_07_jpeg_compression.png,1,train,synthetic_artifact,sensory_artifact,jpeg_compression,derived_from_synthetic_faf,,derived_or_generated_synthetic,test,2d59da063b450f4acf8dc7176f98fd25cefa010bd7644cf465f7018dae1b4b31,fd6fd89f280a24b4873a415a5fc1f7315de7c22e49be7073c6a9348d08c1f07b,jpeg_compression,,generated from held-out ID only; never from train
images/dissertation_v1/ood/sensory_artifact/jpeg_compression/artifact_000019_07_jpeg_compression.png,1,train,synthetic_artifact,sensory_artifact,jpeg_compression,derived_from_synthetic_faf,,derived_or_generated_synthetic,test,8fa8903a0ef86b594bdd7174b2ce40ef9f6b4e899d0d74f29d4da61873eb6bfe,f9a033e1944d7b29d126d036c4a91b903f0c3c335a85177788beafc3fe8b70da,jpeg_compression,,generated from held-out ID only; never from train
images/dissertation_v1/ood/sensory_artifact/jpeg_compression/artifact_000020_07_jpeg_compression.png,1,train,synthetic_artifact,sensory_artifact,jpeg_compression,derived_from_synthetic_faf,,derived_or_generated_synthetic,test,d6e287752c6106adb31ae757ace5fa2749cca7dfd254eab4f6bff9e44156a56d,5db33929cee5ce3d7b21de926a708da9a1e5e2b0c82a9430eebe1296f81aeaa3,jpeg_compression,,generated from held-out ID only; never from train
images/dissertation_v1/ood/sensory_artifact/jpeg_compression/artifact_000021_07_jpeg_compression.png,1,train,synthetic_artifact,sensory_artifact,jpeg_compression,derived_from_synthetic_faf,,derived_or_generated_synthetic,test,528669d425a5b8bb691839586c2ae05c6f6523ec385c870610f3c305d98ad72e,4d03a1e9e5af412c9b0f27c2121c6702f6eac8ed7a1ee7be5bf7614449647c3f,jpeg_compression,,generated from held-out ID only; never from train
images/dissertation_v1/ood/sensory_artifact/jpeg_compression/artifact_000022_07_jpeg_compression.png,1,train,synthetic_artifact,sensory_artifact,jpeg_compression,derived_from_synthetic_faf,,derived_or_generated_synthetic,test,0864e607760102c5778f11675dc96bfa9085b9da32d1755358e7085586ca42b2,8731067f5bddc9601fe392e35a58da1299a5178ab7dfa27ab0a5fa2737e53dc0,jpeg_compression,,generated from held-out ID only; never from train
images/dissertation_v1/ood/sensory_artifact/jpeg_compression/artifact_000027_07_jpeg_compression.png,1,train,synthetic_artifact,sensory_artifact,jpeg_compression,derived_from_synthetic_faf,,derived_or_generated_synthetic,test,2793a2a8cf6c80ceef14bcc6be1d02ef23e8e778d8010a0ad70f89a8dde531f1,d17848e520a3ae00722eb99fa347570a8d433ea459bdccc4cd1875b60916af63,jpeg_compression,,generated from held-out ID only; never from train
images/dissertation_v1/ood/sensory_artifact/jpeg_compression/artifact_000029_07_jpeg_compression.png,1,train,synthetic_artifact,sensory_artifact,jpeg_compression,derived_from_synthetic_faf,,derived_or_generated_synthetic,test,cbd084e8ad7e212e7b2a48e5f3c935c4150ad6f8b53ef538d5e969251d1aabcd,06df7d1f687f8a014291b723a7281d280cf107ae764e77fc64a0958208a42440,jpeg_compression,,generated from held-out ID only; never from train
images/dissertation_v1/ood/sensory_artifact/jpeg_compression/artifact_000030_07_jpeg_compression.png,1,train,synthetic_artifact,sensory_artifact,jpeg_compression,derived_from_synthetic_faf,,derived_or_generated_synthetic,test,011597e7d73296b67145f3a5de5a01d34e0d7e33030208d863b0e6811d60eed2,1abcc3a996b7ea0932243de4f741b523f245b8f81cda49fac05b1a1a0c363278,jpeg_compression,,generated from held-out ID only; never from train
images/dissertation_v1/ood/sensory_artifact/jpeg_compression/artifact_000031_07_jpeg_compression.png,1,train,synthetic_artifact,sensory_artifact,jpeg_compression,derived_from_synthetic_faf,,derived_or_generated_synthetic,test,db51029fb5281120c06572f3555a532063af70b62f7f9fc40f7442f1fc86b166,d9566cc09f758dd1d317a06788b155dff7dfac4dd76e0832de3589651a4e8145,jpeg_compression,,generated from held-out ID only; never from train
images/dissertation_v1/ood/sensory_artifact/jpeg_compression/artifact_000033_07_jpeg_compression.png,1,train,synthetic_artifact,sensory_artifact,jpeg_compression,derived_from_synthetic_faf,,derived_or_generated_synthetic,test,f9b780eb7e39fa7307ccb4cf4b162a646cc6770317642f8b861019aea49eb343,4b7f0a7b00dfcf5ba2661e0bc56b7db00c61fe7777786f1f891fafb7ac03a267,jpeg_compression,,generated from held-out ID only; never from train
images/dissertation_v1/ood/sensory_artifact/jpeg_compression/artifact_000034_07_jpeg_compression.png,1,train,synthetic_artifact,sensory_artifact,jpeg_compression,derived_from_synthetic_faf,,derived_or_generated_synthetic,test,90e03d4c953b1a49e55d11ea38a0f7bd1e1bfeb52228bbded0d7bd7b880a8395,c6dd7425043cfeb65df2eb62643ca92c65f1cc68ddf4eb024e5e570e98350746,jpeg_compression,,generated from held-out ID only; never from train
images/dissertation_v1/ood/sensory_artifact/jpeg_compression/artifact_000042_07_jpeg_compression.png,1,train,synthetic_artifact,sensory_artifact,jpeg_compression,derived_from_synthetic_faf,,derived_or_generated_synthetic,test,041232cc62af958e26fbe8a4072c35adde6ccd08d53650e32dbdf01611d6f8bc,273764d7d1cede8a69d70059b769f9450f2e61759815e3353dd151ea1e884e41,jpeg_compression,,generated from held-out ID only; never from train
images/dissertation_v1/ood/sensory_artifact/jpeg_compression/artifact_000045_07_jpeg_compression.png,1,train,synthetic_artifact,sensory_artifact,jpeg_compression,derived_from_synthetic_faf,,derived_or_generated_synthetic,test,1a08ef43af9678d3f005dccb967535263f928ad85079e105b9901bb46cffdde8,0d8179602a20b54a7b76b2646b6ca767cab75446932874d1ef601275c796d6ba,jpeg_compression,,generated from held-out ID only; never from train
images/dissertation_v1/ood/sensory_artifact/jpeg_compression/artifact_000046_07_jpeg_compression.png,1,train,synthetic_artifact,sensory_artifact,jpeg_compression,derived_from_synthetic_faf,,derived_or_generated_synthetic,test,e475d2c810df8de7c9da9e42363aacc1d7823c95f90f0f386ce95375a555783d,13e2d91e78a8714c322247a847463a3c9b3942269050fac1dac7fa44bf951da6,jpeg_compression,,generated from held-out ID only; never from train
images/dissertation_v1/ood/sensory_artifact/jpeg_compression/artifact_000047_07_jpeg_compression.png,1,train,synthetic_artifact,sensory_artifact,jpeg_compression,derived_from_synthetic_faf,,derived_or_generated_synthetic,test,63de9635746134d98d35bb3ddfe4eb2e7a17f7c8ca80bc9ee5648173da2be37d,9027c7c813d92085e7eb1335e0de9e66ebd9b6730a0da446ba8e26cfbd03b685,jpeg_compression,,generated from held-out ID only; never from train
images/dissertation_v1/ood/sensory_artifact/jpeg_compression/artifact_000048_07_jpeg_compression.png,1,train,synthetic_artifact,sensory_artifact,jpeg_compression,derived_from_synthetic_faf,,derived_or_generated_synthetic,test,8bef4e8576a086b326b2a6f30ae95a354e29cff268cbdcf2af62512f5d8cb61e,36f73c8b9761160f2d53cae70e3f531a67de1e24ad2ae6fcf48727198c793160,jpeg_compression,,generated from held-out ID only; never from train
images/dissertation_v1/ood/sensory_artifact/jpeg_compression/artifact_000049_07_jpeg_compression.png,1,train,synthetic_artifact,sensory_artifact,jpeg_compression,derived_from_synthetic_faf,,derived_or_generated_synthetic,test,05337cdd606b8aac4fe362b797450d509258f2961b051439550d71147e5b2dc8,c61302a2ed48ff4f37562e3a39d8ad46a99270bf3b70b90085f1d38ef8b2b122,jpeg_compression,,generated from held-out ID only; never from train
images/dissertation_v1/ood/sensory_artifact/jpeg_compression/artifact_000052_07_jpeg_compression.png,1,train,synthetic_artifact,sensory_artifact,jpeg_compression,derived_from_synthetic_faf,,derived_or_generated_synthetic,test,58a263c5e02fb191d0814a3a2165a0d2818729439291ea7628652d49f340766a,cd9af11e8731f9a6b9d13f0180c06c1f60c2ae8a695e16abc6268b79f1026b1e,jpeg_compression,,generated from held-out ID only; never from train
images/dissertation_v1/ood/sensory_artifact/jpeg_compression/artifact_000053_07_jpeg_compression.png,1,train,synthetic_artifact,sensory_artifact,jpeg_compression,derived_from_synthetic_faf,,derived_or_generated_synthetic,test,d12611ef8c0d5be60ce07842dff40b8b4dbef698992533875b5fc8bcbe7b1f87,2e75a99248d3ec4b650068aec6b8ba48becf403fe672e40267ecffa7fc22b01f,jpeg_compression,,generated from held-out ID only; never from train
images/dissertation_v1/ood/sensory_artifact/jpeg_compression/artifact_000055_07_jpeg_compression.png,1,train,synthetic_artifact,sensory_artifact,jpeg_compression,derived_from_synthetic_faf,,derived_or_generated_synthetic,test,1c60a8aedccbb370e283e30f46966756096f05921ee207258a9651a80e8e0632,bb7ced17f3ce7864da174a6b78b7f34b25cf97ec01c15d5452696207f3063416,jpeg_compression,,generated from held-out ID only; never from train
images/dissertation_v1/ood/sensory_artifact/jpeg_compression/artifact_000056_07_jpeg_compression.png,1,train,synthetic_artifact,sensory_artifact,jpeg_compression,derived_from_synthetic_faf,,derived_or_generated_synthetic,test,67ebd209184f26b3708e68e04411ad66f9c9d9722affa5e7530a0dbf336e623e,5cac36dc7dbb94150b4cd1703091de1fb9f3dc8fb4edfd870bfc1b1f799f0eab,jpeg_compression,,generated from held-out ID only; never from train
images/dissertation_v1/ood/sensory_artifact/jpeg_compression/artifact_000057_07_jpeg_compression.png,1,train,synthetic_artifact,sensory_artifact,jpeg_compression,derived_from_synthetic_faf,,derived_or_generated_synthetic,test,a0f73d5c01eed9fd20af71ed0c678303500f666b91f3814ea16d7da08d34e240,31b43cdb11ddd17ba24311605ad64723ef0f74ce4e8dce09319ba9a7cb6f1b1e,jpeg_compression,,generated from held-out ID only; never from train
images/dissertation_v1/ood/sensory_artifact/jpeg_compression/artifact_000058_07_jpeg_compression.png,1,train,synthetic_artifact,sensory_artifact,jpeg_compression,derived_from_synthetic_faf,,derived_or_generated_synthetic,test,da46da81ffc372cc07c5b6e1aac6ba755c43aeafb82a72ea046f7a1ec738c8d1,1e2992825661100b10f082d608b60f166b2eecdd1dcd52d490128ed1a1ac49f4,jpeg_compression,,generated from held-out ID only; never from train
images/dissertation_v1/ood/sensory_artifact/jpeg_compression/artifact_000059_07_jpeg_compression.png,1,train,synthetic_artifact,sensory_artifact,jpeg_compression,derived_from_synthetic_faf,,derived_or_generated_synthetic,test,c26dc2ede2bbe21351f2b181178e59d0100c41a936a92c6c417ceea39b54a119,2869b22fa7b02533b8e39d46cc06f3f911655ac33a2ad6eb153d8279df5416b4,jpeg_compression,,generated from held-out ID only; never from train
images/dissertation_v1/ood/sensory_artifact/jpeg_compression/artifact_000060_07_jpeg_compression.png,1,train,synthetic_artifact,sensory_artifact,jpeg_compression,derived_from_synthetic_faf,,derived_or_generated_synthetic,test,2284a5dc08ed74ef0656e7c8dfe567c2c3d2973db7f61db425f7ae5a505a89cd,3a1a39ff67d065cd684acfd8e796efadd79cc73dbda7ad12dc6627016af7bdfc,jpeg_compression,,generated from held-out ID only; never from train
images/dissertation_v1/ood/sensory_artifact/jpeg_compression/artifact_000064_07_jpeg_compression.png,1,train,synthetic_artifact,sensory_artifact,jpeg_compression,derived_from_synthetic_faf,,derived_or_generated_synthetic,test,7c390faf2711b1cdfaafb1527fed23951f473eb9b8c69595b2c111969e9310cb,ed76f75a6431df837a0c96248c6d34a5feb8814386e0bff5e1c0200bdd9bde1c,jpeg_compression,,generated from held-out ID only; never from train
images/dissertation_v1/ood/sensory_artifact/jpeg_compression/artifact_000065_07_jpeg_compression.png,1,train,synthetic_artifact,sensory_artifact,jpeg_compression,derived_from_synthetic_faf,,derived_or_generated_synthetic,test,0e39ce986bd4617828d0495cccdcc4b837b08f402d31d2f8c4c2998a75ec88ed,1460815c49f046447b715c813ef49142cfbdb7f75ab3bd32fcd769d05a3a3d64,jpeg_compression,,generated from held-out ID only; never from train
images/dissertation_v1/ood/sensory_artifact/jpeg_compression/artifact_000068_07_jpeg_compression.png,1,train,synthetic_artifact,sensory_artifact,jpeg_compression,derived_from_synthetic_faf,,derived_or_generated_synthetic,test,3f567d992ed7b432d02438e8c455009bddd7d865b9253ac3918318ca8d7b53e1,6ff2c1217680eacf96b4149f1aeee26dcc37d0ca75e45f771425bc60b0396662,jpeg_compression,,generated from held-out ID only; never from train
images/dissertation_v1/ood/sensory_artifact/jpeg_compression/artifact_000069_07_jpeg_compression.png,1,train,synthetic_artifact,sensory_artifact,jpeg_compression,derived_from_synthetic_faf,,derived_or_generated_synthetic,test,47b2d1d422f56b1b5e92b1eb73e8d809773944d70fc964f5764a1585ff68841b,085c1b474fee2d6f0ae2e0bc9a953b1ed0e5f7f24e3106a6f47fec651897025f,jpeg_compression,,generated from held-out ID only; never from train
images/dissertation_v1/ood/sensory_artifact/jpeg_compression/artifact_000070_07_jpeg_compression.png,1,train,synthetic_artifact,sensory_artifact,jpeg_compression,derived_from_synthetic_faf,,derived_or_generated_synthetic,test,94e35e0f1e775651b3a4b771b1c0ab9fef3a80ab3c6e081000c34e48ac8314a8,5cda8eb9932b6b8bcc5bcdf0a7fbdac3818847732b37ac6dab45d267b2bff245,jpeg_compression,,generated from held-out ID only; never from train
images/dissertation_v1/ood/sensory_artifact/jpeg_compression/artifact_000071_07_jpeg_compression.png,1,train,synthetic_artifact,sensory_artifact,jpeg_compression,derived_from_synthetic_faf,,derived_or_generated_synthetic,test,eb8851afd4478c0c5e39bc59cea5b9f8f2388cf2f44f06f606a1f86f1fc477e9,c8eb47ac0768a5c9f9470dbb0e16e100847b28bcd7869d7962a0bffd9aa914e0,jpeg_compression,,generated from held-out ID only; never from train
images/dissertation_v1/ood/sensory_artifact/jpeg_compression/artifact_000072_07_jpeg_compression.png,1,train,synthetic_artifact,sensory_artifact,jpeg_compression,derived_from_synthetic_faf,,derived_or_generated_synthetic,test,06599d706329774080b7636acba70dd3df594b9faf72c70677458f5599ee6079,c8fe2b85f894306e93ed79f02f77da1427fdcbf995b0ad07e35c66f98bbdb7a0,jpeg_compression,,generated from held-out ID only; never from train
images/dissertation_v1/ood/sensory_artifact/jpeg_compression/artifact_000073_07_jpeg_compression.png,1,train,synthetic_artifact,sensory_artifact,jpeg_compression,derived_from_synthetic_faf,,derived_or_generated_synthetic,test,090f82fc9c2e1f79f65558cd421e9ecd0cca9aa63f1d054583865c82c1349b7b,dcd3f3349f07e1bed7856633db333e4747430455d15c5a8608c54e3f7a1e3d7d,jpeg_compression,,generated from held-out ID only; never from train
images/dissertation_v1/ood/sensory_artifact/jpeg_compression/artifact_000074_07_jpeg_compression.png,1,train,synthetic_artifact,sensory_artifact,jpeg_compression,derived_from_synthetic_faf,,derived_or_generated_synthetic,test,2cf0d004bf527f0e5bc94c6ebe82c8e65c149a64a7cb65099cfd3c122ef579b3,121676a35541005d3f7f769e374c3ffc28e6ae19878fc3c1ecd6709102443fe7,jpeg_compression,,generated from held-out ID only; never from train
images/dissertation_v1/ood/sensory_artifact/jpeg_compression/artifact_000075_07_jpeg_compression.png,1,train,synthetic_artifact,sensory_artifact,jpeg_compression,derived_from_synthetic_faf,,derived_or_generated_synthetic,test,73b60d37ea1dae6e15460ba51e5b7f564c024130f195efca42db44bf4ddf4c20,4f49d5898ef29e6dbba84b94fa73a55c1a29a6694e6822a9b64b7d09fa1a5c38,jpeg_compression,,generated from held-out ID only; never from train
images/dissertation_v1/ood/sensory_artifact/jpeg_compression/artifact_000078_07_jpeg_compression.png,1,train,synthetic_artifact,sensory_artifact,jpeg_compression,derived_from_synthetic_faf,,derived_or_generated_synthetic,test,de40998facc763028495022009e95f494e088c13f01f1e57a015416068c419b6,9af2f45d4b55869623d7ce9516709e60795adfd67a812b55afb17354b9baf5d2,jpeg_compression,,generated from held-out ID only; never from train
images/dissertation_v1/ood/sensory_artifact/jpeg_compression/artifact_000079_07_jpeg_compression.png,1,train,synthetic_artifact,sensory_artifact,jpeg_compression,derived_from_synthetic_faf,,derived_or_generated_synthetic,test,c200ccc6d4de122cf7d3450c14c3bd451be69e206d35243b18164d9d898e3d95,82150b28a408cd90cad8ac33ead707590a8ba8d83cf3038f0788ed2cb27a2f89,jpeg_compression,,generated from held-out ID only; never from train
images/dissertation_v1/ood/sensory_artifact/jpeg_compression/artifact_000080_07_jpeg_compression.png,1,train,synthetic_artifact,sensory_artifact,jpeg_compression,derived_from_synthetic_faf,,derived_or_generated_synthetic,test,39cdc3037a102e0a10490834dcd5ceb15d1f9ac54441347402d2593bc36a23c8,0eaca6deb2f0b650a1e35e11befa7e12fba953dbc19c3512fafc20bebd5fb815,jpeg_compression,,generated from held-out ID only; never from train
images/dissertation_v1/ood/sensory_artifact/jpeg_compression/artifact_000082_07_jpeg_compression.png,1,train,synthetic_artifact,sensory_artifact,jpeg_compression,derived_from_synthetic_faf,,derived_or_generated_synthetic,test,b24b4c03e30301ca6e66d95879a61b45a7c5786fca44e636328ac87ee530867b,5d2c59717f3d4d8170ce1f409aaaf7db80f7ae2685fb909f9db1013ab32d5c49,jpeg_compression,,generated from held-out ID only; never from train
images/dissertation_v1/ood/sensory_artifact/jpeg_compression/artifact_000083_07_jpeg_compression.png,1,train,synthetic_artifact,sensory_artifact,jpeg_compression,derived_from_synthetic_faf,,derived_or_generated_synthetic,test,907d55eda1efcedfa126691a21db2ff645a64626a573e7b61ef0ea6a8b8217ab,df613791d34fe58c411d97501d84cfb02169bdf725504320c7577d8b9b232dfc,jpeg_compression,,generated from held-out ID only; never from train
images/dissertation_v1/ood/sensory_artifact/jpeg_compression/artifact_000085_07_jpeg_compression.png,1,train,synthetic_artifact,sensory_artifact,jpeg_compression,derived_from_synthetic_faf,,derived_or_generated_synthetic,test,af235ccbc6c69b027c4663412ff4cad6e3452a8cfa5c3e4e1759feda343cff52,8d1a0ac599eb0fc0815a524bfd0d17776fb2ef35046fbc4572d893caaa893281,jpeg_compression,,generated from held-out ID only; never from train
images/dissertation_v1/ood/sensory_artifact/jpeg_compression/artifact_000086_07_jpeg_compression.png,1,train,synthetic_artifact,sensory_artifact,jpeg_compression,derived_from_synthetic_faf,,derived_or_generated_synthetic,test,7854b96a45b02bf3d4f525e45aeea1fb19f16dc8fba66f7f64c6c7886ead0e4a,31b02edfe736e04e35cd7f7a5b015298b7e2d1e515eab2fffefd23f0d137a0dc,jpeg_compression,,generated from held-out ID only; never from train
images/dissertation_v1/ood/sensory_artifact/jpeg_compression/artifact_000088_07_jpeg_compression.png,1,train,synthetic_artifact,sensory_artifact,jpeg_compression,derived_from_synthetic_faf,,derived_or_generated_synthetic,test,0c71f657ba4b5075d59ac4cf754309ba275a7498715ed0af8ab762b79c818990,f17437fbc8ba0a64d77cc3c9bf74907c67242c244da975a5c736668c80ba36ff,jpeg_compression,,generated from held-out ID only; never from train
images/dissertation_v1/ood/sensory_artifact/jpeg_compression/artifact_000089_07_jpeg_compression.png,1,train,synthetic_artifact,sensory_artifact,jpeg_compression,derived_from_synthetic_faf,,derived_or_generated_synthetic,test,e9c172ab36ed79f90ba8740bd60cd36d8f96b205c003c09f26206130b85f9e5e,b3a3c25e180e7101a1b8c68aaee59031e3cdfca99d012931bf3981f7cf7b3148,jpeg_compression,,generated from held-out ID only; never from train
images/dissertation_v1/ood/sensory_artifact/jpeg_compression/artifact_000090_07_jpeg_compression.png,1,train,synthetic_artifact,sensory_artifact,jpeg_compression,derived_from_synthetic_faf,,derived_or_generated_synthetic,test,c6aebe4bd3972284a456af7e5ce3aa841040f40df4d662db2a5d715b7e1c861f,3fca0579b63c1ae9218257ecf5fcae692b8b00b38f3afc621efdadf6a57debb7,jpeg_compression,,generated from held-out ID only; never from train
images/dissertation_v1/ood/sensory_artifact/jpeg_compression/artifact_000091_07_jpeg_compression.png,1,train,synthetic_artifact,sensory_artifact,jpeg_compression,derived_from_synthetic_faf,,derived_or_generated_synthetic,test,4b23a77115c0c6e8516eba6de2d48d8ef9feeda0f4dba92c9d1ea0806c0f874c,aad7e429cc48dcdb1988b8ca4ee0525bf04dee268b8380a14b179424300151d6,jpeg_compression,,generated from held-out ID only; never from train
images/dissertation_v1/ood/sensory_artifact/jpeg_compression/artifact_000094_07_jpeg_compression.png,1,train,synthetic_artifact,sensory_artifact,jpeg_compression,derived_from_synthetic_faf,,derived_or_generated_synthetic,test,bc67ff0714b63afefd6dc13a97ac8c9b2414da212816728a9884f5703dd9d76c,ee8fa9a0a71d9854bc709dffc04506fd677490df5d65bac869c0430e8faf78bd,jpeg_compression,,generated from held-out ID only; never from train
images/dissertation_v1/ood/sensory_artifact/jpeg_compression/artifact_000095_07_jpeg_compression.png,1,train,synthetic_artifact,sensory_artifact,jpeg_compression,derived_from_synthetic_faf,,derived_or_generated_synthetic,test,d3efe7c6b9e55de3cec0557161de58c27c8ec8ab80ebfcb4f051170409eabf15,36c01ce75ef8cd22d56a154a5e850c4a421754027b40778b2ec4204014e0ab30,jpeg_compression,,generated from held-out ID only; never from train
images/dissertation_v1/ood/sensory_artifact/jpeg_compression/artifact_000096_07_jpeg_compression.png,1,train,synthetic_artifact,sensory_artifact,jpeg_compression,derived_from_synthetic_faf,,derived_or_generated_synthetic,test,3c155985186c22da2679943947e763bac6c3a80ce013465ffe99a1f46b4624e3,618463cdedc1dfd6f8a910f4da6b05226a0546e4ace629eb24575e221d643b5a,jpeg_compression,,generated from held-out ID only; never from train
images/dissertation_v1/ood/sensory_artifact/jpeg_compression/artifact_000097_07_jpeg_compression.png,1,train,synthetic_artifact,sensory_artifact,jpeg_compression,derived_from_synthetic_faf,,derived_or_generated_synthetic,test,62562e6f0ed618272849603ed87cd794935560773c945fbefe26a5de63eebea2,a26e723e6ba939ae702551afe52c3c0750071c1c2e15bf59e1e3a5e9360598c1,jpeg_compression,,generated from held-out ID only; never from train
images/dissertation_v1/ood/sensory_artifact/jpeg_compression/artifact_000100_07_jpeg_compression.png,1,train,synthetic_artifact,sensory_artifact,jpeg_compression,derived_from_synthetic_faf,,derived_or_generated_synthetic,test,874e89c8a3b9cc5046c3eb20647ec19666deef931b42bcd465e98522a82bd7d0,72629a18912da54c8f255baf6b2684e92df9a2ae8daa4964790904e299592680,jpeg_compression,,generated from held-out ID only; never from train
images/dissertation_v1/ood/sensory_artifact/jpeg_compression/artifact_000101_07_jpeg_compression.png,1,train,synthetic_artifact,sensory_artifact,jpeg_compression,derived_from_synthetic_faf,,derived_or_generated_synthetic,test,0ee35c6177b7e7a82648ae03a689cb47a34af6edd0fd2e823843020041d56365,fd219f500dae4056481182b308e0fcd849c7712eea0f81adbed8fdb9fb27b484,jpeg_compression,,generated from held-out ID only; never from train
images/dissertation_v1/ood/sensory_artifact/jpeg_compression/artifact_000103_07_jpeg_compression.png,1,train,synthetic_artifact,sensory_artifact,jpeg_compression,derived_from_synthetic_faf,,derived_or_generated_synthetic,test,fc7d44ceafdd325edcd70e733c00e9039ec128a360d3696a9ac6e4cea5257118,7e4e1f31c25f0a5bf586fe1a8946c76be7d0eef3fb520a018c3782c307394331,jpeg_compression,,generated from held-out ID only; never from train
images/dissertation_v1/ood/sensory_artifact/jpeg_compression/artifact_000105_07_jpeg_compression.png,1,train,synthetic_artifact,sensory_artifact,jpeg_compression,derived_from_synthetic_faf,,derived_or_generated_synthetic,test,5566841c7978d67f083ce9422199c4d9dc75fbb9b879859c4eb3b60e5792b920,5aeefa494416110fc3806f91b7263e927a7398a19bcbe5c7e6b7e7cc6c626ce9,jpeg_compression,,generated from held-out ID only; never from train
images/dissertation_v1/ood/sensory_artifact/jpeg_compression/artifact_000106_07_jpeg_compression.png,1,train,synthetic_artifact,sensory_artifact,jpeg_compression,derived_from_synthetic_faf,,derived_or_generated_synthetic,test,ce46830293f8e859658ff35da2b130d95d19d0bfa2896c3238be277364224c15,bd5ccc8dec52023f18c3ceb1ed1e4bc423722e98f7783bc9e167d7751fe12326,jpeg_compression,,generated from held-out ID only; never from train
images/dissertation_v1/ood/sensory_artifact/jpeg_compression/artifact_000108_07_jpeg_compression.png,1,train,synthetic_artifact,sensory_artifact,jpeg_compression,derived_from_synthetic_faf,,derived_or_generated_synthetic,test,29b81d45c1fa502f1fc3ac7b2af317958364d89083ef35a6cddbe8e117701dc0,7d72468a874689e25e4b5a25de725a8c0569ab36560fb167471c695722a7a5a1,jpeg_compression,,generated from held-out ID only; never from train
images/dissertation_v1/ood/sensory_artifact/jpeg_compression/artifact_000112_07_jpeg_compression.png,1,train,synthetic_artifact,sensory_artifact,jpeg_compression,derived_from_synthetic_faf,,derived_or_generated_synthetic,test,ea2c9137928c5e4625e2fe2c680a4b64f161aa5da08c47b9891414e94a3b76f6,0082a17690ee34f87cc084ca701192ff9bc09e65a2103ac1c6ae25c2f6d5afac,jpeg_compression,,generated from held-out ID only; never from train
images/dissertation_v1/ood/sensory_artifact/jpeg_compression/artifact_000113_07_jpeg_compression.png,1,train,synthetic_artifact,sensory_artifact,jpeg_compression,derived_from_synthetic_faf,,derived_or_generated_synthetic,test,e3c8c785f6d95c1849f93f2ff2a241c4f755d923ce4bee0cfdf9b48cb5c9b2f8,f0a16dcee05bb93fc69293dec6b37b44edad69ce668e805549309e0aa6a401cc,jpeg_compression,,generated from held-out ID only; never from train
images/dissertation_v1/ood/sensory_artifact/jpeg_compression/artifact_000115_07_jpeg_compression.png,1,train,synthetic_artifact,sensory_artifact,jpeg_compression,derived_from_synthetic_faf,,derived_or_generated_synthetic,test,53c9e58c19c2962a82612a73aa5ae23315a3ba8156ea63d75a12b9515fbd2ea8,f9dd7c6f3daaf3b557787bcdc1c3ecdd27fc21186ef190f88728218f6cea9bde,jpeg_compression,,generated from held-out ID only; never from train
images/dissertation_v1/ood/sensory_artifact/jpeg_compression/artifact_000117_07_jpeg_compression.png,1,train,synthetic_artifact,sensory_artifact,jpeg_compression,derived_from_synthetic_faf,,derived_or_generated_synthetic,test,43888d5f657678da8d667cbdf76cf683207cebd4434313e251e46c1765ca0d54,926e949cdcd11564e0a20d9021643664885781b0fd8a55b1def573c0e78352e6,jpeg_compression,,generated from held-out ID only; never from train
images/dissertation_v1/ood/sensory_artifact/jpeg_compression/artifact_000120_07_jpeg_compression.png,1,train,synthetic_artifact,sensory_artifact,jpeg_compression,derived_from_synthetic_faf,,derived_or_generated_synthetic,test,d3d086b2c6cff70687d54b4743ed1c70c483f49b538916a4dca58b2160bb9a9c,6050df662b7b43400e1ebcf42f771fb1a9c17485583af5e78204a70a08fb29c9,jpeg_compression,,generated from held-out ID only; never from train
images/dissertation_v1/ood/sensory_artifact/jpeg_compression/artifact_000123_07_jpeg_compression.png,1,train,synthetic_artifact,sensory_artifact,jpeg_compression,derived_from_synthetic_faf,,derived_or_generated_synthetic,test,fc79ee4ee2924fc18516c7c399345854efbe4577dbcb18f7d279ac9036bfc804,b328236f8fa5eb08baa181006074cf4b8eff61f785d6eb4b718b87b3c240b6fd,jpeg_compression,,generated from held-out ID only; never from train
images/dissertation_v1/ood/sensory_artifact/jpeg_compression/artifact_000124_07_jpeg_compression.png,1,train,synthetic_artifact,sensory_artifact,jpeg_compression,derived_from_synthetic_faf,,derived_or_generated_synthetic,test,fddebbf84b7db568ab2e282e983832ddaf57fae333d90a84fc1770e9541a134c,1357c3ae2f0fba084aeed4a8283c596cb7847421f14f916d7feec6f64869c3b3,jpeg_compression,,generated from held-out ID only; never from train
images/dissertation_v1/ood/sensory_artifact/jpeg_compression/artifact_000125_07_jpeg_compression.png,1,train,synthetic_artifact,sensory_artifact,jpeg_compression,derived_from_synthetic_faf,,derived_or_generated_synthetic,test,f3c90405de9599c16027811164eeea53b3d06697cf556b51b888399627ed55b2,7d411bc78dd10c916d8f3a829c53247234311a09b970a9f37107e2bee3f88e6f,jpeg_compression,,generated from held-out ID only; never from train
images/dissertation_v1/ood/sensory_artifact/jpeg_compression/artifact_000126_07_jpeg_compression.png,1,train,synthetic_artifact,sensory_artifact,jpeg_compression,derived_from_synthetic_faf,,derived_or_generated_synthetic,test,d218e0f0c12130e9781c5487fd9dcaf0becf974aaf0668fafff1a4a7cf94ac99,5446b4ae0522888c46e2a57681584485ab4f74679b96a1ec7d3dc0edbe4e24e6,jpeg_compression,,generated from held-out ID only; never from train
images/dissertation_v1/ood/sensory_artifact/jpeg_compression/artifact_000128_07_jpeg_compression.png,1,train,synthetic_artifact,sensory_artifact,jpeg_compression,derived_from_synthetic_faf,,derived_or_generated_synthetic,test,6f57e90d4574627a4bbea1353a9a329a9e020d25d9460a909b8d303a0f613f2c,f0aaf9cb3094aeb127eef0f67ef481b6683337c3b7ddbc8cf3783d63648d764e,jpeg_compression,,generated from held-out ID only; never from train
images/dissertation_v1/ood/sensory_artifact/jpeg_compression/artifact_000129_07_jpeg_compression.png,1,train,synthetic_artifact,sensory_artifact,jpeg_compression,derived_from_synthetic_faf,,derived_or_generated_synthetic,test,b9b6319ec1f37e656540651250299c9a5d9d83f339d68038ff2a55fbf12ae720,77f45451bad9b412dd81bc34fd0e1bdc36b0ef7e9851223783152e6b269e527b,jpeg_compression,,generated from held-out ID only; never from train
images/dissertation_v1/ood/sensory_artifact/jpeg_compression/artifact_000130_07_jpeg_compression.png,1,train,synthetic_artifact,sensory_artifact,jpeg_compression,derived_from_synthetic_faf,,derived_or_generated_synthetic,test,9b6dcb95fd4fabc5e1902befe17fb80bc6b3448970e55530f0eabd7b1217cc48,69bda353d331eb52b616773a3917d7c88596a2387ba6f07730fe1843535de574,jpeg_compression,,generated from held-out ID only; never from train
images/dissertation_v1/ood/sensory_artifact/jpeg_compression/artifact_000132_07_jpeg_compression.png,1,train,synthetic_artifact,sensory_artifact,jpeg_compression,derived_from_synthetic_faf,,derived_or_generated_synthetic,test,835bca250d616cd31e1cd07b482efe0c67b580ed05f67ee4e338506afd570ba0,3d935e27dafdbe49c27687fb83e10449e0a19e157734e6fa837e700ba93cefae,jpeg_compression,,generated from held-out ID only; never from train
images/dissertation_v1/ood/sensory_artifact/jpeg_compression/artifact_000134_07_jpeg_compression.png,1,train,synthetic_artifact,sensory_artifact,jpeg_compression,derived_from_synthetic_faf,,derived_or_generated_synthetic,test,1517690963a2cad63ca4e2a5aeca47a6e95ac26af510d2c33b7c563c38d40d06,7c7ce6b5321de586e2a73555e7709e226600e93382ad9f6a36e75d0d790f2ff8,jpeg_compression,,generated from held-out ID only; never from train
images/dissertation_v1/ood/sensory_artifact/jpeg_compression/artifact_000136_07_jpeg_compression.png,1,train,synthetic_artifact,sensory_artifact,jpeg_compression,derived_from_synthetic_faf,,derived_or_generated_synthetic,test,e5d804d7d07a886ce9f98f100c4dcfa3d45d37eabbe4009db834b847acfee7d5,f2a50ebec8d4c518d3dddfc9a597c3cd31e78cd19d54e81a0d05b6e0154973a6,jpeg_compression,,generated from held-out ID only; never from train
images/dissertation_v1/ood/sensory_artifact/jpeg_compression/artifact_000138_07_jpeg_compression.png,1,train,synthetic_artifact,sensory_artifact,jpeg_compression,derived_from_synthetic_faf,,derived_or_generated_synthetic,test,a65382571d681b378cda69050a051539b819368533c03ca3c89f0a9528066943,4b305a31af3fef14a082608d569d1bb4c74d04b8759dd69bcc11af3ff51d76fd,jpeg_compression,,generated from held-out ID only; never from train
images/dissertation_v1/ood/sensory_artifact/jpeg_compression/artifact_000139_07_jpeg_compression.png,1,train,synthetic_artifact,sensory_artifact,jpeg_compression,derived_from_synthetic_faf,,derived_or_generated_synthetic,test,a710bbbd3a11a1206a1280c0758c0521bf79b81874873d709077d7d943862345,4d2d7cfa2ba311c178fa68aa390eb321c4df388e5a907d7f5fa285965d42f64f,jpeg_compression,,generated from held-out ID only; never from train
images/dissertation_v1/ood/sensory_artifact/jpeg_compression/artifact_000141_07_jpeg_compression.png,1,train,synthetic_artifact,sensory_artifact,jpeg_compression,derived_from_synthetic_faf,,derived_or_generated_synthetic,test,3867fb0d698c88f9784068d33302e68c16d663cfe164e282379fc5323293ed88,1ecac33ab07d51111996036ab3fb88d5c08e171ff2a971e9acf5525296dea1c7,jpeg_compression,,generated from held-out ID only; never from train
images/dissertation_v1/ood/sensory_artifact/jpeg_compression/artifact_000144_07_jpeg_compression.png,1,train,synthetic_artifact,sensory_artifact,jpeg_compression,derived_from_synthetic_faf,,derived_or_generated_synthetic,test,a88174f1e99cb90a92f1e3fad594a7adeab3cc5cb241abe86443c2519b35a48e,28526eafc96040b17551539e608681e59dbf5ee6b68de9f382e4a6658baafac2,jpeg_compression,,generated from held-out ID only; never from train
images/dissertation_v1/ood/sensory_artifact/jpeg_compression/artifact_000145_07_jpeg_compression.png,1,train,synthetic_artifact,sensory_artifact,jpeg_compression,derived_from_synthetic_faf,,derived_or_generated_synthetic,test,3a97fab9580e04ed41baaadc593d55488a488680c2465c7beca7b50cfa72eae5,578e6780b90d93dbd87714cf5bf1b0470f458e55596c36959b30ade921980aa8,jpeg_compression,,generated from held-out ID only; never from train
images/dissertation_v1/ood/sensory_artifact/jpeg_compression/artifact_000148_07_jpeg_compression.png,1,train,synthetic_artifact,sensory_artifact,jpeg_compression,derived_from_synthetic_faf,,derived_or_generated_synthetic,test,17eda03317b74e718a731256d2ece91212e3a0bf48b193632f8803766d78429c,18bdaf47632912f68f6b587cf57bc6844e251ca95824ceaebac102e755d86e81,jpeg_compression,,generated from held-out ID only; never from train
images/dissertation_v1/ood/sensory_artifact/jpeg_compression/artifact_000149_07_jpeg_compression.png,1,train,synthetic_artifact,sensory_artifact,jpeg_compression,derived_from_synthetic_faf,,derived_or_generated_synthetic,test,6944dfea3953153de44de70891989ef2cc8a2ad85d7ed3dd8200924ab3d26e85,98ee24975c82a09599460e77e4f5eccf8685da10de785739ae09ab4ed435ff72,jpeg_compression,,generated from held-out ID only; never from train
images/dissertation_v1/ood/modality_shift/oct_screenshot/oct_screenshot_000005.png,1,train,public_modality_shift,modality_shift,oct_screenshot,prepared_oct_screenshot,,pending_manual_review,test,bb93e082654eae82e95ac233f8710836b3d3baa4899a381c7c8fea3e299db18b,,,,public/prepared OOD source; verify license before dissertation submission
images/dissertation_v1/ood/modality_shift/oct_screenshot/oct_screenshot_000006.png,1,train,public_modality_shift,modality_shift,oct_screenshot,prepared_oct_screenshot,,pending_manual_review,test,668645d8e3b5f812109a63a5d69ec87d7c3048f3ebd69b7ba05ab5a75edf6b41,,,,public/prepared OOD source; verify license before dissertation submission
images/dissertation_v1/ood/modality_shift/oct_screenshot/oct_screenshot_000007.png,1,train,public_modality_shift,modality_shift,oct_screenshot,prepared_oct_screenshot,,pending_manual_review,test,e0f2cf28ac95df24fdb30675e47e6da5cde1ae8f20279fef17bafa9353d97ca7,,,,public/prepared OOD source; verify license before dissertation submission
images/dissertation_v1/ood/modality_shift/oct_screenshot/oct_screenshot_000008.png,1,train,public_modality_shift,modality_shift,oct_screenshot,prepared_oct_screenshot,,pending_manual_review,test,8794d9eb2a0a3fb811e64025a936d37e1a5b38650d0634fd1800edb0579bbced,,,,public/prepared OOD source; verify license before dissertation submission
images/dissertation_v1/ood/modality_shift/oct_screenshot/oct_screenshot_000010.png,1,train,public_modality_shift,modality_shift,oct_screenshot,prepared_oct_screenshot,,pending_manual_review,test,1020a97afd0cf678c956d63d3c3ce84ab10b62086813f446b0cffae34bffc5bb,,,,public/prepared OOD source; verify license before dissertation submission
images/dissertation_v1/ood/modality_shift/oct_screenshot/oct_screenshot_000012.png,1,train,public_modality_shift,modality_shift,oct_screenshot,prepared_oct_screenshot,,pending_manual_review,test,f623e2404d9104539f70c64a177250d0598d476add83fc334c89d001e87707e6,,,,public/prepared OOD source; verify license before dissertation submission
images/dissertation_v1/ood/modality_shift/oct_screenshot/oct_screenshot_000014.png,1,train,public_modality_shift,modality_shift,oct_screenshot,prepared_oct_screenshot,,pending_manual_review,test,1416447ebf808dcf06d980e1ada790adb6ec7a58174641508b6814c5dfa84d9f,,,,public/prepared OOD source; verify license before dissertation submission
images/dissertation_v1/ood/modality_shift/oct_screenshot/oct_screenshot_000016.png,1,train,public_modality_shift,modality_shift,oct_screenshot,prepared_oct_screenshot,,pending_manual_review,test,2993204d69ae3117531a1501c598dd7b506412537866ba35a1bd9cbd858cceff,,,,public/prepared OOD source; verify license before dissertation submission
images/dissertation_v1/ood/modality_shift/oct_screenshot/oct_screenshot_000017.png,1,train,public_modality_shift,modality_shift,oct_screenshot,prepared_oct_screenshot,,pending_manual_review,test,d00858169f849068563262c3bd10173406ee3aae1bb177e1e3d1c69dd97261d8,,,,public/prepared OOD source; verify license before dissertation submission
images/dissertation_v1/ood/modality_shift/oct_screenshot/oct_screenshot_000018.png,1,train,public_modality_shift,modality_shift,oct_screenshot,prepared_oct_screenshot,,pending_manual_review,test,f73326d23b8cac75306205094b0567d3041eed829ea8de19760fb0f6b34500b8,,,,public/prepared OOD source; verify license before dissertation submission
images/dissertation_v1/ood/modality_shift/oct_screenshot/oct_screenshot_000019.png,1,train,public_modality_shift,modality_shift,oct_screenshot,prepared_oct_screenshot,,pending_manual_review,test,410108132dd1f79f19bf66eb946b4148180ef2acb0a1fdd53a3052d145de6424,,,,public/prepared OOD source; verify license before dissertation submission
images/dissertation_v1/ood/modality_shift/oct_screenshot/oct_screenshot_000021.png,1,train,public_modality_shift,modality_shift,oct_screenshot,prepared_oct_screenshot,,pending_manual_review,test,adfd3183fd894de1d1eab3f521d67bd69c3ab45f85cb70202fab760ec68a196b,,,,public/prepared OOD source; verify license before dissertation submission
images/dissertation_v1/ood/modality_shift/oct_screenshot/oct_screenshot_000023.png,1,train,public_modality_shift,modality_shift,oct_screenshot,prepared_oct_screenshot,,pending_manual_review,test,224d1d68640c123ae7db21b3e70db7607a075cafc2246e903c61e5065b4e945d,,,,public/prepared OOD source; verify license before dissertation submission
images/dissertation_v1/ood/modality_shift/oct_screenshot/oct_screenshot_000024.png,1,train,public_modality_shift,modality_shift,oct_screenshot,prepared_oct_screenshot,,pending_manual_review,test,1224497ce2dead7b67d4f3fe359d7877ce4f11a4dfaaf9e065e8fc298ba488a6,,,,public/prepared OOD source; verify license before dissertation submission
images/dissertation_v1/ood/modality_shift/oct_screenshot/oct_screenshot_000025.png,1,train,public_modality_shift,modality_shift,oct_screenshot,prepared_oct_screenshot,,pending_manual_review,test,d9309117977764e4a2d6fc38f487c540d7d236ca410f3045476eda9befb01d57,,,,public/prepared OOD source; verify license before dissertation submission
images/dissertation_v1/ood/modality_shift/oct_screenshot/oct_screenshot_000026.png,1,train,public_modality_shift,modality_shift,oct_screenshot,prepared_oct_screenshot,,pending_manual_review,test,9e0432027a5b39c5e1e476cbd92cd2b0c620acbbff3df2ab096bfb0a89ca8149,,,,public/prepared OOD source; verify license before dissertation submission
images/dissertation_v1/ood/modality_shift/oct_screenshot/oct_screenshot_000028.png,1,train,public_modality_shift,modality_shift,oct_screenshot,prepared_oct_screenshot,,pending_manual_review,test,6abf8022caeaeff5f2f9f5ede823af059f7af8524b5af7108332e46b1c5e17a7,,,,public/prepared OOD source; verify license before dissertation submission
images/dissertation_v1/ood/modality_shift/oct_screenshot/oct_screenshot_000029.png,1,train,public_modality_shift,modality_shift,oct_screenshot,prepared_oct_screenshot,,pending_manual_review,test,93f70a2d4bcf83e46357acc9271ac179ec8bc474f758634a6fd046478e894444,,,,public/prepared OOD source; verify license before dissertation submission
images/dissertation_v1/ood/modality_shift/oct_screenshot/oct_screenshot_000031.png,1,train,public_modality_shift,modality_shift,oct_screenshot,prepared_oct_screenshot,,pending_manual_review,test,79b8eb5567f9d948fef0b3d894a49718c573055472431c4db5d171bfef8545f7,,,,public/prepared OOD source; verify license before dissertation submission
images/dissertation_v1/ood/modality_shift/oct_screenshot/oct_screenshot_000033.png,1,train,public_modality_shift,modality_shift,oct_screenshot,prepared_oct_screenshot,,pending_manual_review,test,b32b9d863f4edee9fa3102bb0952cda830ef08eb3d06e26f854fe6da98fa52e0,,,,public/prepared OOD source; verify license before dissertation submission
images/dissertation_v1/ood/modality_shift/oct_screenshot/oct_screenshot_000035.png,1,train,public_modality_shift,modality_shift,oct_screenshot,prepared_oct_screenshot,,pending_manual_review,test,6c17442ef7b994d3d7d1fe06df2c273af227ae827d6818bf713d442f8515b3b4,,,,public/prepared OOD source; verify license before dissertation submission
images/dissertation_v1/ood/modality_shift/oct_screenshot/oct_screenshot_000037.png,1,train,public_modality_shift,modality_shift,oct_screenshot,prepared_oct_screenshot,,pending_manual_review,test,0ab480ce2bd2f3a3dc144f41bd2eab105b9e92db5fe2edce18dae8e3c701ff2a,,,,public/prepared OOD source; verify license before dissertation submission
images/dissertation_v1/ood/modality_shift/oct_screenshot/oct_screenshot_000038.png,1,train,public_modality_shift,modality_shift,oct_screenshot,prepared_oct_screenshot,,pending_manual_review,test,143f11eec260805846153ce9f00aff3bbe8447ad5d2d209c4393a6a8ab971677,,,,public/prepared OOD source; verify license before dissertation submission
images/dissertation_v1/ood/modality_shift/oct_screenshot/oct_screenshot_000039.png,1,train,public_modality_shift,modality_shift,oct_screenshot,prepared_oct_screenshot,,pending_manual_review,test,84934c4bcdacca98f70bdb514be8130d0fa0f1908efae22372eb779d5c54cd5d,,,,public/prepared OOD source; verify license before dissertation submission
images/dissertation_v1/ood/modality_shift/oct_screenshot/oct_screenshot_000040.png,1,train,public_modality_shift,modality_shift,oct_screenshot,prepared_oct_screenshot,,pending_manual_review,test,089c96beda6f42c83884c87508f621d9554b8b7e71d9b1ee9cfd2aa82565617c,,,,public/prepared OOD source; verify license before dissertation submission
images/dissertation_v1/ood/modality_shift/oct_screenshot/oct_screenshot_000041.png,1,train,public_modality_shift,modality_shift,oct_screenshot,prepared_oct_screenshot,,pending_manual_review,test,72fb3c29bb8ff7a6a2edb7cfbd71b4a1b90d27071a4abc681594cbeb2def99da,,,,public/prepared OOD source; verify license before dissertation submission
images/dissertation_v1/ood/modality_shift/oct_screenshot/oct_screenshot_000042.png,1,train,public_modality_shift,modality_shift,oct_screenshot,prepared_oct_screenshot,,pending_manual_review,test,ef94ddc955b12bd6cfc6b688ee06977533b7bf6cc478c2002d4ce09d366329e3,,,,public/prepared OOD source; verify license before dissertation submission
images/dissertation_v1/ood/modality_shift/oct_screenshot/oct_screenshot_000044.png,1,train,public_modality_shift,modality_shift,oct_screenshot,prepared_oct_screenshot,,pending_manual_review,test,008b1b5348b98fe83bb7ba3967d2075eec1f78d7d9ec0591f87cef4b23c72bbc,,,,public/prepared OOD source; verify license before dissertation submission
images/dissertation_v1/ood/modality_shift/oct_screenshot/oct_screenshot_000046.png,1,train,public_modality_shift,modality_shift,oct_screenshot,prepared_oct_screenshot,,pending_manual_review,test,ea2879ca56e5ef7face9dfdc042b9929358828e37ec6dadd2a98efe5b62e6fdc,,,,public/prepared OOD source; verify license before dissertation submission
images/dissertation_v1/ood/modality_shift/oct_screenshot/oct_screenshot_000047.png,1,train,public_modality_shift,modality_shift,oct_screenshot,prepared_oct_screenshot,,pending_manual_review,test,56b6342d1c13722a566a26049f49d681b3ac745aaa5e36aedcd7cb8189c3cd4e,,,,public/prepared OOD source; verify license before dissertation submission
images/dissertation_v1/ood/modality_shift/oct_screenshot/oct_screenshot_000050.png,1,train,public_modality_shift,modality_shift,oct_screenshot,prepared_oct_screenshot,,pending_manual_review,test,106b38b828814d2f753f28091584ca9ff1864a5401004cb0e23d1e574e7d5354,,,,public/prepared OOD source; verify license before dissertation submission
images/dissertation_v1/ood/modality_shift/oct_screenshot/oct_screenshot_000051.png,1,train,public_modality_shift,modality_shift,oct_screenshot,prepared_oct_screenshot,,pending_manual_review,test,34c35135ea6a343152d8576ea813fb7b3c086bf3e2f9a37fc8ffc1098502b925,,,,public/prepared OOD source; verify license before dissertation submission
images/dissertation_v1/ood/modality_shift/oct_screenshot/oct_screenshot_000055.png,1,train,public_modality_shift,modality_shift,oct_screenshot,prepared_oct_screenshot,,pending_manual_review,test,8cf66661c2c3f74cfffe10204b00adbab9f5638cdef69fbd0ed5315f1c1bde74,,,,public/prepared OOD source; verify license before dissertation submission
images/dissertation_v1/ood/modality_shift/oct_screenshot/oct_screenshot_000059.png,1,train,public_modality_shift,modality_shift,oct_screenshot,prepared_oct_screenshot,,pending_manual_review,test,d185cd35aa65254e5533d639181353abb75e513f9f51d0b4ee3ce364017633dd,,,,public/prepared OOD source; verify license before dissertation submission
images/dissertation_v1/ood/modality_shift/oct_screenshot/oct_screenshot_000060.png,1,train,public_modality_shift,modality_shift,oct_screenshot,prepared_oct_screenshot,,pending_manual_review,test,98b8f5f61ea780e4f60919851694cbe1e8d8f49f73235a49ee799b0eac97b0fd,,,,public/prepared OOD source; verify license before dissertation submission
images/dissertation_v1/ood/modality_shift/oct_screenshot/oct_screenshot_000062.png,1,train,public_modality_shift,modality_shift,oct_screenshot,prepared_oct_screenshot,,pending_manual_review,test,d72bc81db3d13da705d312ee8674e6c631f419fd3ea96b2dde035ec3ce40f3eb,,,,public/prepared OOD source; verify license before dissertation submission
images/dissertation_v1/ood/modality_shift/oct_screenshot/oct_screenshot_000063.png,1,train,public_modality_shift,modality_shift,oct_screenshot,prepared_oct_screenshot,,pending_manual_review,test,0ed9544f7950b7083f548a068067ac4ad3f95e7ec37ca95a5c5a24a337874ccd,,,,public/prepared OOD source; verify license before dissertation submission
images/dissertation_v1/ood/modality_shift/oct_screenshot/oct_screenshot_000064.png,1,train,public_modality_shift,modality_shift,oct_screenshot,prepared_oct_screenshot,,pending_manual_review,test,0c3b3bbecb0523ba58af21fde3539af6bcbfb117c8c1b38080613748eb02db15,,,,public/prepared OOD source; verify license before dissertation submission
images/dissertation_v1/ood/modality_shift/oct_screenshot/oct_screenshot_000067.png,1,train,public_modality_shift,modality_shift,oct_screenshot,prepared_oct_screenshot,,pending_manual_review,test,5bc5b236837268bdbb0662c60b1babadf64251a0d3ff6bb0fc2fc08be50826b1,,,,public/prepared OOD source; verify license before dissertation submission
images/dissertation_v1/ood/modality_shift/oct_screenshot/oct_screenshot_000068.png,1,train,public_modality_shift,modality_shift,oct_screenshot,prepared_oct_screenshot,,pending_manual_review,test,31b5a7e965bbf76d68f567f2b720970adffded6bb536f7dfbaf129053dfea8b1,,,,public/prepared OOD source; verify license before dissertation submission
images/dissertation_v1/ood/modality_shift/oct_screenshot/oct_screenshot_000069.png,1,train,public_modality_shift,modality_shift,oct_screenshot,prepared_oct_screenshot,,pending_manual_review,test,04857c26cc461913e31f063e903dc9c1d18e92c4ef7baebf54a12ec4943691c1,,,,public/prepared OOD source; verify license before dissertation submission
images/dissertation_v1/ood/modality_shift/oct_screenshot/oct_screenshot_000073.png,1,train,public_modality_shift,modality_shift,oct_screenshot,prepared_oct_screenshot,,pending_manual_review,test,647137c7a48d6a9bf4887b64632a6ac31c15279445186e2fa8f9c4667cd15d7f,,,,public/prepared OOD source; verify license before dissertation submission
images/dissertation_v1/ood/modality_shift/oct_screenshot/oct_screenshot_000074.png,1,train,public_modality_shift,modality_shift,oct_screenshot,prepared_oct_screenshot,,pending_manual_review,test,a63b2f61999e6b7d4b1a9442579e03d0415d05a653f08525b7c12467ea67a3fd,,,,public/prepared OOD source; verify license before dissertation submission
images/dissertation_v1/ood/modality_shift/oct_screenshot/oct_screenshot_000075.png,1,train,public_modality_shift,modality_shift,oct_screenshot,prepared_oct_screenshot,,pending_manual_review,test,4ca35f32ae8df4b5d609e819d3efc34bde46241996d4cbbd3b0bfd79268a30e3,,,,public/prepared OOD source; verify license before dissertation submission
images/dissertation_v1/ood/modality_shift/oct_screenshot/oct_screenshot_000078.png,1,train,public_modality_shift,modality_shift,oct_screenshot,prepared_oct_screenshot,,pending_manual_review,test,956ac330f825c280618a48a6ee0df2c61bda4c9f47c3eae76ad825dd42ff345b,,,,public/prepared OOD source; verify license before dissertation submission
images/dissertation_v1/ood/modality_shift/oct_screenshot/oct_screenshot_000079.png,1,train,public_modality_shift,modality_shift,oct_screenshot,prepared_oct_screenshot,,pending_manual_review,test,1c886dba7db62998360441829251e82945e90ae7c488e118bc1feb44d36251c6,,,,public/prepared OOD source; verify license before dissertation submission
images/dissertation_v1/ood/modality_shift/oct_screenshot/oct_screenshot_000082.png,1,train,public_modality_shift,modality_shift,oct_screenshot,prepared_oct_screenshot,,pending_manual_review,test,de39f3527a9fc877ddae928cde9f52aa51f28dbd4747139500fd5ae76d40a0d4,,,,public/prepared OOD source; verify license before dissertation submission
images/dissertation_v1/ood/modality_shift/oct_screenshot/oct_screenshot_000083.png,1,train,public_modality_shift,modality_shift,oct_screenshot,prepared_oct_screenshot,,pending_manual_review,test,851f262124ad42f0ed9f368f0e02dc2d5511561162b037c803163349a1552e67,,,,public/prepared OOD source; verify license before dissertation submission
images/dissertation_v1/ood/modality_shift/oct_screenshot/oct_screenshot_000084.png,1,train,public_modality_shift,modality_shift,oct_screenshot,prepared_oct_screenshot,,pending_manual_review,test,5846d18e44a53914fe0ea81c009ff9a1eaaf3ae5033b47b845018b76233c3f49,,,,public/prepared OOD source; verify license before dissertation submission
images/dissertation_v1/ood/modality_shift/oct_screenshot/oct_screenshot_000085.png,1,train,public_modality_shift,modality_shift,oct_screenshot,prepared_oct_screenshot,,pending_manual_review,test,40f0213e42b7e79e4d5f7c02c6dbe1428c820d8dd6f108004bf5dce20f6b580b,,,,public/prepared OOD source; verify license before dissertation submission
images/dissertation_v1/ood/modality_shift/oct_screenshot/oct_screenshot_000088.png,1,train,public_modality_shift,modality_shift,oct_screenshot,prepared_oct_screenshot,,pending_manual_review,test,6fd2bc102ea2295bf91194da734810e98cc82806ac08853eddcd6baa6edbc83f,,,,public/prepared OOD source; verify license before dissertation submission
images/dissertation_v1/ood/modality_shift/oct_screenshot/oct_screenshot_000091.png,1,train,public_modality_shift,modality_shift,oct_screenshot,prepared_oct_screenshot,,pending_manual_review,test,1fae052f5145b197eeb2471ea8ebd07251bcb66d044fdb9d302721da9edbfe5b,,,,public/prepared OOD source; verify license before dissertation submission
images/dissertation_v1/ood/modality_shift/oct_screenshot/oct_screenshot_000092.png,1,train,public_modality_shift,modality_shift,oct_screenshot,prepared_oct_screenshot,,pending_manual_review,test,a8087097e956c564ede5e42e619a13f4cb03cadd4d7e887ea5b27b75f2aab62a,,,,public/prepared OOD source; verify license before dissertation submission
images/dissertation_v1/ood/modality_shift/oct_screenshot/oct_screenshot_000094.png,1,train,public_modality_shift,modality_shift,oct_screenshot,prepared_oct_screenshot,,pending_manual_review,test,3122dd4b22ce62b13983935037029b95ad09d21624c6c1a2e29c5f54bcc55ae0,,,,public/prepared OOD source; verify license before dissertation submission
images/dissertation_v1/ood/modality_shift/oct_screenshot/oct_screenshot_000095.png,1,train,public_modality_shift,modality_shift,oct_screenshot,prepared_oct_screenshot,,pending_manual_review,test,efc1c4f63f93744341fe7dbfb07da1a33a5034af6235b6bbfad7b12167c3e91e,,,,public/prepared OOD source; verify license before dissertation submission
images/dissertation_v1/ood/modality_shift/oct_screenshot/oct_screenshot_000097.png,1,train,public_modality_shift,modality_shift,oct_screenshot,prepared_oct_screenshot,,pending_manual_review,test,34d83cf3cf537e30e1daf313eb93e2cb94888f19e498817b8a8a78b1b9c5e93c,,,,public/prepared OOD source; verify license before dissertation submission
images/dissertation_v1/ood/modality_shift/oct_screenshot/oct_screenshot_000102.png,1,train,public_modality_shift,modality_shift,oct_screenshot,prepared_oct_screenshot,,pending_manual_review,test,fd1d1affc5f38e7ba7cc74f7d5a28393c4525eb341396113d02311079d126b00,,,,public/prepared OOD source; verify license before dissertation submission
images/dissertation_v1/ood/modality_shift/oct_screenshot/oct_screenshot_000103.png,1,train,public_modality_shift,modality_shift,oct_screenshot,prepared_oct_screenshot,,pending_manual_review,test,447adb1783256aedabed291bf99f833316c7f444ae91ebc6ff46a5a9e638a88f,,,,public/prepared OOD source; verify license before dissertation submission
images/dissertation_v1/ood/modality_shift/oct_screenshot/oct_screenshot_000104.png,1,train,public_modality_shift,modality_shift,oct_screenshot,prepared_oct_screenshot,,pending_manual_review,test,db30728393dcc38d8b98ff4c5ae0ad51429fcabf7dac65607a0f7ef29997e390,,,,public/prepared OOD source; verify license before dissertation submission
images/dissertation_v1/ood/modality_shift/oct_screenshot/oct_screenshot_000106.png,1,train,public_modality_shift,modality_shift,oct_screenshot,prepared_oct_screenshot,,pending_manual_review,test,b4f84b0e57b9be27e6177667f9609d4edebe79d22c9c21b0e48d174540212008,,,,public/prepared OOD source; verify license before dissertation submission
images/dissertation_v1/ood/modality_shift/oct_screenshot/oct_screenshot_000108.png,1,train,public_modality_shift,modality_shift,oct_screenshot,prepared_oct_screenshot,,pending_manual_review,test,8583eabe7387efb919a2972afcdfcc91a99b81177b6a343660ad121ae515ac6b,,,,public/prepared OOD source; verify license before dissertation submission
images/dissertation_v1/ood/modality_shift/oct_screenshot/oct_screenshot_000109.png,1,train,public_modality_shift,modality_shift,oct_screenshot,prepared_oct_screenshot,,pending_manual_review,test,0b011193bd07879fa208d492b06e271c99252d41e9944f232eb57d85d809284e,,,,public/prepared OOD source; verify license before dissertation submission
images/dissertation_v1/ood/modality_shift/oct_screenshot/oct_screenshot_000110.png,1,train,public_modality_shift,modality_shift,oct_screenshot,prepared_oct_screenshot,,pending_manual_review,test,ebdc926842395c638f67fe92176ceac05d57bfacc246b8ce6b103c3e4cd25cff,,,,public/prepared OOD source; verify license before dissertation submission
images/dissertation_v1/ood/modality_shift/oct_screenshot/oct_screenshot_000111.png,1,train,public_modality_shift,modality_shift,oct_screenshot,prepared_oct_screenshot,,pending_manual_review,test,4b914c759d614482cf74b34e19779ec4d014132421ce5f0282c367cc27586228,,,,public/prepared OOD source; verify license before dissertation submission
images/dissertation_v1/ood/modality_shift/oct_screenshot/oct_screenshot_000112.png,1,train,public_modality_shift,modality_shift,oct_screenshot,prepared_oct_screenshot,,pending_manual_review,test,076179d2a17eaeb1c053940f56a70811105a9140c3686b880ae0176746efa5d1,,,,public/prepared OOD source; verify license before dissertation submission
images/dissertation_v1/ood/modality_shift/oct_screenshot/oct_screenshot_000117.png,1,train,public_modality_shift,modality_shift,oct_screenshot,prepared_oct_screenshot,,pending_manual_review,test,433e99f4773eae332309790350470a20baef21ce6927d7c4d0609e1a2b90719e,,,,public/prepared OOD source; verify license before dissertation submission
images/dissertation_v1/ood/modality_shift/oct_screenshot/oct_screenshot_000119.png,1,train,public_modality_shift,modality_shift,oct_screenshot,prepared_oct_screenshot,,pending_manual_review,test,c74d2d0c5eecf4781f033bf0bb9dafb7abeb3cee17d0c4131905b310dbd707d2,,,,public/prepared OOD source; verify license before dissertation submission
images/dissertation_v1/ood/modality_shift/oct_screenshot/oct_screenshot_000121.png,1,train,public_modality_shift,modality_shift,oct_screenshot,prepared_oct_screenshot,,pending_manual_review,test,9f5e41ff97c0383377f3d508f255ebce9b816776ef379ca8839dbad6d1cdc7e4,,,,public/prepared OOD source; verify license before dissertation submission
images/dissertation_v1/ood/modality_shift/oct_screenshot/oct_screenshot_000122.png,1,train,public_modality_shift,modality_shift,oct_screenshot,prepared_oct_screenshot,,pending_manual_review,test,48d7067d875d6701b2dc26ea4d56ddf103eeb5cffb4ffe5d5ce03486342f9098,,,,public/prepared OOD source; verify license before dissertation submission
images/dissertation_v1/ood/modality_shift/oct_screenshot/oct_screenshot_000123.png,1,train,public_modality_shift,modality_shift,oct_screenshot,prepared_oct_screenshot,,pending_manual_review,test,0012daf645d283d1096cdd1f75d8ec67c5c5bcae3bc28f37877af2aaf1659ab8,,,,public/prepared OOD source; verify license before dissertation submission
images/dissertation_v1/ood/modality_shift/oct_screenshot/oct_screenshot_000124.png,1,train,public_modality_shift,modality_shift,oct_screenshot,prepared_oct_screenshot,,pending_manual_review,test,6f827dcc7cad96990bb0565042a28dfaf4e4f166f51bda51175819a42917e3a9,,,,public/prepared OOD source; verify license before dissertation submission
images/dissertation_v1/ood/modality_shift/oct_screenshot/oct_screenshot_000125.png,1,train,public_modality_shift,modality_shift,oct_screenshot,prepared_oct_screenshot,,pending_manual_review,test,bf8c23aeecbe8fccc409ef809e0666f002c41e41c1becf32eb7cc5e3f1d06938,,,,public/prepared OOD source; verify license before dissertation submission
images/dissertation_v1/ood/modality_shift/oct_screenshot/oct_screenshot_000126.png,1,train,public_modality_shift,modality_shift,oct_screenshot,prepared_oct_screenshot,,pending_manual_review,test,06ddb90a3b69a199ca797995068a7dc723279224b324d86dcb37081c34805433,,,,public/prepared OOD source; verify license before dissertation submission
images/dissertation_v1/ood/modality_shift/oct_screenshot/oct_screenshot_000128.png,1,train,public_modality_shift,modality_shift,oct_screenshot,prepared_oct_screenshot,,pending_manual_review,test,c36c6e3480a8936738a2deea3c72a0f3eeebb68340b089751ed88d15604c89ae,,,,public/prepared OOD source; verify license before dissertation submission
images/dissertation_v1/ood/modality_shift/oct_screenshot/oct_screenshot_000129.png,1,train,public_modality_shift,modality_shift,oct_screenshot,prepared_oct_screenshot,,pending_manual_review,test,7219d1e2c64ceb6b3526cf4929e82109faf782f305d621b4d793c85a3dbdcd3d,,,,public/prepared OOD source; verify license before dissertation submission
images/dissertation_v1/ood/modality_shift/oct_screenshot/oct_screenshot_000130.png,1,train,public_modality_shift,modality_shift,oct_screenshot,prepared_oct_screenshot,,pending_manual_review,test,4428790e4d26190af4cafa097670e13084f900843cf2a9ed4ed5bef07af96679,,,,public/prepared OOD source; verify license before dissertation submission
images/dissertation_v1/ood/modality_shift/oct_screenshot/oct_screenshot_000131.png,1,train,public_modality_shift,modality_shift,oct_screenshot,prepared_oct_screenshot,,pending_manual_review,test,03bc4e7f1e0ed66b6dd161a0194aa8e7615494f56a95df1a13d4136e8eaa44a3,,,,public/prepared OOD source; verify license before dissertation submission
images/dissertation_v1/ood/modality_shift/oct_screenshot/oct_screenshot_000132.png,1,train,public_modality_shift,modality_shift,oct_screenshot,prepared_oct_screenshot,,pending_manual_review,test,bdd657ca0777ba2dc4185bca34f6b24c21d582110ffd77c7db943669c37021c0,,,,public/prepared OOD source; verify license before dissertation submission
images/dissertation_v1/ood/modality_shift/oct_screenshot/oct_screenshot_000133.png,1,train,public_modality_shift,modality_shift,oct_screenshot,prepared_oct_screenshot,,pending_manual_review,test,a4a7afda67375615949358b62deab9b25122208490746bfe4bf4b499bb42ee7d,,,,public/prepared OOD source; verify license before dissertation submission
images/dissertation_v1/ood/modality_shift/oct_screenshot/oct_screenshot_000134.png,1,train,public_modality_shift,modality_shift,oct_screenshot,prepared_oct_screenshot,,pending_manual_review,test,6a5625bacc10fc1537cab9b100538d67606067eea275f90a94a11ac337476373,,,,public/prepared OOD source; verify license before dissertation submission
images/dissertation_v1/ood/modality_shift/oct_screenshot/oct_screenshot_000136.png,1,train,public_modality_shift,modality_shift,oct_screenshot,prepared_oct_screenshot,,pending_manual_review,test,546a379ef166f566ddb13af3c5624deb8a003ddbd4876fe09abd33657c53d82d,,,,public/prepared OOD source; verify license before dissertation submission
images/dissertation_v1/ood/modality_shift/oct_screenshot/oct_screenshot_000137.png,1,train,public_modality_shift,modality_shift,oct_screenshot,prepared_oct_screenshot,,pending_manual_review,test,fabac6b799e26e1fbeda8d902f9ec9112f75ff38a1ad6918beeb30895dfb0948,,,,public/prepared OOD source; verify license before dissertation submission
images/dissertation_v1/ood/modality_shift/oct_screenshot/oct_screenshot_000138.png,1,train,public_modality_shift,modality_shift,oct_screenshot,prepared_oct_screenshot,,pending_manual_review,test,ff1e18af684c4c226db78a10dfe2600f83128aac452efaa8a71cf3616ef5c519,,,,public/prepared OOD source; verify license before dissertation submission
images/dissertation_v1/ood/modality_shift/oct_screenshot/oct_screenshot_000139.png,1,train,public_modality_shift,modality_shift,oct_screenshot,prepared_oct_screenshot,,pending_manual_review,test,7c433984dfb76b91ce40a1141c3e2b18c40bf54da27d3618a69ec5379d3036ef,,,,public/prepared OOD source; verify license before dissertation submission
images/dissertation_v1/ood/modality_shift/oct_screenshot/oct_screenshot_000140.png,1,train,public_modality_shift,modality_shift,oct_screenshot,prepared_oct_screenshot,,pending_manual_review,test,76d120d59e665f0304400c9cce3a640590a3cc6e4569349a70d1cc2fd0a8b219,,,,public/prepared OOD source; verify license before dissertation submission
images/dissertation_v1/ood/modality_shift/oct_screenshot/oct_screenshot_000141.png,1,train,public_modality_shift,modality_shift,oct_screenshot,prepared_oct_screenshot,,pending_manual_review,test,26edbdc47de3f72c44605f2bb8316892c8bcc24a1b1ba9ffdcdb304dc235a06a,,,,public/prepared OOD source; verify license before dissertation submission
images/dissertation_v1/ood/modality_shift/oct_screenshot/oct_screenshot_000143.png,1,train,public_modality_shift,modality_shift,oct_screenshot,prepared_oct_screenshot,,pending_manual_review,test,dbbe7223e830fe29cb1a2f4f120683d9462813f1ad56d3c8fabb77e982a61b7c,,,,public/prepared OOD source; verify license before dissertation submission
images/dissertation_v1/ood/modality_shift/oct_screenshot/oct_screenshot_000144.png,1,train,public_modality_shift,modality_shift,oct_screenshot,prepared_oct_screenshot,,pending_manual_review,test,0dea32f5bfc25d213fdfd7df9e11d4d361d8de70b4db25aece1714692a36ab39,,,,public/prepared OOD source; verify license before dissertation submission
images/dissertation_v1/ood/modality_shift/oct_screenshot/oct_screenshot_000145.png,1,train,public_modality_shift,modality_shift,oct_screenshot,prepared_oct_screenshot,,pending_manual_review,test,383c200750f3b8dfe4373755699bd590c860e9fa49d735956182395f3e9b2390,,,,public/prepared OOD source; verify license before dissertation submission
images/dissertation_v1/ood/modality_shift/oct_screenshot/oct_screenshot_000146.png,1,train,public_modality_shift,modality_shift,oct_screenshot,prepared_oct_screenshot,,pending_manual_review,test,4d0f71ac7922a2ba65c6bc1eefa654dc9dbf7e6958d66f445af52c8734bd0c0f,,,,public/prepared OOD source; verify license before dissertation submission
images/dissertation_v1/ood/modality_shift/oct_screenshot/oct_screenshot_000148.png,1,train,public_modality_shift,modality_shift,oct_screenshot,prepared_oct_screenshot,,pending_manual_review,test,212f20b65db2249954e7264f43bb2da2e06d2b3f6e44d2d6b2d2609f044dfc5c,,,,public/prepared OOD source; verify license before dissertation submission
images/dissertation_v1/ood/modality_shift/oct_screenshot/oct_screenshot_000149.png,1,train,public_modality_shift,modality_shift,oct_screenshot,prepared_oct_screenshot,,pending_manual_review,test,f5b5fcb241c0444e92f8a744c134a3ed8b49db243929d2f4fc9ae1f9fb6e832d,,,,public/prepared OOD source; verify license before dissertation submission
images/dissertation_v1/ood/modality_shift/oct_screenshot/oct_screenshot_000150.png,1,train,public_modality_shift,modality_shift,oct_screenshot,prepared_oct_screenshot,,pending_manual_review,test,ea0ab5eb48d8ff3b81b8f581f0e2b8601055415aabce82135a15453029412500,,,,public/prepared OOD source; verify license before dissertation submission
images/dissertation_v1/ood/modality_shift/oct_screenshot/oct_screenshot_000151.png,1,train,public_modality_shift,modality_shift,oct_screenshot,prepared_oct_screenshot,,pending_manual_review,test,1f5c98045898d895b43be43a6ae6d7663f78fc77629d4ae93f57ad001b84f905,,,,public/prepared OOD source; verify license before dissertation submission
images/dissertation_v1/ood/modality_shift/oct_screenshot/oct_screenshot_000152.png,1,train,public_modality_shift,modality_shift,oct_screenshot,prepared_oct_screenshot,,pending_manual_review,test,7af76abd70e6940337c115d5ba2244a271c116c06e66fcb2a103398c673498af,,,,public/prepared OOD source; verify license before dissertation submission
images/dissertation_v1/ood/modality_shift/oct_screenshot/oct_screenshot_000156.png,1,train,public_modality_shift,modality_shift,oct_screenshot,prepared_oct_screenshot,,pending_manual_review,test,662229725e0493af5b4989db6b1af76f9c0a8258708e6e533c2fc496252ec0fb,,,,public/prepared OOD source; verify license before dissertation submission
images/dissertation_v1/ood/modality_shift/oct_screenshot/oct_screenshot_000158.png,1,train,public_modality_shift,modality_shift,oct_screenshot,prepared_oct_screenshot,,pending_manual_review,test,6ed8f593bebdfa590201b43257681b2cfafb17ff977b0c86e67edcffb34a5fc6,,,,public/prepared OOD source; verify license before dissertation submission
images/dissertation_v1/ood/modality_shift/oct_screenshot/oct_screenshot_000159.png,1,train,public_modality_shift,modality_shift,oct_screenshot,prepared_oct_screenshot,,pending_manual_review,test,b93ab61bed005aa1762d00b2a369183b76a1e88f145bf880ce6e85fd0acd714c,,,,public/prepared OOD source; verify license before dissertation submission
images/dissertation_v1/ood/modality_shift/oct_screenshot/oct_screenshot_000160.png,1,train,public_modality_shift,modality_shift,oct_screenshot,prepared_oct_screenshot,,pending_manual_review,test,093282f3be923d862eec17ea4bbc5f1475c4065ee11a7633c5ec0b69be4275b9,,,,public/prepared OOD source; verify license before dissertation submission
images/dissertation_v1/ood/modality_shift/oct_screenshot/oct_screenshot_000165.png,1,train,public_modality_shift,modality_shift,oct_screenshot,prepared_oct_screenshot,,pending_manual_review,test,1d952c8bf6994c8a5995d396f4b4dae2f25ad68d95b53a32b2087939f2e67ddc,,,,public/prepared OOD source; verify license before dissertation submission
images/dissertation_v1/ood/modality_shift/oct_screenshot/oct_screenshot_000167.png,1,train,public_modality_shift,modality_shift,oct_screenshot,prepared_oct_screenshot,,pending_manual_review,test,6caa3a9f52e36f61450c9924e8fc59ec55e034a6645ab2159ed862e7d88d3421,,,,public/prepared OOD source; verify license before dissertation submission
images/dissertation_v1/ood/modality_shift/oct_screenshot/oct_screenshot_000168.png,1,train,public_modality_shift,modality_shift,oct_screenshot,prepared_oct_screenshot,,pending_manual_review,test,f1846391e89180d3df7b6c6fb8b1f6b62314f4127afa2f63f92460218cd2728f,,,,public/prepared OOD source; verify license before dissertation submission
images/dissertation_v1/ood/modality_shift/oct_screenshot/oct_screenshot_000169.png,1,train,public_modality_shift,modality_shift,oct_screenshot,prepared_oct_screenshot,,pending_manual_review,test,0a520584aeea1b1199f478340f5679b33433eaca6dafbb5109f3a84eb5043696,,,,public/prepared OOD source; verify license before dissertation submission
images/dissertation_v1/ood/modality_shift/oct_screenshot/oct_screenshot_000170.png,1,train,public_modality_shift,modality_shift,oct_screenshot,prepared_oct_screenshot,,pending_manual_review,test,8b90a4e5a800fc02edac7c7b6f9e4d0341281d7ac1eda3642e2af1fecca00187,,,,public/prepared OOD source; verify license before dissertation submission
images/dissertation_v1/ood/modality_shift/oct_screenshot/oct_screenshot_000171.png,1,train,public_modality_shift,modality_shift,oct_screenshot,prepared_oct_screenshot,,pending_manual_review,test,5ed258565cd0c032ee76953b4b4315d2bda1fd0b02fde3c9cfa2ad9495619945,,,,public/prepared OOD source; verify license before dissertation submission
images/dissertation_v1/ood/modality_shift/oct_screenshot/oct_screenshot_000172.png,1,train,public_modality_shift,modality_shift,oct_screenshot,prepared_oct_screenshot,,pending_manual_review,test,d353eb94d97dc60c9bc6d9244492880db8fbe3b674803f20e9fc0a35c67a4153,,,,public/prepared OOD source; verify license before dissertation submission
images/dissertation_v1/ood/modality_shift/oct_screenshot/oct_screenshot_000173.png,1,train,public_modality_shift,modality_shift,oct_screenshot,prepared_oct_screenshot,,pending_manual_review,test,321abe24464b0a851c425fe27c802d4994989dd86477608340a0408eef490401,,,,public/prepared OOD source; verify license before dissertation submission
images/dissertation_v1/ood/modality_shift/oct_screenshot/oct_screenshot_000174.png,1,train,public_modality_shift,modality_shift,oct_screenshot,prepared_oct_screenshot,,pending_manual_review,test,5fe943917ad119197ee74f7eb21258e8e2eb607631632a703c075b627a619b0c,,,,public/prepared OOD source; verify license before dissertation submission
images/dissertation_v1/ood/modality_shift/oct_screenshot/oct_screenshot_000175.png,1,train,public_modality_shift,modality_shift,oct_screenshot,prepared_oct_screenshot,,pending_manual_review,test,c862199b01f88d672983eacef0191412f6c2bbaf58a5fca257134f395ad9fed7,,,,public/prepared OOD source; verify license before dissertation submission
images/dissertation_v1/ood/modality_shift/oct_screenshot/oct_screenshot_000178.png,1,train,public_modality_shift,modality_shift,oct_screenshot,prepared_oct_screenshot,,pending_manual_review,test,b440550c174bdc2601737c0209044a320373f2912600e340f8a4b609181e3374,,,,public/prepared OOD source; verify license before dissertation submission
images/dissertation_v1/ood/modality_shift/oct_screenshot/oct_screenshot_000179.png,1,train,public_modality_shift,modality_shift,oct_screenshot,prepared_oct_screenshot,,pending_manual_review,test,133d08ecc4bf7dd0884ac55b38dc0fb1fe375978a57eb4814b1b8441fedad340,,,,public/prepared OOD source; verify license before dissertation submission
images/dissertation_v1/ood/modality_shift/oct_screenshot/oct_screenshot_000180.png,1,train,public_modality_shift,modality_shift,oct_screenshot,prepared_oct_screenshot,,pending_manual_review,test,764f5518e4a37d671c7895f20d762c9346e3ba16e9c299940e0107589e898b31,,,,public/prepared OOD source; verify license before dissertation submission
images/dissertation_v1/ood/modality_shift/oct_screenshot/oct_screenshot_000181.png,1,train,public_modality_shift,modality_shift,oct_screenshot,prepared_oct_screenshot,,pending_manual_review,test,21c81c67e40c79386a9f49d818dfd4a1d7fbe055a5e113895d9efc8cef1bb265,,,,public/prepared OOD source; verify license before dissertation submission
images/dissertation_v1/ood/modality_shift/oct_screenshot/oct_screenshot_000182.png,1,train,public_modality_shift,modality_shift,oct_screenshot,prepared_oct_screenshot,,pending_manual_review,test,3f4a07dc3790ad172a63adf0e124bd63e049e1dce6a53e667d318db90b62dc85,,,,public/prepared OOD source; verify license before dissertation submission
images/dissertation_v1/ood/modality_shift/oct_screenshot/oct_screenshot_000183.png,1,train,public_modality_shift,modality_shift,oct_screenshot,prepared_oct_screenshot,,pending_manual_review,test,47c056b676aa7e65eae1281ae40414edfa27cb674bcb07ecbaad7d1d5699c6da,,,,public/prepared OOD source; verify license before dissertation submission
images/dissertation_v1/ood/modality_shift/oct_screenshot/oct_screenshot_000185.png,1,train,public_modality_shift,modality_shift,oct_screenshot,prepared_oct_screenshot,,pending_manual_review,test,84fc701aa224ab5e2fcac5098ccd1bd6670c81dcffda5d44b9b65ca0a111634b,,,,public/prepared OOD source; verify license before dissertation submission
images/dissertation_v1/ood/modality_shift/oct_screenshot/oct_screenshot_000186.png,1,train,public_modality_shift,modality_shift,oct_screenshot,prepared_oct_screenshot,,pending_manual_review,test,95d54f103169d22bd9c4bc576e1ae38d6ea955c519d50218b181bc33e8e849a6,,,,public/prepared OOD source; verify license before dissertation submission
images/dissertation_v1/ood/modality_shift/oct_screenshot/oct_screenshot_000190.png,1,train,public_modality_shift,modality_shift,oct_screenshot,prepared_oct_screenshot,,pending_manual_review,test,fc2f7b7fecd26eb8cde4ea0746dea714f2edbe8a54b3f9d67bb0b7e01d3f1444,,,,public/prepared OOD source; verify license before dissertation submission
images/dissertation_v1/ood/modality_shift/oct_screenshot/oct_screenshot_000192.png,1,train,public_modality_shift,modality_shift,oct_screenshot,prepared_oct_screenshot,,pending_manual_review,test,f1251c2c0ee20093fe45c00152f3be497056aca0e967e87ce89f3dd4a2b46c96,,,,public/prepared OOD source; verify license before dissertation submission
images/dissertation_v1/ood/modality_shift/oct_screenshot/oct_screenshot_000197.png,1,train,public_modality_shift,modality_shift,oct_screenshot,prepared_oct_screenshot,,pending_manual_review,test,6698b4916658481d6cf8bdc6a899048765cc7635dd2ca9e5ba5244524fbef869,,,,public/prepared OOD source; verify license before dissertation submission
images/dissertation_v1/ood/sensory_artifact/rectangle_annotation/artifact_000000_01_rectangle_annotation.png,1,train,synthetic_artifact,sensory_artifact,rectangle_annotation,derived_from_synthetic_faf,,derived_or_generated_synthetic,test,aa2463f2d1f83867519265ecfca95a061bf11c20f9ea1aad6beef6890aa97c3c,112e823039e992ec964b01fc8c2627a079ef954f38f3b3afcb49dfec242da8de,rectangle_annotation,,generated from held-out ID only; never from train
images/dissertation_v1/ood/sensory_artifact/rectangle_annotation/artifact_000001_01_rectangle_annotation.png,1,train,synthetic_artifact,sensory_artifact,rectangle_annotation,derived_from_synthetic_faf,,derived_or_generated_synthetic,test,1854f7a402360c858503b1d52dc61baadab36a2f56dca0ff5957697cddbba188,1a6fa85a126f3582d51f16ba281f47c1bf2c3e337748511a1c45e4ec0a690674,rectangle_annotation,,generated from held-out ID only; never from train
images/dissertation_v1/ood/sensory_artifact/rectangle_annotation/artifact_000002_01_rectangle_annotation.png,1,train,synthetic_artifact,sensory_artifact,rectangle_annotation,derived_from_synthetic_faf,,derived_or_generated_synthetic,test,730e0e036f6bc2768d2f172da40bc16bce4e4a832537f45b2ae8a86408387c06,3fe16ad039a6555522438a9b9dd1a0de6bd787a7001116e06a97b4f034684ba2,rectangle_annotation,,generated from held-out ID only; never from train
images/dissertation_v1/ood/sensory_artifact/rectangle_annotation/artifact_000004_01_rectangle_annotation.png,1,train,synthetic_artifact,sensory_artifact,rectangle_annotation,derived_from_synthetic_faf,,derived_or_generated_synthetic,test,ad83e32dab44b197008f41ca92c51fda3b6934a63a3978362bf0433d492a3d4d,d1f816cb395b94664ca9fc285317aa28d5757c61e7466f4d035552df5a7b2ef4,rectangle_annotation,,generated from held-out ID only; never from train
images/dissertation_v1/ood/sensory_artifact/rectangle_annotation/artifact_000005_01_rectangle_annotation.png,1,train,synthetic_artifact,sensory_artifact,rectangle_annotation,derived_from_synthetic_faf,,derived_or_generated_synthetic,test,a8052f43584a09054f7f8c796b5226542f2f5f14e2647ba720e36ff41636d0a9,a37d2499bdadac9b672e002cf5b14bc830d68e387c1ea4405083eb6eed030d26,rectangle_annotation,,generated from held-out ID only; never from train
images/dissertation_v1/ood/sensory_artifact/rectangle_annotation/artifact_000006_01_rectangle_annotation.png,1,train,synthetic_artifact,sensory_artifact,rectangle_annotation,derived_from_synthetic_faf,,derived_or_generated_synthetic,test,5124c1aed60b253e9157b0286bf1a9abf4a76e8b144d75430e9e609ff11a9326,31d5f5ed5ac046981c6cb1df50192091daa4b282d054e8095b9e025b42afeb88,rectangle_annotation,,generated from held-out ID only; never from train
images/dissertation_v1/ood/sensory_artifact/rectangle_annotation/artifact_000008_01_rectangle_annotation.png,1,train,synthetic_artifact,sensory_artifact,rectangle_annotation,derived_from_synthetic_faf,,derived_or_generated_synthetic,test,fb5f4bbed27400bf213a4cba310c6d9f74462025f8af5e075d3910b11a1bf93e,e6c4a5d7163b7548a0b47040c1306557f98a486871b94c8da983fdc932729197,rectangle_annotation,,generated from held-out ID only; never from train
images/dissertation_v1/ood/sensory_artifact/rectangle_annotation/artifact_000009_01_rectangle_annotation.png,1,train,synthetic_artifact,sensory_artifact,rectangle_annotation,derived_from_synthetic_faf,,derived_or_generated_synthetic,test,89b1f3fb15271b5d1d7c66a71b6ccebd78176be4175595babaa92a6c4c047f46,2921bd55bd6a1e0c179915271aa18bb9e1f22a278d1c127770fec0cb54d7d88d,rectangle_annotation,,generated from held-out ID only; never from train
images/dissertation_v1/ood/sensory_artifact/rectangle_annotation/artifact_000010_01_rectangle_annotation.png,1,train,synthetic_artifact,sensory_artifact,rectangle_annotation,derived_from_synthetic_faf,,derived_or_generated_synthetic,test,a6748a76b68fa5e19870d1431a2f179126e97e42a180c9f1b89c0f14a65e1662,2ce067e78529d59ae5f2ff71b02be86e4f62371b0aa31810d2047f115fe68900,rectangle_annotation,,generated from held-out ID only; never from train
images/dissertation_v1/ood/sensory_artifact/rectangle_annotation/artifact_000011_01_rectangle_annotation.png,1,train,synthetic_artifact,sensory_artifact,rectangle_annotation,derived_from_synthetic_faf,,derived_or_generated_synthetic,test,15505355d25e0a0e6caa5b3f0e5964eac5cd3a5af33513ffb4924f3f4dde54a9,d822b0621f3574fb70a96904005d10d950c5fed12e7f0f1c78edbcb396fbd7ac,rectangle_annotation,,generated from held-out ID only; never from train
images/dissertation_v1/ood/sensory_artifact/rectangle_annotation/artifact_000014_01_rectangle_annotation.png,1,train,synthetic_artifact,sensory_artifact,rectangle_annotation,derived_from_synthetic_faf,,derived_or_generated_synthetic,test,02f40ebd474f8ae40e1bd6aba9ca134b5cdd72ec91cd6f579cbb1646d978ce5e,50eb07963b954a027224c212fef91ed6b91ad3d68a58e0fb6e2fd32ccb4b8bd1,rectangle_annotation,,generated from held-out ID only; never from train
images/dissertation_v1/ood/sensory_artifact/rectangle_annotation/artifact_000015_01_rectangle_annotation.png,1,train,synthetic_artifact,sensory_artifact,rectangle_annotation,derived_from_synthetic_faf,,derived_or_generated_synthetic,test,f0538fa080588394b024cce73536bcc7a455f8e03c352a807b1c91983f6ff570,38fbaedc8df6557c3519716071afbe70dbb54496bc3eda4dbd28443246ef0539,rectangle_annotation,,generated from held-out ID only; never from train
images/dissertation_v1/ood/sensory_artifact/rectangle_annotation/artifact_000016_01_rectangle_annotation.png,1,train,synthetic_artifact,sensory_artifact,rectangle_annotation,derived_from_synthetic_faf,,derived_or_generated_synthetic,test,7b3f6aba20aa68609b93b34f5e8e61caefd1d4db78ba0a8725bb062a6bcdbab7,9c16a2d52b66788ef6f4635487fc55e1b8f9abf860695b606defc6a4d6726219,rectangle_annotation,,generated from held-out ID only; never from train
images/dissertation_v1/ood/sensory_artifact/rectangle_annotation/artifact_000019_01_rectangle_annotation.png,1,train,synthetic_artifact,sensory_artifact,rectangle_annotation,derived_from_synthetic_faf,,derived_or_generated_synthetic,test,dfab76f78005d66d5c17bf75652773bace5cf812a80c705de6439c37fd21c0a6,f9a033e1944d7b29d126d036c4a91b903f0c3c335a85177788beafc3fe8b70da,rectangle_annotation,,generated from held-out ID only; never from train
images/dissertation_v1/ood/sensory_artifact/rectangle_annotation/artifact_000020_01_rectangle_annotation.png,1,train,synthetic_artifact,sensory_artifact,rectangle_annotation,derived_from_synthetic_faf,,derived_or_generated_synthetic,test,70d1a119e667a5b65641f7785700941d04ec779ad21012eb216b32ba9a9300a3,5db33929cee5ce3d7b21de926a708da9a1e5e2b0c82a9430eebe1296f81aeaa3,rectangle_annotation,,generated from held-out ID only; never from train
images/dissertation_v1/ood/sensory_artifact/rectangle_annotation/artifact_000021_01_rectangle_annotation.png,1,train,synthetic_artifact,sensory_artifact,rectangle_annotation,derived_from_synthetic_faf,,derived_or_generated_synthetic,test,18a9a226f5c351267484a8f6dc6602c685bb55932ac60e6e84467341317d55b8,4d03a1e9e5af412c9b0f27c2121c6702f6eac8ed7a1ee7be5bf7614449647c3f,rectangle_annotation,,generated from held-out ID only; never from train
images/dissertation_v1/ood/sensory_artifact/rectangle_annotation/artifact_000022_01_rectangle_annotation.png,1,train,synthetic_artifact,sensory_artifact,rectangle_annotation,derived_from_synthetic_faf,,derived_or_generated_synthetic,test,15994dd5225faa4a4a265397d325f0352c8043a5dc6b65cdd30cbb53658e16ee,8731067f5bddc9601fe392e35a58da1299a5178ab7dfa27ab0a5fa2737e53dc0,rectangle_annotation,,generated from held-out ID only; never from train
images/dissertation_v1/ood/sensory_artifact/rectangle_annotation/artifact_000023_01_rectangle_annotation.png,1,train,synthetic_artifact,sensory_artifact,rectangle_annotation,derived_from_synthetic_faf,,derived_or_generated_synthetic,test,1150aa6f93320cc83e4ec6f95c8ed5380284162fbb266bc7afdd0fe4eac1925c,5c5de26e3693925f8d2d12200aa1eb36cf8d4f5713ead728d3a3a64bb8722356,rectangle_annotation,,generated from held-out ID only; never from train
images/dissertation_v1/ood/sensory_artifact/rectangle_annotation/artifact_000025_01_rectangle_annotation.png,1,train,synthetic_artifact,sensory_artifact,rectangle_annotation,derived_from_synthetic_faf,,derived_or_generated_synthetic,test,d1fb3d15126e4ce492c0fa357eec6ce867cca3fdfc7dce639a6c3be1393b45c8,45014680fe8cc341bc75b645b339be34a404d6394f3bb31ec63a903eff678f67,rectangle_annotation,,generated from held-out ID only; never from train
images/dissertation_v1/ood/sensory_artifact/rectangle_annotation/artifact_000026_01_rectangle_annotation.png,1,train,synthetic_artifact,sensory_artifact,rectangle_annotation,derived_from_synthetic_faf,,derived_or_generated_synthetic,test,bc94165d97a5f0ce4825986932501d13e206feb210fba63a61a5c9cde44193ef,47d438f5b053f04e177c822d969def1d7773e3f146dc0ea2c51f5a1fc298f1bf,rectangle_annotation,,generated from held-out ID only; never from train
images/dissertation_v1/ood/sensory_artifact/rectangle_annotation/artifact_000028_01_rectangle_annotation.png,1,train,synthetic_artifact,sensory_artifact,rectangle_annotation,derived_from_synthetic_faf,,derived_or_generated_synthetic,test,54a812340af54c52e6164ba638d715ae4ee1a4c3555a4ca0943715833c59614e,9fa756177a21820bc1bf3ee057de8b0c540d40ca1f6ce62ecbf8b4027efca125,rectangle_annotation,,generated from held-out ID only; never from train
images/dissertation_v1/ood/sensory_artifact/rectangle_annotation/artifact_000030_01_rectangle_annotation.png,1,train,synthetic_artifact,sensory_artifact,rectangle_annotation,derived_from_synthetic_faf,,derived_or_generated_synthetic,test,8a2ef8f19069955b54921c2cfa6504dd0ba371694e0cded8d702201146d5dc92,1abcc3a996b7ea0932243de4f741b523f245b8f81cda49fac05b1a1a0c363278,rectangle_annotation,,generated from held-out ID only; never from train
images/dissertation_v1/ood/sensory_artifact/rectangle_annotation/artifact_000031_01_rectangle_annotation.png,1,train,synthetic_artifact,sensory_artifact,rectangle_annotation,derived_from_synthetic_faf,,derived_or_generated_synthetic,test,65c01f88795855ac9d46cef2edff896d464ca4dd40970f8705b6baa8507c063a,d9566cc09f758dd1d317a06788b155dff7dfac4dd76e0832de3589651a4e8145,rectangle_annotation,,generated from held-out ID only; never from train
images/dissertation_v1/ood/sensory_artifact/rectangle_annotation/artifact_000032_01_rectangle_annotation.png,1,train,synthetic_artifact,sensory_artifact,rectangle_annotation,derived_from_synthetic_faf,,derived_or_generated_synthetic,test,336ed687799990780a6df3afb6dabb466e9cdd6093b97dac6d5dd21f68355465,cd4f8184a0ffa557274b13b0ea3902f73d674253ac57ec26c12c3c5026cf2b80,rectangle_annotation,,generated from held-out ID only; never from train
images/dissertation_v1/ood/sensory_artifact/rectangle_annotation/artifact_000038_01_rectangle_annotation.png,1,train,synthetic_artifact,sensory_artifact,rectangle_annotation,derived_from_synthetic_faf,,derived_or_generated_synthetic,test,e7726dc38ee457374bf3f7bc6e8afab125c8448648a2282906c5b30824532438,8cc0640073e0f9c820b460efc0c58ec7414b7e8df823d5f1c93b38ba793d8902,rectangle_annotation,,generated from held-out ID only; never from train
images/dissertation_v1/ood/sensory_artifact/rectangle_annotation/artifact_000043_01_rectangle_annotation.png,1,train,synthetic_artifact,sensory_artifact,rectangle_annotation,derived_from_synthetic_faf,,derived_or_generated_synthetic,test,cd9ab4632bef7a40bcbbb58b79b055b2051cc9c6747a24b4ef36543326742917,04e999c3cc47238167c308d410eb7ec5ae292210ef634047c55982b81fa3012d,rectangle_annotation,,generated from held-out ID only; never from train
images/dissertation_v1/ood/sensory_artifact/rectangle_annotation/artifact_000046_01_rectangle_annotation.png,1,train,synthetic_artifact,sensory_artifact,rectangle_annotation,derived_from_synthetic_faf,,derived_or_generated_synthetic,test,7b162be8d3b4efeaca1f0d308fc0b7d0de5ea59bfea0e057ac604ac2f6af9dac,13e2d91e78a8714c322247a847463a3c9b3942269050fac1dac7fa44bf951da6,rectangle_annotation,,generated from held-out ID only; never from train
images/dissertation_v1/ood/sensory_artifact/rectangle_annotation/artifact_000047_01_rectangle_annotation.png,1,train,synthetic_artifact,sensory_artifact,rectangle_annotation,derived_from_synthetic_faf,,derived_or_generated_synthetic,test,c0acb0d76c0d278088116f4dcd2e8f5259b37433be92ed01a75c5b4038a3e01e,9027c7c813d92085e7eb1335e0de9e66ebd9b6730a0da446ba8e26cfbd03b685,rectangle_annotation,,generated from held-out ID only; never from train
images/dissertation_v1/ood/sensory_artifact/rectangle_annotation/artifact_000049_01_rectangle_annotation.png,1,train,synthetic_artifact,sensory_artifact,rectangle_annotation,derived_from_synthetic_faf,,derived_or_generated_synthetic,test,e396aaa7d00fa84027ccc8b8cad64b0ecd8df1670eb9e2951d5911d1fc2ece75,c61302a2ed48ff4f37562e3a39d8ad46a99270bf3b70b90085f1d38ef8b2b122,rectangle_annotation,,generated from held-out ID only; never from train
images/dissertation_v1/ood/sensory_artifact/rectangle_annotation/artifact_000050_01_rectangle_annotation.png,1,train,synthetic_artifact,sensory_artifact,rectangle_annotation,derived_from_synthetic_faf,,derived_or_generated_synthetic,test,c41675d15e7b8d0c3baf44071bb846f8725eca60989a9202b85c3d5b5d51eee2,3e2c8579f7265860b011fe747af201935e3621054f77e9ddfe92505744ff4141,rectangle_annotation,,generated from held-out ID only; never from train
images/dissertation_v1/ood/sensory_artifact/rectangle_annotation/artifact_000051_01_rectangle_annotation.png,1,train,synthetic_artifact,sensory_artifact,rectangle_annotation,derived_from_synthetic_faf,,derived_or_generated_synthetic,test,19644a3902e618cbe5fadb9fc1bdbbd942ef0daec73851c2500c4a820705420b,d98c4689f08b345b86108e34cac4f9e60ff36db08a9d29d0e3243ca1cf2c6941,rectangle_annotation,,generated from held-out ID only; never from train
images/dissertation_v1/ood/sensory_artifact/rectangle_annotation/artifact_000052_01_rectangle_annotation.png,1,train,synthetic_artifact,sensory_artifact,rectangle_annotation,derived_from_synthetic_faf,,derived_or_generated_synthetic,test,72470b5f8ba12df2fbedc9211914a3b6b33132d1eb890522f5539bd0aa5ce1e9,cd9af11e8731f9a6b9d13f0180c06c1f60c2ae8a695e16abc6268b79f1026b1e,rectangle_annotation,,generated from held-out ID only; never from train
images/dissertation_v1/ood/sensory_artifact/rectangle_annotation/artifact_000055_01_rectangle_annotation.png,1,train,synthetic_artifact,sensory_artifact,rectangle_annotation,derived_from_synthetic_faf,,derived_or_generated_synthetic,test,ef7b4597bf37a32782e116bab3dc07ff2fbd12bfa42bd74eb221a9e5ab9e1636,bb7ced17f3ce7864da174a6b78b7f34b25cf97ec01c15d5452696207f3063416,rectangle_annotation,,generated from held-out ID only; never from train
images/dissertation_v1/ood/sensory_artifact/rectangle_annotation/artifact_000056_01_rectangle_annotation.png,1,train,synthetic_artifact,sensory_artifact,rectangle_annotation,derived_from_synthetic_faf,,derived_or_generated_synthetic,test,bf0ed83660afd793eca2a08bcac9f2d076d832c742dcc934002f75bc9d4094c2,5cac36dc7dbb94150b4cd1703091de1fb9f3dc8fb4edfd870bfc1b1f799f0eab,rectangle_annotation,,generated from held-out ID only; never from train
images/dissertation_v1/ood/sensory_artifact/rectangle_annotation/artifact_000058_01_rectangle_annotation.png,1,train,synthetic_artifact,sensory_artifact,rectangle_annotation,derived_from_synthetic_faf,,derived_or_generated_synthetic,test,3a60efa85ae9401ff161a62bc32106b254f6d4ef43f6b0c9c6bac9389b0c640b,1e2992825661100b10f082d608b60f166b2eecdd1dcd52d490128ed1a1ac49f4,rectangle_annotation,,generated from held-out ID only; never from train
images/dissertation_v1/ood/sensory_artifact/rectangle_annotation/artifact_000060_01_rectangle_annotation.png,1,train,synthetic_artifact,sensory_artifact,rectangle_annotation,derived_from_synthetic_faf,,derived_or_generated_synthetic,test,b49a94394c4e256544c4104d85ffafd21e7d0aa0155e6824045e22a1d0332235,3a1a39ff67d065cd684acfd8e796efadd79cc73dbda7ad12dc6627016af7bdfc,rectangle_annotation,,generated from held-out ID only; never from train
images/dissertation_v1/ood/sensory_artifact/rectangle_annotation/artifact_000062_01_rectangle_annotation.png,1,train,synthetic_artifact,sensory_artifact,rectangle_annotation,derived_from_synthetic_faf,,derived_or_generated_synthetic,test,4be2a304ec5d4e3354d916af732cd1eee56e535e89de2f225fa6ca96ecffe581,00811fb76c52f5c2bd8a6d96a6c619f11efac29ad5d8de78e863a4026b14a14e,rectangle_annotation,,generated from held-out ID only; never from train
images/dissertation_v1/ood/sensory_artifact/rectangle_annotation/artifact_000063_01_rectangle_annotation.png,1,train,synthetic_artifact,sensory_artifact,rectangle_annotation,derived_from_synthetic_faf,,derived_or_generated_synthetic,test,b679dc995024478a65beca285d5d1409e32af5b91584d9a2f3bf17636efe9ce2,58539b1cc5b2a259e54144a3d7324bd17b5f13ee4782a6a85efdd05699bf6c97,rectangle_annotation,,generated from held-out ID only; never from train
images/dissertation_v1/ood/sensory_artifact/rectangle_annotation/artifact_000066_01_rectangle_annotation.png,1,train,synthetic_artifact,sensory_artifact,rectangle_annotation,derived_from_synthetic_faf,,derived_or_generated_synthetic,test,4d39cfbbca773c09f8db222028a5ea49f8c15ae5d87e2543321526eb65d6f6be,bb563bc3bd6ec78b7023ed22eaaf1c66956f573f9bed0d4f9eb07fb708f4c884,rectangle_annotation,,generated from held-out ID only; never from train
images/dissertation_v1/ood/sensory_artifact/rectangle_annotation/artifact_000067_01_rectangle_annotation.png,1,train,synthetic_artifact,sensory_artifact,rectangle_annotation,derived_from_synthetic_faf,,derived_or_generated_synthetic,test,e58d0b6d080d55fcd913b2ae443d28a6e20fec96317426c61abc93603f4c9ab5,4537ee987e4cbb0f7d661f6b948ff440ff86ec102fe5267eab5b4c44a7b75a92,rectangle_annotation,,generated from held-out ID only; never from train
images/dissertation_v1/ood/sensory_artifact/rectangle_annotation/artifact_000068_01_rectangle_annotation.png,1,train,synthetic_artifact,sensory_artifact,rectangle_annotation,derived_from_synthetic_faf,,derived_or_generated_synthetic,test,9b7d58d9142ccd9bd8cbde30af23d0014053c7f6e706164c8d11fe10dedb958e,6ff2c1217680eacf96b4149f1aeee26dcc37d0ca75e45f771425bc60b0396662,rectangle_annotation,,generated from held-out ID only; never from train
images/dissertation_v1/ood/sensory_artifact/rectangle_annotation/artifact_000073_01_rectangle_annotation.png,1,train,synthetic_artifact,sensory_artifact,rectangle_annotation,derived_from_synthetic_faf,,derived_or_generated_synthetic,test,6886021f43c33364201ed14ceff33365cb2d391b7368a61e0178bd1013ec81de,dcd3f3349f07e1bed7856633db333e4747430455d15c5a8608c54e3f7a1e3d7d,rectangle_annotation,,generated from held-out ID only; never from train
images/dissertation_v1/ood/sensory_artifact/rectangle_annotation/artifact_000074_01_rectangle_annotation.png,1,train,synthetic_artifact,sensory_artifact,rectangle_annotation,derived_from_synthetic_faf,,derived_or_generated_synthetic,test,46b147e6f0bd65e1e62b744cf9cd9bd0d7f9b3a2c8b45ca1356a3660e3f3d41f,121676a35541005d3f7f769e374c3ffc28e6ae19878fc3c1ecd6709102443fe7,rectangle_annotation,,generated from held-out ID only; never from train
images/dissertation_v1/ood/sensory_artifact/rectangle_annotation/artifact_000075_01_rectangle_annotation.png,1,train,synthetic_artifact,sensory_artifact,rectangle_annotation,derived_from_synthetic_faf,,derived_or_generated_synthetic,test,0e7206d663a17525c9f8a7cf137b4a059b87086be05050ff81db5e68d512a588,4f49d5898ef29e6dbba84b94fa73a55c1a29a6694e6822a9b64b7d09fa1a5c38,rectangle_annotation,,generated from held-out ID only; never from train
images/dissertation_v1/ood/sensory_artifact/rectangle_annotation/artifact_000077_01_rectangle_annotation.png,1,train,synthetic_artifact,sensory_artifact,rectangle_annotation,derived_from_synthetic_faf,,derived_or_generated_synthetic,test,23bc3a769be5ac58a57e9968ef81251d54625bf13dea2bd1c6d158ff18e46d7c,e7627774111ea19b66b882a70a6b4e624d03c580bab2e995417adc97ae618fca,rectangle_annotation,,generated from held-out ID only; never from train
images/dissertation_v1/ood/sensory_artifact/rectangle_annotation/artifact_000078_01_rectangle_annotation.png,1,train,synthetic_artifact,sensory_artifact,rectangle_annotation,derived_from_synthetic_faf,,derived_or_generated_synthetic,test,5da0c90790c0d390e4ebcf980e6a2195d0df40f07f013b86b335e8fd7b180172,9af2f45d4b55869623d7ce9516709e60795adfd67a812b55afb17354b9baf5d2,rectangle_annotation,,generated from held-out ID only; never from train
images/dissertation_v1/ood/sensory_artifact/rectangle_annotation/artifact_000080_01_rectangle_annotation.png,1,train,synthetic_artifact,sensory_artifact,rectangle_annotation,derived_from_synthetic_faf,,derived_or_generated_synthetic,test,efcb642306bfb67a5c5c99ba15dfa9c68f4100755b87d850cca38e0474e7f791,0eaca6deb2f0b650a1e35e11befa7e12fba953dbc19c3512fafc20bebd5fb815,rectangle_annotation,,generated from held-out ID only; never from train
images/dissertation_v1/ood/sensory_artifact/rectangle_annotation/artifact_000081_01_rectangle_annotation.png,1,train,synthetic_artifact,sensory_artifact,rectangle_annotation,derived_from_synthetic_faf,,derived_or_generated_synthetic,test,6522a9d2e236ece36a319b8ce73a86bba9e5013435be7f7bdb60815afef8053b,9c236864c4a7287d1a3842022901afb11f7ce1717d553e2fb931863137eb46fd,rectangle_annotation,,generated from held-out ID only; never from train
images/dissertation_v1/ood/sensory_artifact/rectangle_annotation/artifact_000083_01_rectangle_annotation.png,1,train,synthetic_artifact,sensory_artifact,rectangle_annotation,derived_from_synthetic_faf,,derived_or_generated_synthetic,test,3bdd5226f27ac6d9a501f0d6f3992178d01cedd11a0a84efeb08172c289b8a77,df613791d34fe58c411d97501d84cfb02169bdf725504320c7577d8b9b232dfc,rectangle_annotation,,generated from held-out ID only; never from train
images/dissertation_v1/ood/sensory_artifact/rectangle_annotation/artifact_000084_01_rectangle_annotation.png,1,train,synthetic_artifact,sensory_artifact,rectangle_annotation,derived_from_synthetic_faf,,derived_or_generated_synthetic,test,002669e866a267cacedfbb3f869e69cee828d2e53f288f7dc86c14991a962fb2,78be763eaa256c23ee59dbb43099a704088867a498e0712f9b39fca6e2a1a9e5,rectangle_annotation,,generated from held-out ID only; never from train
images/dissertation_v1/ood/sensory_artifact/rectangle_annotation/artifact_000085_01_rectangle_annotation.png,1,train,synthetic_artifact,sensory_artifact,rectangle_annotation,derived_from_synthetic_faf,,derived_or_generated_synthetic,test,db607add738824bdf602e9e8dda7e091e25d1022ce91509cd4ce2b9f4b7d475e,8d1a0ac599eb0fc0815a524bfd0d17776fb2ef35046fbc4572d893caaa893281,rectangle_annotation,,generated from held-out ID only; never from train
images/dissertation_v1/ood/sensory_artifact/rectangle_annotation/artifact_000087_01_rectangle_annotation.png,1,train,synthetic_artifact,sensory_artifact,rectangle_annotation,derived_from_synthetic_faf,,derived_or_generated_synthetic,test,c79a5f26efa09497a7835bf2a2dd29e7131ee47aa0b0e70bfb69a26626745d89,8483b73bf3d280c2e7e75a7509b0bc94b7dd44e58f6d9814a899fb0b9732175a,rectangle_annotation,,generated from held-out ID only; never from train
images/dissertation_v1/ood/sensory_artifact/rectangle_annotation/artifact_000088_01_rectangle_annotation.png,1,train,synthetic_artifact,sensory_artifact,rectangle_annotation,derived_from_synthetic_faf,,derived_or_generated_synthetic,test,abfea62bb8466fc47a7cc0b1193835aa9dbfc948c0d85604c7611ae7730192f4,f17437fbc8ba0a64d77cc3c9bf74907c67242c244da975a5c736668c80ba36ff,rectangle_annotation,,generated from held-out ID only; never from train
images/dissertation_v1/ood/sensory_artifact/rectangle_annotation/artifact_000090_01_rectangle_annotation.png,1,train,synthetic_artifact,sensory_artifact,rectangle_annotation,derived_from_synthetic_faf,,derived_or_generated_synthetic,test,fe77e67772b1e837351d988b993881c7b2efdaf16bc2da1f896e064e5303894c,3fca0579b63c1ae9218257ecf5fcae692b8b00b38f3afc621efdadf6a57debb7,rectangle_annotation,,generated from held-out ID only; never from train
images/dissertation_v1/ood/sensory_artifact/rectangle_annotation/artifact_000092_01_rectangle_annotation.png,1,train,synthetic_artifact,sensory_artifact,rectangle_annotation,derived_from_synthetic_faf,,derived_or_generated_synthetic,test,349b3b2c4afcf6ad7fd025d086f19ec1d8013207a5cc0da03d80214fddaf5d4b,7baa285b08e495d0697e82cc730097fc88a015655219451703d4b74cf88e04bf,rectangle_annotation,,generated from held-out ID only; never from train
images/dissertation_v1/ood/sensory_artifact/rectangle_annotation/artifact_000093_01_rectangle_annotation.png,1,train,synthetic_artifact,sensory_artifact,rectangle_annotation,derived_from_synthetic_faf,,derived_or_generated_synthetic,test,13cf9ebdb0f75c3c5f57a1ce4e2d1eb9196c9efb0a7e91106f83347922c0a77e,0494612ae7255e132e9406a894d25bd19a533be196b9734af9000d922c17b3cc,rectangle_annotation,,generated from held-out ID only; never from train
images/dissertation_v1/ood/sensory_artifact/rectangle_annotation/artifact_000094_01_rectangle_annotation.png,1,train,synthetic_artifact,sensory_artifact,rectangle_annotation,derived_from_synthetic_faf,,derived_or_generated_synthetic,test,e418e3254a4fb13611ee1dc1f4d76226e726c37f916b4b27d786a5601336eaf1,ee8fa9a0a71d9854bc709dffc04506fd677490df5d65bac869c0430e8faf78bd,rectangle_annotation,,generated from held-out ID only; never from train
images/dissertation_v1/ood/sensory_artifact/rectangle_annotation/artifact_000095_01_rectangle_annotation.png,1,train,synthetic_artifact,sensory_artifact,rectangle_annotation,derived_from_synthetic_faf,,derived_or_generated_synthetic,test,fcf3732b8ab0ce86943331b1919f8fe673eec3b50c68f95198d45cd18975c786,36c01ce75ef8cd22d56a154a5e850c4a421754027b40778b2ec4204014e0ab30,rectangle_annotation,,generated from held-out ID only; never from train
images/dissertation_v1/ood/sensory_artifact/rectangle_annotation/artifact_000096_01_rectangle_annotation.png,1,train,synthetic_artifact,sensory_artifact,rectangle_annotation,derived_from_synthetic_faf,,derived_or_generated_synthetic,test,89ade081a1a086c95f0394ce44d5b174c398970491e012fda377fab2d77f7877,618463cdedc1dfd6f8a910f4da6b05226a0546e4ace629eb24575e221d643b5a,rectangle_annotation,,generated from held-out ID only; never from train
images/dissertation_v1/ood/sensory_artifact/rectangle_annotation/artifact_000101_01_rectangle_annotation.png,1,train,synthetic_artifact,sensory_artifact,rectangle_annotation,derived_from_synthetic_faf,,derived_or_generated_synthetic,test,1f47aea6386c4296451c3ea0ef1c5e9755fffb1f3f1701c168230eae51891299,fd219f500dae4056481182b308e0fcd849c7712eea0f81adbed8fdb9fb27b484,rectangle_annotation,,generated from held-out ID only; never from train
images/dissertation_v1/ood/sensory_artifact/rectangle_annotation/artifact_000102_01_rectangle_annotation.png,1,train,synthetic_artifact,sensory_artifact,rectangle_annotation,derived_from_synthetic_faf,,derived_or_generated_synthetic,test,595461d3b6f8f9c8c4c7c87372fe700a309e002aa58e2e67b68c06d4e942cc77,876590b0a765ef6079e51d67a6947a5af2a14a9fbeccf29ca3f63f876f1fda65,rectangle_annotation,,generated from held-out ID only; never from train
images/dissertation_v1/ood/sensory_artifact/rectangle_annotation/artifact_000104_01_rectangle_annotation.png,1,train,synthetic_artifact,sensory_artifact,rectangle_annotation,derived_from_synthetic_faf,,derived_or_generated_synthetic,test,23ee6d592b6f9a2fbb611c888bfc83d872685604dcea82ce24d349a24e504995,0bdedd689eb5072ae76a5bc2982fc930589c53a3ea641a9eb81e21b15098d67e,rectangle_annotation,,generated from held-out ID only; never from train
images/dissertation_v1/ood/sensory_artifact/rectangle_annotation/artifact_000105_01_rectangle_annotation.png,1,train,synthetic_artifact,sensory_artifact,rectangle_annotation,derived_from_synthetic_faf,,derived_or_generated_synthetic,test,181c9dc1fa6128cb079e15594f6810d05713f3cd09912958fd882b87dc63de0f,5aeefa494416110fc3806f91b7263e927a7398a19bcbe5c7e6b7e7cc6c626ce9,rectangle_annotation,,generated from held-out ID only; never from train
images/dissertation_v1/ood/sensory_artifact/rectangle_annotation/artifact_000107_01_rectangle_annotation.png,1,train,synthetic_artifact,sensory_artifact,rectangle_annotation,derived_from_synthetic_faf,,derived_or_generated_synthetic,test,667b933c5d821563ca198b47db5e19397b4b360bc2c791c02c80aebd5b0adcde,44cad52a9605bcb262e06549a1f5752b5cfa0264bdac739c6e094b961caa0260,rectangle_annotation,,generated from held-out ID only; never from train
images/dissertation_v1/ood/sensory_artifact/rectangle_annotation/artifact_000108_01_rectangle_annotation.png,1,train,synthetic_artifact,sensory_artifact,rectangle_annotation,derived_from_synthetic_faf,,derived_or_generated_synthetic,test,dc27cb364d2878ed32d7ba4a35f230c665c17a6cea5fcdf9e8a77743be9169f0,7d72468a874689e25e4b5a25de725a8c0569ab36560fb167471c695722a7a5a1,rectangle_annotation,,generated from held-out ID only; never from train
images/dissertation_v1/ood/sensory_artifact/rectangle_annotation/artifact_000109_01_rectangle_annotation.png,1,train,synthetic_artifact,sensory_artifact,rectangle_annotation,derived_from_synthetic_faf,,derived_or_generated_synthetic,test,0bd70659b895094bebcf58f5bbec89ae3542e33cc3f7da51f73c28121e10ec00,34f334303d87d3fece2fa5c693e847b9026173d7beed69537aeda43d5b114c55,rectangle_annotation,,generated from held-out ID only; never from train
images/dissertation_v1/ood/sensory_artifact/rectangle_annotation/artifact_000110_01_rectangle_annotation.png,1,train,synthetic_artifact,sensory_artifact,rectangle_annotation,derived_from_synthetic_faf,,derived_or_generated_synthetic,test,b4119dc4231c649720f4aed538efc964627de18f19399c190f20b928004f4ddd,fee378e906a17520f332f1acc698a2c84788b70cd2669ff7b40c88519c15f9d4,rectangle_annotation,,generated from held-out ID only; never from train
images/dissertation_v1/ood/sensory_artifact/rectangle_annotation/artifact_000113_01_rectangle_annotation.png,1,train,synthetic_artifact,sensory_artifact,rectangle_annotation,derived_from_synthetic_faf,,derived_or_generated_synthetic,test,8b8767b122db7196778b76e271728a5edc0c7291e942f32b56712afbeae0c653,f0a16dcee05bb93fc69293dec6b37b44edad69ce668e805549309e0aa6a401cc,rectangle_annotation,,generated from held-out ID only; never from train
images/dissertation_v1/ood/sensory_artifact/rectangle_annotation/artifact_000115_01_rectangle_annotation.png,1,train,synthetic_artifact,sensory_artifact,rectangle_annotation,derived_from_synthetic_faf,,derived_or_generated_synthetic,test,b382920523506de105b23e0d39bfeed97ffab74fc4aebf02c921b6a55eb598c7,f9dd7c6f3daaf3b557787bcdc1c3ecdd27fc21186ef190f88728218f6cea9bde,rectangle_annotation,,generated from held-out ID only; never from train
images/dissertation_v1/ood/sensory_artifact/rectangle_annotation/artifact_000116_01_rectangle_annotation.png,1,train,synthetic_artifact,sensory_artifact,rectangle_annotation,derived_from_synthetic_faf,,derived_or_generated_synthetic,test,1154c0e37e3304f4ad39dc9c74fc216d37cd57e41c4829828e82d8d14b13eb80,981c3d303c80b102eddb306f12e711c2b30df817b3cb9896889b09c72edee0dc,rectangle_annotation,,generated from held-out ID only; never from train
images/dissertation_v1/ood/sensory_artifact/rectangle_annotation/artifact_000117_01_rectangle_annotation.png,1,train,synthetic_artifact,sensory_artifact,rectangle_annotation,derived_from_synthetic_faf,,derived_or_generated_synthetic,test,2e7b4fcda3ddddcb0c6f99b9a31fdf600286ac3d6b8dbb513b361d43d6fa91e9,926e949cdcd11564e0a20d9021643664885781b0fd8a55b1def573c0e78352e6,rectangle_annotation,,generated from held-out ID only; never from train
images/dissertation_v1/ood/sensory_artifact/rectangle_annotation/artifact_000119_01_rectangle_annotation.png,1,train,synthetic_artifact,sensory_artifact,rectangle_annotation,derived_from_synthetic_faf,,derived_or_generated_synthetic,test,085d2b05d466b3ddc3ae4a17f15ef257b58d78116d1990b55b2e0dec786f76d6,53bf5530df489572f1275cb4607b1bfd1a3e739f55de2f976346ef16b04c2aec,rectangle_annotation,,generated from held-out ID only; never from train
images/dissertation_v1/ood/sensory_artifact/rectangle_annotation/artifact_000120_01_rectangle_annotation.png,1,train,synthetic_artifact,sensory_artifact,rectangle_annotation,derived_from_synthetic_faf,,derived_or_generated_synthetic,test,98ba9f35eb939ba2a9344486ec309956fb5fb59346afa066dc41d5f45dc04b06,6050df662b7b43400e1ebcf42f771fb1a9c17485583af5e78204a70a08fb29c9,rectangle_annotation,,generated from held-out ID only; never from train
images/dissertation_v1/ood/sensory_artifact/rectangle_annotation/artifact_000123_01_rectangle_annotation.png,1,train,synthetic_artifact,sensory_artifact,rectangle_annotation,derived_from_synthetic_faf,,derived_or_generated_synthetic,test,4936e49ef37f505944395a583db542b1d691889f515fceae52fda7b602e9a794,b328236f8fa5eb08baa181006074cf4b8eff61f785d6eb4b718b87b3c240b6fd,rectangle_annotation,,generated from held-out ID only; never from train
images/dissertation_v1/ood/sensory_artifact/rectangle_annotation/artifact_000124_01_rectangle_annotation.png,1,train,synthetic_artifact,sensory_artifact,rectangle_annotation,derived_from_synthetic_faf,,derived_or_generated_synthetic,test,a6bfe0d00b9d110bdb45962c08822fe1edd1f0f9c876855425e7628f53de4353,1357c3ae2f0fba084aeed4a8283c596cb7847421f14f916d7feec6f64869c3b3,rectangle_annotation,,generated from held-out ID only; never from train
images/dissertation_v1/ood/sensory_artifact/rectangle_annotation/artifact_000125_01_rectangle_annotation.png,1,train,synthetic_artifact,sensory_artifact,rectangle_annotation,derived_from_synthetic_faf,,derived_or_generated_synthetic,test,d4bb961cbfed5f109309c2489d3f7a15d20567b889616f662d6d497f151bd9b4,7d411bc78dd10c916d8f3a829c53247234311a09b970a9f37107e2bee3f88e6f,rectangle_annotation,,generated from held-out ID only; never from train
images/dissertation_v1/ood/sensory_artifact/rectangle_annotation/artifact_000126_01_rectangle_annotation.png,1,train,synthetic_artifact,sensory_artifact,rectangle_annotation,derived_from_synthetic_faf,,derived_or_generated_synthetic,test,ffdb0bdafbbfc61f867b2dbd95b46faf9766b123fc1c9409de044b5abbfc17d4,5446b4ae0522888c46e2a57681584485ab4f74679b96a1ec7d3dc0edbe4e24e6,rectangle_annotation,,generated from held-out ID only; never from train
images/dissertation_v1/ood/sensory_artifact/rectangle_annotation/artifact_000127_01_rectangle_annotation.png,1,train,synthetic_artifact,sensory_artifact,rectangle_annotation,derived_from_synthetic_faf,,derived_or_generated_synthetic,test,19cd10c4c0ad1435e00189ddfbeb979d0a42fbc9b7558994057850f2efe946c0,1d9bde0c3df2046a73385263a0f0f6b667dc8fcc40164c4219c812103b6ed89a,rectangle_annotation,,generated from held-out ID only; never from train
images/dissertation_v1/ood/sensory_artifact/rectangle_annotation/artifact_000130_01_rectangle_annotation.png,1,train,synthetic_artifact,sensory_artifact,rectangle_annotation,derived_from_synthetic_faf,,derived_or_generated_synthetic,test,c892a958e3dae092eef24da0c19e807797e8178798eb0f11c436ef4ebf896912,69bda353d331eb52b616773a3917d7c88596a2387ba6f07730fe1843535de574,rectangle_annotation,,generated from held-out ID only; never from train
images/dissertation_v1/ood/sensory_artifact/rectangle_annotation/artifact_000133_01_rectangle_annotation.png,1,train,synthetic_artifact,sensory_artifact,rectangle_annotation,derived_from_synthetic_faf,,derived_or_generated_synthetic,test,27cf5e33e1e8e1d040172dfbb5e75c82230f93adb32f5e5cb0b3c489b4384582,4939cf020113c74b587fc51d5a9628f40971fc08f2f4ebf3dc2f55b68a071b16,rectangle_annotation,,generated from held-out ID only; never from train
images/dissertation_v1/ood/sensory_artifact/rectangle_annotation/artifact_000135_01_rectangle_annotation.png,1,train,synthetic_artifact,sensory_artifact,rectangle_annotation,derived_from_synthetic_faf,,derived_or_generated_synthetic,test,eee34d4e2ec020e964cdba2ccb804c63e7eee8064fb4c7d0b10cb881e3a2d9f0,30954c72a9fb85152713d1ddf07ab06d48566e4f5a9101d121d95a220b380007,rectangle_annotation,,generated from held-out ID only; never from train
images/dissertation_v1/ood/sensory_artifact/rectangle_annotation/artifact_000138_01_rectangle_annotation.png,1,train,synthetic_artifact,sensory_artifact,rectangle_annotation,derived_from_synthetic_faf,,derived_or_generated_synthetic,test,f0f45eb78de77d29dd7959670d3c476e056cc83a590fcab8b200a1dc6a8fa769,4b305a31af3fef14a082608d569d1bb4c74d04b8759dd69bcc11af3ff51d76fd,rectangle_annotation,,generated from held-out ID only; never from train
images/dissertation_v1/ood/sensory_artifact/rectangle_annotation/artifact_000139_01_rectangle_annotation.png,1,train,synthetic_artifact,sensory_artifact,rectangle_annotation,derived_from_synthetic_faf,,derived_or_generated_synthetic,test,027cbc2e3444767b69fa2e81318207573f99dd69bed934197d01be8c1aef63ef,4d2d7cfa2ba311c178fa68aa390eb321c4df388e5a907d7f5fa285965d42f64f,rectangle_annotation,,generated from held-out ID only; never from train
images/dissertation_v1/ood/sensory_artifact/rectangle_annotation/artifact_000141_01_rectangle_annotation.png,1,train,synthetic_artifact,sensory_artifact,rectangle_annotation,derived_from_synthetic_faf,,derived_or_generated_synthetic,test,d3c9142b65c8cc97869ed2f55e131bc199ee6f0918dcc8bc6e561e649af8fa92,1ecac33ab07d51111996036ab3fb88d5c08e171ff2a971e9acf5525296dea1c7,rectangle_annotation,,generated from held-out ID only; never from train
images/dissertation_v1/ood/sensory_artifact/rectangle_annotation/artifact_000142_01_rectangle_annotation.png,1,train,synthetic_artifact,sensory_artifact,rectangle_annotation,derived_from_synthetic_faf,,derived_or_generated_synthetic,test,636fb66a95eb672ac4379159b082c1f1f47ab3d231d7d17b28d1f6ed3678b0e5,b9b696bd906b4c55bc36c91d9a2b4388150f80bb9b930062cdd275733b118cf0,rectangle_annotation,,generated from held-out ID only; never from train
images/dissertation_v1/ood/sensory_artifact/rectangle_annotation/artifact_000144_01_rectangle_annotation.png,1,train,synthetic_artifact,sensory_artifact,rectangle_annotation,derived_from_synthetic_faf,,derived_or_generated_synthetic,test,3aaf0c2b7de3ee8ceb299f7bc67a604d1e8bf0c01b3c7a282474b6bedb25da84,28526eafc96040b17551539e608681e59dbf5ee6b68de9f382e4a6658baafac2,rectangle_annotation,,generated from held-out ID only; never from train
images/dissertation_v1/ood/sensory_artifact/rectangle_annotation/artifact_000145_01_rectangle_annotation.png,1,train,synthetic_artifact,sensory_artifact,rectangle_annotation,derived_from_synthetic_faf,,derived_or_generated_synthetic,test,4411af8f5db1fbfc7739f7dc21cee34c54d8f4bc5beec072ff5b19487d1453f7,578e6780b90d93dbd87714cf5bf1b0470f458e55596c36959b30ade921980aa8,rectangle_annotation,,generated from held-out ID only; never from train
images/dissertation_v1/ood/sensory_artifact/rectangle_annotation/artifact_000147_01_rectangle_annotation.png,1,train,synthetic_artifact,sensory_artifact,rectangle_annotation,derived_from_synthetic_faf,,derived_or_generated_synthetic,test,0741a5e167a3d07799153868e5038e2c8ba9a2a11717f44341780f0fcf022165,2e934d86b1b37029c030e42e88b7112e2b5f81459322644877d85a5593aed347,rectangle_annotation,,generated from held-out ID only; never from train
images/dissertation_v1/ood/sensory_artifact/rectangle_annotation/artifact_000148_01_rectangle_annotation.png,1,train,synthetic_artifact,sensory_artifact,rectangle_annotation,derived_from_synthetic_faf,,derived_or_generated_synthetic,test,4c27e5e05d4aeb1b1804139c6986ac698868cdd61ca07f27c4dc442e6387207a,18bdaf47632912f68f6b587cf57bc6844e251ca95824ceaebac102e755d86e81,rectangle_annotation,,generated from held-out ID only; never from train
images/dissertation_v1/ood/sensory_artifact/rectangle_annotation/artifact_000149_01_rectangle_annotation.png,1,train,synthetic_artifact,sensory_artifact,rectangle_annotation,derived_from_synthetic_faf,,derived_or_generated_synthetic,test,80ffba5af2ee79b770507724299ff7dd5e447c79fd9739f3fddb1e6c0c8eb52b,98ee24975c82a09599460e77e4f5eccf8685da10de785739ae09ab4ed435ff72,rectangle_annotation,,generated from held-out ID only; never from train
images/dissertation_v1/ood/sensory_artifact/text_watermark/artifact_000001_00_text_watermark.png,1,train,synthetic_artifact,sensory_artifact,text_watermark,derived_from_synthetic_faf,,derived_or_generated_synthetic,test,24fe07d9d6d64032ae825de026c4de274a5f9c6937b2a531ea6957b4bb75b0c4,1a6fa85a126f3582d51f16ba281f47c1bf2c3e337748511a1c45e4ec0a690674,text_watermark,,generated from held-out ID only; never from train
images/dissertation_v1/ood/sensory_artifact/text_watermark/artifact_000004_00_text_watermark.png,1,train,synthetic_artifact,sensory_artifact,text_watermark,derived_from_synthetic_faf,,derived_or_generated_synthetic,test,2de8f6a802bc743a39b25d3a3d5474d85d7ec0c8ed1d493d3a52062bece9309f,d1f816cb395b94664ca9fc285317aa28d5757c61e7466f4d035552df5a7b2ef4,text_watermark,,generated from held-out ID only; never from train
images/dissertation_v1/ood/sensory_artifact/text_watermark/artifact_000005_00_text_watermark.png,1,train,synthetic_artifact,sensory_artifact,text_watermark,derived_from_synthetic_faf,,derived_or_generated_synthetic,test,c240c6c7b13b7582cae50a4437a03ed82b09c4a545398204bc6fc7b958a30692,a37d2499bdadac9b672e002cf5b14bc830d68e387c1ea4405083eb6eed030d26,text_watermark,,generated from held-out ID only; never from train
images/dissertation_v1/ood/sensory_artifact/text_watermark/artifact_000006_00_text_watermark.png,1,train,synthetic_artifact,sensory_artifact,text_watermark,derived_from_synthetic_faf,,derived_or_generated_synthetic,test,6c4f88ecf1fa887b05cd6b8702c2a66e78ece0e5cbe7dbdaa460524bb815e3c7,31d5f5ed5ac046981c6cb1df50192091daa4b282d054e8095b9e025b42afeb88,text_watermark,,generated from held-out ID only; never from train
images/dissertation_v1/ood/sensory_artifact/text_watermark/artifact_000007_00_text_watermark.png,1,train,synthetic_artifact,sensory_artifact,text_watermark,derived_from_synthetic_faf,,derived_or_generated_synthetic,test,73e16954c85db24f45293eb85cab88c842b536c1b65fdc03c2ef92f66b14d4d2,f42ab30d20b276c5fba40818aeb540adbd4fef553ec7196ea828c0a30f5f349f,text_watermark,,generated from held-out ID only; never from train
images/dissertation_v1/ood/sensory_artifact/text_watermark/artifact_000009_00_text_watermark.png,1,train,synthetic_artifact,sensory_artifact,text_watermark,derived_from_synthetic_faf,,derived_or_generated_synthetic,test,570464f9272b5b39b58be84a15988b63225f5ff405c92b907ff2caec59abd40c,2921bd55bd6a1e0c179915271aa18bb9e1f22a278d1c127770fec0cb54d7d88d,text_watermark,,generated from held-out ID only; never from train
images/dissertation_v1/ood/sensory_artifact/text_watermark/artifact_000011_00_text_watermark.png,1,train,synthetic_artifact,sensory_artifact,text_watermark,derived_from_synthetic_faf,,derived_or_generated_synthetic,test,96ec06f2d9e053391cc3f19038395b275ee888fba27b4477781d3668d7adf38a,d822b0621f3574fb70a96904005d10d950c5fed12e7f0f1c78edbcb396fbd7ac,text_watermark,,generated from held-out ID only; never from train
images/dissertation_v1/ood/sensory_artifact/text_watermark/artifact_000014_00_text_watermark.png,1,train,synthetic_artifact,sensory_artifact,text_watermark,derived_from_synthetic_faf,,derived_or_generated_synthetic,test,a4116e2e561b94c825544bcd401b5bab05fe9c51fdd65e4152fb366f48da7871,50eb07963b954a027224c212fef91ed6b91ad3d68a58e0fb6e2fd32ccb4b8bd1,text_watermark,,generated from held-out ID only; never from train
images/dissertation_v1/ood/sensory_artifact/text_watermark/artifact_000015_00_text_watermark.png,1,train,synthetic_artifact,sensory_artifact,text_watermark,derived_from_synthetic_faf,,derived_or_generated_synthetic,test,f34dc3b1f8221376e2fd1ddc994dced61df9fd5b8243dc331329f6c2d3fe4fba,38fbaedc8df6557c3519716071afbe70dbb54496bc3eda4dbd28443246ef0539,text_watermark,,generated from held-out ID only; never from train
images/dissertation_v1/ood/sensory_artifact/text_watermark/artifact_000016_00_text_watermark.png,1,train,synthetic_artifact,sensory_artifact,text_watermark,derived_from_synthetic_faf,,derived_or_generated_synthetic,test,2baccf162f3b6198a546bea79790875bb0630988c1bde23ced87bf2546db8225,9c16a2d52b66788ef6f4635487fc55e1b8f9abf860695b606defc6a4d6726219,text_watermark,,generated from held-out ID only; never from train
images/dissertation_v1/ood/sensory_artifact/text_watermark/artifact_000018_00_text_watermark.png,1,train,synthetic_artifact,sensory_artifact,text_watermark,derived_from_synthetic_faf,,derived_or_generated_synthetic,test,8c70c1e4baee2561af992907e9851a1596ab6056838a6a78fdf6a10e2135af09,fd6fd89f280a24b4873a415a5fc1f7315de7c22e49be7073c6a9348d08c1f07b,text_watermark,,generated from held-out ID only; never from train
images/dissertation_v1/ood/sensory_artifact/text_watermark/artifact_000024_00_text_watermark.png,1,train,synthetic_artifact,sensory_artifact,text_watermark,derived_from_synthetic_faf,,derived_or_generated_synthetic,test,db8e6687ddf7d1399135999b1b62729eaf78694775bf877211f9e0690e5e73cb,c79c1eadd5034a84c31a457a7f29eeab492a16ceab3ae65da8c348f9b42b67dc,text_watermark,,generated from held-out ID only; never from train
images/dissertation_v1/ood/sensory_artifact/text_watermark/artifact_000025_00_text_watermark.png,1,train,synthetic_artifact,sensory_artifact,text_watermark,derived_from_synthetic_faf,,derived_or_generated_synthetic,test,8e4471cba6d17302b1ba49d765d3b6905d709820fd441bf816380c11d6b55bc2,45014680fe8cc341bc75b645b339be34a404d6394f3bb31ec63a903eff678f67,text_watermark,,generated from held-out ID only; never from train
images/dissertation_v1/ood/sensory_artifact/text_watermark/artifact_000026_00_text_watermark.png,1,train,synthetic_artifact,sensory_artifact,text_watermark,derived_from_synthetic_faf,,derived_or_generated_synthetic,test,e6ea0d9f224a2075ddefa2d577898300ccdd6ca077b2ef147274186f1dbb78b0,47d438f5b053f04e177c822d969def1d7773e3f146dc0ea2c51f5a1fc298f1bf,text_watermark,,generated from held-out ID only; never from train
images/dissertation_v1/ood/sensory_artifact/text_watermark/artifact_000028_00_text_watermark.png,1,train,synthetic_artifact,sensory_artifact,text_watermark,derived_from_synthetic_faf,,derived_or_generated_synthetic,test,081124b7a7d1531f4832276e7f85683d7d2a0cb69944aad7dadea7ef7f20841e,9fa756177a21820bc1bf3ee057de8b0c540d40ca1f6ce62ecbf8b4027efca125,text_watermark,,generated from held-out ID only; never from train
images/dissertation_v1/ood/sensory_artifact/text_watermark/artifact_000030_00_text_watermark.png,1,train,synthetic_artifact,sensory_artifact,text_watermark,derived_from_synthetic_faf,,derived_or_generated_synthetic,test,0ff4f82b5d95cae9eed935afd9e7bfb73dab6a0e39c251a4c5f4dc41888be394,1abcc3a996b7ea0932243de4f741b523f245b8f81cda49fac05b1a1a0c363278,text_watermark,,generated from held-out ID only; never from train
images/dissertation_v1/ood/sensory_artifact/text_watermark/artifact_000033_00_text_watermark.png,1,train,synthetic_artifact,sensory_artifact,text_watermark,derived_from_synthetic_faf,,derived_or_generated_synthetic,test,7638d9d88a8aba07f3b0adde652671b2b6b0b74fd41c4110f9cfccc47e896846,4b7f0a7b00dfcf5ba2661e0bc56b7db00c61fe7777786f1f891fafb7ac03a267,text_watermark,,generated from held-out ID only; never from train
images/dissertation_v1/ood/sensory_artifact/text_watermark/artifact_000035_00_text_watermark.png,1,train,synthetic_artifact,sensory_artifact,text_watermark,derived_from_synthetic_faf,,derived_or_generated_synthetic,test,39255b447df7a97bd700799dab1f2f19eb53ac50f8aed7b0db1f99338d3b85ae,ad2206e763d2fe74e820f9849e3d5c70fae09a566c7d71af4a5642de99425176,text_watermark,,generated from held-out ID only; never from train
images/dissertation_v1/ood/sensory_artifact/text_watermark/artifact_000036_00_text_watermark.png,1,train,synthetic_artifact,sensory_artifact,text_watermark,derived_from_synthetic_faf,,derived_or_generated_synthetic,test,7df6bda382eb40385e98427aff085d1ae78f245eae46cb1756fcf305a73c2bc8,6ec6209b2791522f0608c0e98d17415b05002c0ab9a4d1fff0df547aa6b1ecab,text_watermark,,generated from held-out ID only; never from train
images/dissertation_v1/ood/sensory_artifact/text_watermark/artifact_000037_00_text_watermark.png,1,train,synthetic_artifact,sensory_artifact,text_watermark,derived_from_synthetic_faf,,derived_or_generated_synthetic,test,40ec1d18dcb4fffe34ec27286428ea286d7427aae63a8ba3fe8ebea61efd4f89,1d93bc13ac331db7a072736022e31038f869f965793787c53f3d2a57ec76cd8d,text_watermark,,generated from held-out ID only; never from train
images/dissertation_v1/ood/sensory_artifact/text_watermark/artifact_000038_00_text_watermark.png,1,train,synthetic_artifact,sensory_artifact,text_watermark,derived_from_synthetic_faf,,derived_or_generated_synthetic,test,dbec64ddec243467a44d8183729646cad273577a8220c0f0eb15500182bf1f34,8cc0640073e0f9c820b460efc0c58ec7414b7e8df823d5f1c93b38ba793d8902,text_watermark,,generated from held-out ID only; never from train
images/dissertation_v1/ood/sensory_artifact/text_watermark/artifact_000039_00_text_watermark.png,1,train,synthetic_artifact,sensory_artifact,text_watermark,derived_from_synthetic_faf,,derived_or_generated_synthetic,test,31ca1acff74febd1c468a8d9fca592c24ab72f58c8df6e6f06f81f8e961b2b0f,43e31a69e1ac562052f9cdbaced1925f36b93985a9d7052f8914674a577bd981,text_watermark,,generated from held-out ID only; never from train
images/dissertation_v1/ood/sensory_artifact/text_watermark/artifact_000040_00_text_watermark.png,1,train,synthetic_artifact,sensory_artifact,text_watermark,derived_from_synthetic_faf,,derived_or_generated_synthetic,test,b7131864457cb82d8ba33dadcaaa23683e43d12da728255cb34f7d2134b7e1cc,aa24c50bf2b5968019954cbc11eda597cb49e3a77a7856d909c0ad771f83887e,text_watermark,,generated from held-out ID only; never from train
images/dissertation_v1/ood/sensory_artifact/text_watermark/artifact_000041_00_text_watermark.png,1,train,synthetic_artifact,sensory_artifact,text_watermark,derived_from_synthetic_faf,,derived_or_generated_synthetic,test,4811aa35338cfcac62146b44a0b6d9082c890d7586061aee469ae5c45ceea7bc,81a78d254ea6b2a2f5a4affbfb96971984508cdd9229061837c581ec353ebdad,text_watermark,,generated from held-out ID only; never from train
images/dissertation_v1/ood/sensory_artifact/text_watermark/artifact_000042_00_text_watermark.png,1,train,synthetic_artifact,sensory_artifact,text_watermark,derived_from_synthetic_faf,,derived_or_generated_synthetic,test,8dbb34ec5b1129211ce5589efd3f21619247a88414a989b055cee94840be778e,273764d7d1cede8a69d70059b769f9450f2e61759815e3353dd151ea1e884e41,text_watermark,,generated from held-out ID only; never from train
images/dissertation_v1/ood/sensory_artifact/text_watermark/artifact_000045_00_text_watermark.png,1,train,synthetic_artifact,sensory_artifact,text_watermark,derived_from_synthetic_faf,,derived_or_generated_synthetic,test,00e6e68efca1f109b149aaff716d9097d583ea1411f7d587775b3b1b8c4773e9,0d8179602a20b54a7b76b2646b6ca767cab75446932874d1ef601275c796d6ba,text_watermark,,generated from held-out ID only; never from train
images/dissertation_v1/ood/sensory_artifact/text_watermark/artifact_000047_00_text_watermark.png,1,train,synthetic_artifact,sensory_artifact,text_watermark,derived_from_synthetic_faf,,derived_or_generated_synthetic,test,fcd6f050a545a8ec5f5ac94e21667aa5ae4c918036d46bda1f5c1579850eb152,9027c7c813d92085e7eb1335e0de9e66ebd9b6730a0da446ba8e26cfbd03b685,text_watermark,,generated from held-out ID only; never from train
images/dissertation_v1/ood/sensory_artifact/text_watermark/artifact_000048_00_text_watermark.png,1,train,synthetic_artifact,sensory_artifact,text_watermark,derived_from_synthetic_faf,,derived_or_generated_synthetic,test,c81179145f718aeecc4fc2c2fe2a60ba012ec3b9cef8119dea7ad53c1cb4311f,36f73c8b9761160f2d53cae70e3f531a67de1e24ad2ae6fcf48727198c793160,text_watermark,,generated from held-out ID only; never from train
images/dissertation_v1/ood/sensory_artifact/text_watermark/artifact_000049_00_text_watermark.png,1,train,synthetic_artifact,sensory_artifact,text_watermark,derived_from_synthetic_faf,,derived_or_generated_synthetic,test,8533a0c356670b3fcd94289564ad65febb06f27a43cb8e876956ea4a4fac29c4,c61302a2ed48ff4f37562e3a39d8ad46a99270bf3b70b90085f1d38ef8b2b122,text_watermark,,generated from held-out ID only; never from train
images/dissertation_v1/ood/sensory_artifact/text_watermark/artifact_000050_00_text_watermark.png,1,train,synthetic_artifact,sensory_artifact,text_watermark,derived_from_synthetic_faf,,derived_or_generated_synthetic,test,546dc14cf4912e94b7ee97c6f61f0b0df5c46e273796163c11953a8525da3861,3e2c8579f7265860b011fe747af201935e3621054f77e9ddfe92505744ff4141,text_watermark,,generated from held-out ID only; never from train
images/dissertation_v1/ood/sensory_artifact/text_watermark/artifact_000051_00_text_watermark.png,1,train,synthetic_artifact,sensory_artifact,text_watermark,derived_from_synthetic_faf,,derived_or_generated_synthetic,test,d9659ce5a99500766e9d94f47743597e69bf5670adc71c356ee2be77397d4214,d98c4689f08b345b86108e34cac4f9e60ff36db08a9d29d0e3243ca1cf2c6941,text_watermark,,generated from held-out ID only; never from train
images/dissertation_v1/ood/sensory_artifact/text_watermark/artifact_000053_00_text_watermark.png,1,train,synthetic_artifact,sensory_artifact,text_watermark,derived_from_synthetic_faf,,derived_or_generated_synthetic,test,88c43e71d75d9f9c98565ea6a0baac62f085df3dd81ae6c39d27574310271ff4,2e75a99248d3ec4b650068aec6b8ba48becf403fe672e40267ecffa7fc22b01f,text_watermark,,generated from held-out ID only; never from train
images/dissertation_v1/ood/sensory_artifact/text_watermark/artifact_000055_00_text_watermark.png,1,train,synthetic_artifact,sensory_artifact,text_watermark,derived_from_synthetic_faf,,derived_or_generated_synthetic,test,8c22bdf406233de184d7a423cfc8a9a815d1eb6a27fe6d98123b2e6567d90277,bb7ced17f3ce7864da174a6b78b7f34b25cf97ec01c15d5452696207f3063416,text_watermark,,generated from held-out ID only; never from train
images/dissertation_v1/ood/sensory_artifact/text_watermark/artifact_000056_00_text_watermark.png,1,train,synthetic_artifact,sensory_artifact,text_watermark,derived_from_synthetic_faf,,derived_or_generated_synthetic,test,c462dffca262565a07aea5ba465f5863c7fb5e4fac78570d0fbd1f1b6828d794,5cac36dc7dbb94150b4cd1703091de1fb9f3dc8fb4edfd870bfc1b1f799f0eab,text_watermark,,generated from held-out ID only; never from train
images/dissertation_v1/ood/sensory_artifact/text_watermark/artifact_000057_00_text_watermark.png,1,train,synthetic_artifact,sensory_artifact,text_watermark,derived_from_synthetic_faf,,derived_or_generated_synthetic,test,259f3f281e5da5d1069357347b3b416905e000b6d47dbbb857a8a13fa2d4c724,31b43cdb11ddd17ba24311605ad64723ef0f74ce4e8dce09319ba9a7cb6f1b1e,text_watermark,,generated from held-out ID only; never from train
images/dissertation_v1/ood/sensory_artifact/text_watermark/artifact_000058_00_text_watermark.png,1,train,synthetic_artifact,sensory_artifact,text_watermark,derived_from_synthetic_faf,,derived_or_generated_synthetic,test,3b92687ab2e6e033cc263fb229e0dfe861dfb8d180b062417e8bc95004bd4e7c,1e2992825661100b10f082d608b60f166b2eecdd1dcd52d490128ed1a1ac49f4,text_watermark,,generated from held-out ID only; never from train
images/dissertation_v1/ood/sensory_artifact/text_watermark/artifact_000059_00_text_watermark.png,1,train,synthetic_artifact,sensory_artifact,text_watermark,derived_from_synthetic_faf,,derived_or_generated_synthetic,test,53975c3e627b2d7928cd8f0618615bd5ffcc8b5aa3e107e7c3ed2e1b203a5641,2869b22fa7b02533b8e39d46cc06f3f911655ac33a2ad6eb153d8279df5416b4,text_watermark,,generated from held-out ID only; never from train
images/dissertation_v1/ood/sensory_artifact/text_watermark/artifact_000060_00_text_watermark.png,1,train,synthetic_artifact,sensory_artifact,text_watermark,derived_from_synthetic_faf,,derived_or_generated_synthetic,test,a1d30be46aa5dba435f1dd63fb6a4858bcec975d39b4a8d7d141763861bbe189,3a1a39ff67d065cd684acfd8e796efadd79cc73dbda7ad12dc6627016af7bdfc,text_watermark,,generated from held-out ID only; never from train
images/dissertation_v1/ood/sensory_artifact/text_watermark/artifact_000063_00_text_watermark.png,1,train,synthetic_artifact,sensory_artifact,text_watermark,derived_from_synthetic_faf,,derived_or_generated_synthetic,test,6e44b4561bf9622832c102f03bbef9fe2c66a9ad2eb797437931cdc2754abd16,58539b1cc5b2a259e54144a3d7324bd17b5f13ee4782a6a85efdd05699bf6c97,text_watermark,,generated from held-out ID only; never from train
images/dissertation_v1/ood/sensory_artifact/text_watermark/artifact_000064_00_text_watermark.png,1,train,synthetic_artifact,sensory_artifact,text_watermark,derived_from_synthetic_faf,,derived_or_generated_synthetic,test,c91a72e8dc8917a7203556b73f3ab8b29b3d803d1c80a6d2bac44b58cb0eb752,ed76f75a6431df837a0c96248c6d34a5feb8814386e0bff5e1c0200bdd9bde1c,text_watermark,,generated from held-out ID only; never from train
images/dissertation_v1/ood/sensory_artifact/text_watermark/artifact_000065_00_text_watermark.png,1,train,synthetic_artifact,sensory_artifact,text_watermark,derived_from_synthetic_faf,,derived_or_generated_synthetic,test,d0ce464aac168cc4be378faa8cf92d615a4e2a173abe7f8c2f55364f833b54b0,1460815c49f046447b715c813ef49142cfbdb7f75ab3bd32fcd769d05a3a3d64,text_watermark,,generated from held-out ID only; never from train
images/dissertation_v1/ood/sensory_artifact/text_watermark/artifact_000066_00_text_watermark.png,1,train,synthetic_artifact,sensory_artifact,text_watermark,derived_from_synthetic_faf,,derived_or_generated_synthetic,test,8659d61d13c8e0371b7e9fa81cab196521950eb6e066b20c14d56da87bb19736,bb563bc3bd6ec78b7023ed22eaaf1c66956f573f9bed0d4f9eb07fb708f4c884,text_watermark,,generated from held-out ID only; never from train
images/dissertation_v1/ood/sensory_artifact/text_watermark/artifact_000069_00_text_watermark.png,1,train,synthetic_artifact,sensory_artifact,text_watermark,derived_from_synthetic_faf,,derived_or_generated_synthetic,test,1a173facbf459be7e94a18f233cd52f2cd76e18a4369dec0260734a55682bf5b,085c1b474fee2d6f0ae2e0bc9a953b1ed0e5f7f24e3106a6f47fec651897025f,text_watermark,,generated from held-out ID only; never from train
images/dissertation_v1/ood/sensory_artifact/text_watermark/artifact_000070_00_text_watermark.png,1,train,synthetic_artifact,sensory_artifact,text_watermark,derived_from_synthetic_faf,,derived_or_generated_synthetic,test,2028039c47cc612493547f8e9273bd04327a82e96f3875ae9b605c8acb8fa051,5cda8eb9932b6b8bcc5bcdf0a7fbdac3818847732b37ac6dab45d267b2bff245,text_watermark,,generated from held-out ID only; never from train
images/dissertation_v1/ood/sensory_artifact/text_watermark/artifact_000071_00_text_watermark.png,1,train,synthetic_artifact,sensory_artifact,text_watermark,derived_from_synthetic_faf,,derived_or_generated_synthetic,test,e01a4cd26d5ec199b8f82d31f3594cbc356fbc912077b7a447f784e50bf65e8a,c8eb47ac0768a5c9f9470dbb0e16e100847b28bcd7869d7962a0bffd9aa914e0,text_watermark,,generated from held-out ID only; never from train
images/dissertation_v1/ood/sensory_artifact/text_watermark/artifact_000072_00_text_watermark.png,1,train,synthetic_artifact,sensory_artifact,text_watermark,derived_from_synthetic_faf,,derived_or_generated_synthetic,test,7fbf9574badad284d9c9973543ae6d9a744a2e3bccd0c6da04ed9260dec2cfc1,c8fe2b85f894306e93ed79f02f77da1427fdcbf995b0ad07e35c66f98bbdb7a0,text_watermark,,generated from held-out ID only; never from train
images/dissertation_v1/ood/sensory_artifact/text_watermark/artifact_000076_00_text_watermark.png,1,train,synthetic_artifact,sensory_artifact,text_watermark,derived_from_synthetic_faf,,derived_or_generated_synthetic,test,9335ac007a7be1bbf69940234c475e3eac5ab33cbe2169b5b2b951b20be88c8a,c85bb9fb9937eec3a0f35515011e5ac1382b6995e2ad67861523bd730778ee5c,text_watermark,,generated from held-out ID only; never from train
images/dissertation_v1/ood/sensory_artifact/text_watermark/artifact_000079_00_text_watermark.png,1,train,synthetic_artifact,sensory_artifact,text_watermark,derived_from_synthetic_faf,,derived_or_generated_synthetic,test,f14168e673b4a61a33193cec866b2306ff70b3e775bc4eb60c9e6138876dcef7,82150b28a408cd90cad8ac33ead707590a8ba8d83cf3038f0788ed2cb27a2f89,text_watermark,,generated from held-out ID only; never from train
images/dissertation_v1/ood/sensory_artifact/text_watermark/artifact_000080_00_text_watermark.png,1,train,synthetic_artifact,sensory_artifact,text_watermark,derived_from_synthetic_faf,,derived_or_generated_synthetic,test,89f5215458b4d814591bca3f7396b2e0fa92b5163e71a4468fe250c65e046c32,0eaca6deb2f0b650a1e35e11befa7e12fba953dbc19c3512fafc20bebd5fb815,text_watermark,,generated from held-out ID only; never from train
images/dissertation_v1/ood/sensory_artifact/text_watermark/artifact_000081_00_text_watermark.png,1,train,synthetic_artifact,sensory_artifact,text_watermark,derived_from_synthetic_faf,,derived_or_generated_synthetic,test,efaa5c043fc13ad3cdbba1e35757b940e7f50d22a749b381225e697076c84d91,9c236864c4a7287d1a3842022901afb11f7ce1717d553e2fb931863137eb46fd,text_watermark,,generated from held-out ID only; never from train
images/dissertation_v1/ood/sensory_artifact/text_watermark/artifact_000082_00_text_watermark.png,1,train,synthetic_artifact,sensory_artifact,text_watermark,derived_from_synthetic_faf,,derived_or_generated_synthetic,test,9d11dde773381d1c6c2ff381503347aaa071b84b4122d53fec63696aaa32dc38,5d2c59717f3d4d8170ce1f409aaaf7db80f7ae2685fb909f9db1013ab32d5c49,text_watermark,,generated from held-out ID only; never from train
images/dissertation_v1/ood/sensory_artifact/text_watermark/artifact_000083_00_text_watermark.png,1,train,synthetic_artifact,sensory_artifact,text_watermark,derived_from_synthetic_faf,,derived_or_generated_synthetic,test,c51234b27efa3a984c622dc81198f223d47d042226df8df5095a3863f095ad71,df613791d34fe58c411d97501d84cfb02169bdf725504320c7577d8b9b232dfc,text_watermark,,generated from held-out ID only; never from train
images/dissertation_v1/ood/sensory_artifact/text_watermark/artifact_000084_00_text_watermark.png,1,train,synthetic_artifact,sensory_artifact,text_watermark,derived_from_synthetic_faf,,derived_or_generated_synthetic,test,f13d39360bb158d8eb9e059d58eca43d22dfd0499ff7012a22d66f65921d18f1,78be763eaa256c23ee59dbb43099a704088867a498e0712f9b39fca6e2a1a9e5,text_watermark,,generated from held-out ID only; never from train
images/dissertation_v1/ood/sensory_artifact/text_watermark/artifact_000087_00_text_watermark.png,1,train,synthetic_artifact,sensory_artifact,text_watermark,derived_from_synthetic_faf,,derived_or_generated_synthetic,test,6d58b96590cebec1b6aac68a2917af31aa3ab4e6e62f0f029b0ca35bcc2beafb,8483b73bf3d280c2e7e75a7509b0bc94b7dd44e58f6d9814a899fb0b9732175a,text_watermark,,generated from held-out ID only; never from train
images/dissertation_v1/ood/sensory_artifact/text_watermark/artifact_000089_00_text_watermark.png,1,train,synthetic_artifact,sensory_artifact,text_watermark,derived_from_synthetic_faf,,derived_or_generated_synthetic,test,e28c5fb2de05beea24cb5df6e641c1ee2cf24e25426d10f7b90942b9189dd2b7,b3a3c25e180e7101a1b8c68aaee59031e3cdfca99d012931bf3981f7cf7b3148,text_watermark,,generated from held-out ID only; never from train
images/dissertation_v1/ood/sensory_artifact/text_watermark/artifact_000090_00_text_watermark.png,1,train,synthetic_artifact,sensory_artifact,text_watermark,derived_from_synthetic_faf,,derived_or_generated_synthetic,test,6deb5f0a1203b06921d26358552384326288960561e9f117fbd481127248686c,3fca0579b63c1ae9218257ecf5fcae692b8b00b38f3afc621efdadf6a57debb7,text_watermark,,generated from held-out ID only; never from train
images/dissertation_v1/ood/sensory_artifact/text_watermark/artifact_000093_00_text_watermark.png,1,train,synthetic_artifact,sensory_artifact,text_watermark,derived_from_synthetic_faf,,derived_or_generated_synthetic,test,8fd2fba78b7ce54a83d3fd0f724e7eeb95f7afa49b08fbc734f075a9b67c0854,0494612ae7255e132e9406a894d25bd19a533be196b9734af9000d922c17b3cc,text_watermark,,generated from held-out ID only; never from train
images/dissertation_v1/ood/sensory_artifact/text_watermark/artifact_000095_00_text_watermark.png,1,train,synthetic_artifact,sensory_artifact,text_watermark,derived_from_synthetic_faf,,derived_or_generated_synthetic,test,35bf7825510fd05a8bba8fd098b4f320ec3c0204dd57f4d2f5189a47e6bf04dd,36c01ce75ef8cd22d56a154a5e850c4a421754027b40778b2ec4204014e0ab30,text_watermark,,generated from held-out ID only; never from train
images/dissertation_v1/ood/sensory_artifact/text_watermark/artifact_000097_00_text_watermark.png,1,train,synthetic_artifact,sensory_artifact,text_watermark,derived_from_synthetic_faf,,derived_or_generated_synthetic,test,00f3448616b2a3848b1f6b2312e281e279ade6556fd90fdeb15a751efb033b09,a26e723e6ba939ae702551afe52c3c0750071c1c2e15bf59e1e3a5e9360598c1,text_watermark,,generated from held-out ID only; never from train
images/dissertation_v1/ood/sensory_artifact/text_watermark/artifact_000098_00_text_watermark.png,1,train,synthetic_artifact,sensory_artifact,text_watermark,derived_from_synthetic_faf,,derived_or_generated_synthetic,test,88242cdbdc6375da72ac584cb89f90b4d7eea4394ef5f2d8b99a32a3140de1e7,ad1776fe9a4a4e0ac6dbc4fc86dc77490335756c571e1cac5c09b465f0c4b535,text_watermark,,generated from held-out ID only; never from train
images/dissertation_v1/ood/sensory_artifact/text_watermark/artifact_000099_00_text_watermark.png,1,train,synthetic_artifact,sensory_artifact,text_watermark,derived_from_synthetic_faf,,derived_or_generated_synthetic,test,30b47c61df40265bb3c957031a205f519a72527c90d5827346bfa8670b1df015,4e700d840f030cd552e0b77feb275ff4e36ff95e9d9f4bbf2d7d059bdadc9a84,text_watermark,,generated from held-out ID only; never from train
images/dissertation_v1/ood/sensory_artifact/text_watermark/artifact_000101_00_text_watermark.png,1,train,synthetic_artifact,sensory_artifact,text_watermark,derived_from_synthetic_faf,,derived_or_generated_synthetic,test,fddb2a1783dd1ad0bfe47ef668e8f30049e66d2ff2bc6f67d92670c7ed275dd1,fd219f500dae4056481182b308e0fcd849c7712eea0f81adbed8fdb9fb27b484,text_watermark,,generated from held-out ID only; never from train
images/dissertation_v1/ood/sensory_artifact/text_watermark/artifact_000102_00_text_watermark.png,1,train,synthetic_artifact,sensory_artifact,text_watermark,derived_from_synthetic_faf,,derived_or_generated_synthetic,test,603edb70aa3760d65daf7f5556f2fe502cc354d1b8c8a909caa9c0bb33865aaa,876590b0a765ef6079e51d67a6947a5af2a14a9fbeccf29ca3f63f876f1fda65,text_watermark,,generated from held-out ID only; never from train
images/dissertation_v1/ood/sensory_artifact/text_watermark/artifact_000103_00_text_watermark.png,1,train,synthetic_artifact,sensory_artifact,text_watermark,derived_from_synthetic_faf,,derived_or_generated_synthetic,test,7585a01788db448110d1eed9d2dd9eeaad69eb114636f044eacdb114fc2be2e9,7e4e1f31c25f0a5bf586fe1a8946c76be7d0eef3fb520a018c3782c307394331,text_watermark,,generated from held-out ID only; never from train
images/dissertation_v1/ood/sensory_artifact/text_watermark/artifact_000105_00_text_watermark.png,1,train,synthetic_artifact,sensory_artifact,text_watermark,derived_from_synthetic_faf,,derived_or_generated_synthetic,test,4502646ef69624233d13560337127212d94681699c0c0b7352a87f63ba4c11b8,5aeefa494416110fc3806f91b7263e927a7398a19bcbe5c7e6b7e7cc6c626ce9,text_watermark,,generated from held-out ID only; never from train
images/dissertation_v1/ood/sensory_artifact/text_watermark/artifact_000107_00_text_watermark.png,1,train,synthetic_artifact,sensory_artifact,text_watermark,derived_from_synthetic_faf,,derived_or_generated_synthetic,test,279eeb2f9001b5321d6d7820e367b34bf2f6420da8a0c3c39c7945e4714217a6,44cad52a9605bcb262e06549a1f5752b5cfa0264bdac739c6e094b961caa0260,text_watermark,,generated from held-out ID only; never from train
images/dissertation_v1/ood/sensory_artifact/text_watermark/artifact_000112_00_text_watermark.png,1,train,synthetic_artifact,sensory_artifact,text_watermark,derived_from_synthetic_faf,,derived_or_generated_synthetic,test,dd3595cc8a71d21614495d928d4f68799205c25cef330bd3cc6bc6d759ac0df5,0082a17690ee34f87cc084ca701192ff9bc09e65a2103ac1c6ae25c2f6d5afac,text_watermark,,generated from held-out ID only; never from train
images/dissertation_v1/ood/sensory_artifact/text_watermark/artifact_000114_00_text_watermark.png,1,train,synthetic_artifact,sensory_artifact,text_watermark,derived_from_synthetic_faf,,derived_or_generated_synthetic,test,f09300239708f667617afecf67cbc4983e40c2b9485c69ca64e55e74c627286c,f899478c2f1d44604649c59e088f1ba582e468bacf515f9dd0249ee2cf16e0bb,text_watermark,,generated from held-out ID only; never from train
images/dissertation_v1/ood/sensory_artifact/text_watermark/artifact_000116_00_text_watermark.png,1,train,synthetic_artifact,sensory_artifact,text_watermark,derived_from_synthetic_faf,,derived_or_generated_synthetic,test,1f9c9ef6e535a04292a5039905036111879719702ee9d2362d1ffab6d3d800ff,981c3d303c80b102eddb306f12e711c2b30df817b3cb9896889b09c72edee0dc,text_watermark,,generated from held-out ID only; never from train
images/dissertation_v1/ood/sensory_artifact/text_watermark/artifact_000118_00_text_watermark.png,1,train,synthetic_artifact,sensory_artifact,text_watermark,derived_from_synthetic_faf,,derived_or_generated_synthetic,test,70deb20b5b4929dc2e5a7eb039991a717b7e1e6291c146239359f898c234343f,16a1cc371228bd768eab2f371a75231fdc942e4ef4305c0baa4d1cba546b88bd,text_watermark,,generated from held-out ID only; never from train
images/dissertation_v1/ood/sensory_artifact/text_watermark/artifact_000119_00_text_watermark.png,1,train,synthetic_artifact,sensory_artifact,text_watermark,derived_from_synthetic_faf,,derived_or_generated_synthetic,test,532860f490ce6c8fc5e2a456a08142cea2f5829e7a03611ef287493d58a48829,53bf5530df489572f1275cb4607b1bfd1a3e739f55de2f976346ef16b04c2aec,text_watermark,,generated from held-out ID only; never from train
images/dissertation_v1/ood/sensory_artifact/text_watermark/artifact_000120_00_text_watermark.png,1,train,synthetic_artifact,sensory_artifact,text_watermark,derived_from_synthetic_faf,,derived_or_generated_synthetic,test,79fb3835bab6327b642db7bf5a1a941b763301950e08a3e9066675ef01d3a6e7,6050df662b7b43400e1ebcf42f771fb1a9c17485583af5e78204a70a08fb29c9,text_watermark,,generated from held-out ID only; never from train
images/dissertation_v1/ood/sensory_artifact/text_watermark/artifact_000121_00_text_watermark.png,1,train,synthetic_artifact,sensory_artifact,text_watermark,derived_from_synthetic_faf,,derived_or_generated_synthetic,test,7526b864ee8d4ca3eb236807c1fad288ce6601fe8fd5410254ff794fc2f6445a,76663bd120041d5058985d3efa42b23e50de4086393997695a050775c4116f62,text_watermark,,generated from held-out ID only; never from train
images/dissertation_v1/ood/sensory_artifact/text_watermark/artifact_000122_00_text_watermark.png,1,train,synthetic_artifact,sensory_artifact,text_watermark,derived_from_synthetic_faf,,derived_or_generated_synthetic,test,e0a1532a5c2722e042e5836ab20acbf5c8cb8b4cceb150a08dee440e84e4b104,265117c12dd093ed24562953f1f5fb10cc2a9ed74f2fac2312bd6629f939e390,text_watermark,,generated from held-out ID only; never from train
images/dissertation_v1/ood/sensory_artifact/text_watermark/artifact_000123_00_text_watermark.png,1,train,synthetic_artifact,sensory_artifact,text_watermark,derived_from_synthetic_faf,,derived_or_generated_synthetic,test,e0f3305e71ee54e1e0dc041e546b3b45e3d73faa7deace5d045706ab12cb4514,b328236f8fa5eb08baa181006074cf4b8eff61f785d6eb4b718b87b3c240b6fd,text_watermark,,generated from held-out ID only; never from train
images/dissertation_v1/ood/sensory_artifact/text_watermark/artifact_000124_00_text_watermark.png,1,train,synthetic_artifact,sensory_artifact,text_watermark,derived_from_synthetic_faf,,derived_or_generated_synthetic,test,5e3bd3a303a946cb1a747d358817ecb263f75e923e91ff4e56d32464dc326998,1357c3ae2f0fba084aeed4a8283c596cb7847421f14f916d7feec6f64869c3b3,text_watermark,,generated from held-out ID only; never from train
images/dissertation_v1/ood/sensory_artifact/text_watermark/artifact_000126_00_text_watermark.png,1,train,synthetic_artifact,sensory_artifact,text_watermark,derived_from_synthetic_faf,,derived_or_generated_synthetic,test,59b7771da8053a3f79e9157bec537ddfa573156230d4044e69eaaaf411d9d1aa,5446b4ae0522888c46e2a57681584485ab4f74679b96a1ec7d3dc0edbe4e24e6,text_watermark,,generated from held-out ID only; never from train
images/dissertation_v1/ood/sensory_artifact/text_watermark/artifact_000127_00_text_watermark.png,1,train,synthetic_artifact,sensory_artifact,text_watermark,derived_from_synthetic_faf,,derived_or_generated_synthetic,test,5f0f287867a70d9de1eac427f6f37320f17c9c9777bf69573abe53e6715414dc,1d9bde0c3df2046a73385263a0f0f6b667dc8fcc40164c4219c812103b6ed89a,text_watermark,,generated from held-out ID only; never from train
images/dissertation_v1/ood/sensory_artifact/text_watermark/artifact_000129_00_text_watermark.png,1,train,synthetic_artifact,sensory_artifact,text_watermark,derived_from_synthetic_faf,,derived_or_generated_synthetic,test,e940571205b29320cae58709b023696aba062547838896936a16aa9dd2404a5f,77f45451bad9b412dd81bc34fd0e1bdc36b0ef7e9851223783152e6b269e527b,text_watermark,,generated from held-out ID only; never from train
images/dissertation_v1/ood/sensory_artifact/text_watermark/artifact_000130_00_text_watermark.png,1,train,synthetic_artifact,sensory_artifact,text_watermark,derived_from_synthetic_faf,,derived_or_generated_synthetic,test,debfeb2721b9e0a6f49cd2f23f114e6e1c51569b640ea324b79fb68a647a996f,69bda353d331eb52b616773a3917d7c88596a2387ba6f07730fe1843535de574,text_watermark,,generated from held-out ID only; never from train
images/dissertation_v1/ood/sensory_artifact/text_watermark/artifact_000131_00_text_watermark.png,1,train,synthetic_artifact,sensory_artifact,text_watermark,derived_from_synthetic_faf,,derived_or_generated_synthetic,test,369a81c25bf1e77d9fb58796f5acf0d7bdf45baf949225b9efe15ed4dacb178b,75cdb6a34fef7077b3c995565448dce323f3c26eecab573379d9dfb734a8db7b,text_watermark,,generated from held-out ID only; never from train
images/dissertation_v1/ood/sensory_artifact/text_watermark/artifact_000132_00_text_watermark.png,1,train,synthetic_artifact,sensory_artifact,text_watermark,derived_from_synthetic_faf,,derived_or_generated_synthetic,test,4eaeaeea14ab6f8d23629f06b3a10cf7a80b2e6ce3c2feb505f3562b30a9cc6b,3d935e27dafdbe49c27687fb83e10449e0a19e157734e6fa837e700ba93cefae,text_watermark,,generated from held-out ID only; never from train
images/dissertation_v1/ood/sensory_artifact/text_watermark/artifact_000134_00_text_watermark.png,1,train,synthetic_artifact,sensory_artifact,text_watermark,derived_from_synthetic_faf,,derived_or_generated_synthetic,test,5f9f7be8bd983b48e7ec669a561dd92064e4fea5c563f670ec41c5dcdcd6692e,7c7ce6b5321de586e2a73555e7709e226600e93382ad9f6a36e75d0d790f2ff8,text_watermark,,generated from held-out ID only; never from train
images/dissertation_v1/ood/sensory_artifact/text_watermark/artifact_000138_00_text_watermark.png,1,train,synthetic_artifact,sensory_artifact,text_watermark,derived_from_synthetic_faf,,derived_or_generated_synthetic,test,9af65651ab9747b13e4396a3cde312fd6de03caa9425be187fa076f5c2256174,4b305a31af3fef14a082608d569d1bb4c74d04b8759dd69bcc11af3ff51d76fd,text_watermark,,generated from held-out ID only; never from train
images/dissertation_v1/ood/sensory_artifact/text_watermark/artifact_000139_00_text_watermark.png,1,train,synthetic_artifact,sensory_artifact,text_watermark,derived_from_synthetic_faf,,derived_or_generated_synthetic,test,aaa7d48db69c54fa23df8340df7e040a45d5f1e1512d1033cf3dd3b76604b055,4d2d7cfa2ba311c178fa68aa390eb321c4df388e5a907d7f5fa285965d42f64f,text_watermark,,generated from held-out ID only; never from train
images/dissertation_v1/ood/sensory_artifact/text_watermark/artifact_000140_00_text_watermark.png,1,train,synthetic_artifact,sensory_artifact,text_watermark,derived_from_synthetic_faf,,derived_or_generated_synthetic,test,20e4b72e8a6f4ea483f20a6e59b18983436d125720661c97de2a0a1aca49f54a,c3e729187cae4fd775b713fa853a2456200b4faab0240643a30ad5594fc62d51,text_watermark,,generated from held-out ID only; never from train
images/dissertation_v1/ood/sensory_artifact/text_watermark/artifact_000141_00_text_watermark.png,1,train,synthetic_artifact,sensory_artifact,text_watermark,derived_from_synthetic_faf,,derived_or_generated_synthetic,test,d64154e4476784336d43981adb15cdc7b6a02d365290e166ee18d09518cf0895,1ecac33ab07d51111996036ab3fb88d5c08e171ff2a971e9acf5525296dea1c7,text_watermark,,generated from held-out ID only; never from train
images/dissertation_v1/ood/sensory_artifact/text_watermark/artifact_000146_00_text_watermark.png,1,train,synthetic_artifact,sensory_artifact,text_watermark,derived_from_synthetic_faf,,derived_or_generated_synthetic,test,0ada9ddad72fa0aa36bf8b5014ba6614521984668fb8cd790c3da32794a5a692,8d5dca178d246415a20ec046eff2a6a1e8cc47537541685f618d66e08c87b448,text_watermark,,generated from held-out ID only; never from train
images/dissertation_v1/ood/sensory_artifact/text_watermark/artifact_000147_00_text_watermark.png,1,train,synthetic_artifact,sensory_artifact,text_watermark,derived_from_synthetic_faf,,derived_or_generated_synthetic,test,9eed78b516c68be4e970dd8f6fb04bd0fb599153584d9fe93201ac378a3a6cf8,2e934d86b1b37029c030e42e88b7112e2b5f81459322644877d85a5593aed347,text_watermark,,generated from held-out ID only; never from train
images/dissertation_v1/ood/sensory_artifact/text_watermark/artifact_000148_00_text_watermark.png,1,train,synthetic_artifact,sensory_artifact,text_watermark,derived_from_synthetic_faf,,derived_or_generated_synthetic,test,ca140aa39521c85d0a4194bb9f3ea2e92f539b51b1443084cb86d6d10392866b,18bdaf47632912f68f6b587cf57bc6844e251ca95824ceaebac102e755d86e81,text_watermark,,generated from held-out ID only; never from train
