image_path,label,split,source,ood_type,ood_subtype,source_dataset,source_split,source_image_hash,parent_image_hash,synthetic_transform,semantic_class,is_synthetic_surrogate,patient_id,scanner,license_status,notes
images/dissertation_v1/id/train/id_train_000000.png,0,train,synthetic_faf,id,id,UCL SynthEye synthetic FAF,train,cbba7df52444e99301e27d04e16cc1d0756e4905b84c24362fd2427e3a29fafc,,,,,,synthetic_heidelberg,pending_manual_review,syntheye_class=unavailable; synthetic_id_faf
images/dissertation_v1/id/train/id_train_000001.png,0,train,synthetic_faf,id,id,UCL SynthEye synthetic FAF,train,b36454ea6d4be4fcbef5ce77d8476f2c92dc024adff4e28d62a242559d053986,,,,,,synthetic_heidelberg,pending_manual_review,syntheye_class=unavailable; synthetic_id_faf
images/dissertation_v1/id/train/id_train_000002.png,0,train,synthetic_faf,id,id,UCL SynthEye synthetic FAF,train,00eacc18b8aa82e1e9e14ce3764c62e9d88b3d4f94a05011113735b0538e3513,,,,,,synthetic_heidelberg,pending_manual_review,syntheye_class=unavailable; synthetic_id_faf
images/dissertation_v1/id/train/id_train_000003.png,0,train,synthetic_faf,id,id,UCL SynthEye synthetic FAF,train,793da8c3ec179bfc802e2279bcf366810fc2645d388f0a6db4b6b0ff965dbc48,,,,,,synthetic_heidelberg,pending_manual_review,syntheye_class=unavailable; synthetic_id_faf
images/dissertation_v1/id/train/id_train_000004.png,0,train,synthetic_faf,id,id,UCL SynthEye synthetic FAF,train,f0527d05190140ad5f63322c4a0be020c713437091be045a4a986fcce17a7dc6,,,,,,synthetic_heidelberg,pending_manual_review,syntheye_class=unavailable; synthetic_id_faf
images/dissertation_v1/id/train/id_train_000005.png,0,train,synthetic_faf,id,id,UCL SynthEye synthetic FAF,train,6a309186d5c5653e5b2fa6cacc57448d5462205c0a81ee07b2902be2f065dae9,,,,,,synthetic_heidelberg,pending_manual_review,syntheye_class=unavailable; synthetic_id_faf
images/dissertation_v1/id/train/id_train_000006.png,0,train,synthetic_faf,id,id,UCL SynthEye synthetic FAF,train,cfc64197a83364f5a6aa5678f0e9ba92a4cf59dbb7c000324d84bda2a2688a0c,,,,,,synthetic_heidelberg,pending_manual_review,syntheye_class=unavailable; synthetic_id_faf
images/dissertation_v1/id/train/id_train_000007.png,0,train,synthetic_faf,id,id,UCL SynthEye synthetic FAF,train,05df640508e53a2494804986eb76eb0319545b118a3a259f4be0c275a04ec5f7,,,,,,synthetic_heidelberg,pending_manual_review,syntheye_class=unavailable; synthetic_id_faf
images/dissertation_v1/id/train/id_train_000008.png,0,train,synthetic_faf,id,id,UCL SynthEye synthetic FAF,train,54487fc9bcce722478e679b27987fbfd8c8039f65169c9ca3606fbce53389d63,,,,,,synthetic_heidelberg,pending_manual_review,syntheye_class=unavailable; synthetic_id_faf
images/dissertation_v1/id/train/id_train_000009.png,0,train,synthetic_faf,id,id,UCL SynthEye synthetic FAF,train,b673316216d77f2f89704ff081f7ddaf1f1db5c46563b15d148238bf8f885c8d,,,,,,synthetic_heidelberg,pending_manual_review,syntheye_class=unavailable; synthetic_id_faf
images/dissertation_v1/id/train/id_train_000010.png,0,train,synthetic_faf,id,id,UCL SynthEye synthetic FAF,train,631628dbf19f4461dde58a0866e15ff9f9dd7d991c3beebe6f81f84ad7f506ba,,,,,,synthetic_heidelberg,pending_manual_review,syntheye_class=unavailable; synthetic_id_faf
images/dissertation_v1/id/train/id_train_000011.png,0,train,synthetic_faf,id,id,UCL SynthEye synthetic FAF,train,56c24ab62c80496d0cb09ecb97de4877dfa256afba364c97f2630ce3b52de1c1,,,,,,synthetic_heidelberg,pending_manual_review,syntheye_class=unavailable; synthetic_id_faf
images/dissertation_v1/id/train/id_train_000012.png,0,train,synthetic_faf,id,id,UCL SynthEye synthetic FAF,train,6d2e4b455f348a20a56894077247a643a3e845f8a98dbd4000678e6915ed2e98,,,,,,synthetic_heidelberg,pending_manual_review,syntheye_class=unavailable; synthetic_id_faf
images/dissertation_v1/id/train/id_train_000013.png,0,train,synthetic_faf,id,id,UCL SynthEye synthetic FAF,train,0735ac5bd2ec216c4c8567d139a930f554c6327df9dfbf29d87bdac408872470,,,,,,synthetic_heidelberg,pending_manual_review,syntheye_class=unavailable; synthetic_id_faf
images/dissertation_v1/id/train/id_train_000014.png,0,train,synthetic_faf,id,id,UCL SynthEye synthetic FAF,train,1dfd30e974bafe235e7218773fc4c9555edc286a901eb16d3c8c6cb8015e5cb5,,,,,,synthetic_heidelberg,pending_manual_review,syntheye_class=unavailable; synthetic_id_faf
images/dissertation_v1/id/train/id_train_000015.png,0,train,synthetic_faf,id,id,UCL SynthEye synthetic FAF,train,bd3e9330bd200f4db3e7963148d837125bb50c5d0a591b710febd3bc665cce61,,,,,,synthetic_heidelberg,pending_manual_review,syntheye_class=unavailable; synthetic_id_faf
images/dissertation_v1/id/train/id_train_000016.png,0,train,synthetic_faf,id,id,UCL SynthEye synthetic FAF,train,a5421214d08d8d5fac9c570fc0f25bdbdecc7fccbf13749687fdef621cdb3610,,,,,,synthetic_heidelberg,pending_manual_review,syntheye_class=unavailable; synthetic_id_faf
images/dissertation_v1/id/train/id_train_000017.png,0,train,synthetic_faf,id,id,UCL SynthEye synthetic FAF,train,3e185fdb277ea7667fbc89e4f3f7feb97e5a9c74791380e72ff893eef903a444,,,,,,synthetic_heidelberg,pending_manual_review,syntheye_class=unavailable; synthetic_id_faf
images/dissertation_v1/id/train/id_train_000018.png,0,train,synthetic_faf,id,id,UCL SynthEye synthetic FAF,train,3899a3aff5633094a4229ab7e5b6b4571e5d34fe3b00fd714f9bfc97f806e2e4,,,,,,synthetic_heidelberg,pending_manual_review,syntheye_class=unavailable; synthetic_id_faf
images/dissertation_v1/id/train/id_train_000019.png,0,train,synthetic_faf,id,id,UCL SynthEye synthetic FAF,train,6bce0016acc38e9f5318fc057141ba50e3929fb443b97e464ac93846eb168d95,,,,,,synthetic_heidelberg,pending_manual_review,syntheye_class=unavailable; synthetic_id_faf
images/dissertation_v1/id/train/id_train_000020.png,0,train,synthetic_faf,id,id,UCL SynthEye synthetic FAF,train,88299ba3b9c82095c637200902435ea9e6620b87d316f2261e238bc5d4e730b0,,,,,,synthetic_heidelberg,pending_manual_review,syntheye_class=unavailable; synthetic_id_faf
images/dissertation_v1/id/train/id_train_000021.png,0,train,synthetic_faf,id,id,UCL SynthEye synthetic FAF,train,754537f06d0d96567e502100a4eb0b0b7a543d652a8033aecabc89311f019b30,,,,,,synthetic_heidelberg,pending_manual_review,syntheye_class=unavailable; synthetic_id_faf
images/dissertation_v1/id/train/id_train_000022.png,0,train,synthetic_faf,id,id,UCL SynthEye synthetic FAF,train,f3be1e16cb6c13b84eed367bb4744c1a7627d3f0014ecc3732bb75ff47e9ad55,,,,,,synthetic_heidelberg,pending_manual_review,syntheye_class=unavailable; synthetic_id_faf
images/dissertation_v1/id/train/id_train_000023.png,0,train,synthetic_faf,id,id,UCL SynthEye synthetic FAF,train,32f44ee64685d0fce2b27f5f1234e1f792929013c7ce4dc8770a9b39b02d749c,,,,,,synthetic_heidelberg,pending_manual_review,syntheye_class=unavailable; synthetic_id_faf
images/dissertation_v1/id/train/id_train_000024.png,0,train,synthetic_faf,id,id,UCL SynthEye synthetic FAF,train,8874c97eca756ac4e4146cd7cbcbb03d3869c9f02b5a412c01328fbb2f4897c6,,,,,,synthetic_heidelberg,pending_manual_review,syntheye_class=unavailable; synthetic_id_faf
images/dissertation_v1/id/train/id_train_000025.png,0,train,synthetic_faf,id,id,UCL SynthEye synthetic FAF,train,8a713dd6ab860898a26f8b751f5775f8f9fcbb54377b17b79058ae8868274aae,,,,,,synthetic_heidelberg,pending_manual_review,syntheye_class=unavailable; synthetic_id_faf
images/dissertation_v1/id/train/id_train_000026.png,0,train,synthetic_faf,id,id,UCL SynthEye synthetic FAF,train,cb663f429ef99ace379f69959380957005c9b2100148836d4f3bfa1912cf0957,,,,,,synthetic_heidelberg,pending_manual_review,syntheye_class=unavailable; synthetic_id_faf
images/dissertation_v1/id/train/id_train_000027.png,0,train,synthetic_faf,id,id,UCL SynthEye synthetic FAF,train,f22ed08e4c811f5fac1ec32e1c5474b7ac9b4ebdc0d20627a8467b8af79d3945,,,,,,synthetic_heidelberg,pending_manual_review,syntheye_class=unavailable; synthetic_id_faf
images/dissertation_v1/id/train/id_train_000028.png,0,train,synthetic_faf,id,id,UCL SynthEye synthetic FAF,train,0e8106d725e4abebd94acce43f7a9fc4e9e7532bf8a28cc813dd872adc3869a3,,,,,,synthetic_heidelberg,pending_manual_review,syntheye_class=unavailable; synthetic_id_faf
images/dissertation_v1/id/train/id_train_000029.png,0,train,synthetic_faf,id,id,UCL SynthEye synthetic FAF,train,689687e66fe088d19808fc9a7540f5e2a132b497721c4c90316fd3b14d3682b5,,,,,,synthetic_heidelberg,pending_manual_review,syntheye_class=unavailable; synthetic_id_faf
images/dissertation_v1/id/train/id_train_000030.png,0,train,synthetic_faf,id,id,UCL SynthEye synthetic FAF,train,4e109d0b4c6cd4488402fc0305f081e4c8f035192d9feb049814258841b7f272,,,,,,synthetic_heidelberg,pending_manual_review,syntheye_class=unavailable; synthetic_id_faf
images/dissertation_v1/id/train/id_train_000031.png,0,train,synthetic_faf,id,id,UCL SynthEye synthetic FAF,train,0a91768e167fc9f840c516dd71b69aeb713daa786c678a166e35523be263c248,,,,,,synthetic_heidelberg,pending_manual_review,syntheye_class=unavailable; synthetic_id_faf
images/dissertation_v1/id/train/id_train_000032.png,0,train,synthetic_faf,id,id,UCL SynthEye synthetic FAF,train,ed7137b55fbd5259874b572d1a44b330a79a19267b7f3f5e03976551058a618d,,,,,,synthetic_heidelberg,pending_manual_review,syntheye_class=unavailable; synthetic_id_faf
images/dissertation_v1/id/train/id_train_000033.png,0,train,synthetic_faf,id,id,UCL SynthEye synthetic FAF,train,3ddc95fe6305bcaf80300e0d80edb26f671313c815641055417ff3b4d93b6cd6,,,,,,synthetic_heidelberg,pending_manual_review,syntheye_class=unavailable; synthetic_id_faf
images/dissertation_v1/id/train/id_train_000034.png,0,train,synthetic_faf,id,id,UCL SynthEye synthetic FAF,train,7046185d227e3e9c1198eb026604cf8497a04e332057ccb7a727c9fce70acda3,,,,,,synthetic_heidelberg,pending_manual_review,syntheye_class=unavailable; synthetic_id_faf
images/dissertation_v1/id/train/id_train_000035.png,0,train,synthetic_faf,id,id,UCL SynthEye synthetic FAF,train,90425a6ac2bada262dbb2e062691fad10b4f8a1d09c08b709209ccca022a75f1,,,,,,synthetic_heidelberg,pending_manual_review,syntheye_class=unavailable; synthetic_id_faf
images/dissertation_v1/id/train/id_train_000036.png,0,train,synthetic_faf,id,id,UCL SynthEye synthetic FAF,train,725264f11dd1a0e4d233c2c109cb1f1121c738b47ecabbb16d1e164df64de92c,,,,,,synthetic_heidelberg,pending_manual_review,syntheye_class=unavailable; synthetic_id_faf
images/dissertation_v1/id/train/id_train_000037.png,0,train,synthetic_faf,id,id,UCL SynthEye synthetic FAF,train,7376c33c4b7dac68971468e50f1904d598c66e522b386efde380907129bec14a,,,,,,synthetic_heidelberg,pending_manual_review,syntheye_class=unavailable; synthetic_id_faf
images/dissertation_v1/id/train/id_train_000038.png,0,train,synthetic_faf,id,id,UCL SynthEye synthetic FAF,train,cca42b3b1cc6b0f8acdc4caadfe039d6bfb6d771b145fed6ab998dd55171ed6e,,,,,,synthetic_heidelberg,pending_manual_review,syntheye_class=unavailable; synthetic_id_faf
images/dissertation_v1/id/train/id_train_000039.png,0,train,synthetic_faf,id,id,UCL SynthEye synthetic FAF,train,09a8474fe0b9b86046b46f2b71422e7275097a2450bb52b901fd94a6518c0929,,,,,,synthetic_heidelberg,pending_manual_review,syntheye_class=unavailable; synthetic_id_faf
images/dissertation_v1/id/train/id_train_000040.png,0,train,synthetic_faf,id,id,UCL SynthEye synthetic FAF,train,a52bf22fa12eae69bb779464b4e030458a05ac6ed79637ea8c83952aac9827a4,,,,,,synthetic_heidelberg,pending_manual_review,syntheye_class=unavailable; synthetic_id_faf
images/dissertation_v1/id/train/id_train_000041.png,0,train,synthetic_faf,id,id,UCL SynthEye synthetic FAF,train,cfa99046b053a282f208439cc369ba6a3921692e1a4c29732af06b28156a6209,,,,,,synthetic_heidelberg,pending_manual_review,syntheye_class=unavailable; synthetic_id_faf
images/dissertation_v1/id/train/id_train_000042.png,0,train,synthetic_faf,id,id,UCL SynthEye synthetic FAF,train,a562472b7d05a066732f07fb03baa5a789269500a56714f456f72a0f1ac92bbe,,,,,,synthetic_heidelberg,pending_manual_review,syntheye_class=unavailable; synthetic_id_faf
images/dissertation_v1/id/train/id_train_000043.png,0,train,synthetic_faf,id,id,UCL SynthEye synthetic FAF,train,a389dabce1e31355852881e576e87eaf6b49f35e2b5e9fe571b18376fd8e2104,,,,,,synthetic_heidelberg,pending_manual_review,syntheye_class=unavailable; synthetic_id_faf
images/dissertation_v1/id/train/id_train_000044.png,0,train,synthetic_faf,id,id,UCL SynthEye synthetic FAF,train,3faf92cff9bec04cdd0f9bd1614ae6274afa06a0d0844984e9f0dea1c7a677a5,,,,,,synthetic_heidelberg,pending_manual_review,syntheye_class=unavailable; synthetic_id_faf
images/dissertation_v1/id/train/id_train_000045.png,0,train,synthetic_faf,id,id,UCL SynthEye synthetic FAF,train,7552b59124d04f37b5517f73f09fae4c9c88f0c6b826551d2d07deac2e3dd3e6,,,,,,synthetic_heidelberg,pending_manual_review,syntheye_class=unavailable; synthetic_id_faf
images/dissertation_v1/id/train/id_train_000046.png,0,train,synthetic_faf,id,id,UCL SynthEye synthetic FAF,train,ebfb69665154c41b46b08791e5b15b714e96aeaec74f5e4d5a7223e5f07f246a,,,,,,synthetic_heidelberg,pending_manual_review,syntheye_class=unavailable; synthetic_id_faf
images/dissertation_v1/id/train/id_train_000047.png,0,train,synthetic_faf,id,id,UCL SynthEye synthetic FAF,train,0ca6b26a8f04c65fd9a4d76382f48eee3b56afb7a1dcd702903a4ac90abc8f5b,,,,,,synthetic_heidelberg,pending_manual_review,syntheye_class=unavailable; synthetic_id_faf
images/dissertation_v1/id/train/id_train_000048.png,0,train,synthetic_faf,id,id,UCL SynthEye synthetic FAF,train,baf4a97acb6edc53c5d52ee353541b23e811882932f118bf0def13dbd9fcaab6,,,,,,synthetic_heidelberg,pending_manual_review,syntheye_class=unavailable; synthetic_id_faf
images/dissertation_v1/id/train/id_train_000049.png,0,train,synthetic_faf,id,id,UCL SynthEye synthetic FAF,train,4f9b19b32d13dad68583da803230312b23c3b971ff0b1a9d3999effe2afb5e16,,,,,,synthetic_heidelberg,pending_manual_review,syntheye_class=unavailable; synthetic_id_faf
images/dissertation_v1/id/train/id_train_000050.png,0,train,synthetic_faf,id,id,UCL SynthEye synthetic FAF,train,7cfa0cbe5d6f50e8d8be787fa186a291508c45dceaf45f439d534873320383e2,,,,,,synthetic_heidelberg,pending_manual_review,syntheye_class=unavailable; synthetic_id_faf
images/dissertation_v1/id/train/id_train_000051.png,0,train,synthetic_faf,id,id,UCL SynthEye synthetic FAF,train,5c7b12aad568d393ff80f8d17826062580d30257107f6c0defe4807f98339618,,,,,,synthetic_heidelberg,pending_manual_review,syntheye_class=unavailable; synthetic_id_faf
images/dissertation_v1/id/train/id_train_000052.png,0,train,synthetic_faf,id,id,UCL SynthEye synthetic FAF,train,595ce9ce7e93b3e84f15ae40e721feecf6a5ee7ea6c93e244fc41436185391b7,,,,,,synthetic_heidelberg,pending_manual_review,syntheye_class=unavailable; synthetic_id_faf
images/dissertation_v1/id/train/id_train_000053.png,0,train,synthetic_faf,id,id,UCL SynthEye synthetic FAF,train,f2e59b07a52469e35f4ece35d92dc4c6e795707c9a397fa27c07a39ff0915a4f,,,,,,synthetic_heidelberg,pending_manual_review,syntheye_class=unavailable; synthetic_id_faf
images/dissertation_v1/id/train/id_train_000054.png,0,train,synthetic_faf,id,id,UCL SynthEye synthetic FAF,train,460217e22169d53b87d22d9e66519ab2e0a958b85babc6e958653f9b48603abd,,,,,,synthetic_heidelberg,pending_manual_review,syntheye_class=unavailable; synthetic_id_faf
images/dissertation_v1/id/train/id_train_000055.png,0,train,synthetic_faf,id,id,UCL SynthEye synthetic FAF,train,053e4395361afbdc37e68576b3b7719e76aab7d3e757d714ceae73b1017af37f,,,,,,synthetic_heidelberg,pending_manual_review,syntheye_class=unavailable; synthetic_id_faf
images/dissertation_v1/id/train/id_train_000056.png,0,train,synthetic_faf,id,id,UCL SynthEye synthetic FAF,train,a75c24b413a1a198479ae1768775b12c718b4651f2770a401f52402a046fc852,,,,,,synthetic_heidelberg,pending_manual_review,syntheye_class=unavailable; synthetic_id_faf
images/dissertation_v1/id/train/id_train_000057.png,0,train,synthetic_faf,id,id,UCL SynthEye synthetic FAF,train,c6d702172abbbd1ed1090fe279a2392d8e82ed2f3e1a1dd4c1604e016fcc0eb8,,,,,,synthetic_heidelberg,pending_manual_review,syntheye_class=unavailable; synthetic_id_faf
images/dissertation_v1/id/train/id_train_000058.png,0,train,synthetic_faf,id,id,UCL SynthEye synthetic FAF,train,ac801ff21eea4283580e882541dcf4bc9f99485bf10db6e7ce792e25720a65e5,,,,,,synthetic_heidelberg,pending_manual_review,syntheye_class=unavailable; synthetic_id_faf
images/dissertation_v1/id/train/id_train_000059.png,0,train,synthetic_faf,id,id,UCL SynthEye synthetic FAF,train,010cfda80938edbf455a7c28616d07989dab2be261cfdfb3639a87f6482a0f42,,,,,,synthetic_heidelberg,pending_manual_review,syntheye_class=unavailable; synthetic_id_faf
images/dissertation_v1/id/train/id_train_000060.png,0,train,synthetic_faf,id,id,UCL SynthEye synthetic FAF,train,9c514a40c62579450fbcd4cb2811e24e41bbf7c5b3d419fc57c3bd7a3580a485,,,,,,synthetic_heidelberg,pending_manual_review,syntheye_class=unavailable; synthetic_id_faf
images/dissertation_v1/id/train/id_train_000061.png,0,train,synthetic_faf,id,id,UCL SynthEye synthetic FAF,train,69357536fb6dd1a273f8d031897159e7eaf27062e0f863989f8b0c8fa0024487,,,,,,synthetic_heidelberg,pending_manual_review,syntheye_class=unavailable; synthetic_id_faf
images/dissertation_v1/id/train/id_train_000062.png,0,train,synthetic_faf,id,id,UCL SynthEye synthetic FAF,train,5751bc19969f9357d0fa1d0c9309f52f33197feba9324028334dd851650e259a,,,,,,synthetic_heidelberg,pending_manual_review,syntheye_class=unavailable; synthetic_id_faf
images/dissertation_v1/id/train/id_train_000063.png,0,train,synthetic_faf,id,id,UCL SynthEye synthetic FAF,train,cab6f434df0ff4f15a597bab260c93499c94ebbc4943c3d3f70a6b6b16222f0b,,,,,,synthetic_heidelberg,pending_manual_review,syntheye_class=unavailable; synthetic_id_faf
images/dissertation_v1/id/train/id_train_000064.png,0,train,synthetic_faf,id,id,UCL SynthEye synthetic FAF,train,8fdf87931469fd182ec15b3803feb2bcb898eef27cecc6fda52c513a63cd36ca,,,,,,synthetic_heidelberg,pending_manual_review,syntheye_class=unavailable; synthetic_id_faf
images/dissertation_v1/id/train/id_train_000065.png,0,train,synthetic_faf,id,id,UCL SynthEye synthetic FAF,train,7f13ec9ff0b664ca724f0f5de8926dcc17c1521b9e5891aec95447792e48066e,,,,,,synthetic_heidelberg,pending_manual_review,syntheye_class=unavailable; synthetic_id_faf
images/dissertation_v1/id/train/id_train_000066.png,0,train,synthetic_faf,id,id,UCL SynthEye synthetic FAF,train,8d5d8890e13d20cb5c02d0e7fb539d4a034b737683b4c46f6993dd234f0f25ed,,,,,,synthetic_heidelberg,pending_manual_review,syntheye_class=unavailable; synthetic_id_faf
images/dissertation_v1/id/train/id_train_000067.png,0,train,synthetic_faf,id,id,UCL SynthEye synthetic FAF,train,37123f5a07f7b7b7e71272a88fe53d1ba6cd0d37dba81f8e30eeb65818037214,,,,,,synthetic_heidelberg,pending_manual_review,syntheye_class=unavailable; synthetic_id_faf
images/dissertation_v1/id/train/id_train_000068.png,0,train,synthetic_faf,id,id,UCL SynthEye synthetic FAF,train,285c8780daf1111447dda41130ca90f1afc8b6ca6b8449ab0107baf2bfb58785,,,,,,synthetic_heidelberg,pending_manual_review,syntheye_class=unavailable; synthetic_id_faf
images/dissertation_v1/id/train/id_train_000069.png,0,train,synthetic_faf,id,id,UCL SynthEye synthetic FAF,train,cdfcd89630351b559e9ef3d19df640581e35cdf57630ca94650eff5ba02f52eb,,,,,,synthetic_heidelberg,pending_manual_review,syntheye_class=unavailable; synthetic_id_faf
images/dissertation_v1/id/train/id_train_000070.png,0,train,synthetic_faf,id,id,UCL SynthEye synthetic FAF,train,eaa8ada63b33c13c70c8630cde8b9ffa289b1fcba1b814b362de29eaa3905d06,,,,,,synthetic_heidelberg,pending_manual_review,syntheye_class=unavailable; synthetic_id_faf
images/dissertation_v1/id/train/id_train_000071.png,0,train,synthetic_faf,id,id,UCL SynthEye synthetic FAF,train,5a8de21e9b204d7f935f0a9ba85a1e90b7d040347d6288ab19959a175be6e2a6,,,,,,synthetic_heidelberg,pending_manual_review,syntheye_class=unavailable; synthetic_id_faf
images/dissertation_v1/id/train/id_train_000072.png,0,train,synthetic_faf,id,id,UCL SynthEye synthetic FAF,train,a607ac7d77e532651b25a1c7a8a516d8b86781e48036fb96360e1152a46e4045,,,,,,synthetic_heidelberg,pending_manual_review,syntheye_class=unavailable; synthetic_id_faf
images/dissertation_v1/id/train/id_train_000073.png,0,train,synthetic_faf,id,id,UCL SynthEye synthetic FAF,train,28cb2f4005d6022983713ce3789a889a2aab5cdccd97e116a5202846f7e7214d,,,,,,synthetic_heidelberg,pending_manual_review,syntheye_class=unavailable; synthetic_id_faf
images/dissertation_v1/id/train/id_train_000074.png,0,train,synthetic_faf,id,id,UCL SynthEye synthetic FAF,train,a4019db58f0eb019e5ac4f1d1e4ae9ec67143cb847d7f319e6990786afccb79d,,,,,,synthetic_heidelberg,pending_manual_review,syntheye_class=unavailable; synthetic_id_faf
images/dissertation_v1/id/train/id_train_000075.png,0,train,synthetic_faf,id,id,UCL SynthEye synthetic FAF,train,1ab14fbaf8dbb53492cbf4afdf9b4a1654597ddbacb42fa2012eaed4bce146cd,,,,,,synthetic_heidelberg,pending_manual_review,syntheye_class=unavailable; synthetic_id_faf
images/dissertation_v1/id/train/id_train_000076.png,0,train,synthetic_faf,id,id,UCL SynthEye synthetic FAF,train,0a1e272860cb3318af0087133834ec5857d3298c3f86bb7dff407f1f2f4e01e9,,,,,,synthetic_heidelberg,pending_manual_review,syntheye_class=unavailable; synthetic_id_faf
images/dissertation_v1/id/train/id_train_000077.png,0,train,synthetic_faf,id,id,UCL SynthEye synthetic FAF,train,9423ba034599e8a40054480cd838d21e7266e40d7cdbe061c665d28648d34f2d,,,,,,synthetic_heidelberg,pending_manual_review,syntheye_class=unavailable; synthetic_id_faf
images/dissertation_v1/id/train/id_train_000078.png,0,train,synthetic_faf,id,id,UCL SynthEye synthetic FAF,train,21e89b95f9eb9ab89c60cae9d1ac75f31c908424c06066f085e2162ea6dbba72,,,,,,synthetic_heidelberg,pending_manual_review,syntheye_class=unavailable; synthetic_id_faf
images/dissertation_v1/id/train/id_train_000079.png,0,train,synthetic_faf,id,id,UCL SynthEye synthetic FAF,train,7ed4ba327711319c9d2b6cfc8516d686d2fb5b8e3b684635c9eee5f9a717a8bd,,,,,,synthetic_heidelberg,pending_manual_review,syntheye_class=unavailable; synthetic_id_faf
images/dissertation_v1/id/train/id_train_000080.png,0,train,synthetic_faf,id,id,UCL SynthEye synthetic FAF,train,6f71e18e919f13ea26473cdab5f40ece506e3843ae74e00b919f3575a48ede5c,,,,,,synthetic_heidelberg,pending_manual_review,syntheye_class=unavailable; synthetic_id_faf
images/dissertation_v1/id/train/id_train_000081.png,0,train,synthetic_faf,id,id,UCL SynthEye synthetic FAF,train,61914953c9c6952d0fad7b910cec13e9acd79b9ad68c9a94b41a00c901ea57eb,,,,,,synthetic_heidelberg,pending_manual_review,syntheye_class=unavailable; synthetic_id_faf
images/dissertation_v1/id/train/id_train_000082.png,0,train,synthetic_faf,id,id,UCL SynthEye synthetic FAF,train,0857a16bbb83c21231e52a974f980e7c1186d4a6ad8ff3c55c07bbbc6c4f597e,,,,,,synthetic_heidelberg,pending_manual_review,syntheye_class=unavailable; synthetic_id_faf
images/dissertation_v1/id/train/id_train_000083.png,0,train,synthetic_faf,id,id,UCL SynthEye synthetic FAF,train,7482f5632840ae8cbe13e3950340becf41004878591bdbc734f9a6e311347b8d,,,,,,synthetic_heidelberg,pending_manual_review,syntheye_class=unavailable; synthetic_id_faf
images/dissertation_v1/id/train/id_train_000084.png,0,train,synthetic_faf,id,id,UCL SynthEye synthetic FAF,train,1d02142849fddbe9d79abbb9fab38487182c71fd85b4236552e5eb6ff6b34fa7,,,,,,synthetic_heidelberg,pending_manual_review,syntheye_class=unavailable; synthetic_id_faf
images/dissertation_v1/id/train/id_train_000085.png,0,train,synthetic_faf,id,id,UCL SynthEye synthetic FAF,train,7cc79c51e288e4086baa67683bbee9dda2559e81085ea69907c8c722368516a8,,,,,,synthetic_heidelberg,pending_manual_review,syntheye_class=unavailable; synthetic_id_faf
images/dissertation_v1/id/train/id_train_000086.png,0,train,synthetic_faf,id,id,UCL SynthEye synthetic FAF,train,232520b4a008650cd603184b9d9fd1b2dd1579211a2179ef27ba614aa577b490,,,,,,synthetic_heidelberg,pending_manual_review,syntheye_class=unavailable; synthetic_id_faf
images/dissertation_v1/id/train/id_train_000087.png,0,train,synthetic_faf,id,id,UCL SynthEye synthetic FAF,train,360b90a73b6d30fa0a4725ced49abfe7929306a3dcc3bae0898c3ae3e1fa9666,,,,,,synthetic_heidelberg,pending_manual_review,syntheye_class=unavailable; synthetic_id_faf
images/dissertation_v1/id/train/id_train_000088.png,0,train,synthetic_faf,id,id,UCL SynthEye synthetic FAF,train,0fb45422996375de4ec37b6c3a0c0498fb266db05083299ebdf29a3c6dc82d87,,,,,,synthetic_heidelberg,pending_manual_review,syntheye_class=unavailable; synthetic_id_faf
images/dissertation_v1/id/train/id_train_000089.png,0,train,synthetic_faf,id,id,UCL SynthEye synthetic FAF,train,2dddb72520a4a7d1f8175ab421b7cff5c5bac74af359770887c5c93ef4688a6a,,,,,,synthetic_heidelberg,pending_manual_review,syntheye_class=unavailable; synthetic_id_faf
images/dissertation_v1/id/train/id_train_000090.png,0,train,synthetic_faf,id,id,UCL SynthEye synthetic FAF,train,fa6ed01dca0ad3a36e48c43a05335974daaebeaaa1089b4a4792440ba555db53,,,,,,synthetic_heidelberg,pending_manual_review,syntheye_class=unavailable; synthetic_id_faf
images/dissertation_v1/id/train/id_train_000091.png,0,train,synthetic_faf,id,id,UCL SynthEye synthetic FAF,train,171e5f016b386952b0b7cbe6aa12187fc454c1486455b7152e9d7a20411f9645,,,,,,synthetic_heidelberg,pending_manual_review,syntheye_class=unavailable; synthetic_id_faf
images/dissertation_v1/id/train/id_train_000092.png,0,train,synthetic_faf,id,id,UCL SynthEye synthetic FAF,train,29f6ff72cd7aa23019240028bad12ed81b68bcdb83ef0ad96314c8cc4116e531,,,,,,synthetic_heidelberg,pending_manual_review,syntheye_class=unavailable; synthetic_id_faf
images/dissertation_v1/id/train/id_train_000093.png,0,train,synthetic_faf,id,id,UCL SynthEye synthetic FAF,train,159e74efe927404154ee0379a92952cced2e7005de050815988c1e5040e426fe,,,,,,synthetic_heidelberg,pending_manual_review,syntheye_class=unavailable; synthetic_id_faf
images/dissertation_v1/id/train/id_train_000094.png,0,train,synthetic_faf,id,id,UCL SynthEye synthetic FAF,train,4472416714800d177d78ad4729af35c0e103dce58efc69a344627a053bb0fbbe,,,,,,synthetic_heidelberg,pending_manual_review,syntheye_class=unavailable; synthetic_id_faf
images/dissertation_v1/id/train/id_train_000095.png,0,train,synthetic_faf,id,id,UCL SynthEye synthetic FAF,train,891c90a68e0129c59b02777c2384afda190c5de7b71698bfece5b67de391214c,,,,,,synthetic_heidelberg,pending_manual_review,syntheye_class=unavailable; synthetic_id_faf
images/dissertation_v1/id/train/id_train_000096.png,0,train,synthetic_faf,id,id,UCL SynthEye synthetic FAF,train,838d1dbb39c493efd209547228f5a78da448cd84a31bbbaf9b85ebed2832b0d6,,,,,,synthetic_heidelberg,pending_manual_review,syntheye_class=unavailable; synthetic_id_faf
images/dissertation_v1/id/train/id_train_000097.png,0,train,synthetic_faf,id,id,UCL SynthEye synthetic FAF,train,21a0bd4218aca583ad9f0bb1362bb0711ab249225cb500fa72cdda48db7b11ff,,,,,,synthetic_heidelberg,pending_manual_review,syntheye_class=unavailable; synthetic_id_faf
images/dissertation_v1/id/train/id_train_000098.png,0,train,synthetic_faf,id,id,UCL SynthEye synthetic FAF,train,8d7e2b7904270dce0bb9bda31eccbf49cbcb6f31d4d1bfd2e1b0460c5f69a6a9,,,,,,synthetic_heidelberg,pending_manual_review,syntheye_class=unavailable; synthetic_id_faf
images/dissertation_v1/id/train/id_train_000099.png,0,train,synthetic_faf,id,id,UCL SynthEye synthetic FAF,train,0937f45e9e8cbec8e423463c98298789cebc74a58ba37ab1fc4f9abcd4f30aae,,,,,,synthetic_heidelberg,pending_manual_review,syntheye_class=unavailable; synthetic_id_faf
images/dissertation_v1/id/train/id_train_000100.png,0,train,synthetic_faf,id,id,UCL SynthEye synthetic FAF,train,6d6e82c854aaeff581b715824368991cf530eee6fd974c774a58e6091b380ce7,,,,,,synthetic_heidelberg,pending_manual_review,syntheye_class=unavailable; synthetic_id_faf
images/dissertation_v1/id/train/id_train_000101.png,0,train,synthetic_faf,id,id,UCL SynthEye synthetic FAF,train,35b5161b12c301b04bb0737d3d2cd2339833f8dd92ca54ea8fd422fe85f343a4,,,,,,synthetic_heidelberg,pending_manual_review,syntheye_class=unavailable; synthetic_id_faf
images/dissertation_v1/id/train/id_train_000102.png,0,train,synthetic_faf,id,id,UCL SynthEye synthetic FAF,train,b80b37abe913d74a3d6650bc0638ddc36f3402d0612e0caa36f070338a78c6c3,,,,,,synthetic_heidelberg,pending_manual_review,syntheye_class=unavailable; synthetic_id_faf
images/dissertation_v1/id/train/id_train_000103.png,0,train,synthetic_faf,id,id,UCL SynthEye synthetic FAF,train,b3b26d910af7d60934e72af0ecb1c9d7b52f694f7dac54d32e13d1e95f56c62e,,,,,,synthetic_heidelberg,pending_manual_review,syntheye_class=unavailable; synthetic_id_faf
images/dissertation_v1/id/train/id_train_000104.png,0,train,synthetic_faf,id,id,UCL SynthEye synthetic FAF,train,b279713e1efdd5c0b4a95868ddef671765bf23ce63b3b19f1ddaf157bda146e1,,,,,,synthetic_heidelberg,pending_manual_review,syntheye_class=unavailable; synthetic_id_faf
images/dissertation_v1/id/train/id_train_000105.png,0,train,synthetic_faf,id,id,UCL SynthEye synthetic FAF,train,9742985dd38b85be8a6f1db0814c798e004053ac82d6f2c80e3c2046b6b69259,,,,,,synthetic_heidelberg,pending_manual_review,syntheye_class=unavailable; synthetic_id_faf
images/dissertation_v1/id/train/id_train_000106.png,0,train,synthetic_faf,id,id,UCL SynthEye synthetic FAF,train,0e057d195392f5aa72409f370a0c0627864fe1f0078d028eb064a824131cac12,,,,,,synthetic_heidelberg,pending_manual_review,syntheye_class=unavailable; synthetic_id_faf
images/dissertation_v1/id/train/id_train_000107.png,0,train,synthetic_faf,id,id,UCL SynthEye synthetic FAF,train,324d61ee66bb9ba983658c225c03d6dfb2ed15679ecb3258d8c6b2f95253cd2d,,,,,,synthetic_heidelberg,pending_manual_review,syntheye_class=unavailable; synthetic_id_faf
images/dissertation_v1/id/train/id_train_000108.png,0,train,synthetic_faf,id,id,UCL SynthEye synthetic FAF,train,b4f6ee1ded9b944e9079774a3018133352658d0845b7939960afa2a78d93a0af,,,,,,synthetic_heidelberg,pending_manual_review,syntheye_class=unavailable; synthetic_id_faf
images/dissertation_v1/id/train/id_train_000109.png,0,train,synthetic_faf,id,id,UCL SynthEye synthetic FAF,train,56ef6758f08b1225308090452d899f9518b8a650e6617d8fe8ade435eaea493a,,,,,,synthetic_heidelberg,pending_manual_review,syntheye_class=unavailable; synthetic_id_faf
images/dissertation_v1/id/train/id_train_000110.png,0,train,synthetic_faf,id,id,UCL SynthEye synthetic FAF,train,8324209cca32f6e4e0a048148a5525eb6a8f289691b90ce64687be5603d6b9ed,,,,,,synthetic_heidelberg,pending_manual_review,syntheye_class=unavailable; synthetic_id_faf
images/dissertation_v1/id/train/id_train_000111.png,0,train,synthetic_faf,id,id,UCL SynthEye synthetic FAF,train,9eea68441c3a86670e53c16eb870b10d69cdd792981f9440e3cac92ce4e37295,,,,,,synthetic_heidelberg,pending_manual_review,syntheye_class=unavailable; synthetic_id_faf
images/dissertation_v1/id/train/id_train_000112.png,0,train,synthetic_faf,id,id,UCL SynthEye synthetic FAF,train,5cc96cd0f69c198c1645372f82cd344946aa29fe31061d593d340650cf1430cc,,,,,,synthetic_heidelberg,pending_manual_review,syntheye_class=unavailable; synthetic_id_faf
images/dissertation_v1/id/train/id_train_000113.png,0,train,synthetic_faf,id,id,UCL SynthEye synthetic FAF,train,613c9591d74e9f3162db52d6b871e0327d04addc0c1d2916c9c882788b3dbaa1,,,,,,synthetic_heidelberg,pending_manual_review,syntheye_class=unavailable; synthetic_id_faf
images/dissertation_v1/id/train/id_train_000114.png,0,train,synthetic_faf,id,id,UCL SynthEye synthetic FAF,train,d32ab2132e3b541f76cc1898b68550ddb478b392ae0ae454a2d2c2fc4eaf833c,,,,,,synthetic_heidelberg,pending_manual_review,syntheye_class=unavailable; synthetic_id_faf
images/dissertation_v1/id/train/id_train_000115.png,0,train,synthetic_faf,id,id,UCL SynthEye synthetic FAF,train,08e2411e9d6438658cc0b6deac150d6040fe90d7624dc3f9e8f9f3037d4cc63c,,,,,,synthetic_heidelberg,pending_manual_review,syntheye_class=unavailable; synthetic_id_faf
images/dissertation_v1/id/train/id_train_000116.png,0,train,synthetic_faf,id,id,UCL SynthEye synthetic FAF,train,434920c1982260a80a29eeff63f7455d8606914f5cd4514f04c1682c229a10f3,,,,,,synthetic_heidelberg,pending_manual_review,syntheye_class=unavailable; synthetic_id_faf
images/dissertation_v1/id/train/id_train_000117.png,0,train,synthetic_faf,id,id,UCL SynthEye synthetic FAF,train,11f8275645d300f58f50f5d9f5ca91343f7a0e5a4bf94f3670ac9340d676d939,,,,,,synthetic_heidelberg,pending_manual_review,syntheye_class=unavailable; synthetic_id_faf
images/dissertation_v1/id/train/id_train_000118.png,0,train,synthetic_faf,id,id,UCL SynthEye synthetic FAF,train,e3b6727c481e7a56f2c3ef96edf9adf97f255d9a45e5436af7a624599a3c768e,,,,,,synthetic_heidelberg,pending_manual_review,syntheye_class=unavailable; synthetic_id_faf
images/dissertation_v1/id/train/id_train_000119.png,0,train,synthetic_faf,id,id,UCL SynthEye synthetic FAF,train,3c80d0ff1f7543cb8b35a1f89e3a8abaf76ff987d5435947ebc96c56184912f9,,,,,,synthetic_heidelberg,pending_manual_review,syntheye_class=unavailable; synthetic_id_faf
images/dissertation_v1/id/train/id_train_000120.png,0,train,synthetic_faf,id,id,UCL SynthEye synthetic FAF,train,d773bef1959e6ddfb309f849a785b80fd21ea9b18e660f8b3e415adc41f558cc,,,,,,synthetic_heidelberg,pending_manual_review,syntheye_class=unavailable; synthetic_id_faf
images/dissertation_v1/id/train/id_train_000121.png,0,train,synthetic_faf,id,id,UCL SynthEye synthetic FAF,train,0533eda9ad127f9e4fdf49740fa3dd8f019e85b22aac32f2ee0b38747c05206e,,,,,,synthetic_heidelberg,pending_manual_review,syntheye_class=unavailable; synthetic_id_faf
images/dissertation_v1/id/train/id_train_000122.png,0,train,synthetic_faf,id,id,UCL SynthEye synthetic FAF,train,f759961a6d4e2baa52d55c75f6938978b2bcc2edd0090ffb232734484b76ac07,,,,,,synthetic_heidelberg,pending_manual_review,syntheye_class=unavailable; synthetic_id_faf
images/dissertation_v1/id/train/id_train_000123.png,0,train,synthetic_faf,id,id,UCL SynthEye synthetic FAF,train,c0e8ce1bc1799ea2ec5b570fb31fb3a0e9a2fccf21555198a887e4ad7b2c5bcf,,,,,,synthetic_heidelberg,pending_manual_review,syntheye_class=unavailable; synthetic_id_faf
images/dissertation_v1/id/train/id_train_000124.png,0,train,synthetic_faf,id,id,UCL SynthEye synthetic FAF,train,e7ed80080be2727e0e48849fea61715b55dbd42e8fc2e7e7f847b1b81ce96103,,,,,,synthetic_heidelberg,pending_manual_review,syntheye_class=unavailable; synthetic_id_faf
images/dissertation_v1/id/train/id_train_000125.png,0,train,synthetic_faf,id,id,UCL SynthEye synthetic FAF,train,31d75f948320529e78f302a1e7c094dbe17b3a970e5ef7c6ca3782bf5536f7d8,,,,,,synthetic_heidelberg,pending_manual_review,syntheye_class=unavailable; synthetic_id_faf
images/dissertation_v1/id/train/id_train_000126.png,0,train,synthetic_faf,id,id,UCL SynthEye synthetic FAF,train,b384c4d8ccbe03b6dc669ca526ee93df98812bd02ab82f1a45dcfb185db866d5,,,,,,synthetic_heidelberg,pending_manual_review,syntheye_class=unavailable; synthetic_id_faf
images/dissertation_v1/id/train/id_train_000127.png,0,train,synthetic_faf,id,id,UCL SynthEye synthetic FAF,train,a8dc7c28b59a53a4414d76f069ca2aa6b777dd666b17e6940a2467481f620557,,,,,,synthetic_heidelberg,pending_manual_review,syntheye_class=unavailable; synthetic_id_faf
images/dissertation_v1/id/train/id_train_000128.png,0,train,synthetic_faf,id,id,UCL SynthEye synthetic FAF,train,5b625e4a6b7d93a386809966b3a19dde3645e4d1907730db55cf0660e7e2319e,,,,,,synthetic_heidelberg,pending_manual_review,syntheye_class=unavailable; synthetic_id_faf
images/dissertation_v1/id/train/id_train_000129.png,0,train,synthetic_faf,id,id,UCL SynthEye synthetic FAF,train,fed7eccad9f1fdd9d5c49c9dee0dbdb9b316224a19075b349d8a4b597d8a22c3,,,,,,synthetic_heidelberg,pending_manual_review,syntheye_class=unavailable; synthetic_id_faf
images/dissertation_v1/id/train/id_train_000130.png,0,train,synthetic_faf,id,id,UCL SynthEye synthetic FAF,train,0744622a74588caf68659fd8a5a52f67b75c3325f6a7e5530c3b4555aab69e37,,,,,,synthetic_heidelberg,pending_manual_review,syntheye_class=unavailable; synthetic_id_faf
images/dissertation_v1/id/train/id_train_000131.png,0,train,synthetic_faf,id,id,UCL SynthEye synthetic FAF,train,e5233aa733c37695b2bed3ab83955817efa5fa64dbf88f4d2df9041a86f1b660,,,,,,synthetic_heidelberg,pending_manual_review,syntheye_class=unavailable; synthetic_id_faf
images/dissertation_v1/id/train/id_train_000132.png,0,train,synthetic_faf,id,id,UCL SynthEye synthetic FAF,train,137c1e99f658ab3542e7d7441433c9058b10c30773bc7c19310dadae8bf513d9,,,,,,synthetic_heidelberg,pending_manual_review,syntheye_class=unavailable; synthetic_id_faf
images/dissertation_v1/id/train/id_train_000133.png,0,train,synthetic_faf,id,id,UCL SynthEye synthetic FAF,train,4b0b83063430d0eb08af014584d993b1829b7b64ed781fb0b7e3083526989756,,,,,,synthetic_heidelberg,pending_manual_review,syntheye_class=unavailable; synthetic_id_faf
images/dissertation_v1/id/train/id_train_000134.png,0,train,synthetic_faf,id,id,UCL SynthEye synthetic FAF,train,4e00b004e8ffeb123d1fce4e93ccbd747e11d13c58fb70ab272011c023f2cac1,,,,,,synthetic_heidelberg,pending_manual_review,syntheye_class=unavailable; synthetic_id_faf
images/dissertation_v1/id/train/id_train_000135.png,0,train,synthetic_faf,id,id,UCL SynthEye synthetic FAF,train,1db98dcb452f38a1b934f9c1185691a42466d103d877b8015b3bb9cb40f7caa1,,,,,,synthetic_heidelberg,pending_manual_review,syntheye_class=unavailable; synthetic_id_faf
images/dissertation_v1/id/train/id_train_000136.png,0,train,synthetic_faf,id,id,UCL SynthEye synthetic FAF,train,cc3964c442f3eb4e13b39fd3705716a05a2059b7baa68c6dfe32ce98d1aadb17,,,,,,synthetic_heidelberg,pending_manual_review,syntheye_class=unavailable; synthetic_id_faf
images/dissertation_v1/id/train/id_train_000137.png,0,train,synthetic_faf,id,id,UCL SynthEye synthetic FAF,train,50633be75bb21b5331eeb3f2862ad12e5c371cc002ad5c00e3091fa0cfd01eac,,,,,,synthetic_heidelberg,pending_manual_review,syntheye_class=unavailable; synthetic_id_faf
images/dissertation_v1/id/train/id_train_000138.png,0,train,synthetic_faf,id,id,UCL SynthEye synthetic FAF,train,61128f45d5a58cf21a49b7943b3e97226ff677198dbf55a589965c29d89c9524,,,,,,synthetic_heidelberg,pending_manual_review,syntheye_class=unavailable; synthetic_id_faf
images/dissertation_v1/id/train/id_train_000139.png,0,train,synthetic_faf,id,id,UCL SynthEye synthetic FAF,train,4c9db63427c9483d0c599136b47dc3fa4112a7f74763521c594cc9b75fe9ee15,,,,,,synthetic_heidelberg,pending_manual_review,syntheye_class=unavailable; synthetic_id_faf
images/dissertation_v1/id/train/id_train_000140.png,0,train,synthetic_faf,id,id,UCL SynthEye synthetic FAF,train,5c72b301c8496deba3898d6976d586fc956c5da1f1a77d4324853e0489fe4f09,,,,,,synthetic_heidelberg,pending_manual_review,syntheye_class=unavailable; synthetic_id_faf
images/dissertation_v1/id/train/id_train_000141.png,0,train,synthetic_faf,id,id,UCL SynthEye synthetic FAF,train,b0ded194941c32ae7ccd07e9f14ce53a24fb1ce0a0ab476d8cdbf1b3c7533559,,,,,,synthetic_heidelberg,pending_manual_review,syntheye_class=unavailable; synthetic_id_faf
images/dissertation_v1/id/train/id_train_000142.png,0,train,synthetic_faf,id,id,UCL SynthEye synthetic FAF,train,f7470eb37eeb15b77214f72f65b8dd478b65f99268de2acb7b6345643bdf474f,,,,,,synthetic_heidelberg,pending_manual_review,syntheye_class=unavailable; synthetic_id_faf
images/dissertation_v1/id/train/id_train_000143.png,0,train,synthetic_faf,id,id,UCL SynthEye synthetic FAF,train,1550b5488f94eef000f3388baa8c5464e10f1b73c7f819431b735e3925010e24,,,,,,synthetic_heidelberg,pending_manual_review,syntheye_class=unavailable; synthetic_id_faf
images/dissertation_v1/id/train/id_train_000144.png,0,train,synthetic_faf,id,id,UCL SynthEye synthetic FAF,train,b6d640c7c1733fa3113f5c97208524ebb18867e99ee83f84e1f1b79ec8ac1216,,,,,,synthetic_heidelberg,pending_manual_review,syntheye_class=unavailable; synthetic_id_faf
images/dissertation_v1/id/train/id_train_000145.png,0,train,synthetic_faf,id,id,UCL SynthEye synthetic FAF,train,b863e6c774686bbb029409f992ca87c497ac21d4533d6acf070beff76c202e08,,,,,,synthetic_heidelberg,pending_manual_review,syntheye_class=unavailable; synthetic_id_faf
images/dissertation_v1/id/train/id_train_000146.png,0,train,synthetic_faf,id,id,UCL SynthEye synthetic FAF,train,7894368319fff8990d4d8a7b0071458f2796f976c53a0dc62b31b23627d1cf02,,,,,,synthetic_heidelberg,pending_manual_review,syntheye_class=unavailable; synthetic_id_faf
images/dissertation_v1/id/train/id_train_000147.png,0,train,synthetic_faf,id,id,UCL SynthEye synthetic FAF,train,8638736d4ff1ad046365151709a0650da5a0ed7645dbde89b7c2e4f178e469d3,,,,,,synthetic_heidelberg,pending_manual_review,syntheye_class=unavailable; synthetic_id_faf
images/dissertation_v1/id/train/id_train_000148.png,0,train,synthetic_faf,id,id,UCL SynthEye synthetic FAF,train,a314c0a72c8d6d999dda547ec2a8d7c1186ce9a9b8ea8dd9a34bce351a588d47,,,,,,synthetic_heidelberg,pending_manual_review,syntheye_class=unavailable; synthetic_id_faf
images/dissertation_v1/id/train/id_train_000149.png,0,train,synthetic_faf,id,id,UCL SynthEye synthetic FAF,train,e009070b33ac2db61cb68aa6a2439968d83b28a33119c712fda0537ef0c1e80f,,,,,,synthetic_heidelberg,pending_manual_review,syntheye_class=unavailable; synthetic_id_faf
images/dissertation_v1/id/train/id_train_000150.png,0,train,synthetic_faf,id,id,UCL SynthEye synthetic FAF,train,a483381b04c24eb4ce904349730f31b687ed107878aa29b169ea6a71e54e710a,,,,,,synthetic_heidelberg,pending_manual_review,syntheye_class=unavailable; synthetic_id_faf
images/dissertation_v1/id/train/id_train_000151.png,0,train,synthetic_faf,id,id,UCL SynthEye synthetic FAF,train,ccecb9c054af4a747d6b2128353915f6b50f64859df921e8248c680d5aeeb6b0,,,,,,synthetic_heidelberg,pending_manual_review,syntheye_class=unavailable; synthetic_id_faf
images/dissertation_v1/id/train/id_train_000152.png,0,train,synthetic_faf,id,id,UCL SynthEye synthetic FAF,train,03a596b86991031e0857b772337fb83596bd93889bad67b1f952f06073a0cc8e,,,,,,synthetic_heidelberg,pending_manual_review,syntheye_class=unavailable; synthetic_id_faf
images/dissertation_v1/id/train/id_train_000153.png,0,train,synthetic_faf,id,id,UCL SynthEye synthetic FAF,train,86f9706db039e9f3a4477a2e966932515a29e79278ef21adf57bd79098f71032,,,,,,synthetic_heidelberg,pending_manual_review,syntheye_class=unavailable; synthetic_id_faf
images/dissertation_v1/id/train/id_train_000154.png,0,train,synthetic_faf,id,id,UCL SynthEye synthetic FAF,train,5d0f068f169742f656ee6ec1e31fba5ef6a8237534f479c0a65c861f08c55218,,,,,,synthetic_heidelberg,pending_manual_review,syntheye_class=unavailable; synthetic_id_faf
images/dissertation_v1/id/train/id_train_000155.png,0,train,synthetic_faf,id,id,UCL SynthEye synthetic FAF,train,6faf6383de963e5c852d14aeb7064b742476e249b9d89330220eb5331a25e764,,,,,,synthetic_heidelberg,pending_manual_review,syntheye_class=unavailable; synthetic_id_faf
images/dissertation_v1/id/train/id_train_000156.png,0,train,synthetic_faf,id,id,UCL SynthEye synthetic FAF,train,d539c8d38c2118ae5508e3a20a53b7b9b59b983be4a7af35a7b13f500b4049ce,,,,,,synthetic_heidelberg,pending_manual_review,syntheye_class=unavailable; synthetic_id_faf
images/dissertation_v1/id/train/id_train_000157.png,0,train,synthetic_faf,id,id,UCL SynthEye synthetic FAF,train,2122314324651bc3b2fc58aeb42a502cdf21e361ebe2572326977b0f2e530473,,,,,,synthetic_heidelberg,pending_manual_review,syntheye_class=unavailable; synthetic_id_faf
images/dissertation_v1/id/train/id_train_000158.png,0,train,synthetic_faf,id,id,UCL SynthEye synthetic FAF,train,5c8d7ea952f40e88e7f9a236bc42bb2f5eb1fb45435e6e4d0f6105e1c5a3a1f4,,,,,,synthetic_heidelberg,pending_manual_review,syntheye_class=unavailable; synthetic_id_faf
images/dissertation_v1/id/train/id_train_000159.png,0,train,synthetic_faf,id,id,UCL SynthEye synthetic FAF,train,499b642d6e8dcaa9b103550a0f85f7afe0e9f1e6c86c3ad3d9714a0d0859ecd7,,,,,,synthetic_heidelberg,pending_manual_review,syntheye_class=unavailable; synthetic_id_faf
images/dissertation_v1/id/train/id_train_000160.png,0,train,synthetic_faf,id,id,UCL SynthEye synthetic FAF,train,c3f5bd0d4b6cad41bc59f08ce8676c74dfc7e4f9ea29202731d2d85da1b43d9a,,,,,,synthetic_heidelberg,pending_manual_review,syntheye_class=unavailable; synthetic_id_faf
images/dissertation_v1/id/train/id_train_000161.png,0,train,synthetic_faf,id,id,UCL SynthEye synthetic FAF,train,cd6769512a2d008227dff1968ef0a617e043cc987d6a6f64c5614a17c72f0a06,,,,,,synthetic_heidelberg,pending_manual_review,syntheye_class=unavailable; synthetic_id_faf
images/dissertation_v1/id/train/id_train_000162.png,0,train,synthetic_faf,id,id,UCL SynthEye synthetic FAF,train,8cf9d0ec676ddd5ca95c33bc9f936bf03e47e1e9a2066b511f112584c3b43540,,,,,,synthetic_heidelberg,pending_manual_review,syntheye_class=unavailable; synthetic_id_faf
images/dissertation_v1/id/train/id_train_000163.png,0,train,synthetic_faf,id,id,UCL SynthEye synthetic FAF,train,b4e3381a4cfa32bd0cc6be22584973f115658d713c505be1b6a0da67c2f4b8a2,,,,,,synthetic_heidelberg,pending_manual_review,syntheye_class=unavailable; synthetic_id_faf
images/dissertation_v1/id/train/id_train_000164.png,0,train,synthetic_faf,id,id,UCL SynthEye synthetic FAF,train,28363fef595f849aaf2cc069e0cfd01f18871a5b97b2436c2f06f37a1844270d,,,,,,synthetic_heidelberg,pending_manual_review,syntheye_class=unavailable; synthetic_id_faf
images/dissertation_v1/id/train/id_train_000165.png,0,train,synthetic_faf,id,id,UCL SynthEye synthetic FAF,train,bdbb8b5922e41242d5a130ef99a55fcaebebf8fa6a8d34821310410a3b9c1189,,,,,,synthetic_heidelberg,pending_manual_review,syntheye_class=unavailable; synthetic_id_faf
images/dissertation_v1/id/train/id_train_000166.png,0,train,synthetic_faf,id,id,UCL SynthEye synthetic FAF,train,78637e08839e53fad8705c1b0af14f160b5a2de3522eac9923f2a1d329f11125,,,,,,synthetic_heidelberg,pending_manual_review,syntheye_class=unavailable; synthetic_id_faf
images/dissertation_v1/id/train/id_train_000167.png,0,train,synthetic_faf,id,id,UCL SynthEye synthetic FAF,train,ef0092cf12f820eb84f7def46faf0ebd13eb7be2378b43c4c8f49081678c1f7a,,,,,,synthetic_heidelberg,pending_manual_review,syntheye_class=unavailable; synthetic_id_faf
images/dissertation_v1/id/train/id_train_000168.png,0,train,synthetic_faf,id,id,UCL SynthEye synthetic FAF,train,1729f4affb7ec467c38355f76739d13cb0572181aec72623afcd4a1f87917b2a,,,,,,synthetic_heidelberg,pending_manual_review,syntheye_class=unavailable; synthetic_id_faf
images/dissertation_v1/id/train/id_train_000169.png,0,train,synthetic_faf,id,id,UCL SynthEye synthetic FAF,train,00cd4326b188b870777aa7256f132cd7c353d3d0fa0b87c3b41dde60db563704,,,,,,synthetic_heidelberg,pending_manual_review,syntheye_class=unavailable; synthetic_id_faf
images/dissertation_v1/id/train/id_train_000170.png,0,train,synthetic_faf,id,id,UCL SynthEye synthetic FAF,train,dbbf60c43d734f0f064df5c95442ae0eb0a341ff1af9c6eae001ad622f96b9c4,,,,,,synthetic_heidelberg,pending_manual_review,syntheye_class=unavailable; synthetic_id_faf
images/dissertation_v1/id/train/id_train_000171.png,0,train,synthetic_faf,id,id,UCL SynthEye synthetic FAF,train,ee3fb63da28ff650c1fc3f56c30dd5f39e3ade8ce2a564798da851560a9633b6,,,,,,synthetic_heidelberg,pending_manual_review,syntheye_class=unavailable; synthetic_id_faf
images/dissertation_v1/id/train/id_train_000172.png,0,train,synthetic_faf,id,id,UCL SynthEye synthetic FAF,train,3ec6dd1d87541540bbf568d4023e9198853dbe1962f8d8551f160d8b8ad30e4c,,,,,,synthetic_heidelberg,pending_manual_review,syntheye_class=unavailable; synthetic_id_faf
images/dissertation_v1/id/train/id_train_000173.png,0,train,synthetic_faf,id,id,UCL SynthEye synthetic FAF,train,97c460a35043211085b61a42ae91978c02ef7a03a9c33109ba01db4be3a688cb,,,,,,synthetic_heidelberg,pending_manual_review,syntheye_class=unavailable; synthetic_id_faf
images/dissertation_v1/id/train/id_train_000174.png,0,train,synthetic_faf,id,id,UCL SynthEye synthetic FAF,train,44039f67d32479873db8914411bce82ab8637690fd1ee3bfdee5c7a3daf34ae6,,,,,,synthetic_heidelberg,pending_manual_review,syntheye_class=unavailable; synthetic_id_faf
images/dissertation_v1/id/train/id_train_000175.png,0,train,synthetic_faf,id,id,UCL SynthEye synthetic FAF,train,3fd4bf6fb0f73dbfb1a0bebc60a229be2e224c96e5c1adba4cb8f16b5332a18e,,,,,,synthetic_heidelberg,pending_manual_review,syntheye_class=unavailable; synthetic_id_faf
images/dissertation_v1/id/train/id_train_000176.png,0,train,synthetic_faf,id,id,UCL SynthEye synthetic FAF,train,5f976baa10ee5ce4c9c07b4c989933f3ef0e4f8906fa56092d0aba2a33b302b9,,,,,,synthetic_heidelberg,pending_manual_review,syntheye_class=unavailable; synthetic_id_faf
images/dissertation_v1/id/train/id_train_000177.png,0,train,synthetic_faf,id,id,UCL SynthEye synthetic FAF,train,3b7abea19eb93536a78e1e3cf2d6910fd1ad4ee82a21290896c951607c450374,,,,,,synthetic_heidelberg,pending_manual_review,syntheye_class=unavailable; synthetic_id_faf
images/dissertation_v1/id/train/id_train_000178.png,0,train,synthetic_faf,id,id,UCL SynthEye synthetic FAF,train,cef1fb8cccff766afb3a44f929cf164e136a669f8d52854ba7e8ab7eb7866191,,,,,,synthetic_heidelberg,pending_manual_review,syntheye_class=unavailable; synthetic_id_faf
images/dissertation_v1/id/train/id_train_000179.png,0,train,synthetic_faf,id,id,UCL SynthEye synthetic FAF,train,4b93e0bf12e0219c8ce75fc78ce34533e7ef15d88a170d451c1c6ecc3c5ca377,,,,,,synthetic_heidelberg,pending_manual_review,syntheye_class=unavailable; synthetic_id_faf
images/dissertation_v1/id/train/id_train_000180.png,0,train,synthetic_faf,id,id,UCL SynthEye synthetic FAF,train,650a381234c58534c03e69231678b87af8570d290d99c03d48a7403e360f7d5f,,,,,,synthetic_heidelberg,pending_manual_review,syntheye_class=unavailable; synthetic_id_faf
images/dissertation_v1/id/train/id_train_000181.png,0,train,synthetic_faf,id,id,UCL SynthEye synthetic FAF,train,73aca3a65d66cda3d8fe31415765c63498671cbd146ce99b3ccfa48476093f23,,,,,,synthetic_heidelberg,pending_manual_review,syntheye_class=unavailable; synthetic_id_faf
images/dissertation_v1/id/train/id_train_000182.png,0,train,synthetic_faf,id,id,UCL SynthEye synthetic FAF,train,6c47068025b2de65ebe858008105d9a7cb4e16f9a0eb56e73d117ec85a4fc158,,,,,,synthetic_heidelberg,pending_manual_review,syntheye_class=unavailable; synthetic_id_faf
images/dissertation_v1/id/train/id_train_000183.png,0,train,synthetic_faf,id,id,UCL SynthEye synthetic FAF,train,bd5a783621c0c3673f614e203edc2c5b7e798d1c9d22d40cc3469abd6bc5addd,,,,,,synthetic_heidelberg,pending_manual_review,syntheye_class=unavailable; synthetic_id_faf
images/dissertation_v1/id/train/id_train_000184.png,0,train,synthetic_faf,id,id,UCL SynthEye synthetic FAF,train,ceb9f4dca8623a986d18b8ca0a1178c21479148c372c4f3df17c8a386f036536,,,,,,synthetic_heidelberg,pending_manual_review,syntheye_class=unavailable; synthetic_id_faf
images/dissertation_v1/id/train/id_train_000185.png,0,train,synthetic_faf,id,id,UCL SynthEye synthetic FAF,train,ca47ab267a8df2b95b7188e97c5e3fb1e1bcd9df523b2324ec835fe500e303f4,,,,,,synthetic_heidelberg,pending_manual_review,syntheye_class=unavailable; synthetic_id_faf
images/dissertation_v1/id/train/id_train_000186.png,0,train,synthetic_faf,id,id,UCL SynthEye synthetic FAF,train,ab4054e37954c55247541a7cd52ff376999543e05c7f263a62e04097e8a963fa,,,,,,synthetic_heidelberg,pending_manual_review,syntheye_class=unavailable; synthetic_id_faf
images/dissertation_v1/id/train/id_train_000187.png,0,train,synthetic_faf,id,id,UCL SynthEye synthetic FAF,train,038aa33446cae54c1a7381f321314f4f728d7269f8b620e022f22e7dbee4528b,,,,,,synthetic_heidelberg,pending_manual_review,syntheye_class=unavailable; synthetic_id_faf
images/dissertation_v1/id/train/id_train_000188.png,0,train,synthetic_faf,id,id,UCL SynthEye synthetic FAF,train,a2812021ce5b31f948cb7f15ef50e6975488cd4a619c0f5aa45edefea15f9cc5,,,,,,synthetic_heidelberg,pending_manual_review,syntheye_class=unavailable; synthetic_id_faf
images/dissertation_v1/id/train/id_train_000189.png,0,train,synthetic_faf,id,id,UCL SynthEye synthetic FAF,train,71c08d1a416c351877a8bea286848f6af1cb606d43f987110d4f324f5bc167e8,,,,,,synthetic_heidelberg,pending_manual_review,syntheye_class=unavailable; synthetic_id_faf
images/dissertation_v1/id/train/id_train_000190.png,0,train,synthetic_faf,id,id,UCL SynthEye synthetic FAF,train,57e50b658dd7d8567b8d693a004d4ef085f0fd482df5806143884a5a812e58d4,,,,,,synthetic_heidelberg,pending_manual_review,syntheye_class=unavailable; synthetic_id_faf
images/dissertation_v1/id/train/id_train_000191.png,0,train,synthetic_faf,id,id,UCL SynthEye synthetic FAF,train,a6a4c59039ee89b035968a0174d9c552bec5aa5f3ea89d069cd1104b836311ef,,,,,,synthetic_heidelberg,pending_manual_review,syntheye_class=unavailable; synthetic_id_faf
images/dissertation_v1/id/train/id_train_000192.png,0,train,synthetic_faf,id,id,UCL SynthEye synthetic FAF,train,b4b380e86f37064953a59f2667792ae1f21486e68c261f850a40c41d3b0ee680,,,,,,synthetic_heidelberg,pending_manual_review,syntheye_class=unavailable; synthetic_id_faf
images/dissertation_v1/id/train/id_train_000193.png,0,train,synthetic_faf,id,id,UCL SynthEye synthetic FAF,train,eb3d570b3bda29c19f08310709190aa7ee4d20141651a8df361e0c6c6d02d412,,,,,,synthetic_heidelberg,pending_manual_review,syntheye_class=unavailable; synthetic_id_faf
images/dissertation_v1/id/train/id_train_000194.png,0,train,synthetic_faf,id,id,UCL SynthEye synthetic FAF,train,8496fb6351b520bc4897b339acbc6464524b164245915feb6e0c648b77190a22,,,,,,synthetic_heidelberg,pending_manual_review,syntheye_class=unavailable; synthetic_id_faf
images/dissertation_v1/id/train/id_train_000195.png,0,train,synthetic_faf,id,id,UCL SynthEye synthetic FAF,train,3cc7e89b774ab83b2857afe90dfd01988645dffff5a1c328a6f7294885fe1161,,,,,,synthetic_heidelberg,pending_manual_review,syntheye_class=unavailable; synthetic_id_faf
images/dissertation_v1/id/train/id_train_000196.png,0,train,synthetic_faf,id,id,UCL SynthEye synthetic FAF,train,b6c2e2d4ec215eaefbddba8bcff2fe149472a620fdee3fcd82450b383ae1cb5f,,,,,,synthetic_heidelberg,pending_manual_review,syntheye_class=unavailable; synthetic_id_faf
images/dissertation_v1/id/train/id_train_000197.png,0,train,synthetic_faf,id,id,UCL SynthEye synthetic FAF,train,7001c7f5333c194f94cc667b24db987590666d105c04cd0df2876d54933f511d,,,,,,synthetic_heidelberg,pending_manual_review,syntheye_class=unavailable; synthetic_id_faf
images/dissertation_v1/id/train/id_train_000198.png,0,train,synthetic_faf,id,id,UCL SynthEye synthetic FAF,train,b899b6642fa004983f4d1a700efc7d3c81ceff9972e000a171469c1127399d57,,,,,,synthetic_heidelberg,pending_manual_review,syntheye_class=unavailable; synthetic_id_faf
images/dissertation_v1/id/train/id_train_000199.png,0,train,synthetic_faf,id,id,UCL SynthEye synthetic FAF,train,40eea3cf1d947018fe8266ae200bfe8aae794633a6eda93976795b23ef510db9,,,,,,synthetic_heidelberg,pending_manual_review,syntheye_class=unavailable; synthetic_id_faf
images/dissertation_v1/id/train/id_train_000200.png,0,train,synthetic_faf,id,id,UCL SynthEye synthetic FAF,train,9b060bf527f239fdb0a2f3961be38673f4513217e7362ce7af927769de784df2,,,,,,synthetic_heidelberg,pending_manual_review,syntheye_class=unavailable; synthetic_id_faf
images/dissertation_v1/id/train/id_train_000201.png,0,train,synthetic_faf,id,id,UCL SynthEye synthetic FAF,train,31453092997df279664cebe8e2440e74b1296bd3d5ff56a36867b592601200e1,,,,,,synthetic_heidelberg,pending_manual_review,syntheye_class=unavailable; synthetic_id_faf
images/dissertation_v1/id/train/id_train_000202.png,0,train,synthetic_faf,id,id,UCL SynthEye synthetic FAF,train,4718b8746c51c2426057910d73133e3bf38fd6922dd7bf03c3068a6bacab3bc4,,,,,,synthetic_heidelberg,pending_manual_review,syntheye_class=unavailable; synthetic_id_faf
images/dissertation_v1/id/train/id_train_000203.png,0,train,synthetic_faf,id,id,UCL SynthEye synthetic FAF,train,60e785615b79078e7f7653ae43a75f03f7ad5a0f18df9c1d7f51a4f735879844,,,,,,synthetic_heidelberg,pending_manual_review,syntheye_class=unavailable; synthetic_id_faf
images/dissertation_v1/id/train/id_train_000204.png,0,train,synthetic_faf,id,id,UCL SynthEye synthetic FAF,train,af034e208423a367f544179c372d4c2f6b5f67e5a989f296caaa830820b76134,,,,,,synthetic_heidelberg,pending_manual_review,syntheye_class=unavailable; synthetic_id_faf
images/dissertation_v1/id/train/id_train_000205.png,0,train,synthetic_faf,id,id,UCL SynthEye synthetic FAF,train,d3651b60cf7973b26d65ad070b7ab569f9915290f134f129984bea5e9c2542d5,,,,,,synthetic_heidelberg,pending_manual_review,syntheye_class=unavailable; synthetic_id_faf
images/dissertation_v1/id/train/id_train_000206.png,0,train,synthetic_faf,id,id,UCL SynthEye synthetic FAF,train,58f7b0b8c72aa1f98113136df4d901d3c6d858638d0008b817b299280d453a30,,,,,,synthetic_heidelberg,pending_manual_review,syntheye_class=unavailable; synthetic_id_faf
images/dissertation_v1/id/train/id_train_000207.png,0,train,synthetic_faf,id,id,UCL SynthEye synthetic FAF,train,890961eb97d835591201e8e6b25f2a26056878e1dd6085d6ff9de3da76cf7c41,,,,,,synthetic_heidelberg,pending_manual_review,syntheye_class=unavailable; synthetic_id_faf
images/dissertation_v1/id/train/id_train_000208.png,0,train,synthetic_faf,id,id,UCL SynthEye synthetic FAF,train,37544c4c8c9acf68fa1f241f884cfdfa0a5a432efb94c84a49f125165d7e17be,,,,,,synthetic_heidelberg,pending_manual_review,syntheye_class=unavailable; synthetic_id_faf
images/dissertation_v1/id/train/id_train_000209.png,0,train,synthetic_faf,id,id,UCL SynthEye synthetic FAF,train,07df4b96ab9ce3bce77a2c7c2657061e91a673835e97c5babd41463f955266c2,,,,,,synthetic_heidelberg,pending_manual_review,syntheye_class=unavailable; synthetic_id_faf
images/dissertation_v1/id/train/id_train_000210.png,0,train,synthetic_faf,id,id,UCL SynthEye synthetic FAF,train,7d8e0507cf2d988954229c28caf760870a395ac530fc9f7c8d96b09b89857485,,,,,,synthetic_heidelberg,pending_manual_review,syntheye_class=unavailable; synthetic_id_faf
images/dissertation_v1/id/train/id_train_000211.png,0,train,synthetic_faf,id,id,UCL SynthEye synthetic FAF,train,33fc77be71b25543f6a344b9e7b0f541ea2c88eefe4bb97772f51437f49b3e51,,,,,,synthetic_heidelberg,pending_manual_review,syntheye_class=unavailable; synthetic_id_faf
images/dissertation_v1/id/train/id_train_000212.png,0,train,synthetic_faf,id,id,UCL SynthEye synthetic FAF,train,860a5df22fbcb151e2dd2e45131076e9b1304c4f85d3435221bc30a15e1abcd9,,,,,,synthetic_heidelberg,pending_manual_review,syntheye_class=unavailable; synthetic_id_faf
images/dissertation_v1/id/train/id_train_000213.png,0,train,synthetic_faf,id,id,UCL SynthEye synthetic FAF,train,3bec853bae2134c6fcfdbd66264c6cbb434f35eebd7a8c9cf70e9d1ce41814e3,,,,,,synthetic_heidelberg,pending_manual_review,syntheye_class=unavailable; synthetic_id_faf
images/dissertation_v1/id/train/id_train_000214.png,0,train,synthetic_faf,id,id,UCL SynthEye synthetic FAF,train,d8b9102dcd0847c4916c81e2cd1b2125d5668badc1f5994ecd4552ce2e547d32,,,,,,synthetic_heidelberg,pending_manual_review,syntheye_class=unavailable; synthetic_id_faf
images/dissertation_v1/id/train/id_train_000215.png,0,train,synthetic_faf,id,id,UCL SynthEye synthetic FAF,train,0f285dda96b58efb14b1d3469e1b064ceec8b087978d4a0fc4c8858feeb2f9d9,,,,,,synthetic_heidelberg,pending_manual_review,syntheye_class=unavailable; synthetic_id_faf
images/dissertation_v1/id/train/id_train_000216.png,0,train,synthetic_faf,id,id,UCL SynthEye synthetic FAF,train,82b87d4db71b3daff5db10fd9a5a4c668957048a55cb08c071099a5a0ee86af5,,,,,,synthetic_heidelberg,pending_manual_review,syntheye_class=unavailable; synthetic_id_faf
images/dissertation_v1/id/train/id_train_000217.png,0,train,synthetic_faf,id,id,UCL SynthEye synthetic FAF,train,d48cc24aa261f3c2dfa1447d6e946579c75fb4e70314c7e41465a27cc9906f02,,,,,,synthetic_heidelberg,pending_manual_review,syntheye_class=unavailable; synthetic_id_faf
images/dissertation_v1/id/train/id_train_000218.png,0,train,synthetic_faf,id,id,UCL SynthEye synthetic FAF,train,3ebf7b0293dc6478556ab72fcff87690e173987c8cdbede24e77d130eb8a0fea,,,,,,synthetic_heidelberg,pending_manual_review,syntheye_class=unavailable; synthetic_id_faf
images/dissertation_v1/id/train/id_train_000219.png,0,train,synthetic_faf,id,id,UCL SynthEye synthetic FAF,train,0ae60ca241910efa717f8ad591f97746b1548f60b03263e291fdd2a796a08944,,,,,,synthetic_heidelberg,pending_manual_review,syntheye_class=unavailable; synthetic_id_faf
images/dissertation_v1/id/train/id_train_000220.png,0,train,synthetic_faf,id,id,UCL SynthEye synthetic FAF,train,279a49a1c780266b612e73ec9de0f131ffb62ef0f1a8534224ac25dfb711528f,,,,,,synthetic_heidelberg,pending_manual_review,syntheye_class=unavailable; synthetic_id_faf
images/dissertation_v1/id/train/id_train_000221.png,0,train,synthetic_faf,id,id,UCL SynthEye synthetic FAF,train,8dad3338dff03fb4923147425cc5d89f703716a4ad5c9bda9f850191750f571e,,,,,,synthetic_heidelberg,pending_manual_review,syntheye_class=unavailable; synthetic_id_faf
images/dissertation_v1/id/train/id_train_000222.png,0,train,synthetic_faf,id,id,UCL SynthEye synthetic FAF,train,797b1cfc345a6eba8d148cbcf75541366d245ff8b694bd64adc2120eec8f6573,,,,,,synthetic_heidelberg,pending_manual_review,syntheye_class=unavailable; synthetic_id_faf
images/dissertation_v1/id/train/id_train_000223.png,0,train,synthetic_faf,id,id,UCL SynthEye synthetic FAF,train,3fdacfa37334984ff8ab5b82a1d91c000d9c9764db292ffd0088f7806379c78f,,,,,,synthetic_heidelberg,pending_manual_review,syntheye_class=unavailable; synthetic_id_faf
images/dissertation_v1/id/train/id_train_000224.png,0,train,synthetic_faf,id,id,UCL SynthEye synthetic FAF,train,8e59ac010bff1c586059ff799beabc81109c0055dada902f6b19df558b8ad91e,,,,,,synthetic_heidelberg,pending_manual_review,syntheye_class=unavailable; synthetic_id_faf
images/dissertation_v1/id/train/id_train_000225.png,0,train,synthetic_faf,id,id,UCL SynthEye synthetic FAF,train,53073000b5f8808573ba975683802cf4c82e99060ce6f7cb6672ffa3dcefccf2,,,,,,synthetic_heidelberg,pending_manual_review,syntheye_class=unavailable; synthetic_id_faf
images/dissertation_v1/id/train/id_train_000226.png,0,train,synthetic_faf,id,id,UCL SynthEye synthetic FAF,train,ad49b65a0d0e61a63e6a5302a33ce23c35f9740a1069c2fed34e1112ba40e1a4,,,,,,synthetic_heidelberg,pending_manual_review,syntheye_class=unavailable; synthetic_id_faf
images/dissertation_v1/id/train/id_train_000227.png,0,train,synthetic_faf,id,id,UCL SynthEye synthetic FAF,train,07342a0ebcaca0aa5607a43a77b111ade10d619ab328185c080ed034efa7c187,,,,,,synthetic_heidelberg,pending_manual_review,syntheye_class=unavailable; synthetic_id_faf
images/dissertation_v1/id/train/id_train_000228.png,0,train,synthetic_faf,id,id,UCL SynthEye synthetic FAF,train,40a37bbf6bdbec0b5f1fbd0d1c6efbf20f99aef7958b68bac09006b54ec6bd37,,,,,,synthetic_heidelberg,pending_manual_review,syntheye_class=unavailable; synthetic_id_faf
images/dissertation_v1/id/train/id_train_000229.png,0,train,synthetic_faf,id,id,UCL SynthEye synthetic FAF,train,541cbe4c23171af7a8a1ad5d6aaff72592ac6e5612e95480c5b716f0916b7c98,,,,,,synthetic_heidelberg,pending_manual_review,syntheye_class=unavailable; synthetic_id_faf
images/dissertation_v1/id/train/id_train_000230.png,0,train,synthetic_faf,id,id,UCL SynthEye synthetic FAF,train,483ef6ef3170f4df546378d9dcf72da87252d27ffc58959c1911291c8c073139,,,,,,synthetic_heidelberg,pending_manual_review,syntheye_class=unavailable; synthetic_id_faf
images/dissertation_v1/id/train/id_train_000231.png,0,train,synthetic_faf,id,id,UCL SynthEye synthetic FAF,train,d7da4bfc25d644097a259fe487daa1b5dcfd2d2473b2e8482e90a4a532a797b8,,,,,,synthetic_heidelberg,pending_manual_review,syntheye_class=unavailable; synthetic_id_faf
images/dissertation_v1/id/train/id_train_000232.png,0,train,synthetic_faf,id,id,UCL SynthEye synthetic FAF,train,b98ef3e2ff405a59c5a8df3320543f346cd7e6ca2548cc2f6389afc1db6a2dfb,,,,,,synthetic_heidelberg,pending_manual_review,syntheye_class=unavailable; synthetic_id_faf
images/dissertation_v1/id/train/id_train_000233.png,0,train,synthetic_faf,id,id,UCL SynthEye synthetic FAF,train,c33669b7da239aee74d2f502c5008caf4591e408f0f39cec4960a0ba0467a4ec,,,,,,synthetic_heidelberg,pending_manual_review,syntheye_class=unavailable; synthetic_id_faf
images/dissertation_v1/id/train/id_train_000234.png,0,train,synthetic_faf,id,id,UCL SynthEye synthetic FAF,train,a3f387d4e208f05ef15bb429f32339a6e2a207266bf89bec7ada97cc4ed54baa,,,,,,synthetic_heidelberg,pending_manual_review,syntheye_class=unavailable; synthetic_id_faf
images/dissertation_v1/id/train/id_train_000235.png,0,train,synthetic_faf,id,id,UCL SynthEye synthetic FAF,train,0c8a2a5ab16a5edfe26d1e7cfaef158ca86ce4236b4e0fffc7560b9c0281b396,,,,,,synthetic_heidelberg,pending_manual_review,syntheye_class=unavailable; synthetic_id_faf
images/dissertation_v1/id/train/id_train_000236.png,0,train,synthetic_faf,id,id,UCL SynthEye synthetic FAF,train,e70c134feceb8819bfceb5cdac8669587ab2846ecba594097fd0bcb327606775,,,,,,synthetic_heidelberg,pending_manual_review,syntheye_class=unavailable; synthetic_id_faf
images/dissertation_v1/id/train/id_train_000237.png,0,train,synthetic_faf,id,id,UCL SynthEye synthetic FAF,train,ae240fb161053d0bfa192f651cae9130ce20d8bee604a093ddaa7f34b8eef6dd,,,,,,synthetic_heidelberg,pending_manual_review,syntheye_class=unavailable; synthetic_id_faf
images/dissertation_v1/id/train/id_train_000238.png,0,train,synthetic_faf,id,id,UCL SynthEye synthetic FAF,train,12350204ddbf983493c8323678c2d4ba845a59f3e2fd06040d4e2e5d0b26d7b9,,,,,,synthetic_heidelberg,pending_manual_review,syntheye_class=unavailable; synthetic_id_faf
images/dissertation_v1/id/train/id_train_000239.png,0,train,synthetic_faf,id,id,UCL SynthEye synthetic FAF,train,557b436e23b51252f866ad36b5b760c8215a0b35836d588c24e66788953e7f10,,,,,,synthetic_heidelberg,pending_manual_review,syntheye_class=unavailable; synthetic_id_faf
images/dissertation_v1/id/train/id_train_000240.png,0,train,synthetic_faf,id,id,UCL SynthEye synthetic FAF,train,7918bb056a03970799ba9729ead68f0390ccba0d785918b16e53ec44ba6608a1,,,,,,synthetic_heidelberg,pending_manual_review,syntheye_class=unavailable; synthetic_id_faf
images/dissertation_v1/id/train/id_train_000241.png,0,train,synthetic_faf,id,id,UCL SynthEye synthetic FAF,train,f44f10427d8110c16c89339d7ac7259bc4ede69f4cfe044130b52da57307ae3b,,,,,,synthetic_heidelberg,pending_manual_review,syntheye_class=unavailable; synthetic_id_faf
images/dissertation_v1/id/train/id_train_000242.png,0,train,synthetic_faf,id,id,UCL SynthEye synthetic FAF,train,bd800c9096a9599216f45446da6d0f2869209d70bc24470fa2c9d7036f8dcea7,,,,,,synthetic_heidelberg,pending_manual_review,syntheye_class=unavailable; synthetic_id_faf
images/dissertation_v1/id/train/id_train_000243.png,0,train,synthetic_faf,id,id,UCL SynthEye synthetic FAF,train,09d6005818a6425de9c26dd5c5b3909f3036598d154e24f418608438a9906804,,,,,,synthetic_heidelberg,pending_manual_review,syntheye_class=unavailable; synthetic_id_faf
images/dissertation_v1/id/train/id_train_000244.png,0,train,synthetic_faf,id,id,UCL SynthEye synthetic FAF,train,2eac797bcc129df5fa5dd9f1bea8f0b205e586ed0339592eaefb5a51311ac564,,,,,,synthetic_heidelberg,pending_manual_review,syntheye_class=unavailable; synthetic_id_faf
images/dissertation_v1/id/train/id_train_000245.png,0,train,synthetic_faf,id,id,UCL SynthEye synthetic FAF,train,35c08bf7f669aed5a98209d003c5fa13e21548fdb5f74897e60a1a97a5496aba,,,,,,synthetic_heidelberg,pending_manual_review,syntheye_class=unavailable; synthetic_id_faf
images/dissertation_v1/id/train/id_train_000246.png,0,train,synthetic_faf,id,id,UCL SynthEye synthetic FAF,train,436e683208e1ed81e203c3dbde6cc9d6531b255c65e27a0bda1c119adcf23049,,,,,,synthetic_heidelberg,pending_manual_review,syntheye_class=unavailable; synthetic_id_faf
images/dissertation_v1/id/train/id_train_000247.png,0,train,synthetic_faf,id,id,UCL SynthEye synthetic FAF,train,45baa1504d9d0e7520b5ce0aaac10d9ee9d044663ec738827c419548d57df03d,,,,,,synthetic_heidelberg,pending_manual_review,syntheye_class=unavailable; synthetic_id_faf
images/dissertation_v1/id/train/id_train_000248.png,0,train,synthetic_faf,id,id,UCL SynthEye synthetic FAF,train,eec01e6b35eae5a78d73d79e25270045152c05bf397933b42effb37820501593,,,,,,synthetic_heidelberg,pending_manual_review,syntheye_class=unavailable; synthetic_id_faf
images/dissertation_v1/id/train/id_train_000249.png,0,train,synthetic_faf,id,id,UCL SynthEye synthetic FAF,train,cdb589f7eacef3719b60fe8da3a30c83a8293eb226597d69496dab015748b46a,,,,,,synthetic_heidelberg,pending_manual_review,syntheye_class=unavailable; synthetic_id_faf
images/dissertation_v1/id/train/id_train_000250.png,0,train,synthetic_faf,id,id,UCL SynthEye synthetic FAF,train,213a62a30d5b61af2d0460b2d0b82f7cd57b29c322adafae1f1dba596f0625c1,,,,,,synthetic_heidelberg,pending_manual_review,syntheye_class=unavailable; synthetic_id_faf
images/dissertation_v1/id/train/id_train_000251.png,0,train,synthetic_faf,id,id,UCL SynthEye synthetic FAF,train,5821378dd8c4ee023d5c40d5449593b374bab5eb2d5d04f928294828cd6d51dd,,,,,,synthetic_heidelberg,pending_manual_review,syntheye_class=unavailable; synthetic_id_faf
images/dissertation_v1/id/train/id_train_000252.png,0,train,synthetic_faf,id,id,UCL SynthEye synthetic FAF,train,04361487fdb45ee2fb19d12e9bbf5fd56a1d6628a34bb3868a38100d3c6d59ac,,,,,,synthetic_heidelberg,pending_manual_review,syntheye_class=unavailable; synthetic_id_faf
images/dissertation_v1/id/train/id_train_000253.png,0,train,synthetic_faf,id,id,UCL SynthEye synthetic FAF,train,0884edb7791655d5e48546cb9b26d4bd6ad63b28a6a8e52ef44cd62b4d07e951,,,,,,synthetic_heidelberg,pending_manual_review,syntheye_class=unavailable; synthetic_id_faf
images/dissertation_v1/id/train/id_train_000254.png,0,train,synthetic_faf,id,id,UCL SynthEye synthetic FAF,train,193e8086174a39d8ad00f39796fd9fc8cc2d6ac583e9b6717e13fc28bf927370,,,,,,synthetic_heidelberg,pending_manual_review,syntheye_class=unavailable; synthetic_id_faf
images/dissertation_v1/id/train/id_train_000255.png,0,train,synthetic_faf,id,id,UCL SynthEye synthetic FAF,train,fc370dea2d51d3615f94328a930186a1e14f6a9800f66c7e5a12f929ca773156,,,,,,synthetic_heidelberg,pending_manual_review,syntheye_class=unavailable; synthetic_id_faf
images/dissertation_v1/id/train/id_train_000256.png,0,train,synthetic_faf,id,id,UCL SynthEye synthetic FAF,train,6bbdf1738bb72516e59b861ea139bb9faa76f438a671ca96928fa86caf470431,,,,,,synthetic_heidelberg,pending_manual_review,syntheye_class=unavailable; synthetic_id_faf
images/dissertation_v1/id/train/id_train_000257.png,0,train,synthetic_faf,id,id,UCL SynthEye synthetic FAF,train,1cd8c15f68b031490673c484098ef8359c41addf0c915090fcce4fa6c87b75d1,,,,,,synthetic_heidelberg,pending_manual_review,syntheye_class=unavailable; synthetic_id_faf
images/dissertation_v1/id/train/id_train_000258.png,0,train,synthetic_faf,id,id,UCL SynthEye synthetic FAF,train,084d73c7638a88ea2bd8ad3c76803646bd8afaf32cf87fca0ea64c9fcaa9f707,,,,,,synthetic_heidelberg,pending_manual_review,syntheye_class=unavailable; synthetic_id_faf
images/dissertation_v1/id/train/id_train_000259.png,0,train,synthetic_faf,id,id,UCL SynthEye synthetic FAF,train,37014a00c071a6305585bdd2dd329b730290329dff155b7358220471f8ffc49e,,,,,,synthetic_heidelberg,pending_manual_review,syntheye_class=unavailable; synthetic_id_faf
images/dissertation_v1/id/train/id_train_000260.png,0,train,synthetic_faf,id,id,UCL SynthEye synthetic FAF,train,b9119b795c2a298e5308c94032b7c787f0cf66975f8f86298f8358d3a3f5c174,,,,,,synthetic_heidelberg,pending_manual_review,syntheye_class=unavailable; synthetic_id_faf
images/dissertation_v1/id/train/id_train_000261.png,0,train,synthetic_faf,id,id,UCL SynthEye synthetic FAF,train,59a7c3d16f406a4aa5cadc8472a844173ba552bca143df5c021bb18135038e6d,,,,,,synthetic_heidelberg,pending_manual_review,syntheye_class=unavailable; synthetic_id_faf
images/dissertation_v1/id/train/id_train_000262.png,0,train,synthetic_faf,id,id,UCL SynthEye synthetic FAF,train,cdd77db8185f8ba6b729d9e2ec813c219bfbf83366c735411c4cd3d515271240,,,,,,synthetic_heidelberg,pending_manual_review,syntheye_class=unavailable; synthetic_id_faf
images/dissertation_v1/id/train/id_train_000263.png,0,train,synthetic_faf,id,id,UCL SynthEye synthetic FAF,train,f8ba41b16c7d8a673a4f4fc50fbc4845389e69697e291f086ccd5f68fd7125a9,,,,,,synthetic_heidelberg,pending_manual_review,syntheye_class=unavailable; synthetic_id_faf
images/dissertation_v1/id/train/id_train_000264.png,0,train,synthetic_faf,id,id,UCL SynthEye synthetic FAF,train,c3ecf9d00f810437e6b52a499a1ba21b510c4aeaa5343678a018c71f21939541,,,,,,synthetic_heidelberg,pending_manual_review,syntheye_class=unavailable; synthetic_id_faf
images/dissertation_v1/id/train/id_train_000265.png,0,train,synthetic_faf,id,id,UCL SynthEye synthetic FAF,train,6ffb7de3af9dc680b799a33b81b0e2094b36509c55640bb9ca21a216f210f6a3,,,,,,synthetic_heidelberg,pending_manual_review,syntheye_class=unavailable; synthetic_id_faf
images/dissertation_v1/id/train/id_train_000266.png,0,train,synthetic_faf,id,id,UCL SynthEye synthetic FAF,train,52a0470632d01050df3c04dd43cb8394d36e3da25b4de2cae8156a74f463641c,,,,,,synthetic_heidelberg,pending_manual_review,syntheye_class=unavailable; synthetic_id_faf
images/dissertation_v1/id/train/id_train_000267.png,0,train,synthetic_faf,id,id,UCL SynthEye synthetic FAF,train,07e28f21672be1daae7d8b2e3d1ab9ed20edad6f386fd0050676d666f3ea957a,,,,,,synthetic_heidelberg,pending_manual_review,syntheye_class=unavailable; synthetic_id_faf
images/dissertation_v1/id/train/id_train_000268.png,0,train,synthetic_faf,id,id,UCL SynthEye synthetic FAF,train,92d9739f138d1a37296a7102d140d708096748ddba7a027100791d7484beb80d,,,,,,synthetic_heidelberg,pending_manual_review,syntheye_class=unavailable; synthetic_id_faf
images/dissertation_v1/id/train/id_train_000269.png,0,train,synthetic_faf,id,id,UCL SynthEye synthetic FAF,train,15316402ba941b9aa31ec3a0f2f878640f5b089d82e980d2f61714c6e40d7063,,,,,,synthetic_heidelberg,pending_manual_review,syntheye_class=unavailable; synthetic_id_faf
images/dissertation_v1/id/train/id_train_000270.png,0,train,synthetic_faf,id,id,UCL SynthEye synthetic FAF,train,80070b7d3b0440ae39298e23d6d003a1dad822e3fec80fc5f206f341a0358c16,,,,,,synthetic_heidelberg,pending_manual_review,syntheye_class=unavailable; synthetic_id_faf
images/dissertation_v1/id/train/id_train_000271.png,0,train,synthetic_faf,id,id,UCL SynthEye synthetic FAF,train,4bf60eea69b53658cad51f196687639d5459dbbd6b004c96f1f6b4bc5db1c744,,,,,,synthetic_heidelberg,pending_manual_review,syntheye_class=unavailable; synthetic_id_faf
images/dissertation_v1/id/train/id_train_000272.png,0,train,synthetic_faf,id,id,UCL SynthEye synthetic FAF,train,37be4166a475679ac71cdbe1a3be01640d804ebfce5ae65a61ab1c82a2ae46d4,,,,,,synthetic_heidelberg,pending_manual_review,syntheye_class=unavailable; synthetic_id_faf
images/dissertation_v1/id/train/id_train_000273.png,0,train,synthetic_faf,id,id,UCL SynthEye synthetic FAF,train,cc7b973b50812d9afb03dc1f4b63847a863d4bff97b8c874c7fe5cc0151876de,,,,,,synthetic_heidelberg,pending_manual_review,syntheye_class=unavailable; synthetic_id_faf
images/dissertation_v1/id/train/id_train_000274.png,0,train,synthetic_faf,id,id,UCL SynthEye synthetic FAF,train,18529f44d17b53825bc7d565c88c569b9b2cd2c5d4b14de3ba8d124580f3d78a,,,,,,synthetic_heidelberg,pending_manual_review,syntheye_class=unavailable; synthetic_id_faf
images/dissertation_v1/id/train/id_train_000275.png,0,train,synthetic_faf,id,id,UCL SynthEye synthetic FAF,train,6907b3e50eb6e9474708662aab7f7cc384e3c749e9df9925b2c402b8b9d42b4e,,,,,,synthetic_heidelberg,pending_manual_review,syntheye_class=unavailable; synthetic_id_faf
images/dissertation_v1/id/train/id_train_000276.png,0,train,synthetic_faf,id,id,UCL SynthEye synthetic FAF,train,fcd737db2435d705c099f64280bb52f6bb6114deb43e5878bc221d968473ecc0,,,,,,synthetic_heidelberg,pending_manual_review,syntheye_class=unavailable; synthetic_id_faf
images/dissertation_v1/id/train/id_train_000277.png,0,train,synthetic_faf,id,id,UCL SynthEye synthetic FAF,train,b725eb51a3154d01f6dfe06a7bc9ca870d85a2e71643b7d20bc989ff2d8ff766,,,,,,synthetic_heidelberg,pending_manual_review,syntheye_class=unavailable; synthetic_id_faf
images/dissertation_v1/id/train/id_train_000278.png,0,train,synthetic_faf,id,id,UCL SynthEye synthetic FAF,train,96ea1c3fb8cb81f60b8093e0eba7b16417068220694fb06118006aa5a52dd6bb,,,,,,synthetic_heidelberg,pending_manual_review,syntheye_class=unavailable; synthetic_id_faf
images/dissertation_v1/id/train/id_train_000279.png,0,train,synthetic_faf,id,id,UCL SynthEye synthetic FAF,train,a4e91879688668602e292f0c9488ba0244d0f807a09fd42b0671afe27ba2ad50,,,,,,synthetic_heidelberg,pending_manual_review,syntheye_class=unavailable; synthetic_id_faf
images/dissertation_v1/id/train/id_train_000280.png,0,train,synthetic_faf,id,id,UCL SynthEye synthetic FAF,train,d3631e53d256763ef9743b8a64c10f64dafca8f2c5877b82918b16898d0c9530,,,,,,synthetic_heidelberg,pending_manual_review,syntheye_class=unavailable; synthetic_id_faf
images/dissertation_v1/id/train/id_train_000281.png,0,train,synthetic_faf,id,id,UCL SynthEye synthetic FAF,train,1af703bac25bd8d75abf7ed6d799386efede9c60c1a00358fa3b47fa1d054e98,,,,,,synthetic_heidelberg,pending_manual_review,syntheye_class=unavailable; synthetic_id_faf
images/dissertation_v1/id/train/id_train_000282.png,0,train,synthetic_faf,id,id,UCL SynthEye synthetic FAF,train,49a8efe3b13cb3b00ba398e420df3c79e2fcf13a8a48a454124be8aad68726e2,,,,,,synthetic_heidelberg,pending_manual_review,syntheye_class=unavailable; synthetic_id_faf
images/dissertation_v1/id/train/id_train_000283.png,0,train,synthetic_faf,id,id,UCL SynthEye synthetic FAF,train,53806e1d757c3943c64ac9215da3ead0bbc26479332788f5fa94e29aa1732d9f,,,,,,synthetic_heidelberg,pending_manual_review,syntheye_class=unavailable; synthetic_id_faf
images/dissertation_v1/id/train/id_train_000284.png,0,train,synthetic_faf,id,id,UCL SynthEye synthetic FAF,train,167aa22cf797f3223ae94138f8ee8c938ad1aadc51ce75ae65855d49f3108e82,,,,,,synthetic_heidelberg,pending_manual_review,syntheye_class=unavailable; synthetic_id_faf
images/dissertation_v1/id/train/id_train_000285.png,0,train,synthetic_faf,id,id,UCL SynthEye synthetic FAF,train,be99815893db5d13c0dd6c1e8c8e505620afd012f4d834732a8c98fac87a1b2b,,,,,,synthetic_heidelberg,pending_manual_review,syntheye_class=unavailable; synthetic_id_faf
images/dissertation_v1/id/train/id_train_000286.png,0,train,synthetic_faf,id,id,UCL SynthEye synthetic FAF,train,10174b8f0bf9d2e5857d4f17ca43294577250f5c7c62c8baddafad46b4089e91,,,,,,synthetic_heidelberg,pending_manual_review,syntheye_class=unavailable; synthetic_id_faf
images/dissertation_v1/id/train/id_train_000287.png,0,train,synthetic_faf,id,id,UCL SynthEye synthetic FAF,train,d9c653e8e802094c0aace7b626d0159e2d50df44b30661c49af987ad211dc42f,,,,,,synthetic_heidelberg,pending_manual_review,syntheye_class=unavailable; synthetic_id_faf
images/dissertation_v1/id/train/id_train_000288.png,0,train,synthetic_faf,id,id,UCL SynthEye synthetic FAF,train,af2a1c628784dc7ebccc467c4b49929576407600bb3369b3649c34c8c57648ce,,,,,,synthetic_heidelberg,pending_manual_review,syntheye_class=unavailable; synthetic_id_faf
images/dissertation_v1/id/train/id_train_000289.png,0,train,synthetic_faf,id,id,UCL SynthEye synthetic FAF,train,579f3ca52f3cdf32effb432cb872c83e8cfdbb7160d121bf9bd2a6913f9e41ae,,,,,,synthetic_heidelberg,pending_manual_review,syntheye_class=unavailable; synthetic_id_faf
images/dissertation_v1/id/train/id_train_000290.png,0,train,synthetic_faf,id,id,UCL SynthEye synthetic FAF,train,93e8f890eac30de3a0440321a98991f01c48f8cb500c0c14e96b9b28fbbb0c7b,,,,,,synthetic_heidelberg,pending_manual_review,syntheye_class=unavailable; synthetic_id_faf
images/dissertation_v1/id/train/id_train_000291.png,0,train,synthetic_faf,id,id,UCL SynthEye synthetic FAF,train,e89bad9b2eaaf6b576aebce5f19f78b6c70e798321aaf1002c9c140f4f5cfcc7,,,,,,synthetic_heidelberg,pending_manual_review,syntheye_class=unavailable; synthetic_id_faf
images/dissertation_v1/id/train/id_train_000292.png,0,train,synthetic_faf,id,id,UCL SynthEye synthetic FAF,train,a322104d38b93d4eb5e7e852dff98a7617564c1d8b86fcb923a4f07140cc9741,,,,,,synthetic_heidelberg,pending_manual_review,syntheye_class=unavailable; synthetic_id_faf
images/dissertation_v1/id/train/id_train_000293.png,0,train,synthetic_faf,id,id,UCL SynthEye synthetic FAF,train,08e888c5eb084f667b585b3bc183985062fa05c6897564e83b6ea44a1ec453df,,,,,,synthetic_heidelberg,pending_manual_review,syntheye_class=unavailable; synthetic_id_faf
images/dissertation_v1/id/train/id_train_000294.png,0,train,synthetic_faf,id,id,UCL SynthEye synthetic FAF,train,a8a48f7fd0b97de7aa3d21a182637ca9ddde3640ed73efa862d3067cb0f55a3d,,,,,,synthetic_heidelberg,pending_manual_review,syntheye_class=unavailable; synthetic_id_faf
images/dissertation_v1/id/train/id_train_000295.png,0,train,synthetic_faf,id,id,UCL SynthEye synthetic FAF,train,6881d38ed99762c61e87d7de1e9f9bade0e4099372372ed044362771a86e6ecd,,,,,,synthetic_heidelberg,pending_manual_review,syntheye_class=unavailable; synthetic_id_faf
images/dissertation_v1/id/train/id_train_000296.png,0,train,synthetic_faf,id,id,UCL SynthEye synthetic FAF,train,ff2ceabf7864b86f50c18c6eb17d6cd2df8ae4bbcde6541e28d794f9a32b9090,,,,,,synthetic_heidelberg,pending_manual_review,syntheye_class=unavailable; synthetic_id_faf
images/dissertation_v1/id/train/id_train_000297.png,0,train,synthetic_faf,id,id,UCL SynthEye synthetic FAF,train,543be24ecc8d6bb3438aeafbcfa2a9be1c96fccf2ae439e3003a29d2f099071b,,,,,,synthetic_heidelberg,pending_manual_review,syntheye_class=unavailable; synthetic_id_faf
images/dissertation_v1/id/train/id_train_000298.png,0,train,synthetic_faf,id,id,UCL SynthEye synthetic FAF,train,fb6ecf304eb2b923c696eb931dee55ab7e0ddc6aedf04b8b8d181103962e9efc,,,,,,synthetic_heidelberg,pending_manual_review,syntheye_class=unavailable; synthetic_id_faf
images/dissertation_v1/id/train/id_train_000299.png,0,train,synthetic_faf,id,id,UCL SynthEye synthetic FAF,train,24da265279542bcda05117913e6fc4fe5ab84d28ea98bc20f90f4e94d9c1a692,,,,,,synthetic_heidelberg,pending_manual_review,syntheye_class=unavailable; synthetic_id_faf
images/dissertation_v1/id/train/id_train_000300.png,0,train,synthetic_faf,id,id,UCL SynthEye synthetic FAF,train,98f106178a44636748c1fa26fb278c22ee458eb40f8238b32dd8813f9e407248,,,,,,synthetic_heidelberg,pending_manual_review,syntheye_class=unavailable; synthetic_id_faf
images/dissertation_v1/id/train/id_train_000301.png,0,train,synthetic_faf,id,id,UCL SynthEye synthetic FAF,train,eb2335a7bf8eb976d16c645a9694d4da7209121166c6aa5a5287a01805e2d7e2,,,,,,synthetic_heidelberg,pending_manual_review,syntheye_class=unavailable; synthetic_id_faf
images/dissertation_v1/id/train/id_train_000302.png,0,train,synthetic_faf,id,id,UCL SynthEye synthetic FAF,train,5db0b5ce5b2734e4c5a3006a124464722ed7eb58c5e86a5d18f1e802422fa7a5,,,,,,synthetic_heidelberg,pending_manual_review,syntheye_class=unavailable; synthetic_id_faf
images/dissertation_v1/id/train/id_train_000303.png,0,train,synthetic_faf,id,id,UCL SynthEye synthetic FAF,train,b6a16a7d0200e1a6f34cf3d34270301a9fd217e6bf95a323d3f74dcf5755f2d7,,,,,,synthetic_heidelberg,pending_manual_review,syntheye_class=unavailable; synthetic_id_faf
images/dissertation_v1/id/train/id_train_000304.png,0,train,synthetic_faf,id,id,UCL SynthEye synthetic FAF,train,eea5887ea6f6826b1465719cd1ea283151c5640b0e8317bb93d929f996aad909,,,,,,synthetic_heidelberg,pending_manual_review,syntheye_class=unavailable; synthetic_id_faf
images/dissertation_v1/id/train/id_train_000305.png,0,train,synthetic_faf,id,id,UCL SynthEye synthetic FAF,train,8f28435781752c4b5fcf66c9b12887d871e6afd75d34390e7eac3225c6ac8cf6,,,,,,synthetic_heidelberg,pending_manual_review,syntheye_class=unavailable; synthetic_id_faf
images/dissertation_v1/id/train/id_train_000306.png,0,train,synthetic_faf,id,id,UCL SynthEye synthetic FAF,train,b1e75bd1c7578a2493e26f0e7e5d2fb6fe67fa0b5c66b41b1eda05b7053b60d1,,,,,,synthetic_heidelberg,pending_manual_review,syntheye_class=unavailable; synthetic_id_faf
images/dissertation_v1/id/train/id_train_000307.png,0,train,synthetic_faf,id,id,UCL SynthEye synthetic FAF,train,ca0eace577705252bead411a9a85106a91bfc60d79e151d354ca49e65cecfd74,,,,,,synthetic_heidelberg,pending_manual_review,syntheye_class=unavailable; synthetic_id_faf
images/dissertation_v1/id/train/id_train_000308.png,0,train,synthetic_faf,id,id,UCL SynthEye synthetic FAF,train,69fae7fe6f7d72c33e3bb16553d26a853484969fea4f7411cbd83f03461d442a,,,,,,synthetic_heidelberg,pending_manual_review,syntheye_class=unavailable; synthetic_id_faf
images/dissertation_v1/id/train/id_train_000309.png,0,train,synthetic_faf,id,id,UCL SynthEye synthetic FAF,train,08b9295d31bd08961df2ee449970e0d2b9d3c7ac75c1bb8c7793d7ccfce812ef,,,,,,synthetic_heidelberg,pending_manual_review,syntheye_class=unavailable; synthetic_id_faf
images/dissertation_v1/id/train/id_train_000310.png,0,train,synthetic_faf,id,id,UCL SynthEye synthetic FAF,train,bd68af62fc718d896654a6dadb93dc05f2119ef61d5dbcf30bb63dd61fa95739,,,,,,synthetic_heidelberg,pending_manual_review,syntheye_class=unavailable; synthetic_id_faf
images/dissertation_v1/id/train/id_train_000311.png,0,train,synthetic_faf,id,id,UCL SynthEye synthetic FAF,train,d2d18bab400d4bab6bcd657c4267db25aa408f437e409fb64f95043fa8c7dac4,,,,,,synthetic_heidelberg,pending_manual_review,syntheye_class=unavailable; synthetic_id_faf
images/dissertation_v1/id/train/id_train_000312.png,0,train,synthetic_faf,id,id,UCL SynthEye synthetic FAF,train,ac9f1e6da17233da570dde04023970b60b58f12d0e5c9ca9a79fb82aed850a8c,,,,,,synthetic_heidelberg,pending_manual_review,syntheye_class=unavailable; synthetic_id_faf
images/dissertation_v1/id/train/id_train_000313.png,0,train,synthetic_faf,id,id,UCL SynthEye synthetic FAF,train,47a544ebb6359c95fafc1292f3e508c7018fd22619645a755d045f336d10f7c7,,,,,,synthetic_heidelberg,pending_manual_review,syntheye_class=unavailable; synthetic_id_faf
images/dissertation_v1/id/train/id_train_000314.png,0,train,synthetic_faf,id,id,UCL SynthEye synthetic FAF,train,7a8600a145b32639de6abf8526fd647b2c1e3c0b96613baeea3cecd5577dbd80,,,,,,synthetic_heidelberg,pending_manual_review,syntheye_class=unavailable; synthetic_id_faf
images/dissertation_v1/id/train/id_train_000315.png,0,train,synthetic_faf,id,id,UCL SynthEye synthetic FAF,train,4119334f25b1f828d1b51700ad645494c7713aec60ac3e257b3e91bf7eaa451d,,,,,,synthetic_heidelberg,pending_manual_review,syntheye_class=unavailable; synthetic_id_faf
images/dissertation_v1/id/train/id_train_000316.png,0,train,synthetic_faf,id,id,UCL SynthEye synthetic FAF,train,fb4029d46c411e31c6e60b15f5ec19b5dd5fe95c3e98e849fcc740c1d718cf36,,,,,,synthetic_heidelberg,pending_manual_review,syntheye_class=unavailable; synthetic_id_faf
images/dissertation_v1/id/train/id_train_000317.png,0,train,synthetic_faf,id,id,UCL SynthEye synthetic FAF,train,3f96e4fb6707d2fc4f3b0f7cf6f9fedafdc3639043046d475a95d5f3b89bba6c,,,,,,synthetic_heidelberg,pending_manual_review,syntheye_class=unavailable; synthetic_id_faf
images/dissertation_v1/id/train/id_train_000318.png,0,train,synthetic_faf,id,id,UCL SynthEye synthetic FAF,train,2c8cbcdd160797d58bc92861a4143e20831118e4ba88cb668666402cd6ce40d9,,,,,,synthetic_heidelberg,pending_manual_review,syntheye_class=unavailable; synthetic_id_faf
images/dissertation_v1/id/train/id_train_000319.png,0,train,synthetic_faf,id,id,UCL SynthEye synthetic FAF,train,97877b47a32e45705f3df22d2b0f9b05fc54803ee5422c041dcf556329193a7d,,,,,,synthetic_heidelberg,pending_manual_review,syntheye_class=unavailable; synthetic_id_faf
images/dissertation_v1/id/train/id_train_000320.png,0,train,synthetic_faf,id,id,UCL SynthEye synthetic FAF,train,f4526417b9cb6e37ea0fbcbbd6c37bdcd5d50dda69f983b2052e030b204235ff,,,,,,synthetic_heidelberg,pending_manual_review,syntheye_class=unavailable; synthetic_id_faf
images/dissertation_v1/id/train/id_train_000321.png,0,train,synthetic_faf,id,id,UCL SynthEye synthetic FAF,train,b05e91c8ca832342fa54b7d59a980da6bd6aea0e935e744a9f17032d1dea969d,,,,,,synthetic_heidelberg,pending_manual_review,syntheye_class=unavailable; synthetic_id_faf
images/dissertation_v1/id/train/id_train_000322.png,0,train,synthetic_faf,id,id,UCL SynthEye synthetic FAF,train,79dee15f53ff0b3e2a4fc52b0407f17c2635bc8364bc4b88e5f25a899e0591a8,,,,,,synthetic_heidelberg,pending_manual_review,syntheye_class=unavailable; synthetic_id_faf
images/dissertation_v1/id/train/id_train_000323.png,0,train,synthetic_faf,id,id,UCL SynthEye synthetic FAF,train,e747572f9fad811bd18a48c712403ae24755ddd04c0f6f935bb03f5f121afb2c,,,,,,synthetic_heidelberg,pending_manual_review,syntheye_class=unavailable; synthetic_id_faf
images/dissertation_v1/id/train/id_train_000324.png,0,train,synthetic_faf,id,id,UCL SynthEye synthetic FAF,train,0c20df51e2b19044cf9b54ec138ebc5fdf84baece064c58ceb886b045cdfde36,,,,,,synthetic_heidelberg,pending_manual_review,syntheye_class=unavailable; synthetic_id_faf
images/dissertation_v1/id/train/id_train_000325.png,0,train,synthetic_faf,id,id,UCL SynthEye synthetic FAF,train,c60fc579a383bc2d7bc003d60e52cf48ce64898269efe554dab596f7203c7bb5,,,,,,synthetic_heidelberg,pending_manual_review,syntheye_class=unavailable; synthetic_id_faf
images/dissertation_v1/id/train/id_train_000326.png,0,train,synthetic_faf,id,id,UCL SynthEye synthetic FAF,train,cab94cefa6dd060faf536fd7a4bbc08dd6fbe189f48d3175313a5ae7f73583d6,,,,,,synthetic_heidelberg,pending_manual_review,syntheye_class=unavailable; synthetic_id_faf
images/dissertation_v1/id/train/id_train_000327.png,0,train,synthetic_faf,id,id,UCL SynthEye synthetic FAF,train,bbd85e438bd1b942be6711a08ba4725fa52c4fa1450e76ef5a0347ec6bbfaaa2,,,,,,synthetic_heidelberg,pending_manual_review,syntheye_class=unavailable; synthetic_id_faf
images/dissertation_v1/id/train/id_train_000328.png,0,train,synthetic_faf,id,id,UCL SynthEye synthetic FAF,train,820a37a348db2330a5e0719eb7578be35c32227a2a222e809f0b8ef42400d940,,,,,,synthetic_heidelberg,pending_manual_review,syntheye_class=unavailable; synthetic_id_faf
images/dissertation_v1/id/train/id_train_000329.png,0,train,synthetic_faf,id,id,UCL SynthEye synthetic FAF,train,6f9088ac5e761dc6e3ddd5e0fcaea703b0fa0a3a2777207a6ee8ae25c763042e,,,,,,synthetic_heidelberg,pending_manual_review,syntheye_class=unavailable; synthetic_id_faf
images/dissertation_v1/id/train/id_train_000330.png,0,train,synthetic_faf,id,id,UCL SynthEye synthetic FAF,train,6b785c1a83fc70f5984e36fdbee1dc3b0a4059dc42823477ce14764c1ad35e14,,,,,,synthetic_heidelberg,pending_manual_review,syntheye_class=unavailable; synthetic_id_faf
images/dissertation_v1/id/train/id_train_000331.png,0,train,synthetic_faf,id,id,UCL SynthEye synthetic FAF,train,820151ca6d6c7d15c891ba61163bf5d779d6a9acbf3d2b1cde9114fcb56c030a,,,,,,synthetic_heidelberg,pending_manual_review,syntheye_class=unavailable; synthetic_id_faf
images/dissertation_v1/id/train/id_train_000332.png,0,train,synthetic_faf,id,id,UCL SynthEye synthetic FAF,train,4c70b0c42efee1582ebdda890cc1e6d5c82e4512c049a98b5e0f6ffe046d0866,,,,,,synthetic_heidelberg,pending_manual_review,syntheye_class=unavailable; synthetic_id_faf
images/dissertation_v1/id/train/id_train_000333.png,0,train,synthetic_faf,id,id,UCL SynthEye synthetic FAF,train,7fa7863f57aed2cc41154434eeb6fc64374d70b7778abbb884e05d4fdadda391,,,,,,synthetic_heidelberg,pending_manual_review,syntheye_class=unavailable; synthetic_id_faf
images/dissertation_v1/id/train/id_train_000334.png,0,train,synthetic_faf,id,id,UCL SynthEye synthetic FAF,train,6b464f4ebb73cb488f98e987c22b9cc197f15bef073e8eb329d82e72961dbf90,,,,,,synthetic_heidelberg,pending_manual_review,syntheye_class=unavailable; synthetic_id_faf
images/dissertation_v1/id/train/id_train_000335.png,0,train,synthetic_faf,id,id,UCL SynthEye synthetic FAF,train,8cede3419a74eebbb3f081aae749b96aca5cd31ec01d44b72737d8d3923ebf7b,,,,,,synthetic_heidelberg,pending_manual_review,syntheye_class=unavailable; synthetic_id_faf
images/dissertation_v1/id/train/id_train_000336.png,0,train,synthetic_faf,id,id,UCL SynthEye synthetic FAF,train,0d773021eeab8f253c5415188c92944f4ae37d35f3a67b03835fd037fb24b53c,,,,,,synthetic_heidelberg,pending_manual_review,syntheye_class=unavailable; synthetic_id_faf
images/dissertation_v1/id/train/id_train_000337.png,0,train,synthetic_faf,id,id,UCL SynthEye synthetic FAF,train,25d02cd1719858e663d7dc69ee8d55c26f9b27559b7690321d61b80a672a9afc,,,,,,synthetic_heidelberg,pending_manual_review,syntheye_class=unavailable; synthetic_id_faf
images/dissertation_v1/id/train/id_train_000338.png,0,train,synthetic_faf,id,id,UCL SynthEye synthetic FAF,train,a38414b1c15e78c5f1acc5eff8be72d92b5b11c22dc93f71026c71f3c7f3ae47,,,,,,synthetic_heidelberg,pending_manual_review,syntheye_class=unavailable; synthetic_id_faf
images/dissertation_v1/id/train/id_train_000339.png,0,train,synthetic_faf,id,id,UCL SynthEye synthetic FAF,train,07d09e95c5aa51adfc0f1b1c339fc5694d5bb13d9fbd2204f567abffb0d580bd,,,,,,synthetic_heidelberg,pending_manual_review,syntheye_class=unavailable; synthetic_id_faf
images/dissertation_v1/id/train/id_train_000340.png,0,train,synthetic_faf,id,id,UCL SynthEye synthetic FAF,train,65d137bb54ab851fa662ffaaacb5faf1c6bed372308f512b1a0210c446990ee1,,,,,,synthetic_heidelberg,pending_manual_review,syntheye_class=unavailable; synthetic_id_faf
images/dissertation_v1/id/train/id_train_000341.png,0,train,synthetic_faf,id,id,UCL SynthEye synthetic FAF,train,eaccbce681d944edd7fa74c1a340c48edd5c788f8c7d59bdf756e5fd185e822e,,,,,,synthetic_heidelberg,pending_manual_review,syntheye_class=unavailable; synthetic_id_faf
images/dissertation_v1/id/train/id_train_000342.png,0,train,synthetic_faf,id,id,UCL SynthEye synthetic FAF,train,ea58879ca27c352ca4b6fcb265f6d2d47efcd4c8363124da1769b32b3fa98f54,,,,,,synthetic_heidelberg,pending_manual_review,syntheye_class=unavailable; synthetic_id_faf
images/dissertation_v1/id/train/id_train_000343.png,0,train,synthetic_faf,id,id,UCL SynthEye synthetic FAF,train,16304f64bc3ced8c65d46027530c5369d41a33fd26b60237474c2b11fd0c2855,,,,,,synthetic_heidelberg,pending_manual_review,syntheye_class=unavailable; synthetic_id_faf
images/dissertation_v1/id/train/id_train_000344.png,0,train,synthetic_faf,id,id,UCL SynthEye synthetic FAF,train,9d41e76305293c6c5e46684bdc19e1f59b1b62f0cfda3840ffc092e884513ca1,,,,,,synthetic_heidelberg,pending_manual_review,syntheye_class=unavailable; synthetic_id_faf
images/dissertation_v1/id/train/id_train_000345.png,0,train,synthetic_faf,id,id,UCL SynthEye synthetic FAF,train,b4c60a56d1918cbba1f176ce6704c76f93960fcc524d535cea5c84068fe5984d,,,,,,synthetic_heidelberg,pending_manual_review,syntheye_class=unavailable; synthetic_id_faf
images/dissertation_v1/id/train/id_train_000346.png,0,train,synthetic_faf,id,id,UCL SynthEye synthetic FAF,train,49651fb2a5493e711c13fddd22a3b4c6898c91cb622bec93dcd0c376e73ee3fb,,,,,,synthetic_heidelberg,pending_manual_review,syntheye_class=unavailable; synthetic_id_faf
images/dissertation_v1/id/train/id_train_000347.png,0,train,synthetic_faf,id,id,UCL SynthEye synthetic FAF,train,f5e6f3e1298c7191e2930f8488c1c298867858629c18e03d999eef8e5f3327b8,,,,,,synthetic_heidelberg,pending_manual_review,syntheye_class=unavailable; synthetic_id_faf
images/dissertation_v1/id/train/id_train_000348.png,0,train,synthetic_faf,id,id,UCL SynthEye synthetic FAF,train,0391688ee2518498194edbd9a3f1232c5999b87bcda1fcb48e0acfc59b8edf07,,,,,,synthetic_heidelberg,pending_manual_review,syntheye_class=unavailable; synthetic_id_faf
images/dissertation_v1/id/train/id_train_000349.png,0,train,synthetic_faf,id,id,UCL SynthEye synthetic FAF,train,6999052ce2030c1d4dd6fa1f43bdda348a52f3f342cde6b04d1d5e234bc013e4,,,,,,synthetic_heidelberg,pending_manual_review,syntheye_class=unavailable; synthetic_id_faf
images/dissertation_v1/id/train/id_train_000350.png,0,train,synthetic_faf,id,id,UCL SynthEye synthetic FAF,train,88317169bf3c8f4b473c0713450410598e57125f8b0da174f10892d91cd47bbe,,,,,,synthetic_heidelberg,pending_manual_review,syntheye_class=unavailable; synthetic_id_faf
images/dissertation_v1/id/train/id_train_000351.png,0,train,synthetic_faf,id,id,UCL SynthEye synthetic FAF,train,60d49fc112b733a47e022e19730f6b686b11e76645e0ef6d45a99eadbc78c46e,,,,,,synthetic_heidelberg,pending_manual_review,syntheye_class=unavailable; synthetic_id_faf
images/dissertation_v1/id/train/id_train_000352.png,0,train,synthetic_faf,id,id,UCL SynthEye synthetic FAF,train,58a440a74ad596314e41efb6bccefaac4d83012fca246cc677bf8f1b84824bd4,,,,,,synthetic_heidelberg,pending_manual_review,syntheye_class=unavailable; synthetic_id_faf
images/dissertation_v1/id/train/id_train_000353.png,0,train,synthetic_faf,id,id,UCL SynthEye synthetic FAF,train,0d96fe2f0804f97cbc75b874f3cb73a8609e85b5a762c7e315e6a0cc519a21df,,,,,,synthetic_heidelberg,pending_manual_review,syntheye_class=unavailable; synthetic_id_faf
images/dissertation_v1/id/train/id_train_000354.png,0,train,synthetic_faf,id,id,UCL SynthEye synthetic FAF,train,76e65a7b7eac9e23073b8ebad3c0de903f6322ad8eabf2d03dc9a888ae7488d4,,,,,,synthetic_heidelberg,pending_manual_review,syntheye_class=unavailable; synthetic_id_faf
images/dissertation_v1/id/train/id_train_000355.png,0,train,synthetic_faf,id,id,UCL SynthEye synthetic FAF,train,a20b9810014000beaa7b8469cb45ccda05d9bb0ea657553eba30f7466588db29,,,,,,synthetic_heidelberg,pending_manual_review,syntheye_class=unavailable; synthetic_id_faf
images/dissertation_v1/id/train/id_train_000356.png,0,train,synthetic_faf,id,id,UCL SynthEye synthetic FAF,train,0df0ad98e8191ff2ac6a103735a634be16e1f32f34c5ade2f9402eab7c2931d7,,,,,,synthetic_heidelberg,pending_manual_review,syntheye_class=unavailable; synthetic_id_faf
images/dissertation_v1/id/train/id_train_000357.png,0,train,synthetic_faf,id,id,UCL SynthEye synthetic FAF,train,4ba0f175a9a9ee58681be7c8c2d5511e41d58bcdbe3c0a310140cf8b8073cf68,,,,,,synthetic_heidelberg,pending_manual_review,syntheye_class=unavailable; synthetic_id_faf
images/dissertation_v1/id/train/id_train_000358.png,0,train,synthetic_faf,id,id,UCL SynthEye synthetic FAF,train,30c6a583f43861136a49552f240c0e521b34b928fad0e71c61013a3392735827,,,,,,synthetic_heidelberg,pending_manual_review,syntheye_class=unavailable; synthetic_id_faf
images/dissertation_v1/id/train/id_train_000359.png,0,train,synthetic_faf,id,id,UCL SynthEye synthetic FAF,train,b030982a9175937382b0c9173f2e63a68055a5dd210dab900aec9e289ee75fb3,,,,,,synthetic_heidelberg,pending_manual_review,syntheye_class=unavailable; synthetic_id_faf
images/dissertation_v1/id/train/id_train_000360.png,0,train,synthetic_faf,id,id,UCL SynthEye synthetic FAF,train,522fee11c552c299a0c7543a6b952ab9b16729875f796203c3d5fe0adcb40877,,,,,,synthetic_heidelberg,pending_manual_review,syntheye_class=unavailable; synthetic_id_faf
images/dissertation_v1/id/train/id_train_000361.png,0,train,synthetic_faf,id,id,UCL SynthEye synthetic FAF,train,52d369d711d312f5db3ba2110883fec986395ba10bb0ecdd0512ba059b1a1db4,,,,,,synthetic_heidelberg,pending_manual_review,syntheye_class=unavailable; synthetic_id_faf
images/dissertation_v1/id/train/id_train_000362.png,0,train,synthetic_faf,id,id,UCL SynthEye synthetic FAF,train,9170073d3e8a2af1296edd9fb6275f0ba66a98451fdf064a21d4e3a9dff299c6,,,,,,synthetic_heidelberg,pending_manual_review,syntheye_class=unavailable; synthetic_id_faf
images/dissertation_v1/id/train/id_train_000363.png,0,train,synthetic_faf,id,id,UCL SynthEye synthetic FAF,train,0398e118b757f1f0d4476d0a03f867768f05f38cc45dbdc91bdb3901aea04d67,,,,,,synthetic_heidelberg,pending_manual_review,syntheye_class=unavailable; synthetic_id_faf
images/dissertation_v1/id/train/id_train_000364.png,0,train,synthetic_faf,id,id,UCL SynthEye synthetic FAF,train,ba12b54b39fdcc05966e5905506d5f249f7acb21385a84b44b56ee297073c4f3,,,,,,synthetic_heidelberg,pending_manual_review,syntheye_class=unavailable; synthetic_id_faf
images/dissertation_v1/id/train/id_train_000365.png,0,train,synthetic_faf,id,id,UCL SynthEye synthetic FAF,train,3736885d07454aaaff54987348d62c03d3d251d37f2e3e0b88aeee267c5192d8,,,,,,synthetic_heidelberg,pending_manual_review,syntheye_class=unavailable; synthetic_id_faf
images/dissertation_v1/id/train/id_train_000366.png,0,train,synthetic_faf,id,id,UCL SynthEye synthetic FAF,train,22e809229cdb65f075231909b03e157a3b3a0f1c2627ae39b67bd4c6664134ba,,,,,,synthetic_heidelberg,pending_manual_review,syntheye_class=unavailable; synthetic_id_faf
images/dissertation_v1/id/train/id_train_000367.png,0,train,synthetic_faf,id,id,UCL SynthEye synthetic FAF,train,ce9f96930663057b0cd4ba3124460ce499c3e0c8fefdc4ab75a9f54a030b0d96,,,,,,synthetic_heidelberg,pending_manual_review,syntheye_class=unavailable; synthetic_id_faf
images/dissertation_v1/id/train/id_train_000368.png,0,train,synthetic_faf,id,id,UCL SynthEye synthetic FAF,train,404ed7f8c83d793743f99d0be153f287a197384dde9ddab5db362a0a37895956,,,,,,synthetic_heidelberg,pending_manual_review,syntheye_class=unavailable; synthetic_id_faf
images/dissertation_v1/id/train/id_train_000369.png,0,train,synthetic_faf,id,id,UCL SynthEye synthetic FAF,train,49e46cdf2b6314a7266b304f49788c5b144131f9fe6edadef0cbeb7ec85406ef,,,,,,synthetic_heidelberg,pending_manual_review,syntheye_class=unavailable; synthetic_id_faf
images/dissertation_v1/id/train/id_train_000370.png,0,train,synthetic_faf,id,id,UCL SynthEye synthetic FAF,train,5a197af8e46e84c52d4ec5054ea0fab7f55d09346a748b992184430ce3ad07d0,,,,,,synthetic_heidelberg,pending_manual_review,syntheye_class=unavailable; synthetic_id_faf
images/dissertation_v1/id/train/id_train_000371.png,0,train,synthetic_faf,id,id,UCL SynthEye synthetic FAF,train,baca93b6a460f5122d1af921441ade446acf7b180a748b79894f69a4e7eacb1f,,,,,,synthetic_heidelberg,pending_manual_review,syntheye_class=unavailable; synthetic_id_faf
images/dissertation_v1/id/train/id_train_000372.png,0,train,synthetic_faf,id,id,UCL SynthEye synthetic FAF,train,6fde86d18ba426eb1d8dca4fd2133935199b7083716d7e87745cd459ac25011f,,,,,,synthetic_heidelberg,pending_manual_review,syntheye_class=unavailable; synthetic_id_faf
images/dissertation_v1/id/train/id_train_000373.png,0,train,synthetic_faf,id,id,UCL SynthEye synthetic FAF,train,2742dc8ee0c19eb31e9c1bf430bdb3869edbe87a16755f8d9bd29ca9189d8f63,,,,,,synthetic_heidelberg,pending_manual_review,syntheye_class=unavailable; synthetic_id_faf
images/dissertation_v1/id/train/id_train_000374.png,0,train,synthetic_faf,id,id,UCL SynthEye synthetic FAF,train,7a0efdfcae3e5e81ef1f10f30075efd6b5de66a9621d44eb9179abd5a2d0e85e,,,,,,synthetic_heidelberg,pending_manual_review,syntheye_class=unavailable; synthetic_id_faf
images/dissertation_v1/id/train/id_train_000375.png,0,train,synthetic_faf,id,id,UCL SynthEye synthetic FAF,train,3331ececc20072c82b0bb978e6f653edf28b7b8508b1bb5c1c3708c3266fb53d,,,,,,synthetic_heidelberg,pending_manual_review,syntheye_class=unavailable; synthetic_id_faf
images/dissertation_v1/id/train/id_train_000376.png,0,train,synthetic_faf,id,id,UCL SynthEye synthetic FAF,train,c212331b279cef76ff9ee452935f7ccbfd5c25be6b408d1b99d0671e6af9488f,,,,,,synthetic_heidelberg,pending_manual_review,syntheye_class=unavailable; synthetic_id_faf
images/dissertation_v1/id/train/id_train_000377.png,0,train,synthetic_faf,id,id,UCL SynthEye synthetic FAF,train,9d22fbf382aab7f8f14805d413b2ef206340c11070a09a89a9857865c4a91b14,,,,,,synthetic_heidelberg,pending_manual_review,syntheye_class=unavailable; synthetic_id_faf
images/dissertation_v1/id/train/id_train_000378.png,0,train,synthetic_faf,id,id,UCL SynthEye synthetic FAF,train,8b00afc1ea310554e4de5bb50581ace4128e6238ac9cbce620341b07f996763e,,,,,,synthetic_heidelberg,pending_manual_review,syntheye_class=unavailable; synthetic_id_faf
images/dissertation_v1/id/train/id_train_000379.png,0,train,synthetic_faf,id,id,UCL SynthEye synthetic FAF,train,7f4087a7f89ce409f9a7d79f61528817f67ef38b9f2e0316e01684b491111d9c,,,,,,synthetic_heidelberg,pending_manual_review,syntheye_class=unavailable; synthetic_id_faf
images/dissertation_v1/id/train/id_train_000380.png,0,train,synthetic_faf,id,id,UCL SynthEye synthetic FAF,train,d47f158a60de6614c2c80c5ee63b39d7238d9c9c1195a56a19f8735849c6e736,,,,,,synthetic_heidelberg,pending_manual_review,syntheye_class=unavailable; synthetic_id_faf
images/dissertation_v1/id/train/id_train_000381.png,0,train,synthetic_faf,id,id,UCL SynthEye synthetic FAF,train,598a1a0a4f5ca5b8296db98d3dcd4d3687a401a6ca5d93d1d7b9e2594c6eaa6e,,,,,,synthetic_heidelberg,pending_manual_review,syntheye_class=unavailable; synthetic_id_faf
images/dissertation_v1/id/train/id_train_000382.png,0,train,synthetic_faf,id,id,UCL SynthEye synthetic FAF,train,9cfeded8215f52dd97022b585793c358d2423ee2cebb423a8c5f80d95046edab,,,,,,synthetic_heidelberg,pending_manual_review,syntheye_class=unavailable; synthetic_id_faf
images/dissertation_v1/id/train/id_train_000383.png,0,train,synthetic_faf,id,id,UCL SynthEye synthetic FAF,train,166b2c101c22f3b196710a1ba62ed15bb4789c25be1f3533fc12085e8ba293bc,,,,,,synthetic_heidelberg,pending_manual_review,syntheye_class=unavailable; synthetic_id_faf
images/dissertation_v1/id/train/id_train_000384.png,0,train,synthetic_faf,id,id,UCL SynthEye synthetic FAF,train,84250ffdee3a7c574183bc09f8ffd39baec84b6da314f855d4769811eb00840d,,,,,,synthetic_heidelberg,pending_manual_review,syntheye_class=unavailable; synthetic_id_faf
images/dissertation_v1/id/train/id_train_000385.png,0,train,synthetic_faf,id,id,UCL SynthEye synthetic FAF,train,f24809e96e0cf73e1c0ff63d6f601ec299eacf7b564426d9a044f69a5b2261c8,,,,,,synthetic_heidelberg,pending_manual_review,syntheye_class=unavailable; synthetic_id_faf
images/dissertation_v1/id/train/id_train_000386.png,0,train,synthetic_faf,id,id,UCL SynthEye synthetic FAF,train,bdb57ee62ff5504aaef60bf641442c6adcca28151648e54ba6c066dac30816bf,,,,,,synthetic_heidelberg,pending_manual_review,syntheye_class=unavailable; synthetic_id_faf
images/dissertation_v1/id/train/id_train_000387.png,0,train,synthetic_faf,id,id,UCL SynthEye synthetic FAF,train,63a0c2e9ec924ae9edaca9bd96fce05a87d647fb4a7726dbd0bfeb757ca3c294,,,,,,synthetic_heidelberg,pending_manual_review,syntheye_class=unavailable; synthetic_id_faf
images/dissertation_v1/id/train/id_train_000388.png,0,train,synthetic_faf,id,id,UCL SynthEye synthetic FAF,train,c4eb8dcef34e04c00c94e00c4567002f6cf39160db52d91315db8d815748e2dd,,,,,,synthetic_heidelberg,pending_manual_review,syntheye_class=unavailable; synthetic_id_faf
images/dissertation_v1/id/train/id_train_000389.png,0,train,synthetic_faf,id,id,UCL SynthEye synthetic FAF,train,2bbce1216abf51676586e4cb4fba198fd83945129c6aac574467d3edb12ef7e1,,,,,,synthetic_heidelberg,pending_manual_review,syntheye_class=unavailable; synthetic_id_faf
images/dissertation_v1/id/train/id_train_000390.png,0,train,synthetic_faf,id,id,UCL SynthEye synthetic FAF,train,3c682526777024595290168985bf0d749e14ec2678bfcddedd6dcbd258064529,,,,,,synthetic_heidelberg,pending_manual_review,syntheye_class=unavailable; synthetic_id_faf
images/dissertation_v1/id/train/id_train_000391.png,0,train,synthetic_faf,id,id,UCL SynthEye synthetic FAF,train,3ec350bae469635332998f5f0ceae9ad410247bdc22d06fc78805f55a159739a,,,,,,synthetic_heidelberg,pending_manual_review,syntheye_class=unavailable; synthetic_id_faf
images/dissertation_v1/id/train/id_train_000392.png,0,train,synthetic_faf,id,id,UCL SynthEye synthetic FAF,train,77b031d5a2e6d8755ba60e610a15069bc8b0f90ecba72d5ad338da7e8c84ef91,,,,,,synthetic_heidelberg,pending_manual_review,syntheye_class=unavailable; synthetic_id_faf
images/dissertation_v1/id/train/id_train_000393.png,0,train,synthetic_faf,id,id,UCL SynthEye synthetic FAF,train,24ed73551ddc38ea5e833b1a4085907ef265e26819f746b72d27c6dd048ded11,,,,,,synthetic_heidelberg,pending_manual_review,syntheye_class=unavailable; synthetic_id_faf
images/dissertation_v1/id/train/id_train_000394.png,0,train,synthetic_faf,id,id,UCL SynthEye synthetic FAF,train,b990fcfce366c9721b4e1100923ea98b51c5170cdb6a7813a1d33ea477235c26,,,,,,synthetic_heidelberg,pending_manual_review,syntheye_class=unavailable; synthetic_id_faf
images/dissertation_v1/id/train/id_train_000395.png,0,train,synthetic_faf,id,id,UCL SynthEye synthetic FAF,train,b3624945ebc4417ec9849cee91ae91003f04e40f7382cbfcb8def5bf09251f08,,,,,,synthetic_heidelberg,pending_manual_review,syntheye_class=unavailable; synthetic_id_faf
images/dissertation_v1/id/train/id_train_000396.png,0,train,synthetic_faf,id,id,UCL SynthEye synthetic FAF,train,a5f89756fdb18cba799849b1ae230f56ec4895e55720ab9a59c27fc4c87fb946,,,,,,synthetic_heidelberg,pending_manual_review,syntheye_class=unavailable; synthetic_id_faf
images/dissertation_v1/id/train/id_train_000397.png,0,train,synthetic_faf,id,id,UCL SynthEye synthetic FAF,train,eb39c41ba7679969090af32bec0d581b84d0125345a9fa46e11e86d75473113c,,,,,,synthetic_heidelberg,pending_manual_review,syntheye_class=unavailable; synthetic_id_faf
images/dissertation_v1/id/train/id_train_000398.png,0,train,synthetic_faf,id,id,UCL SynthEye synthetic FAF,train,4359bd0ce53d4e0a674717d85d451b72370d010774120b859ee95e67bc9ecb6c,,,,,,synthetic_heidelberg,pending_manual_review,syntheye_class=unavailable; synthetic_id_faf
images/dissertation_v1/id/train/id_train_000399.png,0,train,synthetic_faf,id,id,UCL SynthEye synthetic FAF,train,9aad6c2cc6d171ae7aa40cb69b09963d92eada2277d7bc84d36f84559944a74d,,,,,,synthetic_heidelberg,pending_manual_review,syntheye_class=unavailable; synthetic_id_faf
images/dissertation_v1/id/train/id_train_000400.png,0,train,synthetic_faf,id,id,UCL SynthEye synthetic FAF,train,4a9ebc32bcb8426d31ebe064052d4f4f1b3c4d8ed2a458319057d11818ad6669,,,,,,synthetic_heidelberg,pending_manual_review,syntheye_class=unavailable; synthetic_id_faf
images/dissertation_v1/id/train/id_train_000401.png,0,train,synthetic_faf,id,id,UCL SynthEye synthetic FAF,train,e09500b825ffd3acfd960f61fa0fbcbe4f817fde55655f634b607692b00e2623,,,,,,synthetic_heidelberg,pending_manual_review,syntheye_class=unavailable; synthetic_id_faf
images/dissertation_v1/id/train/id_train_000402.png,0,train,synthetic_faf,id,id,UCL SynthEye synthetic FAF,train,877bc361ae52104e136bff37bff06ba37830a7a2537d6ae5a07287bfd54af388,,,,,,synthetic_heidelberg,pending_manual_review,syntheye_class=unavailable; synthetic_id_faf
images/dissertation_v1/id/train/id_train_000403.png,0,train,synthetic_faf,id,id,UCL SynthEye synthetic FAF,train,7754c85e77350c84bcc068fd48547bbe860c0a892717e6186eeac1be7efc5534,,,,,,synthetic_heidelberg,pending_manual_review,syntheye_class=unavailable; synthetic_id_faf
images/dissertation_v1/id/train/id_train_000404.png,0,train,synthetic_faf,id,id,UCL SynthEye synthetic FAF,train,308362e920b8bca0b719fc5d86013d70230b1933a65c36199ae9355e3d615b80,,,,,,synthetic_heidelberg,pending_manual_review,syntheye_class=unavailable; synthetic_id_faf
images/dissertation_v1/id/train/id_train_000405.png,0,train,synthetic_faf,id,id,UCL SynthEye synthetic FAF,train,c9c17b0d2690b84b16d970abaa4b5540ceb4106a9c2854b1be8d28d1d69e2fce,,,,,,synthetic_heidelberg,pending_manual_review,syntheye_class=unavailable; synthetic_id_faf
images/dissertation_v1/id/train/id_train_000406.png,0,train,synthetic_faf,id,id,UCL SynthEye synthetic FAF,train,8881eb967e77f1f533e820dc053bd93cf476b5c4176effb5034b6afbda910be0,,,,,,synthetic_heidelberg,pending_manual_review,syntheye_class=unavailable; synthetic_id_faf
images/dissertation_v1/id/train/id_train_000407.png,0,train,synthetic_faf,id,id,UCL SynthEye synthetic FAF,train,813f24ab6311afc6ec9f552ccbc8602fb297a85197ba07288e06a737174c0664,,,,,,synthetic_heidelberg,pending_manual_review,syntheye_class=unavailable; synthetic_id_faf
images/dissertation_v1/id/train/id_train_000408.png,0,train,synthetic_faf,id,id,UCL SynthEye synthetic FAF,train,04ee5720fedcd9bd62b1fe96341b79abedd8e7d0c8aacaa330989e26b7efe00e,,,,,,synthetic_heidelberg,pending_manual_review,syntheye_class=unavailable; synthetic_id_faf
images/dissertation_v1/id/train/id_train_000409.png,0,train,synthetic_faf,id,id,UCL SynthEye synthetic FAF,train,c78a6aa3cd689fafa4d84326c97149048bf6959ee170c337b9ed8fbd22cd0779,,,,,,synthetic_heidelberg,pending_manual_review,syntheye_class=unavailable; synthetic_id_faf
images/dissertation_v1/id/train/id_train_000410.png,0,train,synthetic_faf,id,id,UCL SynthEye synthetic FAF,train,76e5cdc48a591f05daafc3be15c92a12b7048cf1099150e543ee9c69be6fe5d2,,,,,,synthetic_heidelberg,pending_manual_review,syntheye_class=unavailable; synthetic_id_faf
images/dissertation_v1/id/train/id_train_000411.png,0,train,synthetic_faf,id,id,UCL SynthEye synthetic FAF,train,33c81adf77ff1ec3338ea964a4e8702a4d075d71fe7ed41521df3e96bb366d8a,,,,,,synthetic_heidelberg,pending_manual_review,syntheye_class=unavailable; synthetic_id_faf
images/dissertation_v1/id/train/id_train_000412.png,0,train,synthetic_faf,id,id,UCL SynthEye synthetic FAF,train,711f698ffc5fd53d557b6727b3717cf728bbb1f2399d12567014578b499cc4f5,,,,,,synthetic_heidelberg,pending_manual_review,syntheye_class=unavailable; synthetic_id_faf
images/dissertation_v1/id/train/id_train_000413.png,0,train,synthetic_faf,id,id,UCL SynthEye synthetic FAF,train,3d903bb4858ba79258386767e52db5f969e72aaad2e6cbca23c7e488583bee27,,,,,,synthetic_heidelberg,pending_manual_review,syntheye_class=unavailable; synthetic_id_faf
images/dissertation_v1/id/train/id_train_000414.png,0,train,synthetic_faf,id,id,UCL SynthEye synthetic FAF,train,ad0c36c25bdc55df3db3260153a1dc10c0b688595beca8710dc4ab5de7af6225,,,,,,synthetic_heidelberg,pending_manual_review,syntheye_class=unavailable; synthetic_id_faf
images/dissertation_v1/id/train/id_train_000415.png,0,train,synthetic_faf,id,id,UCL SynthEye synthetic FAF,train,4041d5af6e9c808f0dbe44136944273251ae1358d98888df6483eed3ae5fa2ef,,,,,,synthetic_heidelberg,pending_manual_review,syntheye_class=unavailable; synthetic_id_faf
images/dissertation_v1/id/train/id_train_000416.png,0,train,synthetic_faf,id,id,UCL SynthEye synthetic FAF,train,968b8d77b94a1a617fb58677bddc8157d475f06ab9a62407a83e2c526ad8e09a,,,,,,synthetic_heidelberg,pending_manual_review,syntheye_class=unavailable; synthetic_id_faf
images/dissertation_v1/id/train/id_train_000417.png,0,train,synthetic_faf,id,id,UCL SynthEye synthetic FAF,train,47728306dd5821d907eee291cba5fb644208ac70f395be7852c3abad8437744b,,,,,,synthetic_heidelberg,pending_manual_review,syntheye_class=unavailable; synthetic_id_faf
images/dissertation_v1/id/train/id_train_000418.png,0,train,synthetic_faf,id,id,UCL SynthEye synthetic FAF,train,8d87ed8c2948ebd86545061d213940a79836939ae0a50eaca81c1e37f8064362,,,,,,synthetic_heidelberg,pending_manual_review,syntheye_class=unavailable; synthetic_id_faf
images/dissertation_v1/id/train/id_train_000419.png,0,train,synthetic_faf,id,id,UCL SynthEye synthetic FAF,train,50c1c38a819cc99e0da5ecc9c38edc8e978c28a30f162be842060e9f42cb612d,,,,,,synthetic_heidelberg,pending_manual_review,syntheye_class=unavailable; synthetic_id_faf
images/dissertation_v1/id/train/id_train_000420.png,0,train,synthetic_faf,id,id,UCL SynthEye synthetic FAF,train,caa4840566dd73f0506c9abeb9f8d1902ad6ae886ace3168efcd9a207110a942,,,,,,synthetic_heidelberg,pending_manual_review,syntheye_class=unavailable; synthetic_id_faf
images/dissertation_v1/id/train/id_train_000421.png,0,train,synthetic_faf,id,id,UCL SynthEye synthetic FAF,train,6a0304eee9357d781f94a46f762f8b475307f7295ce297e17dc782d79dfac49b,,,,,,synthetic_heidelberg,pending_manual_review,syntheye_class=unavailable; synthetic_id_faf
images/dissertation_v1/id/train/id_train_000422.png,0,train,synthetic_faf,id,id,UCL SynthEye synthetic FAF,train,ddafa9cb6612548328b3f73e6913661bf4dffcc372f73fdb7c69b4515f46cef0,,,,,,synthetic_heidelberg,pending_manual_review,syntheye_class=unavailable; synthetic_id_faf
images/dissertation_v1/id/train/id_train_000423.png,0,train,synthetic_faf,id,id,UCL SynthEye synthetic FAF,train,2e9b69987b0608f3469bae6a21784a317324f5ce86bb48a2c7a67819f40b0a32,,,,,,synthetic_heidelberg,pending_manual_review,syntheye_class=unavailable; synthetic_id_faf
images/dissertation_v1/id/train/id_train_000424.png,0,train,synthetic_faf,id,id,UCL SynthEye synthetic FAF,train,4eef08fd76bbac7f437a7d3d0e2dc6063ac01e27d12c2c3e7e4c036a0474c15e,,,,,,synthetic_heidelberg,pending_manual_review,syntheye_class=unavailable; synthetic_id_faf
images/dissertation_v1/id/train/id_train_000425.png,0,train,synthetic_faf,id,id,UCL SynthEye synthetic FAF,train,a47235a650c57036cc2cd0f1fa9e87171a310dafeff1b6e39efc40e37fb93d31,,,,,,synthetic_heidelberg,pending_manual_review,syntheye_class=unavailable; synthetic_id_faf
images/dissertation_v1/id/train/id_train_000426.png,0,train,synthetic_faf,id,id,UCL SynthEye synthetic FAF,train,86256d99b9ab88dbbfd1b4bbe5cae5f91b48750ce7c78a505f9ff8a12bd90d12,,,,,,synthetic_heidelberg,pending_manual_review,syntheye_class=unavailable; synthetic_id_faf
images/dissertation_v1/id/train/id_train_000427.png,0,train,synthetic_faf,id,id,UCL SynthEye synthetic FAF,train,b463a8e7597de9f973c3147d844a49cbcb659ef4171ca748512137485427fc59,,,,,,synthetic_heidelberg,pending_manual_review,syntheye_class=unavailable; synthetic_id_faf
images/dissertation_v1/id/train/id_train_000428.png,0,train,synthetic_faf,id,id,UCL SynthEye synthetic FAF,train,3654b58050f5082af72409a5e1560729a9920fa506835550b65547fccdac35a5,,,,,,synthetic_heidelberg,pending_manual_review,syntheye_class=unavailable; synthetic_id_faf
images/dissertation_v1/id/train/id_train_000429.png,0,train,synthetic_faf,id,id,UCL SynthEye synthetic FAF,train,22f9a50f016c39a490c1d068d0b38506ac85c1e1e89b868de3d92c0397723bca,,,,,,synthetic_heidelberg,pending_manual_review,syntheye_class=unavailable; synthetic_id_faf
images/dissertation_v1/id/train/id_train_000430.png,0,train,synthetic_faf,id,id,UCL SynthEye synthetic FAF,train,87533379f7022b75c9e91d031b135e3e04ab2ecb8122a6961cf26ffc0c558711,,,,,,synthetic_heidelberg,pending_manual_review,syntheye_class=unavailable; synthetic_id_faf
images/dissertation_v1/id/train/id_train_000431.png,0,train,synthetic_faf,id,id,UCL SynthEye synthetic FAF,train,3b602a8efdabc15e449f0bfcab5378037a2fc6cd5914167c242d0b164d2974c9,,,,,,synthetic_heidelberg,pending_manual_review,syntheye_class=unavailable; synthetic_id_faf
images/dissertation_v1/id/train/id_train_000432.png,0,train,synthetic_faf,id,id,UCL SynthEye synthetic FAF,train,4a900b55b52169f50901a4ad1c335d45c4f20a9bd63a89c787c5a0683f82f16e,,,,,,synthetic_heidelberg,pending_manual_review,syntheye_class=unavailable; synthetic_id_faf
images/dissertation_v1/id/train/id_train_000433.png,0,train,synthetic_faf,id,id,UCL SynthEye synthetic FAF,train,18761da65527f10efbbb8256f845629967e2203c077a46d7d2d92110839eaefb,,,,,,synthetic_heidelberg,pending_manual_review,syntheye_class=unavailable; synthetic_id_faf
images/dissertation_v1/id/train/id_train_000434.png,0,train,synthetic_faf,id,id,UCL SynthEye synthetic FAF,train,3a947601dd6caa703687c7d45aaa6ac97ecf8e06e4814aad4b0cec32a50caab0,,,,,,synthetic_heidelberg,pending_manual_review,syntheye_class=unavailable; synthetic_id_faf
images/dissertation_v1/id/train/id_train_000435.png,0,train,synthetic_faf,id,id,UCL SynthEye synthetic FAF,train,189a043874963eaa97dd60f47b5f9c2bf8b52b3cab98b8a00a0711f2f30910d6,,,,,,synthetic_heidelberg,pending_manual_review,syntheye_class=unavailable; synthetic_id_faf
images/dissertation_v1/id/train/id_train_000436.png,0,train,synthetic_faf,id,id,UCL SynthEye synthetic FAF,train,f33543dc0f5616c56bf28222ab4514dad04609331482ef596a1337ad717c7490,,,,,,synthetic_heidelberg,pending_manual_review,syntheye_class=unavailable; synthetic_id_faf
images/dissertation_v1/id/train/id_train_000437.png,0,train,synthetic_faf,id,id,UCL SynthEye synthetic FAF,train,7d747988a37c1f7788d63f39df31310f6b1dd2fa44198b692e167f35c9a352dd,,,,,,synthetic_heidelberg,pending_manual_review,syntheye_class=unavailable; synthetic_id_faf
images/dissertation_v1/id/train/id_train_000438.png,0,train,synthetic_faf,id,id,UCL SynthEye synthetic FAF,train,6453ff0e85df78e34f5da46745ceaab9358b5252b5b60a51a4597e96d4009088,,,,,,synthetic_heidelberg,pending_manual_review,syntheye_class=unavailable; synthetic_id_faf
images/dissertation_v1/id/train/id_train_000439.png,0,train,synthetic_faf,id,id,UCL SynthEye synthetic FAF,train,c8c5ef90f6d1ec0443fca0d31b86024a420b680b718594f2fe4d2d81597b4850,,,,,,synthetic_heidelberg,pending_manual_review,syntheye_class=unavailable; synthetic_id_faf
images/dissertation_v1/id/train/id_train_000440.png,0,train,synthetic_faf,id,id,UCL SynthEye synthetic FAF,train,131761187498c9b454c642fa93ff25df7f1b2047daa5cb8d34808a1fc5d8d9ba,,,,,,synthetic_heidelberg,pending_manual_review,syntheye_class=unavailable; synthetic_id_faf
images/dissertation_v1/id/train/id_train_000441.png,0,train,synthetic_faf,id,id,UCL SynthEye synthetic FAF,train,ee09488fa8e22ef1e52bd08e7b3a35acf72be2637dbc5ef74602e84ab88ef06d,,,,,,synthetic_heidelberg,pending_manual_review,syntheye_class=unavailable; synthetic_id_faf
images/dissertation_v1/id/train/id_train_000442.png,0,train,synthetic_faf,id,id,UCL SynthEye synthetic FAF,train,bb12e79f6b6b686d368ad70fe58fea98353951a86d2436bb7083b2d172273a82,,,,,,synthetic_heidelberg,pending_manual_review,syntheye_class=unavailable; synthetic_id_faf
images/dissertation_v1/id/train/id_train_000443.png,0,train,synthetic_faf,id,id,UCL SynthEye synthetic FAF,train,41cb44b2d0b4f575bc0325e8940d2580badc68dc805ade7d10ab5d5fadbe1b0e,,,,,,synthetic_heidelberg,pending_manual_review,syntheye_class=unavailable; synthetic_id_faf
images/dissertation_v1/id/train/id_train_000444.png,0,train,synthetic_faf,id,id,UCL SynthEye synthetic FAF,train,3bf9eb07668835b5f7e9e38fd6ba6d9c2954b0f15a9532c10770ac50b9f1a814,,,,,,synthetic_heidelberg,pending_manual_review,syntheye_class=unavailable; synthetic_id_faf
images/dissertation_v1/id/train/id_train_000445.png,0,train,synthetic_faf,id,id,UCL SynthEye synthetic FAF,train,080baae377549b76a8cd681459bf1d5ff7b07f44cccfb931db92d2ced16ef8f4,,,,,,synthetic_heidelberg,pending_manual_review,syntheye_class=unavailable; synthetic_id_faf
images/dissertation_v1/id/train/id_train_000446.png,0,train,synthetic_faf,id,id,UCL SynthEye synthetic FAF,train,3ce48b602042a38e3356954d21fbe7332baec96bce838eb9a8f44b95917c6d77,,,,,,synthetic_heidelberg,pending_manual_review,syntheye_class=unavailable; synthetic_id_faf
images/dissertation_v1/id/train/id_train_000447.png,0,train,synthetic_faf,id,id,UCL SynthEye synthetic FAF,train,4ec77226a3653005cdad55735bb16bf0006ab03223da0ec72e2a8bdb5bff00cd,,,,,,synthetic_heidelberg,pending_manual_review,syntheye_class=unavailable; synthetic_id_faf
images/dissertation_v1/id/train/id_train_000448.png,0,train,synthetic_faf,id,id,UCL SynthEye synthetic FAF,train,b7b9b8a821f2aac87f335936dda8b3c346a67492572f4d460ef7cdd97efb4b72,,,,,,synthetic_heidelberg,pending_manual_review,syntheye_class=unavailable; synthetic_id_faf
images/dissertation_v1/id/train/id_train_000449.png,0,train,synthetic_faf,id,id,UCL SynthEye synthetic FAF,train,7f5be40eaa4be269f02e84ac5a9e64168a7a33dced192c0fbb0a86761886f992,,,,,,synthetic_heidelberg,pending_manual_review,syntheye_class=unavailable; synthetic_id_faf
images/dissertation_v1/id/train/id_train_000450.png,0,train,synthetic_faf,id,id,UCL SynthEye synthetic FAF,train,a7ae300d88212def143853547d25fbf3224cd6247f65484bc567cc5db8abf11a,,,,,,synthetic_heidelberg,pending_manual_review,syntheye_class=unavailable; synthetic_id_faf
images/dissertation_v1/id/train/id_train_000451.png,0,train,synthetic_faf,id,id,UCL SynthEye synthetic FAF,train,9778a67a43f232863e8c26be6ffd551fdebdeea5a33fbae5e88bf0f48b10dd75,,,,,,synthetic_heidelberg,pending_manual_review,syntheye_class=unavailable; synthetic_id_faf
images/dissertation_v1/id/train/id_train_000452.png,0,train,synthetic_faf,id,id,UCL SynthEye synthetic FAF,train,c9b6adb39871c7c57c3f4c50876ba75c5352f947e3382398cb5c53a51f95cee0,,,,,,synthetic_heidelberg,pending_manual_review,syntheye_class=unavailable; synthetic_id_faf
images/dissertation_v1/id/train/id_train_000453.png,0,train,synthetic_faf,id,id,UCL SynthEye synthetic FAF,train,89fe56245f5809fbfcb3b091c6ae101af35be46cc5a0e58ee9a829952456936a,,,,,,synthetic_heidelberg,pending_manual_review,syntheye_class=unavailable; synthetic_id_faf
images/dissertation_v1/id/train/id_train_000454.png,0,train,synthetic_faf,id,id,UCL SynthEye synthetic FAF,train,058d9eb1e856205c36ee0ac06dd43fbd626d3f98986f9304240828bb0dbae47b,,,,,,synthetic_heidelberg,pending_manual_review,syntheye_class=unavailable; synthetic_id_faf
images/dissertation_v1/id/train/id_train_000455.png,0,train,synthetic_faf,id,id,UCL SynthEye synthetic FAF,train,21617529ef4d90784366f2a2f96375010ae8b2a962a54a01a809d690863a1dc4,,,,,,synthetic_heidelberg,pending_manual_review,syntheye_class=unavailable; synthetic_id_faf
images/dissertation_v1/id/train/id_train_000456.png,0,train,synthetic_faf,id,id,UCL SynthEye synthetic FAF,train,7795944d67bba5f5291202e06b613cd04d6f8cb8c05db9900ce09f8ec11735ff,,,,,,synthetic_heidelberg,pending_manual_review,syntheye_class=unavailable; synthetic_id_faf
images/dissertation_v1/id/train/id_train_000457.png,0,train,synthetic_faf,id,id,UCL SynthEye synthetic FAF,train,cc0449d87156d99187772fcb34302b9980749035203acb9d0e45844e3c2d9ed7,,,,,,synthetic_heidelberg,pending_manual_review,syntheye_class=unavailable; synthetic_id_faf
images/dissertation_v1/id/train/id_train_000458.png,0,train,synthetic_faf,id,id,UCL SynthEye synthetic FAF,train,4f58ab2a4b8e5feccd8d565abfe13fe0487e9c74568ce13946008f9fcea5652f,,,,,,synthetic_heidelberg,pending_manual_review,syntheye_class=unavailable; synthetic_id_faf
images/dissertation_v1/id/train/id_train_000459.png,0,train,synthetic_faf,id,id,UCL SynthEye synthetic FAF,train,dca99e55204f03f6b0e34502b3c0545851998bf41f6ae74460f327f6b2607179,,,,,,synthetic_heidelberg,pending_manual_review,syntheye_class=unavailable; synthetic_id_faf
images/dissertation_v1/id/train/id_train_000460.png,0,train,synthetic_faf,id,id,UCL SynthEye synthetic FAF,train,b3f4779e2fbe8cb88b5a1aab7332211133551ccd56ebe7c29867932521032b42,,,,,,synthetic_heidelberg,pending_manual_review,syntheye_class=unavailable; synthetic_id_faf
images/dissertation_v1/id/train/id_train_000461.png,0,train,synthetic_faf,id,id,UCL SynthEye synthetic FAF,train,9a014b45ce5fd873f3ae266cde2b9a816fc25b7eefab6ff17dfcc98d2822a137,,,,,,synthetic_heidelberg,pending_manual_review,syntheye_class=unavailable; synthetic_id_faf
images/dissertation_v1/id/train/id_train_000462.png,0,train,synthetic_faf,id,id,UCL SynthEye synthetic FAF,train,1b8668a8b9b3b64f14ecb69bdcd84aea0bee8bf50685124b9894b034027af021,,,,,,synthetic_heidelberg,pending_manual_review,syntheye_class=unavailable; synthetic_id_faf
images/dissertation_v1/id/train/id_train_000463.png,0,train,synthetic_faf,id,id,UCL SynthEye synthetic FAF,train,76ccaeefe4151e4c1d0191c7321e2afcba850df32640429db91e6d3d4d02094d,,,,,,synthetic_heidelberg,pending_manual_review,syntheye_class=unavailable; synthetic_id_faf
images/dissertation_v1/id/train/id_train_000464.png,0,train,synthetic_faf,id,id,UCL SynthEye synthetic FAF,train,60a8cf4f3e8ac2c5583f9eb4c29c3265b786d99619028b1e480da563989c6e5c,,,,,,synthetic_heidelberg,pending_manual_review,syntheye_class=unavailable; synthetic_id_faf
images/dissertation_v1/id/train/id_train_000465.png,0,train,synthetic_faf,id,id,UCL SynthEye synthetic FAF,train,b3031a10b1929cdb2a439d6277b8ae3f52ee6e14dce65ac63e2e6a93164507f3,,,,,,synthetic_heidelberg,pending_manual_review,syntheye_class=unavailable; synthetic_id_faf
images/dissertation_v1/id/train/id_train_000466.png,0,train,synthetic_faf,id,id,UCL SynthEye synthetic FAF,train,44dc7857f1ec3e04c24351c1a830ef5e3d9e6419306793663ad603e07e3dde63,,,,,,synthetic_heidelberg,pending_manual_review,syntheye_class=unavailable; synthetic_id_faf
images/dissertation_v1/id/train/id_train_000467.png,0,train,synthetic_faf,id,id,UCL SynthEye synthetic FAF,train,076d25044ec2007b6992b1693fc7ca258a00d95219277c1fe5d4d4d1acea6208,,,,,,synthetic_heidelberg,pending_manual_review,syntheye_class=unavailable; synthetic_id_faf
images/dissertation_v1/id/train/id_train_000468.png,0,train,synthetic_faf,id,id,UCL SynthEye synthetic FAF,train,2478ee47de80b27c712994edf06700abb2353d43571b26dc70c2db568a086bb6,,,,,,synthetic_heidelberg,pending_manual_review,syntheye_class=unavailable; synthetic_id_faf
images/dissertation_v1/id/train/id_train_000469.png,0,train,synthetic_faf,id,id,UCL SynthEye synthetic FAF,train,6335c0c7b364593813b79c3c25c392e2416fd4d1ddc1488535ddde9d08167f0f,,,,,,synthetic_heidelberg,pending_manual_review,syntheye_class=unavailable; synthetic_id_faf
images/dissertation_v1/id/train/id_train_000470.png,0,train,synthetic_faf,id,id,UCL SynthEye synthetic FAF,train,9ffe986d43591b056948e7797112553892d528c9be82c9dc7010940247902c90,,,,,,synthetic_heidelberg,pending_manual_review,syntheye_class=unavailable; synthetic_id_faf
images/dissertation_v1/id/train/id_train_000471.png,0,train,synthetic_faf,id,id,UCL SynthEye synthetic FAF,train,15825eeeb33e5a36daacf70e91ee876498733fbd9085889e6e0525876aa6fdbe,,,,,,synthetic_heidelberg,pending_manual_review,syntheye_class=unavailable; synthetic_id_faf
images/dissertation_v1/id/train/id_train_000472.png,0,train,synthetic_faf,id,id,UCL SynthEye synthetic FAF,train,511a9409175aaa5db6fe927d175475ff04f64031361ce0efdd39b5e2bce35b22,,,,,,synthetic_heidelberg,pending_manual_review,syntheye_class=unavailable; synthetic_id_faf
images/dissertation_v1/id/train/id_train_000473.png,0,train,synthetic_faf,id,id,UCL SynthEye synthetic FAF,train,9f2734b3f7f0e996f1cb831295c7a7a1fe68f966715c795eede7c09df71960e8,,,,,,synthetic_heidelberg,pending_manual_review,syntheye_class=unavailable; synthetic_id_faf
images/dissertation_v1/id/train/id_train_000474.png,0,train,synthetic_faf,id,id,UCL SynthEye synthetic FAF,train,191ef36c27b1093370f8cfccf730989a5b1bb6416849102b965c62f91122da25,,,,,,synthetic_heidelberg,pending_manual_review,syntheye_class=unavailable; synthetic_id_faf
images/dissertation_v1/id/train/id_train_000475.png,0,train,synthetic_faf,id,id,UCL SynthEye synthetic FAF,train,5a0e6875a852b86a32d3c3a144c618465340ae5f9c5d67fac3691593574d0ffd,,,,,,synthetic_heidelberg,pending_manual_review,syntheye_class=unavailable; synthetic_id_faf
images/dissertation_v1/id/train/id_train_000476.png,0,train,synthetic_faf,id,id,UCL SynthEye synthetic FAF,train,29b95b926e73355d248ad5c9a9c22585b1892fbb1828ef98883adc75448426ed,,,,,,synthetic_heidelberg,pending_manual_review,syntheye_class=unavailable; synthetic_id_faf
images/dissertation_v1/id/train/id_train_000477.png,0,train,synthetic_faf,id,id,UCL SynthEye synthetic FAF,train,ce782eec1debd2e815021e5a4362d5567688c91658bbb4da93268b03578b58cf,,,,,,synthetic_heidelberg,pending_manual_review,syntheye_class=unavailable; synthetic_id_faf
images/dissertation_v1/id/train/id_train_000478.png,0,train,synthetic_faf,id,id,UCL SynthEye synthetic FAF,train,dc45f729c8cd2d914d10bea25027ea0f54d56aad00c03f990475ceb7cdfcdece,,,,,,synthetic_heidelberg,pending_manual_review,syntheye_class=unavailable; synthetic_id_faf
images/dissertation_v1/id/train/id_train_000479.png,0,train,synthetic_faf,id,id,UCL SynthEye synthetic FAF,train,77e9a31b266d81de6d59996ba63d7c9ac9668731de0205d0680ce0fd751dc7eb,,,,,,synthetic_heidelberg,pending_manual_review,syntheye_class=unavailable; synthetic_id_faf
images/dissertation_v1/id/train/id_train_000480.png,0,train,synthetic_faf,id,id,UCL SynthEye synthetic FAF,train,c718ad5fdc32164e972579f864ade931d6611e840dbb613985638962878d1d80,,,,,,synthetic_heidelberg,pending_manual_review,syntheye_class=unavailable; synthetic_id_faf
images/dissertation_v1/id/train/id_train_000481.png,0,train,synthetic_faf,id,id,UCL SynthEye synthetic FAF,train,22eb493488cc42c36df430462b3ecb60dd5cc1f28c62a6e54dbcd65a7938384c,,,,,,synthetic_heidelberg,pending_manual_review,syntheye_class=unavailable; synthetic_id_faf
images/dissertation_v1/id/train/id_train_000482.png,0,train,synthetic_faf,id,id,UCL SynthEye synthetic FAF,train,c0f157e8f15e763e56d43db219b7391b5055110616165fe78d1b3cbda2c8c4f4,,,,,,synthetic_heidelberg,pending_manual_review,syntheye_class=unavailable; synthetic_id_faf
images/dissertation_v1/id/train/id_train_000483.png,0,train,synthetic_faf,id,id,UCL SynthEye synthetic FAF,train,a39b0f0793796fcc19bec9d389affe26ba4698350daf5eaeff808265f4140755,,,,,,synthetic_heidelberg,pending_manual_review,syntheye_class=unavailable; synthetic_id_faf
images/dissertation_v1/id/train/id_train_000484.png,0,train,synthetic_faf,id,id,UCL SynthEye synthetic FAF,train,53d1ccb997cf45d21716a248c4dc6e9e49236b8e9b99fbefc91e07ea9793c0d8,,,,,,synthetic_heidelberg,pending_manual_review,syntheye_class=unavailable; synthetic_id_faf
images/dissertation_v1/id/train/id_train_000485.png,0,train,synthetic_faf,id,id,UCL SynthEye synthetic FAF,train,85e3753a79502da9c962f481bd3729961c12a2375cab74bdb65964774a025fe2,,,,,,synthetic_heidelberg,pending_manual_review,syntheye_class=unavailable; synthetic_id_faf
images/dissertation_v1/id/train/id_train_000486.png,0,train,synthetic_faf,id,id,UCL SynthEye synthetic FAF,train,f698f9a6763c07c78d8e528b900c6bb4faee62ae5673238222f80c4535436297,,,,,,synthetic_heidelberg,pending_manual_review,syntheye_class=unavailable; synthetic_id_faf
images/dissertation_v1/id/train/id_train_000487.png,0,train,synthetic_faf,id,id,UCL SynthEye synthetic FAF,train,55a1bf42d59c391bf318fd47f857ca27d45cf0bc07370068d00f683bc791e01f,,,,,,synthetic_heidelberg,pending_manual_review,syntheye_class=unavailable; synthetic_id_faf
images/dissertation_v1/id/train/id_train_000488.png,0,train,synthetic_faf,id,id,UCL SynthEye synthetic FAF,train,193d871178d736f87572217359986b6d0b0ef56d7d5795a14db1fd4cd54ba481,,,,,,synthetic_heidelberg,pending_manual_review,syntheye_class=unavailable; synthetic_id_faf
images/dissertation_v1/id/train/id_train_000489.png,0,train,synthetic_faf,id,id,UCL SynthEye synthetic FAF,train,ea38f85c3913452110d4099a7d8c8f5de3402e7fc535da47428aa802c24ee5e7,,,,,,synthetic_heidelberg,pending_manual_review,syntheye_class=unavailable; synthetic_id_faf
images/dissertation_v1/id/train/id_train_000490.png,0,train,synthetic_faf,id,id,UCL SynthEye synthetic FAF,train,0962a70573b147fde90cd63a97f192a3c1b56aad137f04b4ce880f5a8c59ce00,,,,,,synthetic_heidelberg,pending_manual_review,syntheye_class=unavailable; synthetic_id_faf
images/dissertation_v1/id/train/id_train_000491.png,0,train,synthetic_faf,id,id,UCL SynthEye synthetic FAF,train,3e550a6659da9235b31f62a125ec319908808fec9d148b5fbf13b9fc90118ae2,,,,,,synthetic_heidelberg,pending_manual_review,syntheye_class=unavailable; synthetic_id_faf
images/dissertation_v1/id/train/id_train_000492.png,0,train,synthetic_faf,id,id,UCL SynthEye synthetic FAF,train,bfeef361f8e279512bcfd506efa18beae92aa97b8bd74ffe7269374922ec1ac2,,,,,,synthetic_heidelberg,pending_manual_review,syntheye_class=unavailable; synthetic_id_faf
images/dissertation_v1/id/train/id_train_000493.png,0,train,synthetic_faf,id,id,UCL SynthEye synthetic FAF,train,fc456616b78c647526b3d9ba220fd78250cf5d4833728f1985ebed0eb2742ac9,,,,,,synthetic_heidelberg,pending_manual_review,syntheye_class=unavailable; synthetic_id_faf
images/dissertation_v1/id/train/id_train_000494.png,0,train,synthetic_faf,id,id,UCL SynthEye synthetic FAF,train,4d3025eb6ea3fd99ee39e7cc9c91a0dcf05a14cb15cbac240c46a4a36523de90,,,,,,synthetic_heidelberg,pending_manual_review,syntheye_class=unavailable; synthetic_id_faf
images/dissertation_v1/id/train/id_train_000495.png,0,train,synthetic_faf,id,id,UCL SynthEye synthetic FAF,train,3b29138692600258b67fb3a913711841b00dc53b74c5768ec4676c551ef15439,,,,,,synthetic_heidelberg,pending_manual_review,syntheye_class=unavailable; synthetic_id_faf
images/dissertation_v1/id/train/id_train_000496.png,0,train,synthetic_faf,id,id,UCL SynthEye synthetic FAF,train,2edb0c5092d3ef916317b7bccfc14ffe92e6bf5f44759aea4762eee90dc3238f,,,,,,synthetic_heidelberg,pending_manual_review,syntheye_class=unavailable; synthetic_id_faf
images/dissertation_v1/id/train/id_train_000497.png,0,train,synthetic_faf,id,id,UCL SynthEye synthetic FAF,train,5ade910f358d0ae1700d2c5519c1737d8867c772862fca3b8abc4d4fa63c3aba,,,,,,synthetic_heidelberg,pending_manual_review,syntheye_class=unavailable; synthetic_id_faf
images/dissertation_v1/id/train/id_train_000498.png,0,train,synthetic_faf,id,id,UCL SynthEye synthetic FAF,train,be6a1499c7742cb7d8978c145889416c64cc71e559e03f984564aa664d7fd923,,,,,,synthetic_heidelberg,pending_manual_review,syntheye_class=unavailable; synthetic_id_faf
images/dissertation_v1/id/train/id_train_000499.png,0,train,synthetic_faf,id,id,UCL SynthEye synthetic FAF,train,4b1ac4bda4fc96ad6de3e634f778b84026a0863b369993678c384cb7e92164c5,,,,,,synthetic_heidelberg,pending_manual_review,syntheye_class=unavailable; synthetic_id_faf
images/dissertation_v1/id/train/id_train_000500.png,0,train,synthetic_faf,id,id,UCL SynthEye synthetic FAF,train,b3c143584ea90b0daa299fc3aa3b09b83a6408592135a0ee21671eee2a91cca4,,,,,,synthetic_heidelberg,pending_manual_review,syntheye_class=unavailable; synthetic_id_faf
images/dissertation_v1/id/train/id_train_000501.png,0,train,synthetic_faf,id,id,UCL SynthEye synthetic FAF,train,98cf0d90e24206eee4ae680596ce32e775dec10bb4f311773021f48b563b3df5,,,,,,synthetic_heidelberg,pending_manual_review,syntheye_class=unavailable; synthetic_id_faf
images/dissertation_v1/id/train/id_train_000502.png,0,train,synthetic_faf,id,id,UCL SynthEye synthetic FAF,train,104a3c1aefda9c14c736759c74a24aa643d19fdd6b389f25fe4d4cb301582b8f,,,,,,synthetic_heidelberg,pending_manual_review,syntheye_class=unavailable; synthetic_id_faf
images/dissertation_v1/id/train/id_train_000503.png,0,train,synthetic_faf,id,id,UCL SynthEye synthetic FAF,train,887c40a38387ca2fc6f943e97fa6762de8669a256cde2633a59044296b028790,,,,,,synthetic_heidelberg,pending_manual_review,syntheye_class=unavailable; synthetic_id_faf
images/dissertation_v1/id/train/id_train_000504.png,0,train,synthetic_faf,id,id,UCL SynthEye synthetic FAF,train,8d3f6ab82eb34eff42ffcfc83882229a2787158c8e1398d2a99b4466ad6e077d,,,,,,synthetic_heidelberg,pending_manual_review,syntheye_class=unavailable; synthetic_id_faf
images/dissertation_v1/id/train/id_train_000505.png,0,train,synthetic_faf,id,id,UCL SynthEye synthetic FAF,train,ac9d811da19374797df1ee9406ca1bc83b8f1a3d82ac50b23ba489bc77e6533e,,,,,,synthetic_heidelberg,pending_manual_review,syntheye_class=unavailable; synthetic_id_faf
images/dissertation_v1/id/train/id_train_000506.png,0,train,synthetic_faf,id,id,UCL SynthEye synthetic FAF,train,93898d17fbc9da7edc869012f10ca9d998ab51f7694591a1906a5a30e996fcff,,,,,,synthetic_heidelberg,pending_manual_review,syntheye_class=unavailable; synthetic_id_faf
images/dissertation_v1/id/train/id_train_000507.png,0,train,synthetic_faf,id,id,UCL SynthEye synthetic FAF,train,87e43ee3ee3d679f2ff7c07018967801972c32ac9b239025866faefa82cce849,,,,,,synthetic_heidelberg,pending_manual_review,syntheye_class=unavailable; synthetic_id_faf
images/dissertation_v1/id/train/id_train_000508.png,0,train,synthetic_faf,id,id,UCL SynthEye synthetic FAF,train,546c2677bc86c5782809fb2ed634f80d68d1f14537fea8d4926900125357ebe5,,,,,,synthetic_heidelberg,pending_manual_review,syntheye_class=unavailable; synthetic_id_faf
images/dissertation_v1/id/train/id_train_000509.png,0,train,synthetic_faf,id,id,UCL SynthEye synthetic FAF,train,78856905991b9ac554980af50192bd1fc36ba987321d749ebb5b35b986ea845a,,,,,,synthetic_heidelberg,pending_manual_review,syntheye_class=unavailable; synthetic_id_faf
images/dissertation_v1/id/train/id_train_000510.png,0,train,synthetic_faf,id,id,UCL SynthEye synthetic FAF,train,2991167c544ea2dde0c8d4c8ea8d081d593f9041f080103efd7afce02b39db31,,,,,,synthetic_heidelberg,pending_manual_review,syntheye_class=unavailable; synthetic_id_faf
images/dissertation_v1/id/train/id_train_000511.png,0,train,synthetic_faf,id,id,UCL SynthEye synthetic FAF,train,a73f5438badb740fcc17c58cde5e2ff40194b4cbb68b62f7a5096edb58f7b81e,,,,,,synthetic_heidelberg,pending_manual_review,syntheye_class=unavailable; synthetic_id_faf
images/dissertation_v1/id/train/id_train_000512.png,0,train,synthetic_faf,id,id,UCL SynthEye synthetic FAF,train,226efe17ffc2868d29db325feebf4151a091a394e6bda6c66aa8b5200dbf37e4,,,,,,synthetic_heidelberg,pending_manual_review,syntheye_class=unavailable; synthetic_id_faf
images/dissertation_v1/id/train/id_train_000513.png,0,train,synthetic_faf,id,id,UCL SynthEye synthetic FAF,train,5ed70e1a04723abcfa9257d8ae0c04d7370a68e1535010e854f996605be85d32,,,,,,synthetic_heidelberg,pending_manual_review,syntheye_class=unavailable; synthetic_id_faf
images/dissertation_v1/id/train/id_train_000514.png,0,train,synthetic_faf,id,id,UCL SynthEye synthetic FAF,train,d677d9e4ee58e5c960d21cc423b6ad0f6ba6e42902db984b93076ca2ec8b1715,,,,,,synthetic_heidelberg,pending_manual_review,syntheye_class=unavailable; synthetic_id_faf
images/dissertation_v1/id/train/id_train_000515.png,0,train,synthetic_faf,id,id,UCL SynthEye synthetic FAF,train,c458677272029eec07305cf5aee09cf81864b2ad13ef37086abeb6a2c5a8a0f4,,,,,,synthetic_heidelberg,pending_manual_review,syntheye_class=unavailable; synthetic_id_faf
images/dissertation_v1/id/train/id_train_000516.png,0,train,synthetic_faf,id,id,UCL SynthEye synthetic FAF,train,35c563fbb4b745abd063b52ecdeb70b0ed47dd6f70856864d831b2b099d9411b,,,,,,synthetic_heidelberg,pending_manual_review,syntheye_class=unavailable; synthetic_id_faf
images/dissertation_v1/id/train/id_train_000517.png,0,train,synthetic_faf,id,id,UCL SynthEye synthetic FAF,train,094ce4496ce0134f1aba171620660b13bfe404045a95b8022210e1f763a65e65,,,,,,synthetic_heidelberg,pending_manual_review,syntheye_class=unavailable; synthetic_id_faf
images/dissertation_v1/id/train/id_train_000518.png,0,train,synthetic_faf,id,id,UCL SynthEye synthetic FAF,train,472920f065e4983d92ed57ba73ea6ed813834357137c4c9879561f823e2ef945,,,,,,synthetic_heidelberg,pending_manual_review,syntheye_class=unavailable; synthetic_id_faf
images/dissertation_v1/id/train/id_train_000519.png,0,train,synthetic_faf,id,id,UCL SynthEye synthetic FAF,train,6dfb19093bc4f093322d2a1f67fa37c9841eca254e7edff8cf157023ba4093bf,,,,,,synthetic_heidelberg,pending_manual_review,syntheye_class=unavailable; synthetic_id_faf
images/dissertation_v1/id/train/id_train_000520.png,0,train,synthetic_faf,id,id,UCL SynthEye synthetic FAF,train,e9edb5a5b1c0d0980880d0a5b0614d3981b22404848ebe27434ace551d6d143e,,,,,,synthetic_heidelberg,pending_manual_review,syntheye_class=unavailable; synthetic_id_faf
images/dissertation_v1/id/train/id_train_000521.png,0,train,synthetic_faf,id,id,UCL SynthEye synthetic FAF,train,91ef7fe20f704f91cec5a2b73c85f1084f1f1a8b1135b4ead58d6246691091e8,,,,,,synthetic_heidelberg,pending_manual_review,syntheye_class=unavailable; synthetic_id_faf
images/dissertation_v1/id/train/id_train_000522.png,0,train,synthetic_faf,id,id,UCL SynthEye synthetic FAF,train,c2c2b7e2c98891b047c67dd78e2898aa6e98b7ccc3262bfa43e50155f9523f36,,,,,,synthetic_heidelberg,pending_manual_review,syntheye_class=unavailable; synthetic_id_faf
images/dissertation_v1/id/train/id_train_000523.png,0,train,synthetic_faf,id,id,UCL SynthEye synthetic FAF,train,f0342f9104739fce3b56019b122442cd179fc2affd6b902d6206ec79b047ca28,,,,,,synthetic_heidelberg,pending_manual_review,syntheye_class=unavailable; synthetic_id_faf
images/dissertation_v1/id/train/id_train_000524.png,0,train,synthetic_faf,id,id,UCL SynthEye synthetic FAF,train,78b321c6aa443d2e7f6bf19a445e64298c36a307fe29e2d90f2c2937923eacc7,,,,,,synthetic_heidelberg,pending_manual_review,syntheye_class=unavailable; synthetic_id_faf
images/dissertation_v1/id/train/id_train_000525.png,0,train,synthetic_faf,id,id,UCL SynthEye synthetic FAF,train,4d026357ae7ec2c44cd1a6fff72c3c7f9fba5d2566eaa3da6e1a18da4507b4cf,,,,,,synthetic_heidelberg,pending_manual_review,syntheye_class=unavailable; synthetic_id_faf
images/dissertation_v1/id/train/id_train_000526.png,0,train,synthetic_faf,id,id,UCL SynthEye synthetic FAF,train,7a9c07d843838bbf9d353fb6667af1eaf3ae501ad400b84f822bfdb1a1a8509c,,,,,,synthetic_heidelberg,pending_manual_review,syntheye_class=unavailable; synthetic_id_faf
images/dissertation_v1/id/train/id_train_000527.png,0,train,synthetic_faf,id,id,UCL SynthEye synthetic FAF,train,65f74fcb1a94d592ab20910295be77f4cf483a7f2131c280e410bfb4a841cde9,,,,,,synthetic_heidelberg,pending_manual_review,syntheye_class=unavailable; synthetic_id_faf
images/dissertation_v1/id/train/id_train_000528.png,0,train,synthetic_faf,id,id,UCL SynthEye synthetic FAF,train,f879f3bb6f949b6bcabe571542ed0bbab3376f9551eb37bf6ebc5429b5fbf3f3,,,,,,synthetic_heidelberg,pending_manual_review,syntheye_class=unavailable; synthetic_id_faf
images/dissertation_v1/id/train/id_train_000529.png,0,train,synthetic_faf,id,id,UCL SynthEye synthetic FAF,train,2bea833adfef8182c6af2be366b6a0990f6200697954d67001b8a1d4b4ee1674,,,,,,synthetic_heidelberg,pending_manual_review,syntheye_class=unavailable; synthetic_id_faf
images/dissertation_v1/id/train/id_train_000530.png,0,train,synthetic_faf,id,id,UCL SynthEye synthetic FAF,train,610ba240bb4a44c729ca8583b84ecedb3ae1bcb4e13b7568f31fe954f4798d90,,,,,,synthetic_heidelberg,pending_manual_review,syntheye_class=unavailable; synthetic_id_faf
images/dissertation_v1/id/train/id_train_000531.png,0,train,synthetic_faf,id,id,UCL SynthEye synthetic FAF,train,16ad099d60e8262df4c644022ecbf4760e826882d0ac591e12f20a5e9511c5f7,,,,,,synthetic_heidelberg,pending_manual_review,syntheye_class=unavailable; synthetic_id_faf
images/dissertation_v1/id/train/id_train_000532.png,0,train,synthetic_faf,id,id,UCL SynthEye synthetic FAF,train,79cc741006f705774b83896b88a6e27e9a97de82c8c5de4156dc7efd1533a5e9,,,,,,synthetic_heidelberg,pending_manual_review,syntheye_class=unavailable; synthetic_id_faf
images/dissertation_v1/id/train/id_train_000533.png,0,train,synthetic_faf,id,id,UCL SynthEye synthetic FAF,train,b26bbb323cb2fc0bb76ac1f80ee5725d4769451a30e2e823845c5e5cce5b324d,,,,,,synthetic_heidelberg,pending_manual_review,syntheye_class=unavailable; synthetic_id_faf
images/dissertation_v1/id/train/id_train_000534.png,0,train,synthetic_faf,id,id,UCL SynthEye synthetic FAF,train,50e6b6660d14fe2a7a569f507b80c3cf128bc66c7972a80acd038cc7ceb11f18,,,,,,synthetic_heidelberg,pending_manual_review,syntheye_class=unavailable; synthetic_id_faf
images/dissertation_v1/id/train/id_train_000535.png,0,train,synthetic_faf,id,id,UCL SynthEye synthetic FAF,train,dc8c7fd362b906be3e7982c09036e7e4338154b24d2634368c2097e81c873398,,,,,,synthetic_heidelberg,pending_manual_review,syntheye_class=unavailable; synthetic_id_faf
images/dissertation_v1/id/train/id_train_000536.png,0,train,synthetic_faf,id,id,UCL SynthEye synthetic FAF,train,72753e00e8d40149a4f56212c05b623c24b77cdf23a1769992b18537843ece97,,,,,,synthetic_heidelberg,pending_manual_review,syntheye_class=unavailable; synthetic_id_faf
images/dissertation_v1/id/train/id_train_000537.png,0,train,synthetic_faf,id,id,UCL SynthEye synthetic FAF,train,eca1ca2c488402c2ab4a56d38dbab7c76c5ab01e3e1cfdefd6d81885a4aaf7f7,,,,,,synthetic_heidelberg,pending_manual_review,syntheye_class=unavailable; synthetic_id_faf
images/dissertation_v1/id/train/id_train_000538.png,0,train,synthetic_faf,id,id,UCL SynthEye synthetic FAF,train,8ea030aa4642153146b3dfe74f650cc36df879ffca33e7ab00e13bb29afee0c2,,,,,,synthetic_heidelberg,pending_manual_review,syntheye_class=unavailable; synthetic_id_faf
images/dissertation_v1/id/train/id_train_000539.png,0,train,synthetic_faf,id,id,UCL SynthEye synthetic FAF,train,9645404c5bdbe30d76eb126b27e2795b58aba12daa2407a6d203ec8f60231fe9,,,,,,synthetic_heidelberg,pending_manual_review,syntheye_class=unavailable; synthetic_id_faf
images/dissertation_v1/id/train/id_train_000540.png,0,train,synthetic_faf,id,id,UCL SynthEye synthetic FAF,train,2c56f56d9bb2e3073386ccdbbd529cd9c1e97f6b12766f43e57736a67a11646a,,,,,,synthetic_heidelberg,pending_manual_review,syntheye_class=unavailable; synthetic_id_faf
images/dissertation_v1/id/train/id_train_000541.png,0,train,synthetic_faf,id,id,UCL SynthEye synthetic FAF,train,020b729aa6f418e346ad30b490ff224445a2513ae7d3cdb9734c58513bf6b426,,,,,,synthetic_heidelberg,pending_manual_review,syntheye_class=unavailable; synthetic_id_faf
images/dissertation_v1/id/train/id_train_000542.png,0,train,synthetic_faf,id,id,UCL SynthEye synthetic FAF,train,ec517b27f6db6b3de614b916b233474a2745c173ac91ae3782ec1fb1101e98d6,,,,,,synthetic_heidelberg,pending_manual_review,syntheye_class=unavailable; synthetic_id_faf
images/dissertation_v1/id/train/id_train_000543.png,0,train,synthetic_faf,id,id,UCL SynthEye synthetic FAF,train,f8bcd125c407636d04881cdaf128fc79c45bf2ac450937e88e400f7b5e2c998f,,,,,,synthetic_heidelberg,pending_manual_review,syntheye_class=unavailable; synthetic_id_faf
images/dissertation_v1/id/train/id_train_000544.png,0,train,synthetic_faf,id,id,UCL SynthEye synthetic FAF,train,0b45bc4342d79b00717d4ab8d71f0dae4981ed712395f0bdd55fcdd99de6cb45,,,,,,synthetic_heidelberg,pending_manual_review,syntheye_class=unavailable; synthetic_id_faf
images/dissertation_v1/id/train/id_train_000545.png,0,train,synthetic_faf,id,id,UCL SynthEye synthetic FAF,train,772328dd8a2397c1b874cc267b970ff82729fe421a419c2bafca0f48c6e6e42b,,,,,,synthetic_heidelberg,pending_manual_review,syntheye_class=unavailable; synthetic_id_faf
images/dissertation_v1/id/train/id_train_000546.png,0,train,synthetic_faf,id,id,UCL SynthEye synthetic FAF,train,87dcf195920848a89f2bf1bab28db7901c32597e735639abeac18e3de791d74e,,,,,,synthetic_heidelberg,pending_manual_review,syntheye_class=unavailable; synthetic_id_faf
images/dissertation_v1/id/train/id_train_000547.png,0,train,synthetic_faf,id,id,UCL SynthEye synthetic FAF,train,8c6a13694f9979ab2d5a8de2546bc31cadd5348c7dfcee9fcf062733eaf09af2,,,,,,synthetic_heidelberg,pending_manual_review,syntheye_class=unavailable; synthetic_id_faf
images/dissertation_v1/id/train/id_train_000548.png,0,train,synthetic_faf,id,id,UCL SynthEye synthetic FAF,train,addede3ac68dc23ea5c64b733040bace7169022078c92d93ac8750249cc86388,,,,,,synthetic_heidelberg,pending_manual_review,syntheye_class=unavailable; synthetic_id_faf
images/dissertation_v1/id/train/id_train_000549.png,0,train,synthetic_faf,id,id,UCL SynthEye synthetic FAF,train,248ae7e61859c7411a2d4a2497e9576f8bc4f15ea4b4289a49f433f842feb16f,,,,,,synthetic_heidelberg,pending_manual_review,syntheye_class=unavailable; synthetic_id_faf
images/dissertation_v1/id/train/id_train_000550.png,0,train,synthetic_faf,id,id,UCL SynthEye synthetic FAF,train,ea0a3dc4f71787178cf11f717bf164d5a456c1162c69356b692253926aadbe22,,,,,,synthetic_heidelberg,pending_manual_review,syntheye_class=unavailable; synthetic_id_faf
images/dissertation_v1/id/train/id_train_000551.png,0,train,synthetic_faf,id,id,UCL SynthEye synthetic FAF,train,d47221ee35cef3212431b34982a99310227353e71a7df2f1dbf860053753c1e0,,,,,,synthetic_heidelberg,pending_manual_review,syntheye_class=unavailable; synthetic_id_faf
images/dissertation_v1/id/train/id_train_000552.png,0,train,synthetic_faf,id,id,UCL SynthEye synthetic FAF,train,9975666b8af7270c810a9faf36bbe39cfca23aec934063370e8b6b2da4ed1308,,,,,,synthetic_heidelberg,pending_manual_review,syntheye_class=unavailable; synthetic_id_faf
images/dissertation_v1/id/train/id_train_000553.png,0,train,synthetic_faf,id,id,UCL SynthEye synthetic FAF,train,4241de37df749c748a6a76a857a32244bf50afd1afe9dafc255f23fb8bc555f5,,,,,,synthetic_heidelberg,pending_manual_review,syntheye_class=unavailable; synthetic_id_faf
images/dissertation_v1/id/train/id_train_000554.png,0,train,synthetic_faf,id,id,UCL SynthEye synthetic FAF,train,fb18c473a6e6c96dfb07d0da4ee55205773118c18166f5adf572e3afdf4da5c6,,,,,,synthetic_heidelberg,pending_manual_review,syntheye_class=unavailable; synthetic_id_faf
images/dissertation_v1/id/train/id_train_000555.png,0,train,synthetic_faf,id,id,UCL SynthEye synthetic FAF,train,c49cb60c5d019ab5b0f229f1978a1abaf956db3f9960868eadde13bfb67169b8,,,,,,synthetic_heidelberg,pending_manual_review,syntheye_class=unavailable; synthetic_id_faf
images/dissertation_v1/id/train/id_train_000556.png,0,train,synthetic_faf,id,id,UCL SynthEye synthetic FAF,train,b7c2e32bac1d2a06289d76aa89e40d2b8f94ca06fd8e647735102b2d05114df4,,,,,,synthetic_heidelberg,pending_manual_review,syntheye_class=unavailable; synthetic_id_faf
images/dissertation_v1/id/train/id_train_000557.png,0,train,synthetic_faf,id,id,UCL SynthEye synthetic FAF,train,2b82b22dd85bbc2d718b77da60995540090537f2259d3146e6db86c64c7178dd,,,,,,synthetic_heidelberg,pending_manual_review,syntheye_class=unavailable; synthetic_id_faf
images/dissertation_v1/id/train/id_train_000558.png,0,train,synthetic_faf,id,id,UCL SynthEye synthetic FAF,train,a1d07f4693aa2eaadec90399697865bbb492c8bfe663110dfc294553624812d5,,,,,,synthetic_heidelberg,pending_manual_review,syntheye_class=unavailable; synthetic_id_faf
images/dissertation_v1/id/train/id_train_000559.png,0,train,synthetic_faf,id,id,UCL SynthEye synthetic FAF,train,b355ec4ac00e52a6e36a34b09522f8ebe8c2219a764c1c478bc73e8849139c8e,,,,,,synthetic_heidelberg,pending_manual_review,syntheye_class=unavailable; synthetic_id_faf
images/dissertation_v1/id/train/id_train_000560.png,0,train,synthetic_faf,id,id,UCL SynthEye synthetic FAF,train,c36979a717424cef54d93d0ab51c230ec03bdd6443bf01ae7ec181de07eed3e7,,,,,,synthetic_heidelberg,pending_manual_review,syntheye_class=unavailable; synthetic_id_faf
images/dissertation_v1/id/train/id_train_000561.png,0,train,synthetic_faf,id,id,UCL SynthEye synthetic FAF,train,fbd0f6aeaf0251fdd956ff8c98b270733ad2ebf7a35da20772e96573e6982c2b,,,,,,synthetic_heidelberg,pending_manual_review,syntheye_class=unavailable; synthetic_id_faf
images/dissertation_v1/id/train/id_train_000562.png,0,train,synthetic_faf,id,id,UCL SynthEye synthetic FAF,train,394fb2a120bb08382e35c9673c09b099011fb1202aa431fca5a97b97af120980,,,,,,synthetic_heidelberg,pending_manual_review,syntheye_class=unavailable; synthetic_id_faf
images/dissertation_v1/id/train/id_train_000563.png,0,train,synthetic_faf,id,id,UCL SynthEye synthetic FAF,train,0f924ff3ad0dca65807bad3dde6c7b20352d99b42e39f8f611e3ee5162d0cf09,,,,,,synthetic_heidelberg,pending_manual_review,syntheye_class=unavailable; synthetic_id_faf
images/dissertation_v1/id/train/id_train_000564.png,0,train,synthetic_faf,id,id,UCL SynthEye synthetic FAF,train,40144fb32fe7852be3498358f5cf91ba4c2569b1f6bcc4196ee2550e64be9628,,,,,,synthetic_heidelberg,pending_manual_review,syntheye_class=unavailable; synthetic_id_faf
images/dissertation_v1/id/train/id_train_000565.png,0,train,synthetic_faf,id,id,UCL SynthEye synthetic FAF,train,79d7ef2d9d80ad7e561c69c6bb86563c3def95e3235be80c6230ee0fd5d3e0b0,,,,,,synthetic_heidelberg,pending_manual_review,syntheye_class=unavailable; synthetic_id_faf
images/dissertation_v1/id/train/id_train_000566.png,0,train,synthetic_faf,id,id,UCL SynthEye synthetic FAF,train,14fc91a4416ef96ad707febf1696d9955dc5cfc0d09d3f6457de6dd8029cb5d2,,,,,,synthetic_heidelberg,pending_manual_review,syntheye_class=unavailable; synthetic_id_faf
images/dissertation_v1/id/train/id_train_000567.png,0,train,synthetic_faf,id,id,UCL SynthEye synthetic FAF,train,eb385afaed9337bed7728ac5d1602a0c6b5f1d227fe47f15e1bcfe941e3af9fa,,,,,,synthetic_heidelberg,pending_manual_review,syntheye_class=unavailable; synthetic_id_faf
images/dissertation_v1/id/train/id_train_000568.png,0,train,synthetic_faf,id,id,UCL SynthEye synthetic FAF,train,0a702be8b13f34863a744f5668b8e39bed57edfba3edd0e32f0c6690ef1d7e76,,,,,,synthetic_heidelberg,pending_manual_review,syntheye_class=unavailable; synthetic_id_faf
images/dissertation_v1/id/train/id_train_000569.png,0,train,synthetic_faf,id,id,UCL SynthEye synthetic FAF,train,ec4d6324ce1255ae4a4583d581cc69d7fdc0c77e58e6f0c442773792df0c9853,,,,,,synthetic_heidelberg,pending_manual_review,syntheye_class=unavailable; synthetic_id_faf
images/dissertation_v1/id/train/id_train_000570.png,0,train,synthetic_faf,id,id,UCL SynthEye synthetic FAF,train,cf2dc730985aaec4cb5340a37925fe9f49e822a49f8cfd0d295339ab2afdde70,,,,,,synthetic_heidelberg,pending_manual_review,syntheye_class=unavailable; synthetic_id_faf
images/dissertation_v1/id/train/id_train_000571.png,0,train,synthetic_faf,id,id,UCL SynthEye synthetic FAF,train,c3f1ffcd409d95527d816616e89d89fbb3cf1c38a2e984278218fa01f888717d,,,,,,synthetic_heidelberg,pending_manual_review,syntheye_class=unavailable; synthetic_id_faf
images/dissertation_v1/id/train/id_train_000572.png,0,train,synthetic_faf,id,id,UCL SynthEye synthetic FAF,train,1dafdffe80d1c9d84e8266e7a9ff9b4ed0743f7077fb123bdebf81815342199d,,,,,,synthetic_heidelberg,pending_manual_review,syntheye_class=unavailable; synthetic_id_faf
images/dissertation_v1/id/train/id_train_000573.png,0,train,synthetic_faf,id,id,UCL SynthEye synthetic FAF,train,ed33a95a7875106480b8b352b5d58b3a68cddd52e97a3eb9810e77a66d0cc272,,,,,,synthetic_heidelberg,pending_manual_review,syntheye_class=unavailable; synthetic_id_faf
images/dissertation_v1/id/train/id_train_000574.png,0,train,synthetic_faf,id,id,UCL SynthEye synthetic FAF,train,3a1c523d3b070121c37c8f0679c49ed413e52bc7f95d78d01bf821917f428380,,,,,,synthetic_heidelberg,pending_manual_review,syntheye_class=unavailable; synthetic_id_faf
images/dissertation_v1/id/train/id_train_000575.png,0,train,synthetic_faf,id,id,UCL SynthEye synthetic FAF,train,869c64135c5b035a0f110bb0368b347e88411c651577371a2671aa7fef3664c1,,,,,,synthetic_heidelberg,pending_manual_review,syntheye_class=unavailable; synthetic_id_faf
images/dissertation_v1/id/train/id_train_000576.png,0,train,synthetic_faf,id,id,UCL SynthEye synthetic FAF,train,f473be34277588a408b2146dcc047399adfcda8fec8e20c1c98d0f553ea360c8,,,,,,synthetic_heidelberg,pending_manual_review,syntheye_class=unavailable; synthetic_id_faf
images/dissertation_v1/id/train/id_train_000577.png,0,train,synthetic_faf,id,id,UCL SynthEye synthetic FAF,train,8494164e2beb579fc7c665b4aee26db9832fd4b334d0685897a36b249c45a66b,,,,,,synthetic_heidelberg,pending_manual_review,syntheye_class=unavailable; synthetic_id_faf
images/dissertation_v1/id/train/id_train_000578.png,0,train,synthetic_faf,id,id,UCL SynthEye synthetic FAF,train,d78b03bf92da5eec250c0d4c9a70ea9925f4b2ee0b238f85e49eeffdc1051d8b,,,,,,synthetic_heidelberg,pending_manual_review,syntheye_class=unavailable; synthetic_id_faf
images/dissertation_v1/id/train/id_train_000579.png,0,train,synthetic_faf,id,id,UCL SynthEye synthetic FAF,train,4c42bc390d7347d7668787676e4c0d355aa8112b9c0e8702ca21cd55f6fdddd4,,,,,,synthetic_heidelberg,pending_manual_review,syntheye_class=unavailable; synthetic_id_faf
images/dissertation_v1/id/train/id_train_000580.png,0,train,synthetic_faf,id,id,UCL SynthEye synthetic FAF,train,d421f9cf631753469f580b07314abc99a8ab141cae566b2dd090e402366a69a5,,,,,,synthetic_heidelberg,pending_manual_review,syntheye_class=unavailable; synthetic_id_faf
images/dissertation_v1/id/train/id_train_000581.png,0,train,synthetic_faf,id,id,UCL SynthEye synthetic FAF,train,ef2a505cd6287561504e4f0e8823d1a6dd13cb5b6133ef3fa0a91531f98fe715,,,,,,synthetic_heidelberg,pending_manual_review,syntheye_class=unavailable; synthetic_id_faf
images/dissertation_v1/id/train/id_train_000582.png,0,train,synthetic_faf,id,id,UCL SynthEye synthetic FAF,train,17ca87281284734f84b500d79cae172cf0d62bed60f67494c43a240f2981df0e,,,,,,synthetic_heidelberg,pending_manual_review,syntheye_class=unavailable; synthetic_id_faf
images/dissertation_v1/id/train/id_train_000583.png,0,train,synthetic_faf,id,id,UCL SynthEye synthetic FAF,train,da4511b64cdf8c73d0219ba9201d46d5b06872a8c631e7d373b2eaa04ddb01c2,,,,,,synthetic_heidelberg,pending_manual_review,syntheye_class=unavailable; synthetic_id_faf
images/dissertation_v1/id/train/id_train_000584.png,0,train,synthetic_faf,id,id,UCL SynthEye synthetic FAF,train,ba3fb30b08b9086cc0e54645288cf1ac11a6054f33979047c005b980865924f1,,,,,,synthetic_heidelberg,pending_manual_review,syntheye_class=unavailable; synthetic_id_faf
images/dissertation_v1/id/train/id_train_000585.png,0,train,synthetic_faf,id,id,UCL SynthEye synthetic FAF,train,bf1b6e470894dfc6600caefb0d29953f7c14a7329328d23b5a5a88f9881dd82c,,,,,,synthetic_heidelberg,pending_manual_review,syntheye_class=unavailable; synthetic_id_faf
images/dissertation_v1/id/train/id_train_000586.png,0,train,synthetic_faf,id,id,UCL SynthEye synthetic FAF,train,bf1f9b46f0e8a4ed51d8af56bc132b21650565bf8b8fc55fc276903bbea8bfe6,,,,,,synthetic_heidelberg,pending_manual_review,syntheye_class=unavailable; synthetic_id_faf
images/dissertation_v1/id/train/id_train_000587.png,0,train,synthetic_faf,id,id,UCL SynthEye synthetic FAF,train,d3c1b30670320b1100be7acb7b8b30b418a0e87446dc8b2d69a26c55bebd085d,,,,,,synthetic_heidelberg,pending_manual_review,syntheye_class=unavailable; synthetic_id_faf
images/dissertation_v1/id/train/id_train_000588.png,0,train,synthetic_faf,id,id,UCL SynthEye synthetic FAF,train,970713aea66ea2fec2267e11bd88594823c44342bfdd8a901f9a5f0522409bc6,,,,,,synthetic_heidelberg,pending_manual_review,syntheye_class=unavailable; synthetic_id_faf
images/dissertation_v1/id/train/id_train_000589.png,0,train,synthetic_faf,id,id,UCL SynthEye synthetic FAF,train,3c2b57550c7dbff6d3bd08eb5b1c3765fe62e6532c84962bb3abf1656cbadbe4,,,,,,synthetic_heidelberg,pending_manual_review,syntheye_class=unavailable; synthetic_id_faf
images/dissertation_v1/id/train/id_train_000590.png,0,train,synthetic_faf,id,id,UCL SynthEye synthetic FAF,train,4001dc4a81932e0113b20fba03d4a7b6513901715f338210e9f753c0ccf334d7,,,,,,synthetic_heidelberg,pending_manual_review,syntheye_class=unavailable; synthetic_id_faf
images/dissertation_v1/id/train/id_train_000591.png,0,train,synthetic_faf,id,id,UCL SynthEye synthetic FAF,train,599ffd959289f23091b90c56308a37464f3b798fbf7e944a3593a06ac010059d,,,,,,synthetic_heidelberg,pending_manual_review,syntheye_class=unavailable; synthetic_id_faf
images/dissertation_v1/id/train/id_train_000592.png,0,train,synthetic_faf,id,id,UCL SynthEye synthetic FAF,train,31fc56e7a176c8dba8b299a9b554c6cb05a0cc85844b70800962746071177255,,,,,,synthetic_heidelberg,pending_manual_review,syntheye_class=unavailable; synthetic_id_faf
images/dissertation_v1/id/train/id_train_000593.png,0,train,synthetic_faf,id,id,UCL SynthEye synthetic FAF,train,5e7a727de8f0dfd214c114af66b36ca7190b082b2e0763c9116c60d7b096984d,,,,,,synthetic_heidelberg,pending_manual_review,syntheye_class=unavailable; synthetic_id_faf
images/dissertation_v1/id/train/id_train_000594.png,0,train,synthetic_faf,id,id,UCL SynthEye synthetic FAF,train,7ba7a97965ffe040ba32481a9dcc871a0182011cafe44804bd054651de4b8328,,,,,,synthetic_heidelberg,pending_manual_review,syntheye_class=unavailable; synthetic_id_faf
images/dissertation_v1/id/train/id_train_000595.png,0,train,synthetic_faf,id,id,UCL SynthEye synthetic FAF,train,2a3c8df72fdd792b9e6737599960bd8f5a0643d224a34088d87d49379d28a375,,,,,,synthetic_heidelberg,pending_manual_review,syntheye_class=unavailable; synthetic_id_faf
images/dissertation_v1/id/train/id_train_000596.png,0,train,synthetic_faf,id,id,UCL SynthEye synthetic FAF,train,fd83924ac52fbcdaaeba4d83ff5edfcac99d28ed983b711a623477d65bdb1284,,,,,,synthetic_heidelberg,pending_manual_review,syntheye_class=unavailable; synthetic_id_faf
images/dissertation_v1/id/train/id_train_000597.png,0,train,synthetic_faf,id,id,UCL SynthEye synthetic FAF,train,4885214bf4a9756a7efe43a372ad18607499afbeda85450fdd6253cb2154ce9c,,,,,,synthetic_heidelberg,pending_manual_review,syntheye_class=unavailable; synthetic_id_faf
images/dissertation_v1/id/train/id_train_000598.png,0,train,synthetic_faf,id,id,UCL SynthEye synthetic FAF,train,5ccf2624d330fe091dffa265128766e0d2ddc5228c21d17fb8a8783fb85d5d31,,,,,,synthetic_heidelberg,pending_manual_review,syntheye_class=unavailable; synthetic_id_faf
images/dissertation_v1/id/train/id_train_000599.png,0,train,synthetic_faf,id,id,UCL SynthEye synthetic FAF,train,46324cbd0a2ec93f914a7b59fab353f824e08e50a04ca54e864c084cbd7ce0c7,,,,,,synthetic_heidelberg,pending_manual_review,syntheye_class=unavailable; synthetic_id_faf
images/dissertation_v1/id/train/id_train_000600.png,0,train,synthetic_faf,id,id,UCL SynthEye synthetic FAF,train,68624169486ab0fcc187c4ead4ced2163c3fb281dddec2e066ab279326fac825,,,,,,synthetic_heidelberg,pending_manual_review,syntheye_class=unavailable; synthetic_id_faf
images/dissertation_v1/id/train/id_train_000601.png,0,train,synthetic_faf,id,id,UCL SynthEye synthetic FAF,train,1f7f239ea6b573627c17795afa93ca08e49b0c9c091ea3d015d0f8274d33f520,,,,,,synthetic_heidelberg,pending_manual_review,syntheye_class=unavailable; synthetic_id_faf
images/dissertation_v1/id/train/id_train_000602.png,0,train,synthetic_faf,id,id,UCL SynthEye synthetic FAF,train,58ddb99aabc07571b701392f5822a456258032e09dee14a6fa28a8b961b1bc78,,,,,,synthetic_heidelberg,pending_manual_review,syntheye_class=unavailable; synthetic_id_faf
images/dissertation_v1/id/train/id_train_000603.png,0,train,synthetic_faf,id,id,UCL SynthEye synthetic FAF,train,9b4adbd63dacf78abe4b0bbb51c043f5176200a50d1325f9101df39a3669424c,,,,,,synthetic_heidelberg,pending_manual_review,syntheye_class=unavailable; synthetic_id_faf
images/dissertation_v1/id/train/id_train_000604.png,0,train,synthetic_faf,id,id,UCL SynthEye synthetic FAF,train,b2409fe97a258e08b7f8fbe308ab9904179cdb09a1952c64b6bc776c2802fc5b,,,,,,synthetic_heidelberg,pending_manual_review,syntheye_class=unavailable; synthetic_id_faf
images/dissertation_v1/id/train/id_train_000605.png,0,train,synthetic_faf,id,id,UCL SynthEye synthetic FAF,train,66cf21daf11d013318a92c8804d01b126b6deaba9ccd875ff7db80d6a817b073,,,,,,synthetic_heidelberg,pending_manual_review,syntheye_class=unavailable; synthetic_id_faf
images/dissertation_v1/id/train/id_train_000606.png,0,train,synthetic_faf,id,id,UCL SynthEye synthetic FAF,train,997ccab86e9a9737887dbae4252c3eb6832c0a6f007c2d6bf80d3dc1ea9ef829,,,,,,synthetic_heidelberg,pending_manual_review,syntheye_class=unavailable; synthetic_id_faf
images/dissertation_v1/id/train/id_train_000607.png,0,train,synthetic_faf,id,id,UCL SynthEye synthetic FAF,train,bd1473bc14fec9fc2c23182ca26ee3fc8310c8cc56564d37460ad4f8e24098b2,,,,,,synthetic_heidelberg,pending_manual_review,syntheye_class=unavailable; synthetic_id_faf
images/dissertation_v1/id/train/id_train_000608.png,0,train,synthetic_faf,id,id,UCL SynthEye synthetic FAF,train,6fa244729a8fce3114bdd2e1aa7739a0f0f72aeac622ef043937db2b8891db08,,,,,,synthetic_heidelberg,pending_manual_review,syntheye_class=unavailable; synthetic_id_faf
images/dissertation_v1/id/train/id_train_000609.png,0,train,synthetic_faf,id,id,UCL SynthEye synthetic FAF,train,9f8454fe7d35ab8b2ea5bf0c52ecd33190683e9ec8675cf2323a1effeecddad3,,,,,,synthetic_heidelberg,pending_manual_review,syntheye_class=unavailable; synthetic_id_faf
images/dissertation_v1/id/train/id_train_000610.png,0,train,synthetic_faf,id,id,UCL SynthEye synthetic FAF,train,39a123db0a1d4537f1edad9199a38a29d5e28c2cd7df968ae2b35be1da290e74,,,,,,synthetic_heidelberg,pending_manual_review,syntheye_class=unavailable; synthetic_id_faf
images/dissertation_v1/id/train/id_train_000611.png,0,train,synthetic_faf,id,id,UCL SynthEye synthetic FAF,train,175e17579e3911b255911e97070d2aedea9c043763e9184ed4ebf1f13ed8654a,,,,,,synthetic_heidelberg,pending_manual_review,syntheye_class=unavailable; synthetic_id_faf
images/dissertation_v1/id/train/id_train_000612.png,0,train,synthetic_faf,id,id,UCL SynthEye synthetic FAF,train,85c80ba66cfcb9ac1869870befdab912220118e91c94246879f2e7a228992710,,,,,,synthetic_heidelberg,pending_manual_review,syntheye_class=unavailable; synthetic_id_faf
images/dissertation_v1/id/train/id_train_000613.png,0,train,synthetic_faf,id,id,UCL SynthEye synthetic FAF,train,deb6763a52b99db8c64f6a7fb77b9341b6a0ec36f93cca1b2ac7065be10523c9,,,,,,synthetic_heidelberg,pending_manual_review,syntheye_class=unavailable; synthetic_id_faf
images/dissertation_v1/id/train/id_train_000614.png,0,train,synthetic_faf,id,id,UCL SynthEye synthetic FAF,train,0c32e574a337d1a407ac0d58010f4984264c9d9b2d8756ef708c37e13249baea,,,,,,synthetic_heidelberg,pending_manual_review,syntheye_class=unavailable; synthetic_id_faf
images/dissertation_v1/id/train/id_train_000615.png,0,train,synthetic_faf,id,id,UCL SynthEye synthetic FAF,train,16a5bb0dd76617f9b22c6b25ec259dcf3d1a4e1bbd946148216d3dcf43ed1aac,,,,,,synthetic_heidelberg,pending_manual_review,syntheye_class=unavailable; synthetic_id_faf
images/dissertation_v1/id/train/id_train_000616.png,0,train,synthetic_faf,id,id,UCL SynthEye synthetic FAF,train,f026f1f76abb0afab4426544712c002cd774d2c9c6bf2050be9431129bcd341a,,,,,,synthetic_heidelberg,pending_manual_review,syntheye_class=unavailable; synthetic_id_faf
images/dissertation_v1/id/train/id_train_000617.png,0,train,synthetic_faf,id,id,UCL SynthEye synthetic FAF,train,f1a96479d07c994a01c8f7d33804cb7118498a02dbf293d6dd1f9d4a9b9dcd51,,,,,,synthetic_heidelberg,pending_manual_review,syntheye_class=unavailable; synthetic_id_faf
images/dissertation_v1/id/train/id_train_000618.png,0,train,synthetic_faf,id,id,UCL SynthEye synthetic FAF,train,6089bffabbc908ff024c6d7e1812fe8e406574c779fc39d0f077552e843163a4,,,,,,synthetic_heidelberg,pending_manual_review,syntheye_class=unavailable; synthetic_id_faf
images/dissertation_v1/id/train/id_train_000619.png,0,train,synthetic_faf,id,id,UCL SynthEye synthetic FAF,train,0f27cf7f99ca4806fdbbd896575529164874efadf4adbe5454473eb3b3a16c8a,,,,,,synthetic_heidelberg,pending_manual_review,syntheye_class=unavailable; synthetic_id_faf
images/dissertation_v1/id/train/id_train_000620.png,0,train,synthetic_faf,id,id,UCL SynthEye synthetic FAF,train,62859e51c1237bbc7b2dc32e39e173fd57316c42ad5ea13deffc4e4af1b5b881,,,,,,synthetic_heidelberg,pending_manual_review,syntheye_class=unavailable; synthetic_id_faf
images/dissertation_v1/id/train/id_train_000621.png,0,train,synthetic_faf,id,id,UCL SynthEye synthetic FAF,train,7e191325f8646bf213a32cd09e86245124831b7fa5048656269e34e129992864,,,,,,synthetic_heidelberg,pending_manual_review,syntheye_class=unavailable; synthetic_id_faf
images/dissertation_v1/id/train/id_train_000622.png,0,train,synthetic_faf,id,id,UCL SynthEye synthetic FAF,train,3230645eacb5cee46feefcafda9371d5ff1848204b84857b74507dd6f93f5d5d,,,,,,synthetic_heidelberg,pending_manual_review,syntheye_class=unavailable; synthetic_id_faf
images/dissertation_v1/id/train/id_train_000623.png,0,train,synthetic_faf,id,id,UCL SynthEye synthetic FAF,train,85378e9150be7d429ed649dd80f195bb131e41ea0c4cf254dea6d5960745fe67,,,,,,synthetic_heidelberg,pending_manual_review,syntheye_class=unavailable; synthetic_id_faf
images/dissertation_v1/id/train/id_train_000624.png,0,train,synthetic_faf,id,id,UCL SynthEye synthetic FAF,train,246c9d1dc24a08d7c8a88d3e43d6a83b6b6026d4716ee962be1782911701600a,,,,,,synthetic_heidelberg,pending_manual_review,syntheye_class=unavailable; synthetic_id_faf
images/dissertation_v1/id/train/id_train_000625.png,0,train,synthetic_faf,id,id,UCL SynthEye synthetic FAF,train,2b089f9b4c0c304de63f28ead15a21e095ee2dc439e47508ed6127db561f0a8c,,,,,,synthetic_heidelberg,pending_manual_review,syntheye_class=unavailable; synthetic_id_faf
images/dissertation_v1/id/train/id_train_000626.png,0,train,synthetic_faf,id,id,UCL SynthEye synthetic FAF,train,66386e0ccea7c4572f6c148e6be57936086df0ee0be1a4c30709ac53f94f194e,,,,,,synthetic_heidelberg,pending_manual_review,syntheye_class=unavailable; synthetic_id_faf
images/dissertation_v1/id/train/id_train_000627.png,0,train,synthetic_faf,id,id,UCL SynthEye synthetic FAF,train,5ca1678cbbeec11fc31f80c1a4c0a5ada4c2b5986580679ea2604c1a6f78f9a7,,,,,,synthetic_heidelberg,pending_manual_review,syntheye_class=unavailable; synthetic_id_faf
images/dissertation_v1/id/train/id_train_000628.png,0,train,synthetic_faf,id,id,UCL SynthEye synthetic FAF,train,ba2d5bbbc4859a61bf371de2cc0a1dae6739a9de12465e2dcba8731e99f684df,,,,,,synthetic_heidelberg,pending_manual_review,syntheye_class=unavailable; synthetic_id_faf
images/dissertation_v1/id/train/id_train_000629.png,0,train,synthetic_faf,id,id,UCL SynthEye synthetic FAF,train,8e17c92c811784ce16b63ca01eff8cce78603b2b9d3e3ffe8aaa3da607a5d2ba,,,,,,synthetic_heidelberg,pending_manual_review,syntheye_class=unavailable; synthetic_id_faf
images/dissertation_v1/id/train/id_train_000630.png,0,train,synthetic_faf,id,id,UCL SynthEye synthetic FAF,train,55363897da577c8890b4209e8d8e20e78d58015d662625839caa8b1f7388d19a,,,,,,synthetic_heidelberg,pending_manual_review,syntheye_class=unavailable; synthetic_id_faf
images/dissertation_v1/id/train/id_train_000631.png,0,train,synthetic_faf,id,id,UCL SynthEye synthetic FAF,train,a9176fd7ddb173aec1ea6894e952dc6503022651a2d6d35400e00fd13ac689d3,,,,,,synthetic_heidelberg,pending_manual_review,syntheye_class=unavailable; synthetic_id_faf
images/dissertation_v1/id/train/id_train_000632.png,0,train,synthetic_faf,id,id,UCL SynthEye synthetic FAF,train,7203d8556636b11a44a702ce9e9aac575b57b55ab40140349d7c8f6c8991a10c,,,,,,synthetic_heidelberg,pending_manual_review,syntheye_class=unavailable; synthetic_id_faf
images/dissertation_v1/id/train/id_train_000633.png,0,train,synthetic_faf,id,id,UCL SynthEye synthetic FAF,train,a790f30ff4ab6e424c6fa00374c2f78ee5f97ae07b0facf5d7532899cdca2c11,,,,,,synthetic_heidelberg,pending_manual_review,syntheye_class=unavailable; synthetic_id_faf
images/dissertation_v1/id/train/id_train_000634.png,0,train,synthetic_faf,id,id,UCL SynthEye synthetic FAF,train,a68e32be46c60383d3ef27715d1319066822f834a964ccd8bf4247b0848eddad,,,,,,synthetic_heidelberg,pending_manual_review,syntheye_class=unavailable; synthetic_id_faf
images/dissertation_v1/id/train/id_train_000635.png,0,train,synthetic_faf,id,id,UCL SynthEye synthetic FAF,train,4cc5d2c3b8a928a0b54bd14111b776b21e25286293c460848dbc289ab3771e0f,,,,,,synthetic_heidelberg,pending_manual_review,syntheye_class=unavailable; synthetic_id_faf
images/dissertation_v1/id/train/id_train_000636.png,0,train,synthetic_faf,id,id,UCL SynthEye synthetic FAF,train,53f0255f8ed3c16d8bb1a3c7b6257ad8e44326929430e9880d77d03e3cbd417d,,,,,,synthetic_heidelberg,pending_manual_review,syntheye_class=unavailable; synthetic_id_faf
images/dissertation_v1/id/train/id_train_000637.png,0,train,synthetic_faf,id,id,UCL SynthEye synthetic FAF,train,3a2f9a24f2d401b591fb75ef2510282c6d8e736c786cb8312a1541fea4600de8,,,,,,synthetic_heidelberg,pending_manual_review,syntheye_class=unavailable; synthetic_id_faf
images/dissertation_v1/id/train/id_train_000638.png,0,train,synthetic_faf,id,id,UCL SynthEye synthetic FAF,train,040d322b6b53cb046319452ed4fef02ac6edb69c22d70e10ddc2dee0c0b28c4b,,,,,,synthetic_heidelberg,pending_manual_review,syntheye_class=unavailable; synthetic_id_faf
images/dissertation_v1/id/train/id_train_000639.png,0,train,synthetic_faf,id,id,UCL SynthEye synthetic FAF,train,ce8f5bfdd320e5aa036d423ce56e64876ecd9c55020416fc4fda74bd16b9314c,,,,,,synthetic_heidelberg,pending_manual_review,syntheye_class=unavailable; synthetic_id_faf
images/dissertation_v1/id/train/id_train_000640.png,0,train,synthetic_faf,id,id,UCL SynthEye synthetic FAF,train,36e5247e74f523acd1552e92cd9c8864e5d66b8fb2e7cb39fd9a441d487f1564,,,,,,synthetic_heidelberg,pending_manual_review,syntheye_class=unavailable; synthetic_id_faf
images/dissertation_v1/id/train/id_train_000641.png,0,train,synthetic_faf,id,id,UCL SynthEye synthetic FAF,train,91f21b655b00fcc76baf647fd9a65d7dbfccfaaabe6c785fa30405d3f2b15e46,,,,,,synthetic_heidelberg,pending_manual_review,syntheye_class=unavailable; synthetic_id_faf
images/dissertation_v1/id/train/id_train_000642.png,0,train,synthetic_faf,id,id,UCL SynthEye synthetic FAF,train,3b69aa8fb6933466f369b2a68c92a5b5f200939204c91333c83f320c9a87262b,,,,,,synthetic_heidelberg,pending_manual_review,syntheye_class=unavailable; synthetic_id_faf
images/dissertation_v1/id/train/id_train_000643.png,0,train,synthetic_faf,id,id,UCL SynthEye synthetic FAF,train,1c314e5ada2250ed3418b0b7b450eff91cb89e3bc7401aeda1fbd128d3c95a65,,,,,,synthetic_heidelberg,pending_manual_review,syntheye_class=unavailable; synthetic_id_faf
images/dissertation_v1/id/train/id_train_000644.png,0,train,synthetic_faf,id,id,UCL SynthEye synthetic FAF,train,d261408cc3d73f3b94edd91fdeb74a1f0b15b6e985a3af521e8a0844c8893db9,,,,,,synthetic_heidelberg,pending_manual_review,syntheye_class=unavailable; synthetic_id_faf
images/dissertation_v1/id/train/id_train_000645.png,0,train,synthetic_faf,id,id,UCL SynthEye synthetic FAF,train,48ace2b6249c15a70d9a9e75620bff7701fd408c320350c5f86528e980cb9942,,,,,,synthetic_heidelberg,pending_manual_review,syntheye_class=unavailable; synthetic_id_faf
images/dissertation_v1/id/train/id_train_000646.png,0,train,synthetic_faf,id,id,UCL SynthEye synthetic FAF,train,72aa5be6a8b64b6643daa99ba98c9ccdd0551b10db0407eb346076a0119cbf3b,,,,,,synthetic_heidelberg,pending_manual_review,syntheye_class=unavailable; synthetic_id_faf
images/dissertation_v1/id/train/id_train_000647.png,0,train,synthetic_faf,id,id,UCL SynthEye synthetic FAF,train,15bd23884c01fc357da8179167197cb23c986c395ce163b5c37affc2696ef10d,,,,,,synthetic_heidelberg,pending_manual_review,syntheye_class=unavailable; synthetic_id_faf
images/dissertation_v1/id/train/id_train_000648.png,0,train,synthetic_faf,id,id,UCL SynthEye synthetic FAF,train,2530367c1d9cd771a8c16b8b60c7f0780b09b15b82105893bd71bc543fc98ba8,,,,,,synthetic_heidelberg,pending_manual_review,syntheye_class=unavailable; synthetic_id_faf
images/dissertation_v1/id/train/id_train_000649.png,0,train,synthetic_faf,id,id,UCL SynthEye synthetic FAF,train,a986bbbf26dc1d43bfb49dfa52403c644f1c5b34eb33d080f435a6256d12c6fe,,,,,,synthetic_heidelberg,pending_manual_review,syntheye_class=unavailable; synthetic_id_faf
images/dissertation_v1/id/train/id_train_000650.png,0,train,synthetic_faf,id,id,UCL SynthEye synthetic FAF,train,2780636ca79f991fd19a3809e4ae3a63b4e3ba75eb8a84e19e920ee6bd08e900,,,,,,synthetic_heidelberg,pending_manual_review,syntheye_class=unavailable; synthetic_id_faf
images/dissertation_v1/id/train/id_train_000651.png,0,train,synthetic_faf,id,id,UCL SynthEye synthetic FAF,train,af9e2005539cd7a3cbb5d2779a783c2af8c2f57c4efee1398f83944305f9af23,,,,,,synthetic_heidelberg,pending_manual_review,syntheye_class=unavailable; synthetic_id_faf
images/dissertation_v1/id/train/id_train_000652.png,0,train,synthetic_faf,id,id,UCL SynthEye synthetic FAF,train,36966f52ef7cfb430bd4df2c0a43215e2e3efa30f574303867c0c9fc2a8c7ff5,,,,,,synthetic_heidelberg,pending_manual_review,syntheye_class=unavailable; synthetic_id_faf
images/dissertation_v1/id/train/id_train_000653.png,0,train,synthetic_faf,id,id,UCL SynthEye synthetic FAF,train,168dd5b1843d95e2330bc207f75925818871ec6bfd1611ea9cc5eced2f1c80dd,,,,,,synthetic_heidelberg,pending_manual_review,syntheye_class=unavailable; synthetic_id_faf
images/dissertation_v1/id/train/id_train_000654.png,0,train,synthetic_faf,id,id,UCL SynthEye synthetic FAF,train,6e66e45330ca24b94f6c19034e5ba4f7ad685813987f6507b29761f63e0802b7,,,,,,synthetic_heidelberg,pending_manual_review,syntheye_class=unavailable; synthetic_id_faf
images/dissertation_v1/id/train/id_train_000655.png,0,train,synthetic_faf,id,id,UCL SynthEye synthetic FAF,train,e2b835f0e425f6f8d27a39fc22708f0486ece72c5fc7b8f1d298e3b0fb7a883e,,,,,,synthetic_heidelberg,pending_manual_review,syntheye_class=unavailable; synthetic_id_faf
images/dissertation_v1/id/train/id_train_000656.png,0,train,synthetic_faf,id,id,UCL SynthEye synthetic FAF,train,f15fd197b3b888d51cff563dce47d4673a413d3d47b567cd40da71369c3822d6,,,,,,synthetic_heidelberg,pending_manual_review,syntheye_class=unavailable; synthetic_id_faf
images/dissertation_v1/id/train/id_train_000657.png,0,train,synthetic_faf,id,id,UCL SynthEye synthetic FAF,train,aa63067a0c1dcdec548914b8039c786c4c002007ca97894ebb979286123f1360,,,,,,synthetic_heidelberg,pending_manual_review,syntheye_class=unavailable; synthetic_id_faf
images/dissertation_v1/id/train/id_train_000658.png,0,train,synthetic_faf,id,id,UCL SynthEye synthetic FAF,train,3324048e5fbb9103546262c0cbaff221269c12f5aedd02f89d6c52636154083c,,,,,,synthetic_heidelberg,pending_manual_review,syntheye_class=unavailable; synthetic_id_faf
images/dissertation_v1/id/train/id_train_000659.png,0,train,synthetic_faf,id,id,UCL SynthEye synthetic FAF,train,c2d439e3cb9292e159d171a7169eb08735d38875a1cd83f83590c1b8fe95cc76,,,,,,synthetic_heidelberg,pending_manual_review,syntheye_class=unavailable; synthetic_id_faf
images/dissertation_v1/id/train/id_train_000660.png,0,train,synthetic_faf,id,id,UCL SynthEye synthetic FAF,train,c85777f6bb47798b786545b92fc375fa88f9ba25bb4d8a833a606dc86182b774,,,,,,synthetic_heidelberg,pending_manual_review,syntheye_class=unavailable; synthetic_id_faf
images/dissertation_v1/id/train/id_train_000661.png,0,train,synthetic_faf,id,id,UCL SynthEye synthetic FAF,train,fc91e6e4ce562731d8836405583955fdc8bf36c1445e9100bf040d8065a9ad96,,,,,,synthetic_heidelberg,pending_manual_review,syntheye_class=unavailable; synthetic_id_faf
images/dissertation_v1/id/train/id_train_000662.png,0,train,synthetic_faf,id,id,UCL SynthEye synthetic FAF,train,a671c0ee33523329ead45f2c666f7510a32b76199da4625ac0bebb2a9391170e,,,,,,synthetic_heidelberg,pending_manual_review,syntheye_class=unavailable; synthetic_id_faf
images/dissertation_v1/id/train/id_train_000663.png,0,train,synthetic_faf,id,id,UCL SynthEye synthetic FAF,train,a12e75144258848e8346c0cc99579c5b1a602e9a9d95edfdf063a26f6d2c1e32,,,,,,synthetic_heidelberg,pending_manual_review,syntheye_class=unavailable; synthetic_id_faf
images/dissertation_v1/id/train/id_train_000664.png,0,train,synthetic_faf,id,id,UCL SynthEye synthetic FAF,train,93b0c865077c2c90bb1dd743ab403894d0e62f4790a8e628282b06cbce721449,,,,,,synthetic_heidelberg,pending_manual_review,syntheye_class=unavailable; synthetic_id_faf
images/dissertation_v1/id/train/id_train_000665.png,0,train,synthetic_faf,id,id,UCL SynthEye synthetic FAF,train,bca69dc160892404959db251f3dbf09b018eca770159cefb1ccf7a1613b79776,,,,,,synthetic_heidelberg,pending_manual_review,syntheye_class=unavailable; synthetic_id_faf
images/dissertation_v1/id/train/id_train_000666.png,0,train,synthetic_faf,id,id,UCL SynthEye synthetic FAF,train,9f5a8727f1b543a017845202dddee5c7ed3d2038c1c14d3b2ca487f090c78e38,,,,,,synthetic_heidelberg,pending_manual_review,syntheye_class=unavailable; synthetic_id_faf
images/dissertation_v1/id/train/id_train_000667.png,0,train,synthetic_faf,id,id,UCL SynthEye synthetic FAF,train,d806b9f4dc8f98aba352f91abfad6284f0bd982857e1f2e83df255f0e2c3da4a,,,,,,synthetic_heidelberg,pending_manual_review,syntheye_class=unavailable; synthetic_id_faf
images/dissertation_v1/id/train/id_train_000668.png,0,train,synthetic_faf,id,id,UCL SynthEye synthetic FAF,train,9df9fd4c4c9b1e8fa84d625ac830a3d401bbdb571bcf03ef9b98a540561d337f,,,,,,synthetic_heidelberg,pending_manual_review,syntheye_class=unavailable; synthetic_id_faf
images/dissertation_v1/id/train/id_train_000669.png,0,train,synthetic_faf,id,id,UCL SynthEye synthetic FAF,train,c5693274f5cefb07140a82e0d125db10acfb678194f1bc7900a9d6f8fa1af0d6,,,,,,synthetic_heidelberg,pending_manual_review,syntheye_class=unavailable; synthetic_id_faf
images/dissertation_v1/id/train/id_train_000670.png,0,train,synthetic_faf,id,id,UCL SynthEye synthetic FAF,train,232ab3f4d087e98f52b4e1a40591d9e8c08b859c27a51489ad42ee0cefde3a40,,,,,,synthetic_heidelberg,pending_manual_review,syntheye_class=unavailable; synthetic_id_faf
images/dissertation_v1/id/train/id_train_000671.png,0,train,synthetic_faf,id,id,UCL SynthEye synthetic FAF,train,0cdc694836f1e8f9b6f02debcd032748260d7896ac6791cfc110e929813878df,,,,,,synthetic_heidelberg,pending_manual_review,syntheye_class=unavailable; synthetic_id_faf
images/dissertation_v1/id/train/id_train_000672.png,0,train,synthetic_faf,id,id,UCL SynthEye synthetic FAF,train,9916bd78652320c4666ec288da5553f8d532bf230e56240a8848e77be3cbee4c,,,,,,synthetic_heidelberg,pending_manual_review,syntheye_class=unavailable; synthetic_id_faf
images/dissertation_v1/id/train/id_train_000673.png,0,train,synthetic_faf,id,id,UCL SynthEye synthetic FAF,train,e4846d705421f231af8810a9dd3abb5afb254d1155991c869f5cf1a083e2f6bc,,,,,,synthetic_heidelberg,pending_manual_review,syntheye_class=unavailable; synthetic_id_faf
images/dissertation_v1/id/train/id_train_000674.png,0,train,synthetic_faf,id,id,UCL SynthEye synthetic FAF,train,b591b45fca2a54053f24955ad76a2211c446a7b44cdfc5550c6421156ca889d3,,,,,,synthetic_heidelberg,pending_manual_review,syntheye_class=unavailable; synthetic_id_faf
images/dissertation_v1/id/train/id_train_000675.png,0,train,synthetic_faf,id,id,UCL SynthEye synthetic FAF,train,0e3c86bbc7cf05d40af783dc386ddf3da556fd2c0df60806b65e8ac356b6b293,,,,,,synthetic_heidelberg,pending_manual_review,syntheye_class=unavailable; synthetic_id_faf
images/dissertation_v1/id/train/id_train_000676.png,0,train,synthetic_faf,id,id,UCL SynthEye synthetic FAF,train,e682987edfaadcf1dcfcae25e720e7fc0a904404e9dc50b28a2ea03efa89e523,,,,,,synthetic_heidelberg,pending_manual_review,syntheye_class=unavailable; synthetic_id_faf
images/dissertation_v1/id/train/id_train_000677.png,0,train,synthetic_faf,id,id,UCL SynthEye synthetic FAF,train,465a29dff96751e76e018968305eae051505ee44e816f03323d9bb62a9952005,,,,,,synthetic_heidelberg,pending_manual_review,syntheye_class=unavailable; synthetic_id_faf
images/dissertation_v1/id/train/id_train_000678.png,0,train,synthetic_faf,id,id,UCL SynthEye synthetic FAF,train,4cbf1df50b69286c6d3cea87a0c434c2ae449a979524291971b6c59d6e5aeffb,,,,,,synthetic_heidelberg,pending_manual_review,syntheye_class=unavailable; synthetic_id_faf
images/dissertation_v1/id/train/id_train_000679.png,0,train,synthetic_faf,id,id,UCL SynthEye synthetic FAF,train,59808a22590845b27b260d1dfe68cd3ebdfd7c855f25ede2a33f481374928c2e,,,,,,synthetic_heidelberg,pending_manual_review,syntheye_class=unavailable; synthetic_id_faf
images/dissertation_v1/id/train/id_train_000680.png,0,train,synthetic_faf,id,id,UCL SynthEye synthetic FAF,train,46cac4a7307232869fcae9336ffa0f2015498d17a5066a83c231fc573740ec6f,,,,,,synthetic_heidelberg,pending_manual_review,syntheye_class=unavailable; synthetic_id_faf
images/dissertation_v1/id/train/id_train_000681.png,0,train,synthetic_faf,id,id,UCL SynthEye synthetic FAF,train,a4e78b861ef9066ef7f64c5c57b0aa1e6ca048bbcde837ed2c9e2e9b7bf65d37,,,,,,synthetic_heidelberg,pending_manual_review,syntheye_class=unavailable; synthetic_id_faf
images/dissertation_v1/id/train/id_train_000682.png,0,train,synthetic_faf,id,id,UCL SynthEye synthetic FAF,train,ca39736d0e6d3b1c3c9c26dedd9f8fb6d9eef90c3d6ebe4c1590185ac1030bc2,,,,,,synthetic_heidelberg,pending_manual_review,syntheye_class=unavailable; synthetic_id_faf
images/dissertation_v1/id/train/id_train_000683.png,0,train,synthetic_faf,id,id,UCL SynthEye synthetic FAF,train,5a62a7d876f466d74747ef84bca6c6766d8c9bbb491a817bfd9d3a57f5c209b4,,,,,,synthetic_heidelberg,pending_manual_review,syntheye_class=unavailable; synthetic_id_faf
images/dissertation_v1/id/train/id_train_000684.png,0,train,synthetic_faf,id,id,UCL SynthEye synthetic FAF,train,06dcc693d3c21938c1b776e92ee843fdaacf487212dcca5833d78d3ea01e7233,,,,,,synthetic_heidelberg,pending_manual_review,syntheye_class=unavailable; synthetic_id_faf
images/dissertation_v1/id/train/id_train_000685.png,0,train,synthetic_faf,id,id,UCL SynthEye synthetic FAF,train,ddf657d09df9d83fabcda38b95c7c9153882a95270223f1eca2be9bfcb1f8c19,,,,,,synthetic_heidelberg,pending_manual_review,syntheye_class=unavailable; synthetic_id_faf
images/dissertation_v1/id/train/id_train_000686.png,0,train,synthetic_faf,id,id,UCL SynthEye synthetic FAF,train,1ce0d741af441727734a9728a1b9b779c3515bee0d1397beae2dc072483724f6,,,,,,synthetic_heidelberg,pending_manual_review,syntheye_class=unavailable; synthetic_id_faf
images/dissertation_v1/id/train/id_train_000687.png,0,train,synthetic_faf,id,id,UCL SynthEye synthetic FAF,train,01dce452a0d309e1bb1bdc7a6f5872a59e3c6e5b9cf7e50df3fd22e5747a22ca,,,,,,synthetic_heidelberg,pending_manual_review,syntheye_class=unavailable; synthetic_id_faf
images/dissertation_v1/id/train/id_train_000688.png,0,train,synthetic_faf,id,id,UCL SynthEye synthetic FAF,train,dd481b05006f39e18d4d6318c78da0cf9d2b828793aab159d7faedc3e85e45ad,,,,,,synthetic_heidelberg,pending_manual_review,syntheye_class=unavailable; synthetic_id_faf
images/dissertation_v1/id/train/id_train_000689.png,0,train,synthetic_faf,id,id,UCL SynthEye synthetic FAF,train,9588ed567e10668bb294662ef7590efc976cda890b3806663e5aee483dabb996,,,,,,synthetic_heidelberg,pending_manual_review,syntheye_class=unavailable; synthetic_id_faf
images/dissertation_v1/id/train/id_train_000690.png,0,train,synthetic_faf,id,id,UCL SynthEye synthetic FAF,train,31035cf95fca78cf5061be2b1df6db4083751217c18f867bd89dfae7bc918f7a,,,,,,synthetic_heidelberg,pending_manual_review,syntheye_class=unavailable; synthetic_id_faf
images/dissertation_v1/id/train/id_train_000691.png,0,train,synthetic_faf,id,id,UCL SynthEye synthetic FAF,train,630c86a3178cba1ac25cdcc14808ac4908429ebabf5d877fac01fdbe7990aff4,,,,,,synthetic_heidelberg,pending_manual_review,syntheye_class=unavailable; synthetic_id_faf
images/dissertation_v1/id/train/id_train_000692.png,0,train,synthetic_faf,id,id,UCL SynthEye synthetic FAF,train,e813926bd5ca514a120e36a3753ed9a932e27850166e772729b526e44383481b,,,,,,synthetic_heidelberg,pending_manual_review,syntheye_class=unavailable; synthetic_id_faf
images/dissertation_v1/id/train/id_train_000693.png,0,train,synthetic_faf,id,id,UCL SynthEye synthetic FAF,train,8d65d6c6f8f027ba9a9cdd0b824c581fb5c03bb408ba6206e51a0b2f3f9889b0,,,,,,synthetic_heidelberg,pending_manual_review,syntheye_class=unavailable; synthetic_id_faf
images/dissertation_v1/id/train/id_train_000694.png,0,train,synthetic_faf,id,id,UCL SynthEye synthetic FAF,train,e439224e8601554f15a85e92c466cdeda98991debd6ba7173c095eadfb30cccf,,,,,,synthetic_heidelberg,pending_manual_review,syntheye_class=unavailable; synthetic_id_faf
images/dissertation_v1/id/train/id_train_000695.png,0,train,synthetic_faf,id,id,UCL SynthEye synthetic FAF,train,cfcca927a7d20e79a0cc9acc29534c7fa549dbb2ca56045dac4769421497f358,,,,,,synthetic_heidelberg,pending_manual_review,syntheye_class=unavailable; synthetic_id_faf
images/dissertation_v1/id/train/id_train_000696.png,0,train,synthetic_faf,id,id,UCL SynthEye synthetic FAF,train,0bfcc97aeb410bdfd27a7378573abba314970ef7e1dde36df89eb501e69f8040,,,,,,synthetic_heidelberg,pending_manual_review,syntheye_class=unavailable; synthetic_id_faf
images/dissertation_v1/id/train/id_train_000697.png,0,train,synthetic_faf,id,id,UCL SynthEye synthetic FAF,train,7978f8bd08cbe41c54fb8a526561446e6693cbd9647b4a572e003abc3ff0bd67,,,,,,synthetic_heidelberg,pending_manual_review,syntheye_class=unavailable; synthetic_id_faf
images/dissertation_v1/id/train/id_train_000698.png,0,train,synthetic_faf,id,id,UCL SynthEye synthetic FAF,train,889d28713c55d0b75baae5558370c89cc3a366d8c8b28421edb895505eca5d21,,,,,,synthetic_heidelberg,pending_manual_review,syntheye_class=unavailable; synthetic_id_faf
images/dissertation_v1/id/train/id_train_000699.png,0,train,synthetic_faf,id,id,UCL SynthEye synthetic FAF,train,e596a2ecdccafabc65145c730d72be863bbed763cf9dd13708a02678da6300b0,,,,,,synthetic_heidelberg,pending_manual_review,syntheye_class=unavailable; synthetic_id_faf
