scheme,scheme_label,artifact_type,severity_label,severity_value,sample_index,score,deployment_threshold,research_threshold
mahalanobis_feature,Mahalanobis feature,text_watermark,opacity_0_10,0.1,0,21.636310577392578,38.58238201141357,32.05723571777344
mahalanobis_feature,Mahalanobis feature,text_watermark,opacity_0_10,0.1,1,24.092111587524414,38.58238201141357,32.05723571777344
mahalanobis_feature,Mahalanobis feature,text_watermark,opacity_0_10,0.1,2,18.952133178710938,38.58238201141357,32.05723571777344
mahalanobis_feature,Mahalanobis feature,text_watermark,opacity_0_10,0.1,3,24.778728485107422,38.58238201141357,32.05723571777344
mahalanobis_feature,Mahalanobis feature,text_watermark,opacity_0_10,0.1,4,31.010034561157227,38.58238201141357,32.05723571777344
mahalanobis_feature,Mahalanobis feature,text_watermark,opacity_0_10,0.1,5,28.13847541809082,38.58238201141357,32.05723571777344
mahalanobis_feature,Mahalanobis feature,text_watermark,opacity_0_10,0.1,6,24.661087036132812,38.58238201141357,32.05723571777344
mahalanobis_feature,Mahalanobis feature,text_watermark,opacity_0_10,0.1,7,26.93785858154297,38.58238201141357,32.05723571777344
mahalanobis_feature,Mahalanobis feature,text_watermark,opacity_0_10,0.1,8,32.178672790527344,38.58238201141357,32.05723571777344
mahalanobis_feature,Mahalanobis feature,text_watermark,opacity_0_10,0.1,9,26.45001220703125,38.58238201141357,32.05723571777344
mahalanobis_feature,Mahalanobis feature,text_watermark,opacity_0_10,0.1,10,22.855792999267578,38.58238201141357,32.05723571777344
mahalanobis_feature,Mahalanobis feature,text_watermark,opacity_0_10,0.1,11,15.75277328491211,38.58238201141357,32.05723571777344
patchcore_l3,PatchCore L3,text_watermark,opacity_0_10,0.1,0,23.88627052307129,34.763293457031246,26.80457305908203
patchcore_l3,PatchCore L3,text_watermark,opacity_0_10,0.1,1,28.961851119995117,34.763293457031246,26.80457305908203
patchcore_l3,PatchCore L3,text_watermark,opacity_0_10,0.1,2,27.01383399963379,34.763293457031246,26.80457305908203
patchcore_l3,PatchCore L3,text_watermark,opacity_0_10,0.1,3,33.30552673339844,34.763293457031246,26.80457305908203
patchcore_l3,PatchCore L3,text_watermark,opacity_0_10,0.1,4,26.70126724243164,34.763293457031246,26.80457305908203
patchcore_l3,PatchCore L3,text_watermark,opacity_0_10,0.1,5,30.83342170715332,34.763293457031246,26.80457305908203
patchcore_l3,PatchCore L3,text_watermark,opacity_0_10,0.1,6,23.97087860107422,34.763293457031246,26.80457305908203
patchcore_l3,PatchCore L3,text_watermark,opacity_0_10,0.1,7,25.25912857055664,34.763293457031246,26.80457305908203
patchcore_l3,PatchCore L3,text_watermark,opacity_0_10,0.1,8,28.751293182373047,34.763293457031246,26.80457305908203
patchcore_l3,PatchCore L3,text_watermark,opacity_0_10,0.1,9,32.44934844970703,34.763293457031246,26.80457305908203
patchcore_l3,PatchCore L3,text_watermark,opacity_0_10,0.1,10,32.61293411254883,34.763293457031246,26.80457305908203
patchcore_l3,PatchCore L3,text_watermark,opacity_0_10,0.1,11,21.553586959838867,34.763293457031246,26.80457305908203
autoencoder,Autoencoder,text_watermark,opacity_0_10,0.1,0,0.00018845222075469792,0.0017387918487656,0.0001624995929887
autoencoder,Autoencoder,text_watermark,opacity_0_10,0.1,1,0.0013847879599779844,0.0017387918487656,0.0001624995929887
autoencoder,Autoencoder,text_watermark,opacity_0_10,0.1,2,0.0014362727524712682,0.0017387918487656,0.0001624995929887
autoencoder,Autoencoder,text_watermark,opacity_0_10,0.1,3,0.0010125242406502366,0.0017387918487656,0.0001624995929887
autoencoder,Autoencoder,text_watermark,opacity_0_10,0.1,4,0.0006827728939242661,0.0017387918487656,0.0001624995929887
autoencoder,Autoencoder,text_watermark,opacity_0_10,0.1,5,0.0006235509645193815,0.0017387918487656,0.0001624995929887
autoencoder,Autoencoder,text_watermark,opacity_0_10,0.1,6,0.000774261134210974,0.0017387918487656,0.0001624995929887
autoencoder,Autoencoder,text_watermark,opacity_0_10,0.1,7,0.00046204167301766574,0.0017387918487656,0.0001624995929887
autoencoder,Autoencoder,text_watermark,opacity_0_10,0.1,8,0.00036566020571626723,0.0017387918487656,0.0001624995929887
autoencoder,Autoencoder,text_watermark,opacity_0_10,0.1,9,0.0007337859715335071,0.0017387918487656,0.0001624995929887
autoencoder,Autoencoder,text_watermark,opacity_0_10,0.1,10,0.0008837726782076061,0.0017387918487656,0.0001624995929887
autoencoder,Autoencoder,text_watermark,opacity_0_10,0.1,11,0.0001052500301739201,0.0017387918487656,0.0001624995929887
image_statistics,Image statistics,text_watermark,opacity_0_10,0.1,0,1.0152465105056763,1.7220234692096696,0.6057427525520325
image_statistics,Image statistics,text_watermark,opacity_0_10,0.1,1,0.8341985940933228,1.7220234692096696,0.6057427525520325
image_statistics,Image statistics,text_watermark,opacity_0_10,0.1,2,0.8070024847984314,1.7220234692096696,0.6057427525520325
image_statistics,Image statistics,text_watermark,opacity_0_10,0.1,3,0.7720350623130798,1.7220234692096696,0.6057427525520325
image_statistics,Image statistics,text_watermark,opacity_0_10,0.1,4,0.543980598449707,1.7220234692096696,0.6057427525520325
image_statistics,Image statistics,text_watermark,opacity_0_10,0.1,5,0.8284331560134888,1.7220234692096696,0.6057427525520325
image_statistics,Image statistics,text_watermark,opacity_0_10,0.1,6,0.9214572310447693,1.7220234692096696,0.6057427525520325
image_statistics,Image statistics,text_watermark,opacity_0_10,0.1,7,0.6978641152381897,1.7220234692096696,0.6057427525520325
image_statistics,Image statistics,text_watermark,opacity_0_10,0.1,8,1.1274889707565308,1.7220234692096696,0.6057427525520325
image_statistics,Image statistics,text_watermark,opacity_0_10,0.1,9,0.5764756798744202,1.7220234692096696,0.6057427525520325
image_statistics,Image statistics,text_watermark,opacity_0_10,0.1,10,0.9371085166931152,1.7220234692096696,0.6057427525520325
image_statistics,Image statistics,text_watermark,opacity_0_10,0.1,11,1.6722543239593506,1.7220234692096696,0.6057427525520325
mahalanobis_feature,Mahalanobis feature,text_watermark,opacity_0_25,0.25,0,21.753400802612305,38.58238201141357,32.05723571777344
mahalanobis_feature,Mahalanobis feature,text_watermark,opacity_0_25,0.25,1,24.108135223388672,38.58238201141357,32.05723571777344
mahalanobis_feature,Mahalanobis feature,text_watermark,opacity_0_25,0.25,2,18.996484756469727,38.58238201141357,32.05723571777344
mahalanobis_feature,Mahalanobis feature,text_watermark,opacity_0_25,0.25,3,24.735294342041016,38.58238201141357,32.05723571777344
mahalanobis_feature,Mahalanobis feature,text_watermark,opacity_0_25,0.25,4,31.43878173828125,38.58238201141357,32.05723571777344
mahalanobis_feature,Mahalanobis feature,text_watermark,opacity_0_25,0.25,5,28.593931198120117,38.58238201141357,32.05723571777344
mahalanobis_feature,Mahalanobis feature,text_watermark,opacity_0_25,0.25,6,24.57713508605957,38.58238201141357,32.05723571777344
mahalanobis_feature,Mahalanobis feature,text_watermark,opacity_0_25,0.25,7,26.68031883239746,38.58238201141357,32.05723571777344
mahalanobis_feature,Mahalanobis feature,text_watermark,opacity_0_25,0.25,8,32.76285934448242,38.58238201141357,32.05723571777344
mahalanobis_feature,Mahalanobis feature,text_watermark,opacity_0_25,0.25,9,26.64249610900879,38.58238201141357,32.05723571777344
mahalanobis_feature,Mahalanobis feature,text_watermark,opacity_0_25,0.25,10,22.828819274902344,38.58238201141357,32.05723571777344
mahalanobis_feature,Mahalanobis feature,text_watermark,opacity_0_25,0.25,11,18.59374237060547,38.58238201141357,32.05723571777344
patchcore_l3,PatchCore L3,text_watermark,opacity_0_25,0.25,0,24.860828399658203,34.763293457031246,26.80457305908203
patchcore_l3,PatchCore L3,text_watermark,opacity_0_25,0.25,1,28.970186233520508,34.763293457031246,26.80457305908203
patchcore_l3,PatchCore L3,text_watermark,opacity_0_25,0.25,2,26.996192932128906,34.763293457031246,26.80457305908203
patchcore_l3,PatchCore L3,text_watermark,opacity_0_25,0.25,3,33.30021286010742,34.763293457031246,26.80457305908203
patchcore_l3,PatchCore L3,text_watermark,opacity_0_25,0.25,4,30.93195152282715,34.763293457031246,26.80457305908203
patchcore_l3,PatchCore L3,text_watermark,opacity_0_25,0.25,5,30.99917221069336,34.763293457031246,26.80457305908203
patchcore_l3,PatchCore L3,text_watermark,opacity_0_25,0.25,6,24.0031795501709,34.763293457031246,26.80457305908203
patchcore_l3,PatchCore L3,text_watermark,opacity_0_25,0.25,7,25.25599479675293,34.763293457031246,26.80457305908203
patchcore_l3,PatchCore L3,text_watermark,opacity_0_25,0.25,8,28.75129508972168,34.763293457031246,26.80457305908203
patchcore_l3,PatchCore L3,text_watermark,opacity_0_25,0.25,9,32.44242858886719,34.763293457031246,26.80457305908203
patchcore_l3,PatchCore L3,text_watermark,opacity_0_25,0.25,10,32.569496154785156,34.763293457031246,26.80457305908203
patchcore_l3,PatchCore L3,text_watermark,opacity_0_25,0.25,11,32.7808952331543,34.763293457031246,26.80457305908203
autoencoder,Autoencoder,text_watermark,opacity_0_25,0.25,0,0.00018903422460425645,0.0017387918487656,0.0001624995929887
autoencoder,Autoencoder,text_watermark,opacity_0_25,0.25,1,0.001384823932312429,0.0017387918487656,0.0001624995929887
autoencoder,Autoencoder,text_watermark,opacity_0_25,0.25,2,0.0014365077950060368,0.0017387918487656,0.0001624995929887
autoencoder,Autoencoder,text_watermark,opacity_0_25,0.25,3,0.0010128839639946818,0.0017387918487656,0.0001624995929887
autoencoder,Autoencoder,text_watermark,opacity_0_25,0.25,4,0.0006837020046077669,0.0017387918487656,0.0001624995929887
autoencoder,Autoencoder,text_watermark,opacity_0_25,0.25,5,0.0006245659315027297,0.0017387918487656,0.0001624995929887
autoencoder,Autoencoder,text_watermark,opacity_0_25,0.25,6,0.000774773710872978,0.0017387918487656,0.0001624995929887
autoencoder,Autoencoder,text_watermark,opacity_0_25,0.25,7,0.00046260058297775686,0.0017387918487656,0.0001624995929887
autoencoder,Autoencoder,text_watermark,opacity_0_25,0.25,8,0.00036656513111665845,0.0017387918487656,0.0001624995929887
autoencoder,Autoencoder,text_watermark,opacity_0_25,0.25,9,0.000734384695533663,0.0017387918487656,0.0001624995929887
autoencoder,Autoencoder,text_watermark,opacity_0_25,0.25,10,0.0008841257076710463,0.0017387918487656,0.0001624995929887
autoencoder,Autoencoder,text_watermark,opacity_0_25,0.25,11,0.000106063685961999,0.0017387918487656,0.0001624995929887
image_statistics,Image statistics,text_watermark,opacity_0_25,0.25,0,1.0144758224487305,1.7220234692096696,0.6057427525520325
image_statistics,Image statistics,text_watermark,opacity_0_25,0.25,1,0.8343774676322937,1.7220234692096696,0.6057427525520325
image_statistics,Image statistics,text_watermark,opacity_0_25,0.25,2,0.8072699308395386,1.7220234692096696,0.6057427525520325
image_statistics,Image statistics,text_watermark,opacity_0_25,0.25,3,0.7722468376159668,1.7220234692096696,0.6057427525520325
image_statistics,Image statistics,text_watermark,opacity_0_25,0.25,4,0.5436147451400757,1.7220234692096696,0.6057427525520325
image_statistics,Image statistics,text_watermark,opacity_0_25,0.25,5,0.828295886516571,1.7220234692096696,0.6057427525520325
image_statistics,Image statistics,text_watermark,opacity_0_25,0.25,6,0.9212661385536194,1.7220234692096696,0.6057427525520325
image_statistics,Image statistics,text_watermark,opacity_0_25,0.25,7,0.6972915530204773,1.7220234692096696,0.6057427525520325
image_statistics,Image statistics,text_watermark,opacity_0_25,0.25,8,1.1261520385742188,1.7220234692096696,0.6057427525520325
image_statistics,Image statistics,text_watermark,opacity_0_25,0.25,9,0.5766803026199341,1.7220234692096696,0.6057427525520325
image_statistics,Image statistics,text_watermark,opacity_0_25,0.25,10,0.9368608593940735,1.7220234692096696,0.6057427525520325
image_statistics,Image statistics,text_watermark,opacity_0_25,0.25,11,1.6623632907867432,1.7220234692096696,0.6057427525520325
mahalanobis_feature,Mahalanobis feature,text_watermark,opacity_0_50,0.5,0,23.3612003326416,38.58238201141357,32.05723571777344
mahalanobis_feature,Mahalanobis feature,text_watermark,opacity_0_50,0.5,1,24.09381103515625,38.58238201141357,32.05723571777344
mahalanobis_feature,Mahalanobis feature,text_watermark,opacity_0_50,0.5,2,19.264381408691406,38.58238201141357,32.05723571777344
mahalanobis_feature,Mahalanobis feature,text_watermark,opacity_0_50,0.5,3,24.839370727539062,38.58238201141357,32.05723571777344
mahalanobis_feature,Mahalanobis feature,text_watermark,opacity_0_50,0.5,4,32.26763153076172,38.58238201141357,32.05723571777344
mahalanobis_feature,Mahalanobis feature,text_watermark,opacity_0_50,0.5,5,28.996402740478516,38.58238201141357,32.05723571777344
mahalanobis_feature,Mahalanobis feature,text_watermark,opacity_0_50,0.5,6,25.05398178100586,38.58238201141357,32.05723571777344
mahalanobis_feature,Mahalanobis feature,text_watermark,opacity_0_50,0.5,7,27.35651397705078,38.58238201141357,32.05723571777344
mahalanobis_feature,Mahalanobis feature,text_watermark,opacity_0_50,0.5,8,34.63206100463867,38.58238201141357,32.05723571777344
mahalanobis_feature,Mahalanobis feature,text_watermark,opacity_0_50,0.5,9,27.05159568786621,38.58238201141357,32.05723571777344
mahalanobis_feature,Mahalanobis feature,text_watermark,opacity_0_50,0.5,10,22.912555694580078,38.58238201141357,32.05723571777344
mahalanobis_feature,Mahalanobis feature,text_watermark,opacity_0_50,0.5,11,22.215496063232422,38.58238201141357,32.05723571777344
patchcore_l3,PatchCore L3,text_watermark,opacity_0_50,0.5,0,33.910797119140625,34.763293457031246,26.80457305908203
patchcore_l3,PatchCore L3,text_watermark,opacity_0_50,0.5,1,28.964733123779297,34.763293457031246,26.80457305908203
patchcore_l3,PatchCore L3,text_watermark,opacity_0_50,0.5,2,27.301128387451172,34.763293457031246,26.80457305908203
patchcore_l3,PatchCore L3,text_watermark,opacity_0_50,0.5,3,33.30464553833008,34.763293457031246,26.80457305908203
patchcore_l3,PatchCore L3,text_watermark,opacity_0_50,0.5,4,34.47889709472656,34.763293457031246,26.80457305908203
patchcore_l3,PatchCore L3,text_watermark,opacity_0_50,0.5,5,32.999324798583984,34.763293457031246,26.80457305908203
patchcore_l3,PatchCore L3,text_watermark,opacity_0_50,0.5,6,24.228199005126953,34.763293457031246,26.80457305908203
patchcore_l3,PatchCore L3,text_watermark,opacity_0_50,0.5,7,26.369632720947266,34.763293457031246,26.80457305908203
patchcore_l3,PatchCore L3,text_watermark,opacity_0_50,0.5,8,36.21644592285156,34.763293457031246,26.80457305908203
patchcore_l3,PatchCore L3,text_watermark,opacity_0_50,0.5,9,32.44163513183594,34.763293457031246,26.80457305908203
patchcore_l3,PatchCore L3,text_watermark,opacity_0_50,0.5,10,32.59858703613281,34.763293457031246,26.80457305908203
patchcore_l3,PatchCore L3,text_watermark,opacity_0_50,0.5,11,39.61214828491211,34.763293457031246,26.80457305908203
autoencoder,Autoencoder,text_watermark,opacity_0_50,0.5,0,0.00019110827997792512,0.0017387918487656,0.0001624995929887
autoencoder,Autoencoder,text_watermark,opacity_0_50,0.5,1,0.0013852977426722646,0.0017387918487656,0.0001624995929887
autoencoder,Autoencoder,text_watermark,opacity_0_50,0.5,2,0.0014374824240803719,0.0017387918487656,0.0001624995929887
autoencoder,Autoencoder,text_watermark,opacity_0_50,0.5,3,0.0010145106352865696,0.0017387918487656,0.0001624995929887
autoencoder,Autoencoder,text_watermark,opacity_0_50,0.5,4,0.0006870284560136497,0.0017387918487656,0.0001624995929887
autoencoder,Autoencoder,text_watermark,opacity_0_50,0.5,5,0.0006282296380959451,0.0017387918487656,0.0001624995929887
autoencoder,Autoencoder,text_watermark,opacity_0_50,0.5,6,0.0007767975912429392,0.0017387918487656,0.0001624995929887
autoencoder,Autoencoder,text_watermark,opacity_0_50,0.5,7,0.00046497906441800296,0.0017387918487656,0.0001624995929887
autoencoder,Autoencoder,text_watermark,opacity_0_50,0.5,8,0.0003697373904287815,0.0017387918487656,0.0001624995929887
autoencoder,Autoencoder,text_watermark,opacity_0_50,0.5,9,0.0007369010127149522,0.0017387918487656,0.0001624995929887
autoencoder,Autoencoder,text_watermark,opacity_0_50,0.5,10,0.0008856004569679499,0.0017387918487656,0.0001624995929887
autoencoder,Autoencoder,text_watermark,opacity_0_50,0.5,11,0.00010901670611929148,0.0017387918487656,0.0001624995929887
image_statistics,Image statistics,text_watermark,opacity_0_50,0.5,0,1.0048370361328125,1.7220234692096696,0.6057427525520325
image_statistics,Image statistics,text_watermark,opacity_0_50,0.5,1,0.8346536159515381,1.7220234692096696,0.6057427525520325
image_statistics,Image statistics,text_watermark,opacity_0_50,0.5,2,0.8079450726509094,1.7220234692096696,0.6057427525520325
image_statistics,Image statistics,text_watermark,opacity_0_50,0.5,3,0.7724138498306274,1.7220234692096696,0.6057427525520325
image_statistics,Image statistics,text_watermark,opacity_0_50,0.5,4,0.5428995490074158,1.7220234692096696,0.6057427525520325
image_statistics,Image statistics,text_watermark,opacity_0_50,0.5,5,0.8287007212638855,1.7220234692096696,0.6057427525520325
image_statistics,Image statistics,text_watermark,opacity_0_50,0.5,6,0.9204311966896057,1.7220234692096696,0.6057427525520325
image_statistics,Image statistics,text_watermark,opacity_0_50,0.5,7,0.6964462995529175,1.7220234692096696,0.6057427525520325
image_statistics,Image statistics,text_watermark,opacity_0_50,0.5,8,1.124860167503357,1.7220234692096696,0.6057427525520325
image_statistics,Image statistics,text_watermark,opacity_0_50,0.5,9,0.576940655708313,1.7220234692096696,0.6057427525520325
image_statistics,Image statistics,text_watermark,opacity_0_50,0.5,10,0.9363450407981873,1.7220234692096696,0.6057427525520325
image_statistics,Image statistics,text_watermark,opacity_0_50,0.5,11,1.739349126815796,1.7220234692096696,0.6057427525520325
mahalanobis_feature,Mahalanobis feature,text_watermark,opacity_0_75,0.75,0,25.10683822631836,38.58238201141357,32.05723571777344
mahalanobis_feature,Mahalanobis feature,text_watermark,opacity_0_75,0.75,1,24.119762420654297,38.58238201141357,32.05723571777344
mahalanobis_feature,Mahalanobis feature,text_watermark,opacity_0_75,0.75,2,20.321176528930664,38.58238201141357,32.05723571777344
mahalanobis_feature,Mahalanobis feature,text_watermark,opacity_0_75,0.75,3,25.08208656311035,38.58238201141357,32.05723571777344
mahalanobis_feature,Mahalanobis feature,text_watermark,opacity_0_75,0.75,4,32.95196533203125,38.58238201141357,32.05723571777344
mahalanobis_feature,Mahalanobis feature,text_watermark,opacity_0_75,0.75,5,29.666044235229492,38.58238201141357,32.05723571777344
mahalanobis_feature,Mahalanobis feature,text_watermark,opacity_0_75,0.75,6,26.067861557006836,38.58238201141357,32.05723571777344
mahalanobis_feature,Mahalanobis feature,text_watermark,opacity_0_75,0.75,7,28.50282096862793,38.58238201141357,32.05723571777344
mahalanobis_feature,Mahalanobis feature,text_watermark,opacity_0_75,0.75,8,35.399688720703125,38.58238201141357,32.05723571777344
mahalanobis_feature,Mahalanobis feature,text_watermark,opacity_0_75,0.75,9,27.483360290527344,38.58238201141357,32.05723571777344
mahalanobis_feature,Mahalanobis feature,text_watermark,opacity_0_75,0.75,10,23.26768684387207,38.58238201141357,32.05723571777344
mahalanobis_feature,Mahalanobis feature,text_watermark,opacity_0_75,0.75,11,23.469257354736328,38.58238201141357,32.05723571777344
patchcore_l3,PatchCore L3,text_watermark,opacity_0_75,0.75,0,39.06367111206055,34.763293457031246,26.80457305908203
patchcore_l3,PatchCore L3,text_watermark,opacity_0_75,0.75,1,28.892770767211914,34.763293457031246,26.80457305908203
patchcore_l3,PatchCore L3,text_watermark,opacity_0_75,0.75,2,27.98464584350586,34.763293457031246,26.80457305908203
patchcore_l3,PatchCore L3,text_watermark,opacity_0_75,0.75,3,33.273216247558594,34.763293457031246,26.80457305908203
patchcore_l3,PatchCore L3,text_watermark,opacity_0_75,0.75,4,37.79798126220703,34.763293457031246,26.80457305908203
patchcore_l3,PatchCore L3,text_watermark,opacity_0_75,0.75,5,37.03993225097656,34.763293457031246,26.80457305908203
patchcore_l3,PatchCore L3,text_watermark,opacity_0_75,0.75,6,30.36492347717285,34.763293457031246,26.80457305908203
patchcore_l3,PatchCore L3,text_watermark,opacity_0_75,0.75,7,33.26410675048828,34.763293457031246,26.80457305908203
patchcore_l3,PatchCore L3,text_watermark,opacity_0_75,0.75,8,39.48326110839844,34.763293457031246,26.80457305908203
patchcore_l3,PatchCore L3,text_watermark,opacity_0_75,0.75,9,32.72603988647461,34.763293457031246,26.80457305908203
patchcore_l3,PatchCore L3,text_watermark,opacity_0_75,0.75,10,32.68034362792969,34.763293457031246,26.80457305908203
patchcore_l3,PatchCore L3,text_watermark,opacity_0_75,0.75,11,42.49452209472656,34.763293457031246,26.80457305908203
autoencoder,Autoencoder,text_watermark,opacity_0_75,0.75,0,0.00019469147082418203,0.0017387918487656,0.0001624995929887
autoencoder,Autoencoder,text_watermark,opacity_0_75,0.75,1,0.0013863975182175636,0.0017387918487656,0.0001624995929887
autoencoder,Autoencoder,text_watermark,opacity_0_75,0.75,2,0.001439291867427528,0.0017387918487656,0.0001624995929887
autoencoder,Autoencoder,text_watermark,opacity_0_75,0.75,3,0.0010172317270189524,0.0017387918487656,0.0001624995929887
autoencoder,Autoencoder,text_watermark,opacity_0_75,0.75,4,0.0006921796011738479,0.0017387918487656,0.0001624995929887
autoencoder,Autoencoder,text_watermark,opacity_0_75,0.75,5,0.0006341516273096204,0.0017387918487656,0.0001624995929887
autoencoder,Autoencoder,text_watermark,opacity_0_75,0.75,6,0.0007804035558365285,0.0017387918487656,0.0001624995929887
autoencoder,Autoencoder,text_watermark,opacity_0_75,0.75,7,0.0004690637288149446,0.0017387918487656,0.0001624995929887
autoencoder,Autoencoder,text_watermark,opacity_0_75,0.75,8,0.00037499493919312954,0.0017387918487656,0.0001624995929887
autoencoder,Autoencoder,text_watermark,opacity_0_75,0.75,9,0.0007412514532916248,0.0017387918487656,0.0001624995929887
autoencoder,Autoencoder,text_watermark,opacity_0_75,0.75,10,0.0008882310357876122,0.0017387918487656,0.0001624995929887
autoencoder,Autoencoder,text_watermark,opacity_0_75,0.75,11,0.0001136349092121236,0.0017387918487656,0.0001624995929887
image_statistics,Image statistics,text_watermark,opacity_0_75,0.75,0,1.1439340114593506,1.7220234692096696,0.6057427525520325
image_statistics,Image statistics,text_watermark,opacity_0_75,0.75,1,0.8347550630569458,1.7220234692096696,0.6057427525520325
image_statistics,Image statistics,text_watermark,opacity_0_75,0.75,2,0.8085200786590576,1.7220234692096696,0.6057427525520325
image_statistics,Image statistics,text_watermark,opacity_0_75,0.75,3,0.7728755474090576,1.7220234692096696,0.6057427525520325
image_statistics,Image statistics,text_watermark,opacity_0_75,0.75,4,0.5429126024246216,1.7220234692096696,0.6057427525520325
image_statistics,Image statistics,text_watermark,opacity_0_75,0.75,5,0.8287734985351562,1.7220234692096696,0.6057427525520325
image_statistics,Image statistics,text_watermark,opacity_0_75,0.75,6,0.9425460696220398,1.7220234692096696,0.6057427525520325
image_statistics,Image statistics,text_watermark,opacity_0_75,0.75,7,0.6955861449241638,1.7220234692096696,0.6057427525520325
image_statistics,Image statistics,text_watermark,opacity_0_75,0.75,8,1.1241304874420166,1.7220234692096696,0.6057427525520325
image_statistics,Image statistics,text_watermark,opacity_0_75,0.75,9,0.577126145362854,1.7220234692096696,0.6057427525520325
image_statistics,Image statistics,text_watermark,opacity_0_75,0.75,10,0.9359788298606873,1.7220234692096696,0.6057427525520325
image_statistics,Image statistics,text_watermark,opacity_0_75,0.75,11,1.9293031692504883,1.7220234692096696,0.6057427525520325
mahalanobis_feature,Mahalanobis feature,gaussian_noise,sigma_5,5.0,0,26.78740119934082,38.58238201141357,32.05723571777344
mahalanobis_feature,Mahalanobis feature,gaussian_noise,sigma_5,5.0,1,27.797147750854492,38.58238201141357,32.05723571777344
mahalanobis_feature,Mahalanobis feature,gaussian_noise,sigma_5,5.0,2,23.308603286743164,38.58238201141357,32.05723571777344
mahalanobis_feature,Mahalanobis feature,gaussian_noise,sigma_5,5.0,3,27.591243743896484,38.58238201141357,32.05723571777344
mahalanobis_feature,Mahalanobis feature,gaussian_noise,sigma_5,5.0,4,33.02275848388672,38.58238201141357,32.05723571777344
mahalanobis_feature,Mahalanobis feature,gaussian_noise,sigma_5,5.0,5,31.04978370666504,38.58238201141357,32.05723571777344
mahalanobis_feature,Mahalanobis feature,gaussian_noise,sigma_5,5.0,6,27.922807693481445,38.58238201141357,32.05723571777344
mahalanobis_feature,Mahalanobis feature,gaussian_noise,sigma_5,5.0,7,29.533702850341797,38.58238201141357,32.05723571777344
mahalanobis_feature,Mahalanobis feature,gaussian_noise,sigma_5,5.0,8,35.74378967285156,38.58238201141357,32.05723571777344
mahalanobis_feature,Mahalanobis feature,gaussian_noise,sigma_5,5.0,9,27.642101287841797,38.58238201141357,32.05723571777344
mahalanobis_feature,Mahalanobis feature,gaussian_noise,sigma_5,5.0,10,25.896509170532227,38.58238201141357,32.05723571777344
mahalanobis_feature,Mahalanobis feature,gaussian_noise,sigma_5,5.0,11,24.50433349609375,38.58238201141357,32.05723571777344
patchcore_l3,PatchCore L3,gaussian_noise,sigma_5,5.0,0,25.004100799560547,34.763293457031246,26.80457305908203
patchcore_l3,PatchCore L3,gaussian_noise,sigma_5,5.0,1,28.07956314086914,34.763293457031246,26.80457305908203
patchcore_l3,PatchCore L3,gaussian_noise,sigma_5,5.0,2,26.540302276611328,34.763293457031246,26.80457305908203
patchcore_l3,PatchCore L3,gaussian_noise,sigma_5,5.0,3,33.57048034667969,34.763293457031246,26.80457305908203
patchcore_l3,PatchCore L3,gaussian_noise,sigma_5,5.0,4,26.986003875732422,34.763293457031246,26.80457305908203
patchcore_l3,PatchCore L3,gaussian_noise,sigma_5,5.0,5,30.101404190063477,34.763293457031246,26.80457305908203
patchcore_l3,PatchCore L3,gaussian_noise,sigma_5,5.0,6,24.170177459716797,34.763293457031246,26.80457305908203
patchcore_l3,PatchCore L3,gaussian_noise,sigma_5,5.0,7,24.71332550048828,34.763293457031246,26.80457305908203
patchcore_l3,PatchCore L3,gaussian_noise,sigma_5,5.0,8,28.058725357055664,34.763293457031246,26.80457305908203
patchcore_l3,PatchCore L3,gaussian_noise,sigma_5,5.0,9,32.31435012817383,34.763293457031246,26.80457305908203
patchcore_l3,PatchCore L3,gaussian_noise,sigma_5,5.0,10,32.846412658691406,34.763293457031246,26.80457305908203
patchcore_l3,PatchCore L3,gaussian_noise,sigma_5,5.0,11,21.929763793945312,34.763293457031246,26.80457305908203
autoencoder,Autoencoder,gaussian_noise,sigma_5,5.0,0,0.0002196426794398576,0.0017387918487656,0.0001624995929887
autoencoder,Autoencoder,gaussian_noise,sigma_5,5.0,1,0.0014013622421771288,0.0017387918487656,0.0001624995929887
autoencoder,Autoencoder,gaussian_noise,sigma_5,5.0,2,0.001466834917664528,0.0017387918487656,0.0001624995929887
autoencoder,Autoencoder,gaussian_noise,sigma_5,5.0,3,0.0010387564543634653,0.0017387918487656,0.0001624995929887
autoencoder,Autoencoder,gaussian_noise,sigma_5,5.0,4,0.0007121208473108709,0.0017387918487656,0.0001624995929887
autoencoder,Autoencoder,gaussian_noise,sigma_5,5.0,5,0.0006527960649691522,0.0017387918487656,0.0001624995929887
autoencoder,Autoencoder,gaussian_noise,sigma_5,5.0,6,0.0008025847491808236,0.0017387918487656,0.0001624995929887
autoencoder,Autoencoder,gaussian_noise,sigma_5,5.0,7,0.0004924989189021289,0.0017387918487656,0.0001624995929887
autoencoder,Autoencoder,gaussian_noise,sigma_5,5.0,8,0.00039461615961045027,0.0017387918487656,0.0001624995929887
autoencoder,Autoencoder,gaussian_noise,sigma_5,5.0,9,0.000762374431360513,0.0017387918487656,0.0001624995929887
autoencoder,Autoencoder,gaussian_noise,sigma_5,5.0,10,0.000916448247153312,0.0017387918487656,0.0001624995929887
autoencoder,Autoencoder,gaussian_noise,sigma_5,5.0,11,0.00013265106827020645,0.0017387918487656,0.0001624995929887
image_statistics,Image statistics,gaussian_noise,sigma_5,5.0,0,0.9800412654876709,1.7220234692096696,0.6057427525520325
image_statistics,Image statistics,gaussian_noise,sigma_5,5.0,1,0.8012680411338806,1.7220234692096696,0.6057427525520325
image_statistics,Image statistics,gaussian_noise,sigma_5,5.0,2,0.8063805103302002,1.7220234692096696,0.6057427525520325
image_statistics,Image statistics,gaussian_noise,sigma_5,5.0,3,0.7670498490333557,1.7220234692096696,0.6057427525520325
image_statistics,Image statistics,gaussian_noise,sigma_5,5.0,4,0.5250011086463928,1.7220234692096696,0.6057427525520325
image_statistics,Image statistics,gaussian_noise,sigma_5,5.0,5,0.8314384818077087,1.7220234692096696,0.6057427525520325
image_statistics,Image statistics,gaussian_noise,sigma_5,5.0,6,0.8927183747291565,1.7220234692096696,0.6057427525520325
image_statistics,Image statistics,gaussian_noise,sigma_5,5.0,7,0.7073161602020264,1.7220234692096696,0.6057427525520325
image_statistics,Image statistics,gaussian_noise,sigma_5,5.0,8,1.1219191551208496,1.7220234692096696,0.6057427525520325
image_statistics,Image statistics,gaussian_noise,sigma_5,5.0,9,0.5670835971832275,1.7220234692096696,0.6057427525520325
image_statistics,Image statistics,gaussian_noise,sigma_5,5.0,10,0.9400618672370911,1.7220234692096696,0.6057427525520325
image_statistics,Image statistics,gaussian_noise,sigma_5,5.0,11,1.6142809391021729,1.7220234692096696,0.6057427525520325
mahalanobis_feature,Mahalanobis feature,gaussian_noise,sigma_10,10.0,0,31.509151458740234,38.58238201141357,32.05723571777344
mahalanobis_feature,Mahalanobis feature,gaussian_noise,sigma_10,10.0,1,31.677053451538086,38.58238201141357,32.05723571777344
mahalanobis_feature,Mahalanobis feature,gaussian_noise,sigma_10,10.0,2,27.984140396118164,38.58238201141357,32.05723571777344
mahalanobis_feature,Mahalanobis feature,gaussian_noise,sigma_10,10.0,3,32.250328063964844,38.58238201141357,32.05723571777344
mahalanobis_feature,Mahalanobis feature,gaussian_noise,sigma_10,10.0,4,36.1158447265625,38.58238201141357,32.05723571777344
mahalanobis_feature,Mahalanobis feature,gaussian_noise,sigma_10,10.0,5,36.912044525146484,38.58238201141357,32.05723571777344
mahalanobis_feature,Mahalanobis feature,gaussian_noise,sigma_10,10.0,6,32.88487243652344,38.58238201141357,32.05723571777344
mahalanobis_feature,Mahalanobis feature,gaussian_noise,sigma_10,10.0,7,33.73479080200195,38.58238201141357,32.05723571777344
mahalanobis_feature,Mahalanobis feature,gaussian_noise,sigma_10,10.0,8,38.691566467285156,38.58238201141357,32.05723571777344
mahalanobis_feature,Mahalanobis feature,gaussian_noise,sigma_10,10.0,9,32.89670944213867,38.58238201141357,32.05723571777344
mahalanobis_feature,Mahalanobis feature,gaussian_noise,sigma_10,10.0,10,31.57823371887207,38.58238201141357,32.05723571777344
mahalanobis_feature,Mahalanobis feature,gaussian_noise,sigma_10,10.0,11,34.78213882446289,38.58238201141357,32.05723571777344
patchcore_l3,PatchCore L3,gaussian_noise,sigma_10,10.0,0,24.397035598754883,34.763293457031246,26.80457305908203
patchcore_l3,PatchCore L3,gaussian_noise,sigma_10,10.0,1,28.265409469604492,34.763293457031246,26.80457305908203
patchcore_l3,PatchCore L3,gaussian_noise,sigma_10,10.0,2,26.827669143676758,34.763293457031246,26.80457305908203
patchcore_l3,PatchCore L3,gaussian_noise,sigma_10,10.0,3,32.53138732910156,34.763293457031246,26.80457305908203
patchcore_l3,PatchCore L3,gaussian_noise,sigma_10,10.0,4,27.154848098754883,34.763293457031246,26.80457305908203
patchcore_l3,PatchCore L3,gaussian_noise,sigma_10,10.0,5,30.856582641601562,34.763293457031246,26.80457305908203
patchcore_l3,PatchCore L3,gaussian_noise,sigma_10,10.0,6,23.325042724609375,34.763293457031246,26.80457305908203
patchcore_l3,PatchCore L3,gaussian_noise,sigma_10,10.0,7,23.60789680480957,34.763293457031246,26.80457305908203
patchcore_l3,PatchCore L3,gaussian_noise,sigma_10,10.0,8,28.858009338378906,34.763293457031246,26.80457305908203
patchcore_l3,PatchCore L3,gaussian_noise,sigma_10,10.0,9,32.26453399658203,34.763293457031246,26.80457305908203
patchcore_l3,PatchCore L3,gaussian_noise,sigma_10,10.0,10,32.50649642944336,34.763293457031246,26.80457305908203
patchcore_l3,PatchCore L3,gaussian_noise,sigma_10,10.0,11,23.557981491088867,34.763293457031246,26.80457305908203
autoencoder,Autoencoder,gaussian_noise,sigma_10,10.0,0,0.00031912847771309316,0.0017387918487656,0.0001624995929887
autoencoder,Autoencoder,gaussian_noise,sigma_10,10.0,1,0.0014876576606184244,0.0017387918487656,0.0001624995929887
autoencoder,Autoencoder,gaussian_noise,sigma_10,10.0,2,0.001564309117384255,0.0017387918487656,0.0001624995929887
autoencoder,Autoencoder,gaussian_noise,sigma_10,10.0,3,0.0011396242771297693,0.0017387918487656,0.0001624995929887
autoencoder,Autoencoder,gaussian_noise,sigma_10,10.0,4,0.0008119919220916927,0.0017387918487656,0.0001624995929887
autoencoder,Autoencoder,gaussian_noise,sigma_10,10.0,5,0.0007468442781828344,0.0017387918487656,0.0001624995929887
autoencoder,Autoencoder,gaussian_noise,sigma_10,10.0,6,0.0008942927815951407,0.0017387918487656,0.0001624995929887
autoencoder,Autoencoder,gaussian_noise,sigma_10,10.0,7,0.0005856477655470371,0.0017387918487656,0.0001624995929887
autoencoder,Autoencoder,gaussian_noise,sigma_10,10.0,8,0.0004771648964378983,0.0017387918487656,0.0001624995929887
autoencoder,Autoencoder,gaussian_noise,sigma_10,10.0,9,0.0008604373433627188,0.0017387918487656,0.0001624995929887
autoencoder,Autoencoder,gaussian_noise,sigma_10,10.0,10,0.0010295768734067678,0.0017387918487656,0.0001624995929887
autoencoder,Autoencoder,gaussian_noise,sigma_10,10.0,11,0.00022723829897586256,0.0017387918487656,0.0001624995929887
image_statistics,Image statistics,gaussian_noise,sigma_10,10.0,0,0.9509270787239075,1.7220234692096696,0.6057427525520325
image_statistics,Image statistics,gaussian_noise,sigma_10,10.0,1,0.8118840456008911,1.7220234692096696,0.6057427525520325
image_statistics,Image statistics,gaussian_noise,sigma_10,10.0,2,0.8245453834533691,1.7220234692096696,0.6057427525520325
image_statistics,Image statistics,gaussian_noise,sigma_10,10.0,3,0.7788444757461548,1.7220234692096696,0.6057427525520325
image_statistics,Image statistics,gaussian_noise,sigma_10,10.0,4,0.5099271535873413,1.7220234692096696,0.6057427525520325
image_statistics,Image statistics,gaussian_noise,sigma_10,10.0,5,0.8365755677223206,1.7220234692096696,0.6057427525520325
image_statistics,Image statistics,gaussian_noise,sigma_10,10.0,6,0.8887247443199158,1.7220234692096696,0.6057427525520325
image_statistics,Image statistics,gaussian_noise,sigma_10,10.0,7,0.6908589601516724,1.7220234692096696,0.6057427525520325
image_statistics,Image statistics,gaussian_noise,sigma_10,10.0,8,1.1076267957687378,1.7220234692096696,0.6057427525520325
image_statistics,Image statistics,gaussian_noise,sigma_10,10.0,9,0.5930685997009277,1.7220234692096696,0.6057427525520325
image_statistics,Image statistics,gaussian_noise,sigma_10,10.0,10,0.962276041507721,1.7220234692096696,0.6057427525520325
image_statistics,Image statistics,gaussian_noise,sigma_10,10.0,11,1.5210524797439575,1.7220234692096696,0.6057427525520325
mahalanobis_feature,Mahalanobis feature,gaussian_noise,sigma_20,20.0,0,42.319610595703125,38.58238201141357,32.05723571777344
mahalanobis_feature,Mahalanobis feature,gaussian_noise,sigma_20,20.0,1,37.83922576904297,38.58238201141357,32.05723571777344
mahalanobis_feature,Mahalanobis feature,gaussian_noise,sigma_20,20.0,2,37.00641632080078,38.58238201141357,32.05723571777344
mahalanobis_feature,Mahalanobis feature,gaussian_noise,sigma_20,20.0,3,39.36946487426758,38.58238201141357,32.05723571777344
mahalanobis_feature,Mahalanobis feature,gaussian_noise,sigma_20,20.0,4,41.118656158447266,38.58238201141357,32.05723571777344
mahalanobis_feature,Mahalanobis feature,gaussian_noise,sigma_20,20.0,5,43.49913024902344,38.58238201141357,32.05723571777344
mahalanobis_feature,Mahalanobis feature,gaussian_noise,sigma_20,20.0,6,42.39229202270508,38.58238201141357,32.05723571777344
mahalanobis_feature,Mahalanobis feature,gaussian_noise,sigma_20,20.0,7,42.47496032714844,38.58238201141357,32.05723571777344
mahalanobis_feature,Mahalanobis feature,gaussian_noise,sigma_20,20.0,8,46.18024826049805,38.58238201141357,32.05723571777344
mahalanobis_feature,Mahalanobis feature,gaussian_noise,sigma_20,20.0,9,42.205589294433594,38.58238201141357,32.05723571777344
mahalanobis_feature,Mahalanobis feature,gaussian_noise,sigma_20,20.0,10,38.97698974609375,38.58238201141357,32.05723571777344
mahalanobis_feature,Mahalanobis feature,gaussian_noise,sigma_20,20.0,11,50.643985748291016,38.58238201141357,32.05723571777344
patchcore_l3,PatchCore L3,gaussian_noise,sigma_20,20.0,0,42.47442626953125,34.763293457031246,26.80457305908203
patchcore_l3,PatchCore L3,gaussian_noise,sigma_20,20.0,1,40.596458435058594,34.763293457031246,26.80457305908203
patchcore_l3,PatchCore L3,gaussian_noise,sigma_20,20.0,2,36.137760162353516,34.763293457031246,26.80457305908203
patchcore_l3,PatchCore L3,gaussian_noise,sigma_20,20.0,3,33.46448516845703,34.763293457031246,26.80457305908203
patchcore_l3,PatchCore L3,gaussian_noise,sigma_20,20.0,4,32.74015426635742,34.763293457031246,26.80457305908203
patchcore_l3,PatchCore L3,gaussian_noise,sigma_20,20.0,5,34.006126403808594,34.763293457031246,26.80457305908203
patchcore_l3,PatchCore L3,gaussian_noise,sigma_20,20.0,6,40.4661750793457,34.763293457031246,26.80457305908203
patchcore_l3,PatchCore L3,gaussian_noise,sigma_20,20.0,7,46.52558135986328,34.763293457031246,26.80457305908203
patchcore_l3,PatchCore L3,gaussian_noise,sigma_20,20.0,8,52.607276916503906,34.763293457031246,26.80457305908203
patchcore_l3,PatchCore L3,gaussian_noise,sigma_20,20.0,9,33.93714904785156,34.763293457031246,26.80457305908203
patchcore_l3,PatchCore L3,gaussian_noise,sigma_20,20.0,10,34.05692672729492,34.763293457031246,26.80457305908203
patchcore_l3,PatchCore L3,gaussian_noise,sigma_20,20.0,11,43.07197952270508,34.763293457031246,26.80457305908203
autoencoder,Autoencoder,gaussian_noise,sigma_20,20.0,0,0.0006496565765701234,0.0017387918487656,0.0001624995929887
autoencoder,Autoencoder,gaussian_noise,sigma_20,20.0,1,0.0018087628995999694,0.0017387918487656,0.0001624995929887
autoencoder,Autoencoder,gaussian_noise,sigma_20,20.0,2,0.0019388365326449275,0.0017387918487656,0.0001624995929887
autoencoder,Autoencoder,gaussian_noise,sigma_20,20.0,3,0.0015263898530974984,0.0017387918487656,0.0001624995929887
autoencoder,Autoencoder,gaussian_noise,sigma_20,20.0,4,0.0011493340134620667,0.0017387918487656,0.0001624995929887
autoencoder,Autoencoder,gaussian_noise,sigma_20,20.0,5,0.001085961703211069,0.0017387918487656,0.0001624995929887
autoencoder,Autoencoder,gaussian_noise,sigma_20,20.0,6,0.0012150595430284739,0.0017387918487656,0.0001624995929887
autoencoder,Autoencoder,gaussian_noise,sigma_20,20.0,7,0.0008959451806731522,0.0017387918487656,0.0001624995929887
autoencoder,Autoencoder,gaussian_noise,sigma_20,20.0,8,0.000743041920941323,0.0017387918487656,0.0001624995929887
autoencoder,Autoencoder,gaussian_noise,sigma_20,20.0,9,0.0012269290164113045,0.0017387918487656,0.0001624995929887
autoencoder,Autoencoder,gaussian_noise,sigma_20,20.0,10,0.0014085485599935055,0.0017387918487656,0.0001624995929887
autoencoder,Autoencoder,gaussian_noise,sigma_20,20.0,11,0.0005220877937972546,0.0017387918487656,0.0001624995929887
image_statistics,Image statistics,gaussian_noise,sigma_20,20.0,0,1.1641765832901,1.7220234692096696,0.6057427525520325
image_statistics,Image statistics,gaussian_noise,sigma_20,20.0,1,1.0319730043411255,1.7220234692096696,0.6057427525520325
image_statistics,Image statistics,gaussian_noise,sigma_20,20.0,2,1.0352928638458252,1.7220234692096696,0.6057427525520325
image_statistics,Image statistics,gaussian_noise,sigma_20,20.0,3,0.9353227019309998,1.7220234692096696,0.6057427525520325
image_statistics,Image statistics,gaussian_noise,sigma_20,20.0,4,0.7949327826499939,1.7220234692096696,0.6057427525520325
image_statistics,Image statistics,gaussian_noise,sigma_20,20.0,5,0.9469559788703918,1.7220234692096696,0.6057427525520325
image_statistics,Image statistics,gaussian_noise,sigma_20,20.0,6,1.1072659492492676,1.7220234692096696,0.6057427525520325
image_statistics,Image statistics,gaussian_noise,sigma_20,20.0,7,0.8526683449745178,1.7220234692096696,0.6057427525520325
image_statistics,Image statistics,gaussian_noise,sigma_20,20.0,8,1.341805338859558,1.7220234692096696,0.6057427525520325
image_statistics,Image statistics,gaussian_noise,sigma_20,20.0,9,0.8201389908790588,1.7220234692096696,0.6057427525520325
image_statistics,Image statistics,gaussian_noise,sigma_20,20.0,10,1.1267679929733276,1.7220234692096696,0.6057427525520325
image_statistics,Image statistics,gaussian_noise,sigma_20,20.0,11,1.4048991203308105,1.7220234692096696,0.6057427525520325
mahalanobis_feature,Mahalanobis feature,gaussian_noise,sigma_40,40.0,0,52.38347625732422,38.58238201141357,32.05723571777344
mahalanobis_feature,Mahalanobis feature,gaussian_noise,sigma_40,40.0,1,46.142547607421875,38.58238201141357,32.05723571777344
mahalanobis_feature,Mahalanobis feature,gaussian_noise,sigma_40,40.0,2,44.35828399658203,38.58238201141357,32.05723571777344
mahalanobis_feature,Mahalanobis feature,gaussian_noise,sigma_40,40.0,3,45.848514556884766,38.58238201141357,32.05723571777344
mahalanobis_feature,Mahalanobis feature,gaussian_noise,sigma_40,40.0,4,49.44042205810547,38.58238201141357,32.05723571777344
mahalanobis_feature,Mahalanobis feature,gaussian_noise,sigma_40,40.0,5,50.04647445678711,38.58238201141357,32.05723571777344
mahalanobis_feature,Mahalanobis feature,gaussian_noise,sigma_40,40.0,6,50.524085998535156,38.58238201141357,32.05723571777344
mahalanobis_feature,Mahalanobis feature,gaussian_noise,sigma_40,40.0,7,50.84078598022461,38.58238201141357,32.05723571777344
mahalanobis_feature,Mahalanobis feature,gaussian_noise,sigma_40,40.0,8,57.317237854003906,38.58238201141357,32.05723571777344
mahalanobis_feature,Mahalanobis feature,gaussian_noise,sigma_40,40.0,9,49.207496643066406,38.58238201141357,32.05723571777344
mahalanobis_feature,Mahalanobis feature,gaussian_noise,sigma_40,40.0,10,47.783058166503906,38.58238201141357,32.05723571777344
mahalanobis_feature,Mahalanobis feature,gaussian_noise,sigma_40,40.0,11,60.758541107177734,38.58238201141357,32.05723571777344
patchcore_l3,PatchCore L3,gaussian_noise,sigma_40,40.0,0,35.40171813964844,34.763293457031246,26.80457305908203
patchcore_l3,PatchCore L3,gaussian_noise,sigma_40,40.0,1,42.99818801879883,34.763293457031246,26.80457305908203
patchcore_l3,PatchCore L3,gaussian_noise,sigma_40,40.0,2,29.011066436767578,34.763293457031246,26.80457305908203
patchcore_l3,PatchCore L3,gaussian_noise,sigma_40,40.0,3,31.431903839111328,34.763293457031246,26.80457305908203
patchcore_l3,PatchCore L3,gaussian_noise,sigma_40,40.0,4,29.156387329101562,34.763293457031246,26.80457305908203
patchcore_l3,PatchCore L3,gaussian_noise,sigma_40,40.0,5,32.71949005126953,34.763293457031246,26.80457305908203
patchcore_l3,PatchCore L3,gaussian_noise,sigma_40,40.0,6,34.83509063720703,34.763293457031246,26.80457305908203
patchcore_l3,PatchCore L3,gaussian_noise,sigma_40,40.0,7,38.9650993347168,34.763293457031246,26.80457305908203
patchcore_l3,PatchCore L3,gaussian_noise,sigma_40,40.0,8,45.210018157958984,34.763293457031246,26.80457305908203
patchcore_l3,PatchCore L3,gaussian_noise,sigma_40,40.0,9,34.49263381958008,34.763293457031246,26.80457305908203
patchcore_l3,PatchCore L3,gaussian_noise,sigma_40,40.0,10,34.53696823120117,34.763293457031246,26.80457305908203
patchcore_l3,PatchCore L3,gaussian_noise,sigma_40,40.0,11,36.147361755371094,34.763293457031246,26.80457305908203
autoencoder,Autoencoder,gaussian_noise,sigma_40,40.0,0,0.0016459347680211067,0.0017387918487656,0.0001624995929887
autoencoder,Autoencoder,gaussian_noise,sigma_40,40.0,1,0.002991968998685479,0.0017387918487656,0.0001624995929887
autoencoder,Autoencoder,gaussian_noise,sigma_40,40.0,2,0.0031930701807141304,0.0017387918487656,0.0001624995929887
autoencoder,Autoencoder,gaussian_noise,sigma_40,40.0,3,0.0028301787097007036,0.0017387918487656,0.0001624995929887
autoencoder,Autoencoder,gaussian_noise,sigma_40,40.0,4,0.002267149742692709,0.0017387918487656,0.0001624995929887
autoencoder,Autoencoder,gaussian_noise,sigma_40,40.0,5,0.002222935203462839,0.0017387918487656,0.0001624995929887
autoencoder,Autoencoder,gaussian_noise,sigma_40,40.0,6,0.0021820662077516317,0.0017387918487656,0.0001624995929887
autoencoder,Autoencoder,gaussian_noise,sigma_40,40.0,7,0.0018615558510646224,0.0017387918487656,0.0001624995929887
autoencoder,Autoencoder,gaussian_noise,sigma_40,40.0,8,0.0015680926153436303,0.0017387918487656,0.0001624995929887
autoencoder,Autoencoder,gaussian_noise,sigma_40,40.0,9,0.0024521569721400738,0.0017387918487656,0.0001624995929887
autoencoder,Autoencoder,gaussian_noise,sigma_40,40.0,10,0.002595161320641637,0.0017387918487656,0.0001624995929887
autoencoder,Autoencoder,gaussian_noise,sigma_40,40.0,11,0.0013631725450977683,0.0017387918487656,0.0001624995929887
image_statistics,Image statistics,gaussian_noise,sigma_40,40.0,0,2.2027781009674072,1.7220234692096696,0.6057427525520325
image_statistics,Image statistics,gaussian_noise,sigma_40,40.0,1,2.318131446838379,1.7220234692096696,0.6057427525520325
image_statistics,Image statistics,gaussian_noise,sigma_40,40.0,2,2.3149046897888184,1.7220234692096696,0.6057427525520325
image_statistics,Image statistics,gaussian_noise,sigma_40,40.0,3,2.27237868309021,1.7220234692096696,0.6057427525520325
image_statistics,Image statistics,gaussian_noise,sigma_40,40.0,4,2.1726877689361572,1.7220234692096696,0.6057427525520325
image_statistics,Image statistics,gaussian_noise,sigma_40,40.0,5,2.217271566390991,1.7220234692096696,0.6057427525520325
image_statistics,Image statistics,gaussian_noise,sigma_40,40.0,6,2.253267288208008,1.7220234692096696,0.6057427525520325
image_statistics,Image statistics,gaussian_noise,sigma_40,40.0,7,2.20993971824646,1.7220234692096696,0.6057427525520325
image_statistics,Image statistics,gaussian_noise,sigma_40,40.0,8,2.4121053218841553,1.7220234692096696,0.6057427525520325
image_statistics,Image statistics,gaussian_noise,sigma_40,40.0,9,2.1888036727905273,1.7220234692096696,0.6057427525520325
image_statistics,Image statistics,gaussian_noise,sigma_40,40.0,10,2.295325994491577,1.7220234692096696,0.6057427525520325
image_statistics,Image statistics,gaussian_noise,sigma_40,40.0,11,2.2225000858306885,1.7220234692096696,0.6057427525520325
mahalanobis_feature,Mahalanobis feature,jpeg_compression,quality_90,10.0,0,22.12144660949707,38.58238201141357,32.05723571777344
mahalanobis_feature,Mahalanobis feature,jpeg_compression,quality_90,10.0,1,24.138904571533203,38.58238201141357,32.05723571777344
mahalanobis_feature,Mahalanobis feature,jpeg_compression,quality_90,10.0,2,18.87091064453125,38.58238201141357,32.05723571777344
mahalanobis_feature,Mahalanobis feature,jpeg_compression,quality_90,10.0,3,24.60247230529785,38.58238201141357,32.05723571777344
mahalanobis_feature,Mahalanobis feature,jpeg_compression,quality_90,10.0,4,31.03009605407715,38.58238201141357,32.05723571777344
mahalanobis_feature,Mahalanobis feature,jpeg_compression,quality_90,10.0,5,28.70842170715332,38.58238201141357,32.05723571777344
mahalanobis_feature,Mahalanobis feature,jpeg_compression,quality_90,10.0,6,24.90053367614746,38.58238201141357,32.05723571777344
mahalanobis_feature,Mahalanobis feature,jpeg_compression,quality_90,10.0,7,27.6932373046875,38.58238201141357,32.05723571777344
mahalanobis_feature,Mahalanobis feature,jpeg_compression,quality_90,10.0,8,32.22282028198242,38.58238201141357,32.05723571777344
mahalanobis_feature,Mahalanobis feature,jpeg_compression,quality_90,10.0,9,26.828872680664062,38.58238201141357,32.05723571777344
mahalanobis_feature,Mahalanobis feature,jpeg_compression,quality_90,10.0,10,23.341365814208984,38.58238201141357,32.05723571777344
mahalanobis_feature,Mahalanobis feature,jpeg_compression,quality_90,10.0,11,16.252376556396484,38.58238201141357,32.05723571777344
patchcore_l3,PatchCore L3,jpeg_compression,quality_90,10.0,0,23.517032623291016,34.763293457031246,26.80457305908203
patchcore_l3,PatchCore L3,jpeg_compression,quality_90,10.0,1,28.79055404663086,34.763293457031246,26.80457305908203
patchcore_l3,PatchCore L3,jpeg_compression,quality_90,10.0,2,27.08061981201172,34.763293457031246,26.80457305908203
patchcore_l3,PatchCore L3,jpeg_compression,quality_90,10.0,3,33.436988830566406,34.763293457031246,26.80457305908203
patchcore_l3,PatchCore L3,jpeg_compression,quality_90,10.0,4,26.765695571899414,34.763293457031246,26.80457305908203
patchcore_l3,PatchCore L3,jpeg_compression,quality_90,10.0,5,30.749055862426758,34.763293457031246,26.80457305908203
patchcore_l3,PatchCore L3,jpeg_compression,quality_90,10.0,6,24.1334228515625,34.763293457031246,26.80457305908203
patchcore_l3,PatchCore L3,jpeg_compression,quality_90,10.0,7,24.772663116455078,34.763293457031246,26.80457305908203
patchcore_l3,PatchCore L3,jpeg_compression,quality_90,10.0,8,28.94329071044922,34.763293457031246,26.80457305908203
patchcore_l3,PatchCore L3,jpeg_compression,quality_90,10.0,9,32.262672424316406,34.763293457031246,26.80457305908203
patchcore_l3,PatchCore L3,jpeg_compression,quality_90,10.0,10,32.839683532714844,34.763293457031246,26.80457305908203
patchcore_l3,PatchCore L3,jpeg_compression,quality_90,10.0,11,20.66497039794922,34.763293457031246,26.80457305908203
autoencoder,Autoencoder,jpeg_compression,quality_90,10.0,0,0.0001894244778668508,0.0017387918487656,0.0001624995929887
autoencoder,Autoencoder,jpeg_compression,quality_90,10.0,1,0.0013782063033431768,0.0017387918487656,0.0001624995929887
autoencoder,Autoencoder,jpeg_compression,quality_90,10.0,2,0.001436352962628007,0.0017387918487656,0.0001624995929887
autoencoder,Autoencoder,jpeg_compression,quality_90,10.0,3,0.001009459956549108,0.0017387918487656,0.0001624995929887
autoencoder,Autoencoder,jpeg_compression,quality_90,10.0,4,0.0006855084211565554,0.0017387918487656,0.0001624995929887
autoencoder,Autoencoder,jpeg_compression,quality_90,10.0,5,0.0006246751290746033,0.0017387918487656,0.0001624995929887
autoencoder,Autoencoder,jpeg_compression,quality_90,10.0,6,0.0007748213829472661,0.0017387918487656,0.0001624995929887
autoencoder,Autoencoder,jpeg_compression,quality_90,10.0,7,0.0004624695866368711,0.0017387918487656,0.0001624995929887
autoencoder,Autoencoder,jpeg_compression,quality_90,10.0,8,0.0003677625209093094,0.0017387918487656,0.0001624995929887
autoencoder,Autoencoder,jpeg_compression,quality_90,10.0,9,0.0007323749596253037,0.0017387918487656,0.0001624995929887
autoencoder,Autoencoder,jpeg_compression,quality_90,10.0,10,0.0008854623883962631,0.0017387918487656,0.0001624995929887
autoencoder,Autoencoder,jpeg_compression,quality_90,10.0,11,0.00010593220213195309,0.0017387918487656,0.0001624995929887
image_statistics,Image statistics,jpeg_compression,quality_90,10.0,0,1.0150988101959229,1.7220234692096696,0.6057427525520325
image_statistics,Image statistics,jpeg_compression,quality_90,10.0,1,0.8351348042488098,1.7220234692096696,0.6057427525520325
image_statistics,Image statistics,jpeg_compression,quality_90,10.0,2,0.8067489862442017,1.7220234692096696,0.6057427525520325
image_statistics,Image statistics,jpeg_compression,quality_90,10.0,3,0.7715307474136353,1.7220234692096696,0.6057427525520325
image_statistics,Image statistics,jpeg_compression,quality_90,10.0,4,0.5440706014633179,1.7220234692096696,0.6057427525520325
image_statistics,Image statistics,jpeg_compression,quality_90,10.0,5,0.8281424045562744,1.7220234692096696,0.6057427525520325
image_statistics,Image statistics,jpeg_compression,quality_90,10.0,6,0.9198384284973145,1.7220234692096696,0.6057427525520325
image_statistics,Image statistics,jpeg_compression,quality_90,10.0,7,0.6980597376823425,1.7220234692096696,0.6057427525520325
image_statistics,Image statistics,jpeg_compression,quality_90,10.0,8,1.1265231370925903,1.7220234692096696,0.6057427525520325
image_statistics,Image statistics,jpeg_compression,quality_90,10.0,9,0.5758170485496521,1.7220234692096696,0.6057427525520325
image_statistics,Image statistics,jpeg_compression,quality_90,10.0,10,0.9365785121917725,1.7220234692096696,0.6057427525520325
image_statistics,Image statistics,jpeg_compression,quality_90,10.0,11,1.666361927986145,1.7220234692096696,0.6057427525520325
mahalanobis_feature,Mahalanobis feature,jpeg_compression,quality_70,30.0,0,21.908662796020508,38.58238201141357,32.05723571777344
mahalanobis_feature,Mahalanobis feature,jpeg_compression,quality_70,30.0,1,25.307077407836914,38.58238201141357,32.05723571777344
mahalanobis_feature,Mahalanobis feature,jpeg_compression,quality_70,30.0,2,20.507394790649414,38.58238201141357,32.05723571777344
mahalanobis_feature,Mahalanobis feature,jpeg_compression,quality_70,30.0,3,25.450685501098633,38.58238201141357,32.05723571777344
mahalanobis_feature,Mahalanobis feature,jpeg_compression,quality_70,30.0,4,31.219524383544922,38.58238201141357,32.05723571777344
mahalanobis_feature,Mahalanobis feature,jpeg_compression,quality_70,30.0,5,28.56635093688965,38.58238201141357,32.05723571777344
mahalanobis_feature,Mahalanobis feature,jpeg_compression,quality_70,30.0,6,24.910417556762695,38.58238201141357,32.05723571777344
mahalanobis_feature,Mahalanobis feature,jpeg_compression,quality_70,30.0,7,27.160808563232422,38.58238201141357,32.05723571777344
mahalanobis_feature,Mahalanobis feature,jpeg_compression,quality_70,30.0,8,32.457881927490234,38.58238201141357,32.05723571777344
mahalanobis_feature,Mahalanobis feature,jpeg_compression,quality_70,30.0,9,26.87750816345215,38.58238201141357,32.05723571777344
mahalanobis_feature,Mahalanobis feature,jpeg_compression,quality_70,30.0,10,23.56941795349121,38.58238201141357,32.05723571777344
mahalanobis_feature,Mahalanobis feature,jpeg_compression,quality_70,30.0,11,17.157642364501953,38.58238201141357,32.05723571777344
patchcore_l3,PatchCore L3,jpeg_compression,quality_70,30.0,0,23.191524505615234,34.763293457031246,26.80457305908203
patchcore_l3,PatchCore L3,jpeg_compression,quality_70,30.0,1,28.90829849243164,34.763293457031246,26.80457305908203
patchcore_l3,PatchCore L3,jpeg_compression,quality_70,30.0,2,26.355234146118164,34.763293457031246,26.80457305908203
patchcore_l3,PatchCore L3,jpeg_compression,quality_70,30.0,3,33.317386627197266,34.763293457031246,26.80457305908203
patchcore_l3,PatchCore L3,jpeg_compression,quality_70,30.0,4,26.8716983795166,34.763293457031246,26.80457305908203
patchcore_l3,PatchCore L3,jpeg_compression,quality_70,30.0,5,30.493043899536133,34.763293457031246,26.80457305908203
patchcore_l3,PatchCore L3,jpeg_compression,quality_70,30.0,6,24.280370712280273,34.763293457031246,26.80457305908203
patchcore_l3,PatchCore L3,jpeg_compression,quality_70,30.0,7,25.775487899780273,34.763293457031246,26.80457305908203
patchcore_l3,PatchCore L3,jpeg_compression,quality_70,30.0,8,29.319316864013672,34.763293457031246,26.80457305908203
patchcore_l3,PatchCore L3,jpeg_compression,quality_70,30.0,9,31.935802459716797,34.763293457031246,26.80457305908203
patchcore_l3,PatchCore L3,jpeg_compression,quality_70,30.0,10,32.54750061035156,34.763293457031246,26.80457305908203
patchcore_l3,PatchCore L3,jpeg_compression,quality_70,30.0,11,21.96259880065918,34.763293457031246,26.80457305908203
autoencoder,Autoencoder,jpeg_compression,quality_70,30.0,0,0.00019320292631164193,0.0017387918487656,0.0001624995929887
autoencoder,Autoencoder,jpeg_compression,quality_70,30.0,1,0.0013757201377302408,0.0017387918487656,0.0001624995929887
autoencoder,Autoencoder,jpeg_compression,quality_70,30.0,2,0.0014386298134922981,0.0017387918487656,0.0001624995929887
autoencoder,Autoencoder,jpeg_compression,quality_70,30.0,3,0.0010121875675395131,0.0017387918487656,0.0001624995929887
autoencoder,Autoencoder,jpeg_compression,quality_70,30.0,4,0.0006887663621455431,0.0017387918487656,0.0001624995929887
autoencoder,Autoencoder,jpeg_compression,quality_70,30.0,5,0.0006259079673327506,0.0017387918487656,0.0001624995929887
autoencoder,Autoencoder,jpeg_compression,quality_70,30.0,6,0.0007783991750329733,0.0017387918487656,0.0001624995929887
autoencoder,Autoencoder,jpeg_compression,quality_70,30.0,7,0.0004674863303080201,0.0017387918487656,0.0001624995929887
autoencoder,Autoencoder,jpeg_compression,quality_70,30.0,8,0.00037107928073965013,0.0017387918487656,0.0001624995929887
autoencoder,Autoencoder,jpeg_compression,quality_70,30.0,9,0.0007332786335609853,0.0017387918487656,0.0001624995929887
autoencoder,Autoencoder,jpeg_compression,quality_70,30.0,10,0.0008918838575482368,0.0017387918487656,0.0001624995929887
autoencoder,Autoencoder,jpeg_compression,quality_70,30.0,11,0.00010898690379690379,0.0017387918487656,0.0001624995929887
image_statistics,Image statistics,jpeg_compression,quality_70,30.0,0,1.0110477209091187,1.7220234692096696,0.6057427525520325
image_statistics,Image statistics,jpeg_compression,quality_70,30.0,1,0.8258941173553467,1.7220234692096696,0.6057427525520325
image_statistics,Image statistics,jpeg_compression,quality_70,30.0,2,0.8142971396446228,1.7220234692096696,0.6057427525520325
image_statistics,Image statistics,jpeg_compression,quality_70,30.0,3,0.7626238465309143,1.7220234692096696,0.6057427525520325
image_statistics,Image statistics,jpeg_compression,quality_70,30.0,4,0.5336480140686035,1.7220234692096696,0.6057427525520325
image_statistics,Image statistics,jpeg_compression,quality_70,30.0,5,0.8188812732696533,1.7220234692096696,0.6057427525520325
image_statistics,Image statistics,jpeg_compression,quality_70,30.0,6,0.8857922554016113,1.7220234692096696,0.6057427525520325
image_statistics,Image statistics,jpeg_compression,quality_70,30.0,7,0.6958852410316467,1.7220234692096696,0.6057427525520325
image_statistics,Image statistics,jpeg_compression,quality_70,30.0,8,1.126114845275879,1.7220234692096696,0.6057427525520325
image_statistics,Image statistics,jpeg_compression,quality_70,30.0,9,0.5911968946456909,1.7220234692096696,0.6057427525520325
image_statistics,Image statistics,jpeg_compression,quality_70,30.0,10,0.9366812705993652,1.7220234692096696,0.6057427525520325
image_statistics,Image statistics,jpeg_compression,quality_70,30.0,11,1.6896480321884155,1.7220234692096696,0.6057427525520325
mahalanobis_feature,Mahalanobis feature,jpeg_compression,quality_50,50.0,0,28.730859756469727,38.58238201141357,32.05723571777344
mahalanobis_feature,Mahalanobis feature,jpeg_compression,quality_50,50.0,1,26.403718948364258,38.58238201141357,32.05723571777344
mahalanobis_feature,Mahalanobis feature,jpeg_compression,quality_50,50.0,2,25.198022842407227,38.58238201141357,32.05723571777344
mahalanobis_feature,Mahalanobis feature,jpeg_compression,quality_50,50.0,3,27.189411163330078,38.58238201141357,32.05723571777344
mahalanobis_feature,Mahalanobis feature,jpeg_compression,quality_50,50.0,4,33.82123565673828,38.58238201141357,32.05723571777344
mahalanobis_feature,Mahalanobis feature,jpeg_compression,quality_50,50.0,5,31.561269760131836,38.58238201141357,32.05723571777344
mahalanobis_feature,Mahalanobis feature,jpeg_compression,quality_50,50.0,6,28.689830780029297,38.58238201141357,32.05723571777344
mahalanobis_feature,Mahalanobis feature,jpeg_compression,quality_50,50.0,7,31.67041778564453,38.58238201141357,32.05723571777344
mahalanobis_feature,Mahalanobis feature,jpeg_compression,quality_50,50.0,8,33.91082763671875,38.58238201141357,32.05723571777344
mahalanobis_feature,Mahalanobis feature,jpeg_compression,quality_50,50.0,9,29.87290382385254,38.58238201141357,32.05723571777344
mahalanobis_feature,Mahalanobis feature,jpeg_compression,quality_50,50.0,10,28.122547149658203,38.58238201141357,32.05723571777344
mahalanobis_feature,Mahalanobis feature,jpeg_compression,quality_50,50.0,11,19.92353630065918,38.58238201141357,32.05723571777344
patchcore_l3,PatchCore L3,jpeg_compression,quality_50,50.0,0,27.735610961914062,34.763293457031246,26.80457305908203
patchcore_l3,PatchCore L3,jpeg_compression,quality_50,50.0,1,28.436195373535156,34.763293457031246,26.80457305908203
patchcore_l3,PatchCore L3,jpeg_compression,quality_50,50.0,2,32.640769958496094,34.763293457031246,26.80457305908203
patchcore_l3,PatchCore L3,jpeg_compression,quality_50,50.0,3,34.176788330078125,34.763293457031246,26.80457305908203
patchcore_l3,PatchCore L3,jpeg_compression,quality_50,50.0,4,26.29098129272461,34.763293457031246,26.80457305908203
patchcore_l3,PatchCore L3,jpeg_compression,quality_50,50.0,5,30.31487464904785,34.763293457031246,26.80457305908203
patchcore_l3,PatchCore L3,jpeg_compression,quality_50,50.0,6,23.804845809936523,34.763293457031246,26.80457305908203
patchcore_l3,PatchCore L3,jpeg_compression,quality_50,50.0,7,23.891708374023438,34.763293457031246,26.80457305908203
patchcore_l3,PatchCore L3,jpeg_compression,quality_50,50.0,8,29.667625427246094,34.763293457031246,26.80457305908203
patchcore_l3,PatchCore L3,jpeg_compression,quality_50,50.0,9,33.040653228759766,34.763293457031246,26.80457305908203
patchcore_l3,PatchCore L3,jpeg_compression,quality_50,50.0,10,32.633079528808594,34.763293457031246,26.80457305908203
patchcore_l3,PatchCore L3,jpeg_compression,quality_50,50.0,11,22.328351974487305,34.763293457031246,26.80457305908203
autoencoder,Autoencoder,jpeg_compression,quality_50,50.0,0,0.00020051628234796226,0.0017387918487656,0.0001624995929887
autoencoder,Autoencoder,jpeg_compression,quality_50,50.0,1,0.0013842846965417266,0.0017387918487656,0.0001624995929887
autoencoder,Autoencoder,jpeg_compression,quality_50,50.0,2,0.0014459097292274237,0.0017387918487656,0.0001624995929887
autoencoder,Autoencoder,jpeg_compression,quality_50,50.0,3,0.0010123213287442923,0.0017387918487656,0.0001624995929887
autoencoder,Autoencoder,jpeg_compression,quality_50,50.0,4,0.0006915034609846771,0.0017387918487656,0.0001624995929887
autoencoder,Autoencoder,jpeg_compression,quality_50,50.0,5,0.0006332806660793722,0.0017387918487656,0.0001624995929887
autoencoder,Autoencoder,jpeg_compression,quality_50,50.0,6,0.0007872470305301249,0.0017387918487656,0.0001624995929887
autoencoder,Autoencoder,jpeg_compression,quality_50,50.0,7,0.0004724095924757421,0.0017387918487656,0.0001624995929887
autoencoder,Autoencoder,jpeg_compression,quality_50,50.0,8,0.00037552302819676697,0.0017387918487656,0.0001624995929887
autoencoder,Autoencoder,jpeg_compression,quality_50,50.0,9,0.0007391480030491948,0.0017387918487656,0.0001624995929887
autoencoder,Autoencoder,jpeg_compression,quality_50,50.0,10,0.0008979226113297045,0.0017387918487656,0.0001624995929887
autoencoder,Autoencoder,jpeg_compression,quality_50,50.0,11,0.00011313455615891144,0.0017387918487656,0.0001624995929887
image_statistics,Image statistics,jpeg_compression,quality_50,50.0,0,1.0036123991012573,1.7220234692096696,0.6057427525520325
image_statistics,Image statistics,jpeg_compression,quality_50,50.0,1,0.8547906875610352,1.7220234692096696,0.6057427525520325
image_statistics,Image statistics,jpeg_compression,quality_50,50.0,2,0.8169501423835754,1.7220234692096696,0.6057427525520325
image_statistics,Image statistics,jpeg_compression,quality_50,50.0,3,0.7770947217941284,1.7220234692096696,0.6057427525520325
image_statistics,Image statistics,jpeg_compression,quality_50,50.0,4,0.5575339794158936,1.7220234692096696,0.6057427525520325
image_statistics,Image statistics,jpeg_compression,quality_50,50.0,5,0.8194369077682495,1.7220234692096696,0.6057427525520325
image_statistics,Image statistics,jpeg_compression,quality_50,50.0,6,0.9025911092758179,1.7220234692096696,0.6057427525520325
image_statistics,Image statistics,jpeg_compression,quality_50,50.0,7,0.694599986076355,1.7220234692096696,0.6057427525520325
image_statistics,Image statistics,jpeg_compression,quality_50,50.0,8,1.1207844018936157,1.7220234692096696,0.6057427525520325
image_statistics,Image statistics,jpeg_compression,quality_50,50.0,9,0.5739509463310242,1.7220234692096696,0.6057427525520325
image_statistics,Image statistics,jpeg_compression,quality_50,50.0,10,0.9514431357383728,1.7220234692096696,0.6057427525520325
image_statistics,Image statistics,jpeg_compression,quality_50,50.0,11,1.6515599489212036,1.7220234692096696,0.6057427525520325
mahalanobis_feature,Mahalanobis feature,jpeg_compression,quality_30,70.0,0,33.445396423339844,38.58238201141357,32.05723571777344
mahalanobis_feature,Mahalanobis feature,jpeg_compression,quality_30,70.0,1,28.759031295776367,38.58238201141357,32.05723571777344
mahalanobis_feature,Mahalanobis feature,jpeg_compression,quality_30,70.0,2,26.15764617919922,38.58238201141357,32.05723571777344
mahalanobis_feature,Mahalanobis feature,jpeg_compression,quality_30,70.0,3,25.769298553466797,38.58238201141357,32.05723571777344
mahalanobis_feature,Mahalanobis feature,jpeg_compression,quality_30,70.0,4,34.42974090576172,38.58238201141357,32.05723571777344
mahalanobis_feature,Mahalanobis feature,jpeg_compression,quality_30,70.0,5,30.183988571166992,38.58238201141357,32.05723571777344
mahalanobis_feature,Mahalanobis feature,jpeg_compression,quality_30,70.0,6,27.45999526977539,38.58238201141357,32.05723571777344
mahalanobis_feature,Mahalanobis feature,jpeg_compression,quality_30,70.0,7,29.65880012512207,38.58238201141357,32.05723571777344
mahalanobis_feature,Mahalanobis feature,jpeg_compression,quality_30,70.0,8,45.718833923339844,38.58238201141357,32.05723571777344
mahalanobis_feature,Mahalanobis feature,jpeg_compression,quality_30,70.0,9,29.071266174316406,38.58238201141357,32.05723571777344
mahalanobis_feature,Mahalanobis feature,jpeg_compression,quality_30,70.0,10,24.766456604003906,38.58238201141357,32.05723571777344
mahalanobis_feature,Mahalanobis feature,jpeg_compression,quality_30,70.0,11,38.39012145996094,38.58238201141357,32.05723571777344
patchcore_l3,PatchCore L3,jpeg_compression,quality_30,70.0,0,24.144134521484375,34.763293457031246,26.80457305908203
patchcore_l3,PatchCore L3,jpeg_compression,quality_30,70.0,1,31.281343460083008,34.763293457031246,26.80457305908203
patchcore_l3,PatchCore L3,jpeg_compression,quality_30,70.0,2,26.687271118164062,34.763293457031246,26.80457305908203
patchcore_l3,PatchCore L3,jpeg_compression,quality_30,70.0,3,34.0833625793457,34.763293457031246,26.80457305908203
patchcore_l3,PatchCore L3,jpeg_compression,quality_30,70.0,4,25.761024475097656,34.763293457031246,26.80457305908203
patchcore_l3,PatchCore L3,jpeg_compression,quality_30,70.0,5,30.083810806274414,34.763293457031246,26.80457305908203
patchcore_l3,PatchCore L3,jpeg_compression,quality_30,70.0,6,24.793882369995117,34.763293457031246,26.80457305908203
patchcore_l3,PatchCore L3,jpeg_compression,quality_30,70.0,7,25.304885864257812,34.763293457031246,26.80457305908203
patchcore_l3,PatchCore L3,jpeg_compression,quality_30,70.0,8,29.8554630279541,34.763293457031246,26.80457305908203
patchcore_l3,PatchCore L3,jpeg_compression,quality_30,70.0,9,37.346370697021484,34.763293457031246,26.80457305908203
patchcore_l3,PatchCore L3,jpeg_compression,quality_30,70.0,10,32.44594192504883,34.763293457031246,26.80457305908203
patchcore_l3,PatchCore L3,jpeg_compression,quality_30,70.0,11,20.744890213012695,34.763293457031246,26.80457305908203
autoencoder,Autoencoder,jpeg_compression,quality_30,70.0,0,0.00020349810074549168,0.0017387918487656,0.0001624995929887
autoencoder,Autoencoder,jpeg_compression,quality_30,70.0,1,0.001396304345689714,0.0017387918487656,0.0001624995929887
autoencoder,Autoencoder,jpeg_compression,quality_30,70.0,2,0.0014601846924051642,0.0017387918487656,0.0001624995929887
autoencoder,Autoencoder,jpeg_compression,quality_30,70.0,3,0.0010204145219177008,0.0017387918487656,0.0001624995929887
autoencoder,Autoencoder,jpeg_compression,quality_30,70.0,4,0.0007012280984781682,0.0017387918487656,0.0001624995929887
autoencoder,Autoencoder,jpeg_compression,quality_30,70.0,5,0.0006350518087856472,0.0017387918487656,0.0001624995929887
autoencoder,Autoencoder,jpeg_compression,quality_30,70.0,6,0.0008020795066840947,0.0017387918487656,0.0001624995929887
autoencoder,Autoencoder,jpeg_compression,quality_30,70.0,7,0.00048388110008090734,0.0017387918487656,0.0001624995929887
autoencoder,Autoencoder,jpeg_compression,quality_30,70.0,8,0.0003775008372031152,0.0017387918487656,0.0001624995929887
autoencoder,Autoencoder,jpeg_compression,quality_30,70.0,9,0.000750976731069386,0.0017387918487656,0.0001624995929887
autoencoder,Autoencoder,jpeg_compression,quality_30,70.0,10,0.0009130659163929522,0.0017387918487656,0.0001624995929887
autoencoder,Autoencoder,jpeg_compression,quality_30,70.0,11,0.0001086672637029551,0.0017387918487656,0.0001624995929887
image_statistics,Image statistics,jpeg_compression,quality_30,70.0,0,1.0123307704925537,1.7220234692096696,0.6057427525520325
image_statistics,Image statistics,jpeg_compression,quality_30,70.0,1,0.8393384218215942,1.7220234692096696,0.6057427525520325
image_statistics,Image statistics,jpeg_compression,quality_30,70.0,2,0.8084108233451843,1.7220234692096696,0.6057427525520325
image_statistics,Image statistics,jpeg_compression,quality_30,70.0,3,0.7905866503715515,1.7220234692096696,0.6057427525520325
image_statistics,Image statistics,jpeg_compression,quality_30,70.0,4,0.5193667411804199,1.7220234692096696,0.6057427525520325
image_statistics,Image statistics,jpeg_compression,quality_30,70.0,5,0.819230854511261,1.7220234692096696,0.6057427525520325
image_statistics,Image statistics,jpeg_compression,quality_30,70.0,6,0.9013562202453613,1.7220234692096696,0.6057427525520325
image_statistics,Image statistics,jpeg_compression,quality_30,70.0,7,0.7020623683929443,1.7220234692096696,0.6057427525520325
image_statistics,Image statistics,jpeg_compression,quality_30,70.0,8,1.0793200731277466,1.7220234692096696,0.6057427525520325
image_statistics,Image statistics,jpeg_compression,quality_30,70.0,9,0.5734529495239258,1.7220234692096696,0.6057427525520325
image_statistics,Image statistics,jpeg_compression,quality_30,70.0,10,0.9491987228393555,1.7220234692096696,0.6057427525520325
image_statistics,Image statistics,jpeg_compression,quality_30,70.0,11,1.6641899347305298,1.7220234692096696,0.6057427525520325
mahalanobis_feature,Mahalanobis feature,jpeg_compression,quality_10,90.0,0,230.2216796875,38.58238201141357,32.05723571777344
mahalanobis_feature,Mahalanobis feature,jpeg_compression,quality_10,90.0,1,55.34938430786133,38.58238201141357,32.05723571777344
mahalanobis_feature,Mahalanobis feature,jpeg_compression,quality_10,90.0,2,63.403507232666016,38.58238201141357,32.05723571777344
mahalanobis_feature,Mahalanobis feature,jpeg_compression,quality_10,90.0,3,71.99775695800781,38.58238201141357,32.05723571777344
mahalanobis_feature,Mahalanobis feature,jpeg_compression,quality_10,90.0,4,72.62894439697266,38.58238201141357,32.05723571777344
mahalanobis_feature,Mahalanobis feature,jpeg_compression,quality_10,90.0,5,109.68817138671875,38.58238201141357,32.05723571777344
mahalanobis_feature,Mahalanobis feature,jpeg_compression,quality_10,90.0,6,57.516845703125,38.58238201141357,32.05723571777344
mahalanobis_feature,Mahalanobis feature,jpeg_compression,quality_10,90.0,7,150.00352478027344,38.58238201141357,32.05723571777344
mahalanobis_feature,Mahalanobis feature,jpeg_compression,quality_10,90.0,8,200.33401489257812,38.58238201141357,32.05723571777344
mahalanobis_feature,Mahalanobis feature,jpeg_compression,quality_10,90.0,9,85.75419616699219,38.58238201141357,32.05723571777344
mahalanobis_feature,Mahalanobis feature,jpeg_compression,quality_10,90.0,10,51.49025344848633,38.58238201141357,32.05723571777344
mahalanobis_feature,Mahalanobis feature,jpeg_compression,quality_10,90.0,11,213.1847381591797,38.58238201141357,32.05723571777344
patchcore_l3,PatchCore L3,jpeg_compression,quality_10,90.0,0,28.64957046508789,34.763293457031246,26.80457305908203
patchcore_l3,PatchCore L3,jpeg_compression,quality_10,90.0,1,27.98163604736328,34.763293457031246,26.80457305908203
patchcore_l3,PatchCore L3,jpeg_compression,quality_10,90.0,2,29.19828224182129,34.763293457031246,26.80457305908203
patchcore_l3,PatchCore L3,jpeg_compression,quality_10,90.0,3,30.76673126220703,34.763293457031246,26.80457305908203
patchcore_l3,PatchCore L3,jpeg_compression,quality_10,90.0,4,27.916780471801758,34.763293457031246,26.80457305908203
patchcore_l3,PatchCore L3,jpeg_compression,quality_10,90.0,5,28.937166213989258,34.763293457031246,26.80457305908203
patchcore_l3,PatchCore L3,jpeg_compression,quality_10,90.0,6,24.05573081970215,34.763293457031246,26.80457305908203
patchcore_l3,PatchCore L3,jpeg_compression,quality_10,90.0,7,28.56698989868164,34.763293457031246,26.80457305908203
patchcore_l3,PatchCore L3,jpeg_compression,quality_10,90.0,8,33.318302154541016,34.763293457031246,26.80457305908203
patchcore_l3,PatchCore L3,jpeg_compression,quality_10,90.0,9,33.75297927856445,34.763293457031246,26.80457305908203
patchcore_l3,PatchCore L3,jpeg_compression,quality_10,90.0,10,36.70098114013672,34.763293457031246,26.80457305908203
patchcore_l3,PatchCore L3,jpeg_compression,quality_10,90.0,11,31.899688720703125,34.763293457031246,26.80457305908203
autoencoder,Autoencoder,jpeg_compression,quality_10,90.0,0,0.00013446997036226094,0.0017387918487656,0.0001624995929887
autoencoder,Autoencoder,jpeg_compression,quality_10,90.0,1,0.0013860384933650494,0.0017387918487656,0.0001624995929887
autoencoder,Autoencoder,jpeg_compression,quality_10,90.0,2,0.0014085994334891438,0.0017387918487656,0.0001624995929887
autoencoder,Autoencoder,jpeg_compression,quality_10,90.0,3,0.0009833909571170807,0.0017387918487656,0.0001624995929887
autoencoder,Autoencoder,jpeg_compression,quality_10,90.0,4,0.0006641767104156315,0.0017387918487656,0.0001624995929887
autoencoder,Autoencoder,jpeg_compression,quality_10,90.0,5,0.0006107360823079944,0.0017387918487656,0.0001624995929887
autoencoder,Autoencoder,jpeg_compression,quality_10,90.0,6,0.0008110537310130894,0.0017387918487656,0.0001624995929887
autoencoder,Autoencoder,jpeg_compression,quality_10,90.0,7,0.000424341531470418,0.0017387918487656,0.0001624995929887
autoencoder,Autoencoder,jpeg_compression,quality_10,90.0,8,0.00033850272302515805,0.0017387918487656,0.0001624995929887
autoencoder,Autoencoder,jpeg_compression,quality_10,90.0,9,0.0007056959439069033,0.0017387918487656,0.0001624995929887
autoencoder,Autoencoder,jpeg_compression,quality_10,90.0,10,0.0009097890579141676,0.0017387918487656,0.0001624995929887
autoencoder,Autoencoder,jpeg_compression,quality_10,90.0,11,6.385894812410697e-05,0.0017387918487656,0.0001624995929887
image_statistics,Image statistics,jpeg_compression,quality_10,90.0,0,1.3994028568267822,1.7220234692096696,0.6057427525520325
image_statistics,Image statistics,jpeg_compression,quality_10,90.0,1,0.7227383852005005,1.7220234692096696,0.6057427525520325
image_statistics,Image statistics,jpeg_compression,quality_10,90.0,2,0.77372145652771,1.7220234692096696,0.6057427525520325
image_statistics,Image statistics,jpeg_compression,quality_10,90.0,3,0.7956030368804932,1.7220234692096696,0.6057427525520325
image_statistics,Image statistics,jpeg_compression,quality_10,90.0,4,0.5416624546051025,1.7220234692096696,0.6057427525520325
image_statistics,Image statistics,jpeg_compression,quality_10,90.0,5,0.8579878211021423,1.7220234692096696,0.6057427525520325
image_statistics,Image statistics,jpeg_compression,quality_10,90.0,6,0.8996749520301819,1.7220234692096696,0.6057427525520325
image_statistics,Image statistics,jpeg_compression,quality_10,90.0,7,0.7709947228431702,1.7220234692096696,0.6057427525520325
image_statistics,Image statistics,jpeg_compression,quality_10,90.0,8,1.2770586013793945,1.7220234692096696,0.6057427525520325
image_statistics,Image statistics,jpeg_compression,quality_10,90.0,9,0.6427558064460754,1.7220234692096696,0.6057427525520325
image_statistics,Image statistics,jpeg_compression,quality_10,90.0,10,0.9179812073707581,1.7220234692096696,0.6057427525520325
image_statistics,Image statistics,jpeg_compression,quality_10,90.0,11,2.7523887157440186,1.7220234692096696,0.6057427525520325
mahalanobis_feature,Mahalanobis feature,blur_artifact,kernel_3,3.0,0,29.78056526184082,38.58238201141357,32.05723571777344
mahalanobis_feature,Mahalanobis feature,blur_artifact,kernel_3,3.0,1,37.78075408935547,38.58238201141357,32.05723571777344
mahalanobis_feature,Mahalanobis feature,blur_artifact,kernel_3,3.0,2,30.81937026977539,38.58238201141357,32.05723571777344
mahalanobis_feature,Mahalanobis feature,blur_artifact,kernel_3,3.0,3,35.4371223449707,38.58238201141357,32.05723571777344
mahalanobis_feature,Mahalanobis feature,blur_artifact,kernel_3,3.0,4,37.81312561035156,38.58238201141357,32.05723571777344
mahalanobis_feature,Mahalanobis feature,blur_artifact,kernel_3,3.0,5,34.4321403503418,38.58238201141357,32.05723571777344
mahalanobis_feature,Mahalanobis feature,blur_artifact,kernel_3,3.0,6,36.197105407714844,38.58238201141357,32.05723571777344
mahalanobis_feature,Mahalanobis feature,blur_artifact,kernel_3,3.0,7,36.99363708496094,38.58238201141357,32.05723571777344
mahalanobis_feature,Mahalanobis feature,blur_artifact,kernel_3,3.0,8,39.30952835083008,38.58238201141357,32.05723571777344
mahalanobis_feature,Mahalanobis feature,blur_artifact,kernel_3,3.0,9,34.427303314208984,38.58238201141357,32.05723571777344
mahalanobis_feature,Mahalanobis feature,blur_artifact,kernel_3,3.0,10,32.457855224609375,38.58238201141357,32.05723571777344
mahalanobis_feature,Mahalanobis feature,blur_artifact,kernel_3,3.0,11,28.51079750061035,38.58238201141357,32.05723571777344
patchcore_l3,PatchCore L3,blur_artifact,kernel_3,3.0,0,24.580347061157227,34.763293457031246,26.80457305908203
patchcore_l3,PatchCore L3,blur_artifact,kernel_3,3.0,1,27.184959411621094,34.763293457031246,26.80457305908203
patchcore_l3,PatchCore L3,blur_artifact,kernel_3,3.0,2,26.278371810913086,34.763293457031246,26.80457305908203
patchcore_l3,PatchCore L3,blur_artifact,kernel_3,3.0,3,30.914539337158203,34.763293457031246,26.80457305908203
patchcore_l3,PatchCore L3,blur_artifact,kernel_3,3.0,4,27.536325454711914,34.763293457031246,26.80457305908203
patchcore_l3,PatchCore L3,blur_artifact,kernel_3,3.0,5,29.919973373413086,34.763293457031246,26.80457305908203
patchcore_l3,PatchCore L3,blur_artifact,kernel_3,3.0,6,24.023700714111328,34.763293457031246,26.80457305908203
patchcore_l3,PatchCore L3,blur_artifact,kernel_3,3.0,7,25.994871139526367,34.763293457031246,26.80457305908203
patchcore_l3,PatchCore L3,blur_artifact,kernel_3,3.0,8,29.658567428588867,34.763293457031246,26.80457305908203
patchcore_l3,PatchCore L3,blur_artifact,kernel_3,3.0,9,34.194496154785156,34.763293457031246,26.80457305908203
patchcore_l3,PatchCore L3,blur_artifact,kernel_3,3.0,10,33.986202239990234,34.763293457031246,26.80457305908203
patchcore_l3,PatchCore L3,blur_artifact,kernel_3,3.0,11,23.140514373779297,34.763293457031246,26.80457305908203
autoencoder,Autoencoder,blur_artifact,kernel_3,3.0,0,0.00010762949386844411,0.0017387918487656,0.0001624995929887
autoencoder,Autoencoder,blur_artifact,kernel_3,3.0,1,0.0008930150070227683,0.0017387918487656,0.0001624995929887
autoencoder,Autoencoder,blur_artifact,kernel_3,3.0,2,0.0009603596408851445,0.0017387918487656,0.0001624995929887
autoencoder,Autoencoder,blur_artifact,kernel_3,3.0,3,0.0006537898443639278,0.0017387918487656,0.0001624995929887
autoencoder,Autoencoder,blur_artifact,kernel_3,3.0,4,0.0004388916422612965,0.0017387918487656,0.0001624995929887
autoencoder,Autoencoder,blur_artifact,kernel_3,3.0,5,0.0004041324427817017,0.0017387918487656,0.0001624995929887
autoencoder,Autoencoder,blur_artifact,kernel_3,3.0,6,0.00041609283653087914,0.0017387918487656,0.0001624995929887
autoencoder,Autoencoder,blur_artifact,kernel_3,3.0,7,0.0002860763343051076,0.0017387918487656,0.0001624995929887
autoencoder,Autoencoder,blur_artifact,kernel_3,3.0,8,0.00023687111388426274,0.0017387918487656,0.0001624995929887
autoencoder,Autoencoder,blur_artifact,kernel_3,3.0,9,0.0004778995062224567,0.0017387918487656,0.0001624995929887
autoencoder,Autoencoder,blur_artifact,kernel_3,3.0,10,0.0005083126598037779,0.0017387918487656,0.0001624995929887
autoencoder,Autoencoder,blur_artifact,kernel_3,3.0,11,6.421541183954105e-05,0.0017387918487656,0.0001624995929887
image_statistics,Image statistics,blur_artifact,kernel_3,3.0,0,1.2015386819839478,1.7220234692096696,0.6057427525520325
image_statistics,Image statistics,blur_artifact,kernel_3,3.0,1,0.8791471123695374,1.7220234692096696,0.6057427525520325
image_statistics,Image statistics,blur_artifact,kernel_3,3.0,2,0.8382927179336548,1.7220234692096696,0.6057427525520325
image_statistics,Image statistics,blur_artifact,kernel_3,3.0,3,0.8348265290260315,1.7220234692096696,0.6057427525520325
image_statistics,Image statistics,blur_artifact,kernel_3,3.0,4,0.6183409690856934,1.7220234692096696,0.6057427525520325
image_statistics,Image statistics,blur_artifact,kernel_3,3.0,5,0.786720335483551,1.7220234692096696,0.6057427525520325
image_statistics,Image statistics,blur_artifact,kernel_3,3.0,6,0.9883248805999756,1.7220234692096696,0.6057427525520325
image_statistics,Image statistics,blur_artifact,kernel_3,3.0,7,0.7531589269638062,1.7220234692096696,0.6057427525520325
image_statistics,Image statistics,blur_artifact,kernel_3,3.0,8,1.1637214422225952,1.7220234692096696,0.6057427525520325
image_statistics,Image statistics,blur_artifact,kernel_3,3.0,9,0.6385509371757507,1.7220234692096696,0.6057427525520325
image_statistics,Image statistics,blur_artifact,kernel_3,3.0,10,0.9265714287757874,1.7220234692096696,0.6057427525520325
image_statistics,Image statistics,blur_artifact,kernel_3,3.0,11,1.9151781797409058,1.7220234692096696,0.6057427525520325
mahalanobis_feature,Mahalanobis feature,blur_artifact,kernel_5,5.0,0,47.543941497802734,38.58238201141357,32.05723571777344
mahalanobis_feature,Mahalanobis feature,blur_artifact,kernel_5,5.0,1,54.80980682373047,38.58238201141357,32.05723571777344
mahalanobis_feature,Mahalanobis feature,blur_artifact,kernel_5,5.0,2,55.07752990722656,38.58238201141357,32.05723571777344
mahalanobis_feature,Mahalanobis feature,blur_artifact,kernel_5,5.0,3,57.483551025390625,38.58238201141357,32.05723571777344
mahalanobis_feature,Mahalanobis feature,blur_artifact,kernel_5,5.0,4,55.85185623168945,38.58238201141357,32.05723571777344
mahalanobis_feature,Mahalanobis feature,blur_artifact,kernel_5,5.0,5,53.99272918701172,38.58238201141357,32.05723571777344
mahalanobis_feature,Mahalanobis feature,blur_artifact,kernel_5,5.0,6,58.482513427734375,38.58238201141357,32.05723571777344
mahalanobis_feature,Mahalanobis feature,blur_artifact,kernel_5,5.0,7,50.64543151855469,38.58238201141357,32.05723571777344
mahalanobis_feature,Mahalanobis feature,blur_artifact,kernel_5,5.0,8,56.92110061645508,38.58238201141357,32.05723571777344
mahalanobis_feature,Mahalanobis feature,blur_artifact,kernel_5,5.0,9,52.04808044433594,38.58238201141357,32.05723571777344
mahalanobis_feature,Mahalanobis feature,blur_artifact,kernel_5,5.0,10,53.641334533691406,38.58238201141357,32.05723571777344
mahalanobis_feature,Mahalanobis feature,blur_artifact,kernel_5,5.0,11,43.689125061035156,38.58238201141357,32.05723571777344
patchcore_l3,PatchCore L3,blur_artifact,kernel_5,5.0,0,25.372316360473633,34.763293457031246,26.80457305908203
patchcore_l3,PatchCore L3,blur_artifact,kernel_5,5.0,1,25.99077796936035,34.763293457031246,26.80457305908203
patchcore_l3,PatchCore L3,blur_artifact,kernel_5,5.0,2,27.401540756225586,34.763293457031246,26.80457305908203
patchcore_l3,PatchCore L3,blur_artifact,kernel_5,5.0,3,31.026506423950195,34.763293457031246,26.80457305908203
patchcore_l3,PatchCore L3,blur_artifact,kernel_5,5.0,4,27.807636260986328,34.763293457031246,26.80457305908203
patchcore_l3,PatchCore L3,blur_artifact,kernel_5,5.0,5,30.71200180053711,34.763293457031246,26.80457305908203
patchcore_l3,PatchCore L3,blur_artifact,kernel_5,5.0,6,24.190412521362305,34.763293457031246,26.80457305908203
patchcore_l3,PatchCore L3,blur_artifact,kernel_5,5.0,7,28.298870086669922,34.763293457031246,26.80457305908203
patchcore_l3,PatchCore L3,blur_artifact,kernel_5,5.0,8,29.72055435180664,34.763293457031246,26.80457305908203
patchcore_l3,PatchCore L3,blur_artifact,kernel_5,5.0,9,35.554317474365234,34.763293457031246,26.80457305908203
patchcore_l3,PatchCore L3,blur_artifact,kernel_5,5.0,10,35.94883728027344,34.763293457031246,26.80457305908203
patchcore_l3,PatchCore L3,blur_artifact,kernel_5,5.0,11,24.56194305419922,34.763293457031246,26.80457305908203
autoencoder,Autoencoder,blur_artifact,kernel_5,5.0,0,6.588509859284386e-05,0.0017387918487656,0.0001624995929887
autoencoder,Autoencoder,blur_artifact,kernel_5,5.0,1,0.0005401717498898506,0.0017387918487656,0.0001624995929887
autoencoder,Autoencoder,blur_artifact,kernel_5,5.0,2,0.0005866327555850148,0.0017387918487656,0.0001624995929887
autoencoder,Autoencoder,blur_artifact,kernel_5,5.0,3,0.00039293666486628354,0.0017387918487656,0.0001624995929887
autoencoder,Autoencoder,blur_artifact,kernel_5,5.0,4,0.000264545320533216,0.0017387918487656,0.0001624995929887
autoencoder,Autoencoder,blur_artifact,kernel_5,5.0,5,0.00023950669856276363,0.0017387918487656,0.0001624995929887
autoencoder,Autoencoder,blur_artifact,kernel_5,5.0,6,0.00021269106946419924,0.0017387918487656,0.0001624995929887
autoencoder,Autoencoder,blur_artifact,kernel_5,5.0,7,0.00017066288273781538,0.0017387918487656,0.0001624995929887
autoencoder,Autoencoder,blur_artifact,kernel_5,5.0,8,0.00015120320313144475,0.0017387918487656,0.0001624995929887
autoencoder,Autoencoder,blur_artifact,kernel_5,5.0,9,0.0002893627970479429,0.0017387918487656,0.0001624995929887
autoencoder,Autoencoder,blur_artifact,kernel_5,5.0,10,0.0002884672721847892,0.0017387918487656,0.0001624995929887
autoencoder,Autoencoder,blur_artifact,kernel_5,5.0,11,4.301816807128489e-05,0.0017387918487656,0.0001624995929887
image_statistics,Image statistics,blur_artifact,kernel_5,5.0,0,1.3589340448379517,1.7220234692096696,0.6057427525520325
image_statistics,Image statistics,blur_artifact,kernel_5,5.0,1,1.004176139831543,1.7220234692096696,0.6057427525520325
image_statistics,Image statistics,blur_artifact,kernel_5,5.0,2,0.9295924305915833,1.7220234692096696,0.6057427525520325
image_statistics,Image statistics,blur_artifact,kernel_5,5.0,3,0.9316891431808472,1.7220234692096696,0.6057427525520325
image_statistics,Image statistics,blur_artifact,kernel_5,5.0,4,0.731967568397522,1.7220234692096696,0.6057427525520325
image_statistics,Image statistics,blur_artifact,kernel_5,5.0,5,0.7564301490783691,1.7220234692096696,0.6057427525520325
image_statistics,Image statistics,blur_artifact,kernel_5,5.0,6,1.1611268520355225,1.7220234692096696,0.6057427525520325
image_statistics,Image statistics,blur_artifact,kernel_5,5.0,7,0.7832323312759399,1.7220234692096696,0.6057427525520325
image_statistics,Image statistics,blur_artifact,kernel_5,5.0,8,1.1759408712387085,1.7220234692096696,0.6057427525520325
image_statistics,Image statistics,blur_artifact,kernel_5,5.0,9,0.7036389708518982,1.7220234692096696,0.6057427525520325
image_statistics,Image statistics,blur_artifact,kernel_5,5.0,10,0.9870509505271912,1.7220234692096696,0.6057427525520325
image_statistics,Image statistics,blur_artifact,kernel_5,5.0,11,2.1635968685150146,1.7220234692096696,0.6057427525520325
mahalanobis_feature,Mahalanobis feature,blur_artifact,kernel_9,9.0,0,93.7313232421875,38.58238201141357,32.05723571777344
mahalanobis_feature,Mahalanobis feature,blur_artifact,kernel_9,9.0,1,86.37023162841797,38.58238201141357,32.05723571777344
mahalanobis_feature,Mahalanobis feature,blur_artifact,kernel_9,9.0,2,104.75969696044922,38.58238201141357,32.05723571777344
mahalanobis_feature,Mahalanobis feature,blur_artifact,kernel_9,9.0,3,101.85137176513672,38.58238201141357,32.05723571777344
mahalanobis_feature,Mahalanobis feature,blur_artifact,kernel_9,9.0,4,100.1729736328125,38.58238201141357,32.05723571777344
mahalanobis_feature,Mahalanobis feature,blur_artifact,kernel_9,9.0,5,102.94658660888672,38.58238201141357,32.05723571777344
mahalanobis_feature,Mahalanobis feature,blur_artifact,kernel_9,9.0,6,86.12235260009766,38.58238201141357,32.05723571777344
mahalanobis_feature,Mahalanobis feature,blur_artifact,kernel_9,9.0,7,91.47657775878906,38.58238201141357,32.05723571777344
mahalanobis_feature,Mahalanobis feature,blur_artifact,kernel_9,9.0,8,105.60943603515625,38.58238201141357,32.05723571777344
mahalanobis_feature,Mahalanobis feature,blur_artifact,kernel_9,9.0,9,99.63929748535156,38.58238201141357,32.05723571777344
mahalanobis_feature,Mahalanobis feature,blur_artifact,kernel_9,9.0,10,96.23460388183594,38.58238201141357,32.05723571777344
mahalanobis_feature,Mahalanobis feature,blur_artifact,kernel_9,9.0,11,75.86270904541016,38.58238201141357,32.05723571777344
patchcore_l3,PatchCore L3,blur_artifact,kernel_9,9.0,0,27.273147583007812,34.763293457031246,26.80457305908203
patchcore_l3,PatchCore L3,blur_artifact,kernel_9,9.0,1,27.32927703857422,34.763293457031246,26.80457305908203
patchcore_l3,PatchCore L3,blur_artifact,kernel_9,9.0,2,27.354629516601562,34.763293457031246,26.80457305908203
patchcore_l3,PatchCore L3,blur_artifact,kernel_9,9.0,3,32.45808410644531,34.763293457031246,26.80457305908203
patchcore_l3,PatchCore L3,blur_artifact,kernel_9,9.0,4,30.236276626586914,34.763293457031246,26.80457305908203
patchcore_l3,PatchCore L3,blur_artifact,kernel_9,9.0,5,29.373014450073242,34.763293457031246,26.80457305908203
patchcore_l3,PatchCore L3,blur_artifact,kernel_9,9.0,6,28.009798049926758,34.763293457031246,26.80457305908203
patchcore_l3,PatchCore L3,blur_artifact,kernel_9,9.0,7,27.7160587310791,34.763293457031246,26.80457305908203
patchcore_l3,PatchCore L3,blur_artifact,kernel_9,9.0,8,31.015369415283203,34.763293457031246,26.80457305908203
patchcore_l3,PatchCore L3,blur_artifact,kernel_9,9.0,9,38.720680236816406,34.763293457031246,26.80457305908203
patchcore_l3,PatchCore L3,blur_artifact,kernel_9,9.0,10,42.36431121826172,34.763293457031246,26.80457305908203
patchcore_l3,PatchCore L3,blur_artifact,kernel_9,9.0,11,29.496904373168945,34.763293457031246,26.80457305908203
autoencoder,Autoencoder,blur_artifact,kernel_9,9.0,0,3.250329245929606e-05,0.0017387918487656,0.0001624995929887
autoencoder,Autoencoder,blur_artifact,kernel_9,9.0,1,0.0002085841551888734,0.0017387918487656,0.0001624995929887
autoencoder,Autoencoder,blur_artifact,kernel_9,9.0,2,0.00023042797693051398,0.0017387918487656,0.0001624995929887
autoencoder,Autoencoder,blur_artifact,kernel_9,9.0,3,0.00016444553330074996,0.0017387918487656,0.0001624995929887
autoencoder,Autoencoder,blur_artifact,kernel_9,9.0,4,0.00010580517846392468,0.0017387918487656,0.0001624995929887
autoencoder,Autoencoder,blur_artifact,kernel_9,9.0,5,8.411244925810024e-05,0.0017387918487656,0.0001624995929887
autoencoder,Autoencoder,blur_artifact,kernel_9,9.0,6,6.655192555626854e-05,0.0017387918487656,0.0001624995929887
autoencoder,Autoencoder,blur_artifact,kernel_9,9.0,7,6.858670531073585e-05,0.0017387918487656,0.0001624995929887
autoencoder,Autoencoder,blur_artifact,kernel_9,9.0,8,6.836681859567761e-05,0.0017387918487656,0.0001624995929887
autoencoder,Autoencoder,blur_artifact,kernel_9,9.0,9,0.00011301144695607945,0.0017387918487656,0.0001624995929887
autoencoder,Autoencoder,blur_artifact,kernel_9,9.0,10,0.00011651704699033871,0.0017387918487656,0.0001624995929887
autoencoder,Autoencoder,blur_artifact,kernel_9,9.0,11,2.4168872187146917e-05,0.0017387918487656,0.0001624995929887
image_statistics,Image statistics,blur_artifact,kernel_9,9.0,0,1.5589337348937988,1.7220234692096696,0.6057427525520325
image_statistics,Image statistics,blur_artifact,kernel_9,9.0,1,1.133484959602356,1.7220234692096696,0.6057427525520325
image_statistics,Image statistics,blur_artifact,kernel_9,9.0,2,1.0675277709960938,1.7220234692096696,0.6057427525520325
image_statistics,Image statistics,blur_artifact,kernel_9,9.0,3,1.27862548828125,1.7220234692096696,0.6057427525520325
image_statistics,Image statistics,blur_artifact,kernel_9,9.0,4,0.8591291308403015,1.7220234692096696,0.6057427525520325
image_statistics,Image statistics,blur_artifact,kernel_9,9.0,5,0.7442392706871033,1.7220234692096696,0.6057427525520325
image_statistics,Image statistics,blur_artifact,kernel_9,9.0,6,1.3660107851028442,1.7220234692096696,0.6057427525520325
image_statistics,Image statistics,blur_artifact,kernel_9,9.0,7,0.8162557482719421,1.7220234692096696,0.6057427525520325
image_statistics,Image statistics,blur_artifact,kernel_9,9.0,8,1.249001383781433,1.7220234692096696,0.6057427525520325
image_statistics,Image statistics,blur_artifact,kernel_9,9.0,9,0.7897718548774719,1.7220234692096696,0.6057427525520325
image_statistics,Image statistics,blur_artifact,kernel_9,9.0,10,1.0595048666000366,1.7220234692096696,0.6057427525520325
image_statistics,Image statistics,blur_artifact,kernel_9,9.0,11,2.5268123149871826,1.7220234692096696,0.6057427525520325
mahalanobis_feature,Mahalanobis feature,blur_artifact,kernel_15,15.0,0,117.73562622070312,38.58238201141357,32.05723571777344
mahalanobis_feature,Mahalanobis feature,blur_artifact,kernel_15,15.0,1,133.25885009765625,38.58238201141357,32.05723571777344
mahalanobis_feature,Mahalanobis feature,blur_artifact,kernel_15,15.0,2,144.90975952148438,38.58238201141357,32.05723571777344
mahalanobis_feature,Mahalanobis feature,blur_artifact,kernel_15,15.0,3,134.6995849609375,38.58238201141357,32.05723571777344
mahalanobis_feature,Mahalanobis feature,blur_artifact,kernel_15,15.0,4,137.11761474609375,38.58238201141357,32.05723571777344
mahalanobis_feature,Mahalanobis feature,blur_artifact,kernel_15,15.0,5,131.77447509765625,38.58238201141357,32.05723571777344
mahalanobis_feature,Mahalanobis feature,blur_artifact,kernel_15,15.0,6,117.03816223144531,38.58238201141357,32.05723571777344
mahalanobis_feature,Mahalanobis feature,blur_artifact,kernel_15,15.0,7,127.07234191894531,38.58238201141357,32.05723571777344
mahalanobis_feature,Mahalanobis feature,blur_artifact,kernel_15,15.0,8,130.3956298828125,38.58238201141357,32.05723571777344
mahalanobis_feature,Mahalanobis feature,blur_artifact,kernel_15,15.0,9,133.20196533203125,38.58238201141357,32.05723571777344
mahalanobis_feature,Mahalanobis feature,blur_artifact,kernel_15,15.0,10,132.4220733642578,38.58238201141357,32.05723571777344
mahalanobis_feature,Mahalanobis feature,blur_artifact,kernel_15,15.0,11,102.61168670654297,38.58238201141357,32.05723571777344
patchcore_l3,PatchCore L3,blur_artifact,kernel_15,15.0,0,28.555742263793945,34.763293457031246,26.80457305908203
patchcore_l3,PatchCore L3,blur_artifact,kernel_15,15.0,1,33.26629638671875,34.763293457031246,26.80457305908203
patchcore_l3,PatchCore L3,blur_artifact,kernel_15,15.0,2,32.69611740112305,34.763293457031246,26.80457305908203
patchcore_l3,PatchCore L3,blur_artifact,kernel_15,15.0,3,33.08436965942383,34.763293457031246,26.80457305908203
patchcore_l3,PatchCore L3,blur_artifact,kernel_15,15.0,4,30.674652099609375,34.763293457031246,26.80457305908203
patchcore_l3,PatchCore L3,blur_artifact,kernel_15,15.0,5,30.7644100189209,34.763293457031246,26.80457305908203
patchcore_l3,PatchCore L3,blur_artifact,kernel_15,15.0,6,33.96837615966797,34.763293457031246,26.80457305908203
patchcore_l3,PatchCore L3,blur_artifact,kernel_15,15.0,7,28.53287696838379,34.763293457031246,26.80457305908203
patchcore_l3,PatchCore L3,blur_artifact,kernel_15,15.0,8,31.27642250061035,34.763293457031246,26.80457305908203
patchcore_l3,PatchCore L3,blur_artifact,kernel_15,15.0,9,40.06658172607422,34.763293457031246,26.80457305908203
patchcore_l3,PatchCore L3,blur_artifact,kernel_15,15.0,10,43.61819839477539,34.763293457031246,26.80457305908203
patchcore_l3,PatchCore L3,blur_artifact,kernel_15,15.0,11,27.746322631835938,34.763293457031246,26.80457305908203
autoencoder,Autoencoder,blur_artifact,kernel_15,15.0,0,2.4029026462812908e-05,0.0017387918487656,0.0001624995929887
autoencoder,Autoencoder,blur_artifact,kernel_15,15.0,1,9.39222882152535e-05,0.0017387918487656,0.0001624995929887
autoencoder,Autoencoder,blur_artifact,kernel_15,15.0,2,0.00011309104593237862,0.0017387918487656,0.0001624995929887
autoencoder,Autoencoder,blur_artifact,kernel_15,15.0,3,9.435964602744207e-05,0.0017387918487656,0.0001624995929887
autoencoder,Autoencoder,blur_artifact,kernel_15,15.0,4,5.4173870012164116e-05,0.0017387918487656,0.0001624995929887
autoencoder,Autoencoder,blur_artifact,kernel_15,15.0,5,3.610802741604857e-05,0.0017387918487656,0.0001624995929887
autoencoder,Autoencoder,blur_artifact,kernel_15,15.0,6,2.90032312477706e-05,0.0017387918487656,0.0001624995929887
autoencoder,Autoencoder,blur_artifact,kernel_15,15.0,7,3.419968197704293e-05,0.0017387918487656,0.0001624995929887
autoencoder,Autoencoder,blur_artifact,kernel_15,15.0,8,3.46621272910852e-05,0.0017387918487656,0.0001624995929887
autoencoder,Autoencoder,blur_artifact,kernel_15,15.0,9,5.428204167401418e-05,0.0017387918487656,0.0001624995929887
autoencoder,Autoencoder,blur_artifact,kernel_15,15.0,10,5.992101432639174e-05,0.0017387918487656,0.0001624995929887
autoencoder,Autoencoder,blur_artifact,kernel_15,15.0,11,2.0172443328192458e-05,0.0017387918487656,0.0001624995929887
image_statistics,Image statistics,blur_artifact,kernel_15,15.0,0,1.6428894996643066,1.7220234692096696,0.6057427525520325
image_statistics,Image statistics,blur_artifact,kernel_15,15.0,1,1.2273831367492676,1.7220234692096696,0.6057427525520325
image_statistics,Image statistics,blur_artifact,kernel_15,15.0,2,1.2080894708633423,1.7220234692096696,0.6057427525520325
image_statistics,Image statistics,blur_artifact,kernel_15,15.0,3,1.5325583219528198,1.7220234692096696,0.6057427525520325
image_statistics,Image statistics,blur_artifact,kernel_15,15.0,4,0.9553287029266357,1.7220234692096696,0.6057427525520325
image_statistics,Image statistics,blur_artifact,kernel_15,15.0,5,0.859758198261261,1.7220234692096696,0.6057427525520325
image_statistics,Image statistics,blur_artifact,kernel_15,15.0,6,1.527158260345459,1.7220234692096696,0.6057427525520325
image_statistics,Image statistics,blur_artifact,kernel_15,15.0,7,0.828032374382019,1.7220234692096696,0.6057427525520325
image_statistics,Image statistics,blur_artifact,kernel_15,15.0,8,1.2625266313552856,1.7220234692096696,0.6057427525520325
image_statistics,Image statistics,blur_artifact,kernel_15,15.0,9,0.8510310649871826,1.7220234692096696,0.6057427525520325
image_statistics,Image statistics,blur_artifact,kernel_15,15.0,10,1.0963804721832275,1.7220234692096696,0.6057427525520325
image_statistics,Image statistics,blur_artifact,kernel_15,15.0,11,2.6946327686309814,1.7220234692096696,0.6057427525520325
mahalanobis_feature,Mahalanobis feature,border_crop,crop_0_02,0.02,0,44.241302490234375,38.58238201141357,32.05723571777344
mahalanobis_feature,Mahalanobis feature,border_crop,crop_0_02,0.02,1,32.261329650878906,38.58238201141357,32.05723571777344
mahalanobis_feature,Mahalanobis feature,border_crop,crop_0_02,0.02,2,38.173770904541016,38.58238201141357,32.05723571777344
mahalanobis_feature,Mahalanobis feature,border_crop,crop_0_02,0.02,3,44.01291275024414,38.58238201141357,32.05723571777344
mahalanobis_feature,Mahalanobis feature,border_crop,crop_0_02,0.02,4,50.5104866027832,38.58238201141357,32.05723571777344
mahalanobis_feature,Mahalanobis feature,border_crop,crop_0_02,0.02,5,45.757904052734375,38.58238201141357,32.05723571777344
mahalanobis_feature,Mahalanobis feature,border_crop,crop_0_02,0.02,6,39.33032989501953,38.58238201141357,32.05723571777344
mahalanobis_feature,Mahalanobis feature,border_crop,crop_0_02,0.02,7,37.819244384765625,38.58238201141357,32.05723571777344
mahalanobis_feature,Mahalanobis feature,border_crop,crop_0_02,0.02,8,46.248329162597656,38.58238201141357,32.05723571777344
mahalanobis_feature,Mahalanobis feature,border_crop,crop_0_02,0.02,9,38.62993240356445,38.58238201141357,32.05723571777344
mahalanobis_feature,Mahalanobis feature,border_crop,crop_0_02,0.02,10,46.615657806396484,38.58238201141357,32.05723571777344
mahalanobis_feature,Mahalanobis feature,border_crop,crop_0_02,0.02,11,47.13385009765625,38.58238201141357,32.05723571777344
patchcore_l3,PatchCore L3,border_crop,crop_0_02,0.02,0,28.872594833374023,34.763293457031246,26.80457305908203
patchcore_l3,PatchCore L3,border_crop,crop_0_02,0.02,1,29.659048080444336,34.763293457031246,26.80457305908203
patchcore_l3,PatchCore L3,border_crop,crop_0_02,0.02,2,29.241981506347656,34.763293457031246,26.80457305908203
patchcore_l3,PatchCore L3,border_crop,crop_0_02,0.02,3,33.283138275146484,34.763293457031246,26.80457305908203
patchcore_l3,PatchCore L3,border_crop,crop_0_02,0.02,4,29.137393951416016,34.763293457031246,26.80457305908203
patchcore_l3,PatchCore L3,border_crop,crop_0_02,0.02,5,30.70404624938965,34.763293457031246,26.80457305908203
patchcore_l3,PatchCore L3,border_crop,crop_0_02,0.02,6,28.279958724975586,34.763293457031246,26.80457305908203
patchcore_l3,PatchCore L3,border_crop,crop_0_02,0.02,7,31.52175521850586,34.763293457031246,26.80457305908203
patchcore_l3,PatchCore L3,border_crop,crop_0_02,0.02,8,33.14625549316406,34.763293457031246,26.80457305908203
patchcore_l3,PatchCore L3,border_crop,crop_0_02,0.02,9,32.4581184387207,34.763293457031246,26.80457305908203
patchcore_l3,PatchCore L3,border_crop,crop_0_02,0.02,10,32.54905319213867,34.763293457031246,26.80457305908203
patchcore_l3,PatchCore L3,border_crop,crop_0_02,0.02,11,28.310314178466797,34.763293457031246,26.80457305908203
autoencoder,Autoencoder,border_crop,crop_0_02,0.02,0,0.00020594366651494056,0.0017387918487656,0.0001624995929887
autoencoder,Autoencoder,border_crop,crop_0_02,0.02,1,0.0012884573079645634,0.0017387918487656,0.0001624995929887
autoencoder,Autoencoder,border_crop,crop_0_02,0.02,2,0.0014943782007321715,0.0017387918487656,0.0001624995929887
autoencoder,Autoencoder,border_crop,crop_0_02,0.02,3,0.0010660749394446611,0.0017387918487656,0.0001624995929887
autoencoder,Autoencoder,border_crop,crop_0_02,0.02,4,0.0007176991202868521,0.0017387918487656,0.0001624995929887
autoencoder,Autoencoder,border_crop,crop_0_02,0.02,5,0.0006501539028249681,0.0017387918487656,0.0001624995929887
autoencoder,Autoencoder,border_crop,crop_0_02,0.02,6,0.0007804088527336717,0.0017387918487656,0.0001624995929887
autoencoder,Autoencoder,border_crop,crop_0_02,0.02,7,0.00046073555131442845,0.0017387918487656,0.0001624995929887
autoencoder,Autoencoder,border_crop,crop_0_02,0.02,8,0.0003732696350198239,0.0017387918487656,0.0001624995929887
autoencoder,Autoencoder,border_crop,crop_0_02,0.02,9,0.0007572026806883514,0.0017387918487656,0.0001624995929887
autoencoder,Autoencoder,border_crop,crop_0_02,0.02,10,0.0009248308488167822,0.0017387918487656,0.0001624995929887
autoencoder,Autoencoder,border_crop,crop_0_02,0.02,11,0.0001156981525127776,0.0017387918487656,0.0001624995929887
image_statistics,Image statistics,border_crop,crop_0_02,0.02,0,1.347785472869873,1.7220234692096696,0.6057427525520325
image_statistics,Image statistics,border_crop,crop_0_02,0.02,1,1.227756381034851,1.7220234692096696,0.6057427525520325
image_statistics,Image statistics,border_crop,crop_0_02,0.02,2,1.1882468461990356,1.7220234692096696,0.6057427525520325
image_statistics,Image statistics,border_crop,crop_0_02,0.02,3,1.1871929168701172,1.7220234692096696,0.6057427525520325
image_statistics,Image statistics,border_crop,crop_0_02,0.02,4,1.0583348274230957,1.7220234692096696,0.6057427525520325
image_statistics,Image statistics,border_crop,crop_0_02,0.02,5,1.2202287912368774,1.7220234692096696,0.6057427525520325
image_statistics,Image statistics,border_crop,crop_0_02,0.02,6,1.2821799516677856,1.7220234692096696,0.6057427525520325
image_statistics,Image statistics,border_crop,crop_0_02,0.02,7,1.1386820077896118,1.7220234692096696,0.6057427525520325
image_statistics,Image statistics,border_crop,crop_0_02,0.02,8,1.4121711254119873,1.7220234692096696,0.6057427525520325
image_statistics,Image statistics,border_crop,crop_0_02,0.02,9,1.0693204402923584,1.7220234692096696,0.6057427525520325
image_statistics,Image statistics,border_crop,crop_0_02,0.02,10,1.2873626947402954,1.7220234692096696,0.6057427525520325
image_statistics,Image statistics,border_crop,crop_0_02,0.02,11,1.895163655281067,1.7220234692096696,0.6057427525520325
mahalanobis_feature,Mahalanobis feature,border_crop,crop_0_05,0.05,0,71.61526489257812,38.58238201141357,32.05723571777344
mahalanobis_feature,Mahalanobis feature,border_crop,crop_0_05,0.05,1,53.932289123535156,38.58238201141357,32.05723571777344
mahalanobis_feature,Mahalanobis feature,border_crop,crop_0_05,0.05,2,67.45413970947266,38.58238201141357,32.05723571777344
mahalanobis_feature,Mahalanobis feature,border_crop,crop_0_05,0.05,3,70.7458724975586,38.58238201141357,32.05723571777344
mahalanobis_feature,Mahalanobis feature,border_crop,crop_0_05,0.05,4,74.44876098632812,38.58238201141357,32.05723571777344
mahalanobis_feature,Mahalanobis feature,border_crop,crop_0_05,0.05,5,74.00456237792969,38.58238201141357,32.05723571777344
mahalanobis_feature,Mahalanobis feature,border_crop,crop_0_05,0.05,6,67.29583740234375,38.58238201141357,32.05723571777344
mahalanobis_feature,Mahalanobis feature,border_crop,crop_0_05,0.05,7,66.05855560302734,38.58238201141357,32.05723571777344
mahalanobis_feature,Mahalanobis feature,border_crop,crop_0_05,0.05,8,65.2623519897461,38.58238201141357,32.05723571777344
mahalanobis_feature,Mahalanobis feature,border_crop,crop_0_05,0.05,9,70.20214080810547,38.58238201141357,32.05723571777344
mahalanobis_feature,Mahalanobis feature,border_crop,crop_0_05,0.05,10,79.08253479003906,38.58238201141357,32.05723571777344
mahalanobis_feature,Mahalanobis feature,border_crop,crop_0_05,0.05,11,72.64724731445312,38.58238201141357,32.05723571777344
patchcore_l3,PatchCore L3,border_crop,crop_0_05,0.05,0,30.594226837158203,34.763293457031246,26.80457305908203
patchcore_l3,PatchCore L3,border_crop,crop_0_05,0.05,1,32.67184829711914,34.763293457031246,26.80457305908203
patchcore_l3,PatchCore L3,border_crop,crop_0_05,0.05,2,31.776634216308594,34.763293457031246,26.80457305908203
patchcore_l3,PatchCore L3,border_crop,crop_0_05,0.05,3,33.27756881713867,34.763293457031246,26.80457305908203
patchcore_l3,PatchCore L3,border_crop,crop_0_05,0.05,4,31.505699157714844,34.763293457031246,26.80457305908203
patchcore_l3,PatchCore L3,border_crop,crop_0_05,0.05,5,33.077659606933594,34.763293457031246,26.80457305908203
patchcore_l3,PatchCore L3,border_crop,crop_0_05,0.05,6,30.3173770904541,34.763293457031246,26.80457305908203
patchcore_l3,PatchCore L3,border_crop,crop_0_05,0.05,7,31.876256942749023,34.763293457031246,26.80457305908203
patchcore_l3,PatchCore L3,border_crop,crop_0_05,0.05,8,34.59809875488281,34.763293457031246,26.80457305908203
patchcore_l3,PatchCore L3,border_crop,crop_0_05,0.05,9,34.27085876464844,34.763293457031246,26.80457305908203
patchcore_l3,PatchCore L3,border_crop,crop_0_05,0.05,10,32.1313362121582,34.763293457031246,26.80457305908203
patchcore_l3,PatchCore L3,border_crop,crop_0_05,0.05,11,32.66379165649414,34.763293457031246,26.80457305908203
autoencoder,Autoencoder,border_crop,crop_0_05,0.05,0,0.00021529290825128555,0.0017387918487656,0.0001624995929887
autoencoder,Autoencoder,border_crop,crop_0_05,0.05,1,0.001359696383588016,0.0017387918487656,0.0001624995929887
autoencoder,Autoencoder,border_crop,crop_0_05,0.05,2,0.001569136860780418,0.0017387918487656,0.0001624995929887
autoencoder,Autoencoder,border_crop,crop_0_05,0.05,3,0.0011222923640161753,0.0017387918487656,0.0001624995929887
autoencoder,Autoencoder,border_crop,crop_0_05,0.05,4,0.0007543106912635267,0.0017387918487656,0.0001624995929887
autoencoder,Autoencoder,border_crop,crop_0_05,0.05,5,0.0006711045862175524,0.0017387918487656,0.0001624995929887
autoencoder,Autoencoder,border_crop,crop_0_05,0.05,6,0.0007557824137620628,0.0017387918487656,0.0001624995929887
autoencoder,Autoencoder,border_crop,crop_0_05,0.05,7,0.00047184451250359416,0.0017387918487656,0.0001624995929887
autoencoder,Autoencoder,border_crop,crop_0_05,0.05,8,0.00037974442238919437,0.0017387918487656,0.0001624995929887
autoencoder,Autoencoder,border_crop,crop_0_05,0.05,9,0.0007815433782525361,0.0017387918487656,0.0001624995929887
autoencoder,Autoencoder,border_crop,crop_0_05,0.05,10,0.0009146305383183062,0.0017387918487656,0.0001624995929887
autoencoder,Autoencoder,border_crop,crop_0_05,0.05,11,0.00012117253208998591,0.0017387918487656,0.0001624995929887
image_statistics,Image statistics,border_crop,crop_0_05,0.05,0,1.371366262435913,1.7220234692096696,0.6057427525520325
image_statistics,Image statistics,border_crop,crop_0_05,0.05,1,1.2526297569274902,1.7220234692096696,0.6057427525520325
image_statistics,Image statistics,border_crop,crop_0_05,0.05,2,1.1869081258773804,1.7220234692096696,0.6057427525520325
image_statistics,Image statistics,border_crop,crop_0_05,0.05,3,1.2134760618209839,1.7220234692096696,0.6057427525520325
image_statistics,Image statistics,border_crop,crop_0_05,0.05,4,1.088596224784851,1.7220234692096696,0.6057427525520325
image_statistics,Image statistics,border_crop,crop_0_05,0.05,5,1.246650218963623,1.7220234692096696,0.6057427525520325
image_statistics,Image statistics,border_crop,crop_0_05,0.05,6,1.2942211627960205,1.7220234692096696,0.6057427525520325
image_statistics,Image statistics,border_crop,crop_0_05,0.05,7,1.1818764209747314,1.7220234692096696,0.6057427525520325
image_statistics,Image statistics,border_crop,crop_0_05,0.05,8,1.4153343439102173,1.7220234692096696,0.6057427525520325
image_statistics,Image statistics,border_crop,crop_0_05,0.05,9,1.1091006994247437,1.7220234692096696,0.6057427525520325
image_statistics,Image statistics,border_crop,crop_0_05,0.05,10,1.3053689002990723,1.7220234692096696,0.6057427525520325
image_statistics,Image statistics,border_crop,crop_0_05,0.05,11,1.9317115545272827,1.7220234692096696,0.6057427525520325
mahalanobis_feature,Mahalanobis feature,border_crop,crop_0_10,0.1,0,113.94752502441406,38.58238201141357,32.05723571777344
mahalanobis_feature,Mahalanobis feature,border_crop,crop_0_10,0.1,1,96.23616790771484,38.58238201141357,32.05723571777344
mahalanobis_feature,Mahalanobis feature,border_crop,crop_0_10,0.1,2,100.50018310546875,38.58238201141357,32.05723571777344
mahalanobis_feature,Mahalanobis feature,border_crop,crop_0_10,0.1,3,102.69483947753906,38.58238201141357,32.05723571777344
mahalanobis_feature,Mahalanobis feature,border_crop,crop_0_10,0.1,4,107.63359069824219,38.58238201141357,32.05723571777344
mahalanobis_feature,Mahalanobis feature,border_crop,crop_0_10,0.1,5,103.06991577148438,38.58238201141357,32.05723571777344
mahalanobis_feature,Mahalanobis feature,border_crop,crop_0_10,0.1,6,104.18013000488281,38.58238201141357,32.05723571777344
mahalanobis_feature,Mahalanobis feature,border_crop,crop_0_10,0.1,7,118.32206726074219,38.58238201141357,32.05723571777344
mahalanobis_feature,Mahalanobis feature,border_crop,crop_0_10,0.1,8,109.05330657958984,38.58238201141357,32.05723571777344
mahalanobis_feature,Mahalanobis feature,border_crop,crop_0_10,0.1,9,101.5521469116211,38.58238201141357,32.05723571777344
mahalanobis_feature,Mahalanobis feature,border_crop,crop_0_10,0.1,10,114.01742553710938,38.58238201141357,32.05723571777344
mahalanobis_feature,Mahalanobis feature,border_crop,crop_0_10,0.1,11,116.45563507080078,38.58238201141357,32.05723571777344
patchcore_l3,PatchCore L3,border_crop,crop_0_10,0.1,0,35.726783752441406,34.763293457031246,26.80457305908203
patchcore_l3,PatchCore L3,border_crop,crop_0_10,0.1,1,35.123146057128906,34.763293457031246,26.80457305908203
patchcore_l3,PatchCore L3,border_crop,crop_0_10,0.1,2,30.940229415893555,34.763293457031246,26.80457305908203
patchcore_l3,PatchCore L3,border_crop,crop_0_10,0.1,3,33.07084274291992,34.763293457031246,26.80457305908203
patchcore_l3,PatchCore L3,border_crop,crop_0_10,0.1,4,36.61619567871094,34.763293457031246,26.80457305908203
patchcore_l3,PatchCore L3,border_crop,crop_0_10,0.1,5,33.209285736083984,34.763293457031246,26.80457305908203
patchcore_l3,PatchCore L3,border_crop,crop_0_10,0.1,6,36.97336196899414,34.763293457031246,26.80457305908203
patchcore_l3,PatchCore L3,border_crop,crop_0_10,0.1,7,33.988990783691406,34.763293457031246,26.80457305908203
patchcore_l3,PatchCore L3,border_crop,crop_0_10,0.1,8,34.59202194213867,34.763293457031246,26.80457305908203
patchcore_l3,PatchCore L3,border_crop,crop_0_10,0.1,9,32.96884536743164,34.763293457031246,26.80457305908203
patchcore_l3,PatchCore L3,border_crop,crop_0_10,0.1,10,35.40512466430664,34.763293457031246,26.80457305908203
patchcore_l3,PatchCore L3,border_crop,crop_0_10,0.1,11,36.6341667175293,34.763293457031246,26.80457305908203
autoencoder,Autoencoder,border_crop,crop_0_10,0.1,0,0.00023623976449016482,0.0017387918487656,0.0001624995929887
autoencoder,Autoencoder,border_crop,crop_0_10,0.1,1,0.0013374648988246918,0.0017387918487656,0.0001624995929887
autoencoder,Autoencoder,border_crop,crop_0_10,0.1,2,0.0015776620712131262,0.0017387918487656,0.0001624995929887
autoencoder,Autoencoder,border_crop,crop_0_10,0.1,3,0.0012293101754039526,0.0017387918487656,0.0001624995929887
autoencoder,Autoencoder,border_crop,crop_0_10,0.1,4,0.0008028094889596105,0.0017387918487656,0.0001624995929887
autoencoder,Autoencoder,border_crop,crop_0_10,0.1,5,0.0006927449139766395,0.0017387918487656,0.0001624995929887
autoencoder,Autoencoder,border_crop,crop_0_10,0.1,6,0.0006970285903662443,0.0017387918487656,0.0001624995929887
autoencoder,Autoencoder,border_crop,crop_0_10,0.1,7,0.00046546573867090046,0.0017387918487656,0.0001624995929887
autoencoder,Autoencoder,border_crop,crop_0_10,0.1,8,0.00033699069172143936,0.0017387918487656,0.0001624995929887
autoencoder,Autoencoder,border_crop,crop_0_10,0.1,9,0.000855693593621254,0.0017387918487656,0.0001624995929887
autoencoder,Autoencoder,border_crop,crop_0_10,0.1,10,0.0008955008815973997,0.0017387918487656,0.0001624995929887
autoencoder,Autoencoder,border_crop,crop_0_10,0.1,11,0.00012154130672570318,0.0017387918487656,0.0001624995929887
image_statistics,Image statistics,border_crop,crop_0_10,0.1,0,1.5777302980422974,1.7220234692096696,0.6057427525520325
image_statistics,Image statistics,border_crop,crop_0_10,0.1,1,1.4617877006530762,1.7220234692096696,0.6057427525520325
image_statistics,Image statistics,border_crop,crop_0_10,0.1,2,1.3815858364105225,1.7220234692096696,0.6057427525520325
image_statistics,Image statistics,border_crop,crop_0_10,0.1,3,1.4153625965118408,1.7220234692096696,0.6057427525520325
image_statistics,Image statistics,border_crop,crop_0_10,0.1,4,1.3340433835983276,1.7220234692096696,0.6057427525520325
image_statistics,Image statistics,border_crop,crop_0_10,0.1,5,1.4738436937332153,1.7220234692096696,0.6057427525520325
image_statistics,Image statistics,border_crop,crop_0_10,0.1,6,1.4653820991516113,1.7220234692096696,0.6057427525520325
image_statistics,Image statistics,border_crop,crop_0_10,0.1,7,1.4309107065200806,1.7220234692096696,0.6057427525520325
image_statistics,Image statistics,border_crop,crop_0_10,0.1,8,1.5561621189117432,1.7220234692096696,0.6057427525520325
image_statistics,Image statistics,border_crop,crop_0_10,0.1,9,1.3524391651153564,1.7220234692096696,0.6057427525520325
image_statistics,Image statistics,border_crop,crop_0_10,0.1,10,1.474723219871521,1.7220234692096696,0.6057427525520325
image_statistics,Image statistics,border_crop,crop_0_10,0.1,11,1.9633890390396118,1.7220234692096696,0.6057427525520325
mahalanobis_feature,Mahalanobis feature,border_crop,crop_0_20,0.2,0,132.8769073486328,38.58238201141357,32.05723571777344
mahalanobis_feature,Mahalanobis feature,border_crop,crop_0_20,0.2,1,125.21080780029297,38.58238201141357,32.05723571777344
mahalanobis_feature,Mahalanobis feature,border_crop,crop_0_20,0.2,2,123.46211242675781,38.58238201141357,32.05723571777344
mahalanobis_feature,Mahalanobis feature,border_crop,crop_0_20,0.2,3,127.75234985351562,38.58238201141357,32.05723571777344
mahalanobis_feature,Mahalanobis feature,border_crop,crop_0_20,0.2,4,127.04889678955078,38.58238201141357,32.05723571777344
mahalanobis_feature,Mahalanobis feature,border_crop,crop_0_20,0.2,5,126.83647918701172,38.58238201141357,32.05723571777344
mahalanobis_feature,Mahalanobis feature,border_crop,crop_0_20,0.2,6,128.59535217285156,38.58238201141357,32.05723571777344
mahalanobis_feature,Mahalanobis feature,border_crop,crop_0_20,0.2,7,133.7574462890625,38.58238201141357,32.05723571777344
mahalanobis_feature,Mahalanobis feature,border_crop,crop_0_20,0.2,8,138.00888061523438,38.58238201141357,32.05723571777344
mahalanobis_feature,Mahalanobis feature,border_crop,crop_0_20,0.2,9,123.18232727050781,38.58238201141357,32.05723571777344
mahalanobis_feature,Mahalanobis feature,border_crop,crop_0_20,0.2,10,136.03489685058594,38.58238201141357,32.05723571777344
mahalanobis_feature,Mahalanobis feature,border_crop,crop_0_20,0.2,11,134.25621032714844,38.58238201141357,32.05723571777344
patchcore_l3,PatchCore L3,border_crop,crop_0_20,0.2,0,34.4974365234375,34.763293457031246,26.80457305908203
patchcore_l3,PatchCore L3,border_crop,crop_0_20,0.2,1,37.01778793334961,34.763293457031246,26.80457305908203
patchcore_l3,PatchCore L3,border_crop,crop_0_20,0.2,2,36.219154357910156,34.763293457031246,26.80457305908203
patchcore_l3,PatchCore L3,border_crop,crop_0_20,0.2,3,36.1243782043457,34.763293457031246,26.80457305908203
patchcore_l3,PatchCore L3,border_crop,crop_0_20,0.2,4,36.303279876708984,34.763293457031246,26.80457305908203
patchcore_l3,PatchCore L3,border_crop,crop_0_20,0.2,5,35.79191589355469,34.763293457031246,26.80457305908203
patchcore_l3,PatchCore L3,border_crop,crop_0_20,0.2,6,35.3252067565918,34.763293457031246,26.80457305908203
patchcore_l3,PatchCore L3,border_crop,crop_0_20,0.2,7,37.687435150146484,34.763293457031246,26.80457305908203
patchcore_l3,PatchCore L3,border_crop,crop_0_20,0.2,8,33.65803146362305,34.763293457031246,26.80457305908203
patchcore_l3,PatchCore L3,border_crop,crop_0_20,0.2,9,37.28045654296875,34.763293457031246,26.80457305908203
patchcore_l3,PatchCore L3,border_crop,crop_0_20,0.2,10,33.15726852416992,34.763293457031246,26.80457305908203
patchcore_l3,PatchCore L3,border_crop,crop_0_20,0.2,11,34.874202728271484,34.763293457031246,26.80457305908203
autoencoder,Autoencoder,border_crop,crop_0_20,0.2,0,0.00013529170246329159,0.0017387918487656,0.0001624995929887
autoencoder,Autoencoder,border_crop,crop_0_20,0.2,1,0.0008405496482737362,0.0017387918487656,0.0001624995929887
autoencoder,Autoencoder,border_crop,crop_0_20,0.2,2,0.0011399833019822836,0.0017387918487656,0.0001624995929887
autoencoder,Autoencoder,border_crop,crop_0_20,0.2,3,0.0008376151672564447,0.0017387918487656,0.0001624995929887
autoencoder,Autoencoder,border_crop,crop_0_20,0.2,4,0.0004491792933549732,0.0017387918487656,0.0001624995929887
autoencoder,Autoencoder,border_crop,crop_0_20,0.2,5,0.0005275083822198212,0.0017387918487656,0.0001624995929887
autoencoder,Autoencoder,border_crop,crop_0_20,0.2,6,0.0003812313370872289,0.0017387918487656,0.0001624995929887
autoencoder,Autoencoder,border_crop,crop_0_20,0.2,7,0.00026986925513483584,0.0017387918487656,0.0001624995929887
autoencoder,Autoencoder,border_crop,crop_0_20,0.2,8,0.0002168389328289777,0.0017387918487656,0.0001624995929887
autoencoder,Autoencoder,border_crop,crop_0_20,0.2,9,0.0005782148218713701,0.0017387918487656,0.0001624995929887
autoencoder,Autoencoder,border_crop,crop_0_20,0.2,10,0.0004756543494295329,0.0017387918487656,0.0001624995929887
autoencoder,Autoencoder,border_crop,crop_0_20,0.2,11,6.676839257124811e-05,0.0017387918487656,0.0001624995929887
image_statistics,Image statistics,border_crop,crop_0_20,0.2,0,2.541954278945923,1.7220234692096696,0.6057427525520325
image_statistics,Image statistics,border_crop,crop_0_20,0.2,1,2.4670894145965576,1.7220234692096696,0.6057427525520325
image_statistics,Image statistics,border_crop,crop_0_20,0.2,2,2.460344076156616,1.7220234692096696,0.6057427525520325
image_statistics,Image statistics,border_crop,crop_0_20,0.2,3,2.4497077465057373,1.7220234692096696,0.6057427525520325
image_statistics,Image statistics,border_crop,crop_0_20,0.2,4,2.446605920791626,1.7220234692096696,0.6057427525520325
image_statistics,Image statistics,border_crop,crop_0_20,0.2,5,2.5147223472595215,1.7220234692096696,0.6057427525520325
image_statistics,Image statistics,border_crop,crop_0_20,0.2,6,2.4957351684570312,1.7220234692096696,0.6057427525520325
image_statistics,Image statistics,border_crop,crop_0_20,0.2,7,2.5250425338745117,1.7220234692096696,0.6057427525520325
image_statistics,Image statistics,border_crop,crop_0_20,0.2,8,2.5247185230255127,1.7220234692096696,0.6057427525520325
image_statistics,Image statistics,border_crop,crop_0_20,0.2,9,2.4649503231048584,1.7220234692096696,0.6057427525520325
image_statistics,Image statistics,border_crop,crop_0_20,0.2,10,2.4767816066741943,1.7220234692096696,0.6057427525520325
image_statistics,Image statistics,border_crop,crop_0_20,0.2,11,2.696544885635376,1.7220234692096696,0.6057427525520325
mahalanobis_feature,Mahalanobis feature,rectangle_annotation,width_2,2.0,0,103.75383758544922,38.58238201141357,32.05723571777344
mahalanobis_feature,Mahalanobis feature,rectangle_annotation,width_2,2.0,1,54.046199798583984,38.58238201141357,32.05723571777344
mahalanobis_feature,Mahalanobis feature,rectangle_annotation,width_2,2.0,2,48.71294021606445,38.58238201141357,32.05723571777344
mahalanobis_feature,Mahalanobis feature,rectangle_annotation,width_2,2.0,3,54.751895904541016,38.58238201141357,32.05723571777344
mahalanobis_feature,Mahalanobis feature,rectangle_annotation,width_2,2.0,4,67.77330017089844,38.58238201141357,32.05723571777344
mahalanobis_feature,Mahalanobis feature,rectangle_annotation,width_2,2.0,5,67.29557037353516,38.58238201141357,32.05723571777344
mahalanobis_feature,Mahalanobis feature,rectangle_annotation,width_2,2.0,6,87.40013885498047,38.58238201141357,32.05723571777344
mahalanobis_feature,Mahalanobis feature,rectangle_annotation,width_2,2.0,7,87.14677429199219,38.58238201141357,32.05723571777344
mahalanobis_feature,Mahalanobis feature,rectangle_annotation,width_2,2.0,8,102.22175598144531,38.58238201141357,32.05723571777344
mahalanobis_feature,Mahalanobis feature,rectangle_annotation,width_2,2.0,9,61.19438552856445,38.58238201141357,32.05723571777344
mahalanobis_feature,Mahalanobis feature,rectangle_annotation,width_2,2.0,10,64.32454681396484,38.58238201141357,32.05723571777344
mahalanobis_feature,Mahalanobis feature,rectangle_annotation,width_2,2.0,11,106.79585266113281,38.58238201141357,32.05723571777344
patchcore_l3,PatchCore L3,rectangle_annotation,width_2,2.0,0,40.31460189819336,34.763293457031246,26.80457305908203
patchcore_l3,PatchCore L3,rectangle_annotation,width_2,2.0,1,42.007484436035156,34.763293457031246,26.80457305908203
patchcore_l3,PatchCore L3,rectangle_annotation,width_2,2.0,2,35.482200622558594,34.763293457031246,26.80457305908203
patchcore_l3,PatchCore L3,rectangle_annotation,width_2,2.0,3,35.714752197265625,34.763293457031246,26.80457305908203
patchcore_l3,PatchCore L3,rectangle_annotation,width_2,2.0,4,37.29246139526367,34.763293457031246,26.80457305908203
patchcore_l3,PatchCore L3,rectangle_annotation,width_2,2.0,5,36.6818733215332,34.763293457031246,26.80457305908203
patchcore_l3,PatchCore L3,rectangle_annotation,width_2,2.0,6,41.50161361694336,34.763293457031246,26.80457305908203
patchcore_l3,PatchCore L3,rectangle_annotation,width_2,2.0,7,44.911354064941406,34.763293457031246,26.80457305908203
patchcore_l3,PatchCore L3,rectangle_annotation,width_2,2.0,8,41.7713737487793,34.763293457031246,26.80457305908203
patchcore_l3,PatchCore L3,rectangle_annotation,width_2,2.0,9,37.2818603515625,34.763293457031246,26.80457305908203
patchcore_l3,PatchCore L3,rectangle_annotation,width_2,2.0,10,33.78215408325195,34.763293457031246,26.80457305908203
patchcore_l3,PatchCore L3,rectangle_annotation,width_2,2.0,11,45.29603576660156,34.763293457031246,26.80457305908203
autoencoder,Autoencoder,rectangle_annotation,width_2,2.0,0,0.001490820082835853,0.0017387918487656,0.0001624995929887
autoencoder,Autoencoder,rectangle_annotation,width_2,2.0,1,0.00255375518463552,0.0017387918487656,0.0001624995929887
autoencoder,Autoencoder,rectangle_annotation,width_2,2.0,2,0.0025547773111611605,0.0017387918487656,0.0001624995929887
autoencoder,Autoencoder,rectangle_annotation,width_2,2.0,3,0.0021275170147418976,0.0017387918487656,0.0001624995929887
autoencoder,Autoencoder,rectangle_annotation,width_2,2.0,4,0.0018814963987097144,0.0017387918487656,0.0001624995929887
autoencoder,Autoencoder,rectangle_annotation,width_2,2.0,5,0.0018293573521077633,0.0017387918487656,0.0001624995929887
autoencoder,Autoencoder,rectangle_annotation,width_2,2.0,6,0.0020210654474794865,0.0017387918487656,0.0001624995929887
autoencoder,Autoencoder,rectangle_annotation,width_2,2.0,7,0.0017659275326877832,0.0017387918487656,0.0001624995929887
autoencoder,Autoencoder,rectangle_annotation,width_2,2.0,8,0.0018171810079365969,0.0017387918487656,0.0001624995929887
autoencoder,Autoencoder,rectangle_annotation,width_2,2.0,9,0.001866774051450193,0.0017387918487656,0.0001624995929887
autoencoder,Autoencoder,rectangle_annotation,width_2,2.0,10,0.0020253988914191723,0.0017387918487656,0.0001624995929887
autoencoder,Autoencoder,rectangle_annotation,width_2,2.0,11,0.001519055338576436,0.0017387918487656,0.0001624995929887
image_statistics,Image statistics,rectangle_annotation,width_2,2.0,0,1.41425359249115,1.7220234692096696,0.6057427525520325
image_statistics,Image statistics,rectangle_annotation,width_2,2.0,1,0.713148295879364,1.7220234692096696,0.6057427525520325
image_statistics,Image statistics,rectangle_annotation,width_2,2.0,2,0.7748883366584778,1.7220234692096696,0.6057427525520325
image_statistics,Image statistics,rectangle_annotation,width_2,2.0,3,0.678532600402832,1.7220234692096696,0.6057427525520325
image_statistics,Image statistics,rectangle_annotation,width_2,2.0,4,0.5420963764190674,1.7220234692096696,0.6057427525520325
image_statistics,Image statistics,rectangle_annotation,width_2,2.0,5,0.796137273311615,1.7220234692096696,0.6057427525520325
image_statistics,Image statistics,rectangle_annotation,width_2,2.0,6,1.292640209197998,1.7220234692096696,0.6057427525520325
image_statistics,Image statistics,rectangle_annotation,width_2,2.0,7,0.8926274180412292,1.7220234692096696,0.6057427525520325
image_statistics,Image statistics,rectangle_annotation,width_2,2.0,8,1.3600009679794312,1.7220234692096696,0.6057427525520325
image_statistics,Image statistics,rectangle_annotation,width_2,2.0,9,0.5551481246948242,1.7220234692096696,0.6057427525520325
image_statistics,Image statistics,rectangle_annotation,width_2,2.0,10,0.9238971471786499,1.7220234692096696,0.6057427525520325
image_statistics,Image statistics,rectangle_annotation,width_2,2.0,11,2.3150296211242676,1.7220234692096696,0.6057427525520325
mahalanobis_feature,Mahalanobis feature,rectangle_annotation,width_5,5.0,0,116.30729675292969,38.58238201141357,32.05723571777344
mahalanobis_feature,Mahalanobis feature,rectangle_annotation,width_5,5.0,1,68.73370361328125,38.58238201141357,32.05723571777344
mahalanobis_feature,Mahalanobis feature,rectangle_annotation,width_5,5.0,2,64.36956024169922,38.58238201141357,32.05723571777344
mahalanobis_feature,Mahalanobis feature,rectangle_annotation,width_5,5.0,3,70.5050048828125,38.58238201141357,32.05723571777344
mahalanobis_feature,Mahalanobis feature,rectangle_annotation,width_5,5.0,4,80.53233337402344,38.58238201141357,32.05723571777344
mahalanobis_feature,Mahalanobis feature,rectangle_annotation,width_5,5.0,5,84.35554504394531,38.58238201141357,32.05723571777344
mahalanobis_feature,Mahalanobis feature,rectangle_annotation,width_5,5.0,6,108.35292053222656,38.58238201141357,32.05723571777344
mahalanobis_feature,Mahalanobis feature,rectangle_annotation,width_5,5.0,7,102.84248352050781,38.58238201141357,32.05723571777344
mahalanobis_feature,Mahalanobis feature,rectangle_annotation,width_5,5.0,8,116.22265625,38.58238201141357,32.05723571777344
mahalanobis_feature,Mahalanobis feature,rectangle_annotation,width_5,5.0,9,73.1113510131836,38.58238201141357,32.05723571777344
mahalanobis_feature,Mahalanobis feature,rectangle_annotation,width_5,5.0,10,88.87586212158203,38.58238201141357,32.05723571777344
mahalanobis_feature,Mahalanobis feature,rectangle_annotation,width_5,5.0,11,116.16295623779297,38.58238201141357,32.05723571777344
patchcore_l3,PatchCore L3,rectangle_annotation,width_5,5.0,0,42.8631591796875,34.763293457031246,26.80457305908203
patchcore_l3,PatchCore L3,rectangle_annotation,width_5,5.0,1,43.79421615600586,34.763293457031246,26.80457305908203
patchcore_l3,PatchCore L3,rectangle_annotation,width_5,5.0,2,36.747100830078125,34.763293457031246,26.80457305908203
patchcore_l3,PatchCore L3,rectangle_annotation,width_5,5.0,3,38.6179084777832,34.763293457031246,26.80457305908203
patchcore_l3,PatchCore L3,rectangle_annotation,width_5,5.0,4,40.226287841796875,34.763293457031246,26.80457305908203
patchcore_l3,PatchCore L3,rectangle_annotation,width_5,5.0,5,39.2728271484375,34.763293457031246,26.80457305908203
patchcore_l3,PatchCore L3,rectangle_annotation,width_5,5.0,6,41.64519500732422,34.763293457031246,26.80457305908203
patchcore_l3,PatchCore L3,rectangle_annotation,width_5,5.0,7,47.23059844970703,34.763293457031246,26.80457305908203
patchcore_l3,PatchCore L3,rectangle_annotation,width_5,5.0,8,46.0756950378418,34.763293457031246,26.80457305908203
patchcore_l3,PatchCore L3,rectangle_annotation,width_5,5.0,9,38.33964157104492,34.763293457031246,26.80457305908203
patchcore_l3,PatchCore L3,rectangle_annotation,width_5,5.0,10,36.92957305908203,34.763293457031246,26.80457305908203
patchcore_l3,PatchCore L3,rectangle_annotation,width_5,5.0,11,47.410797119140625,34.763293457031246,26.80457305908203
autoencoder,Autoencoder,rectangle_annotation,width_5,5.0,0,0.00525458250194788,0.0017387918487656,0.0001624995929887
autoencoder,Autoencoder,rectangle_annotation,width_5,5.0,1,0.005953229032456875,0.0017387918487656,0.0001624995929887
autoencoder,Autoencoder,rectangle_annotation,width_5,5.0,2,0.005954194348305464,0.0017387918487656,0.0001624995929887
autoencoder,Autoencoder,rectangle_annotation,width_5,5.0,3,0.005432186182588339,0.0017387918487656,0.0001624995929887
autoencoder,Autoencoder,rectangle_annotation,width_5,5.0,4,0.005551931913942099,0.0017387918487656,0.0001624995929887
autoencoder,Autoencoder,rectangle_annotation,width_5,5.0,5,0.005530522670596838,0.0017387918487656,0.0001624995929887
autoencoder,Autoencoder,rectangle_annotation,width_5,5.0,6,0.005750294774770737,0.0017387918487656,0.0001624995929887
autoencoder,Autoencoder,rectangle_annotation,width_5,5.0,7,0.005575364921241999,0.0017387918487656,0.0001624995929887
autoencoder,Autoencoder,rectangle_annotation,width_5,5.0,8,0.005746239796280861,0.0017387918487656,0.0001624995929887
autoencoder,Autoencoder,rectangle_annotation,width_5,5.0,9,0.0053580510430037975,0.0017387918487656,0.0001624995929887
autoencoder,Autoencoder,rectangle_annotation,width_5,5.0,10,0.0054808109998703,0.0017387918487656,0.0001624995929887
autoencoder,Autoencoder,rectangle_annotation,width_5,5.0,11,0.005364266224205494,0.0017387918487656,0.0001624995929887
image_statistics,Image statistics,rectangle_annotation,width_5,5.0,0,1.758278250694275,1.7220234692096696,0.6057427525520325
image_statistics,Image statistics,rectangle_annotation,width_5,5.0,1,0.788910984992981,1.7220234692096696,0.6057427525520325
image_statistics,Image statistics,rectangle_annotation,width_5,5.0,2,0.8142929673194885,1.7220234692096696,0.6057427525520325
image_statistics,Image statistics,rectangle_annotation,width_5,5.0,3,0.7263069748878479,1.7220234692096696,0.6057427525520325
image_statistics,Image statistics,rectangle_annotation,width_5,5.0,4,0.70946204662323,1.7220234692096696,0.6057427525520325
image_statistics,Image statistics,rectangle_annotation,width_5,5.0,5,0.9051744937896729,1.7220234692096696,0.6057427525520325
image_statistics,Image statistics,rectangle_annotation,width_5,5.0,6,1.527770757675171,1.7220234692096696,0.6057427525520325
image_statistics,Image statistics,rectangle_annotation,width_5,5.0,7,1.1351566314697266,1.7220234692096696,0.6057427525520325
image_statistics,Image statistics,rectangle_annotation,width_5,5.0,8,1.52938973903656,1.7220234692096696,0.6057427525520325
image_statistics,Image statistics,rectangle_annotation,width_5,5.0,9,0.7342822551727295,1.7220234692096696,0.6057427525520325
image_statistics,Image statistics,rectangle_annotation,width_5,5.0,10,1.0832617282867432,1.7220234692096696,0.6057427525520325
image_statistics,Image statistics,rectangle_annotation,width_5,5.0,11,2.147677421569824,1.7220234692096696,0.6057427525520325
mahalanobis_feature,Mahalanobis feature,rectangle_annotation,width_9,9.0,0,122.70549011230469,38.58238201141357,32.05723571777344
mahalanobis_feature,Mahalanobis feature,rectangle_annotation,width_9,9.0,1,72.08560180664062,38.58238201141357,32.05723571777344
mahalanobis_feature,Mahalanobis feature,rectangle_annotation,width_9,9.0,2,72.33243560791016,38.58238201141357,32.05723571777344
mahalanobis_feature,Mahalanobis feature,rectangle_annotation,width_9,9.0,3,77.0408706665039,38.58238201141357,32.05723571777344
mahalanobis_feature,Mahalanobis feature,rectangle_annotation,width_9,9.0,4,89.92796325683594,38.58238201141357,32.05723571777344
mahalanobis_feature,Mahalanobis feature,rectangle_annotation,width_9,9.0,5,96.9953842163086,38.58238201141357,32.05723571777344
mahalanobis_feature,Mahalanobis feature,rectangle_annotation,width_9,9.0,6,113.77671813964844,38.58238201141357,32.05723571777344
mahalanobis_feature,Mahalanobis feature,rectangle_annotation,width_9,9.0,7,111.5116958618164,38.58238201141357,32.05723571777344
mahalanobis_feature,Mahalanobis feature,rectangle_annotation,width_9,9.0,8,124.32755279541016,38.58238201141357,32.05723571777344
mahalanobis_feature,Mahalanobis feature,rectangle_annotation,width_9,9.0,9,80.34880828857422,38.58238201141357,32.05723571777344
mahalanobis_feature,Mahalanobis feature,rectangle_annotation,width_9,9.0,10,96.61798858642578,38.58238201141357,32.05723571777344
mahalanobis_feature,Mahalanobis feature,rectangle_annotation,width_9,9.0,11,123.62998962402344,38.58238201141357,32.05723571777344
patchcore_l3,PatchCore L3,rectangle_annotation,width_9,9.0,0,43.4736442565918,34.763293457031246,26.80457305908203
patchcore_l3,PatchCore L3,rectangle_annotation,width_9,9.0,1,47.573970794677734,34.763293457031246,26.80457305908203
patchcore_l3,PatchCore L3,rectangle_annotation,width_9,9.0,2,36.85358810424805,34.763293457031246,26.80457305908203
patchcore_l3,PatchCore L3,rectangle_annotation,width_9,9.0,3,37.811729431152344,34.763293457031246,26.80457305908203
patchcore_l3,PatchCore L3,rectangle_annotation,width_9,9.0,4,41.26107406616211,34.763293457031246,26.80457305908203
patchcore_l3,PatchCore L3,rectangle_annotation,width_9,9.0,5,41.3917350769043,34.763293457031246,26.80457305908203
patchcore_l3,PatchCore L3,rectangle_annotation,width_9,9.0,6,43.03696823120117,34.763293457031246,26.80457305908203
patchcore_l3,PatchCore L3,rectangle_annotation,width_9,9.0,7,48.954654693603516,34.763293457031246,26.80457305908203
patchcore_l3,PatchCore L3,rectangle_annotation,width_9,9.0,8,49.55231857299805,34.763293457031246,26.80457305908203
patchcore_l3,PatchCore L3,rectangle_annotation,width_9,9.0,9,38.4577522277832,34.763293457031246,26.80457305908203
patchcore_l3,PatchCore L3,rectangle_annotation,width_9,9.0,10,35.71147918701172,34.763293457031246,26.80457305908203
patchcore_l3,PatchCore L3,rectangle_annotation,width_9,9.0,11,47.61646270751953,34.763293457031246,26.80457305908203
autoencoder,Autoencoder,rectangle_annotation,width_9,9.0,0,0.009772524237632751,0.0017387918487656,0.0001624995929887
autoencoder,Autoencoder,rectangle_annotation,width_9,9.0,1,0.010487928986549377,0.0017387918487656,0.0001624995929887
autoencoder,Autoencoder,rectangle_annotation,width_9,9.0,2,0.010587581433355808,0.0017387918487656,0.0001624995929887
autoencoder,Autoencoder,rectangle_annotation,width_9,9.0,3,0.010095145553350449,0.0017387918487656,0.0001624995929887
autoencoder,Autoencoder,rectangle_annotation,width_9,9.0,4,0.009987426921725273,0.0017387918487656,0.0001624995929887
autoencoder,Autoencoder,rectangle_annotation,width_9,9.0,5,0.010087746195495129,0.0017387918487656,0.0001624995929887
autoencoder,Autoencoder,rectangle_annotation,width_9,9.0,6,0.01029011607170105,0.0017387918487656,0.0001624995929887
autoencoder,Autoencoder,rectangle_annotation,width_9,9.0,7,0.009945782832801342,0.0017387918487656,0.0001624995929887
autoencoder,Autoencoder,rectangle_annotation,width_9,9.0,8,0.009923799894750118,0.0017387918487656,0.0001624995929887
autoencoder,Autoencoder,rectangle_annotation,width_9,9.0,9,0.0099179083481431,0.0017387918487656,0.0001624995929887
autoencoder,Autoencoder,rectangle_annotation,width_9,9.0,10,0.01004302129149437,0.0017387918487656,0.0001624995929887
autoencoder,Autoencoder,rectangle_annotation,width_9,9.0,11,0.009710967540740967,0.0017387918487656,0.0001624995929887
image_statistics,Image statistics,rectangle_annotation,width_9,9.0,0,1.770573616027832,1.7220234692096696,0.6057427525520325
image_statistics,Image statistics,rectangle_annotation,width_9,9.0,1,0.7793342471122742,1.7220234692096696,0.6057427525520325
image_statistics,Image statistics,rectangle_annotation,width_9,9.0,2,0.8179086446762085,1.7220234692096696,0.6057427525520325
image_statistics,Image statistics,rectangle_annotation,width_9,9.0,3,0.7254980206489563,1.7220234692096696,0.6057427525520325
image_statistics,Image statistics,rectangle_annotation,width_9,9.0,4,0.7185508012771606,1.7220234692096696,0.6057427525520325
image_statistics,Image statistics,rectangle_annotation,width_9,9.0,5,0.9023695588111877,1.7220234692096696,0.6057427525520325
image_statistics,Image statistics,rectangle_annotation,width_9,9.0,6,1.514617919921875,1.7220234692096696,0.6057427525520325
image_statistics,Image statistics,rectangle_annotation,width_9,9.0,7,1.1639074087142944,1.7220234692096696,0.6057427525520325
image_statistics,Image statistics,rectangle_annotation,width_9,9.0,8,1.5316135883331299,1.7220234692096696,0.6057427525520325
image_statistics,Image statistics,rectangle_annotation,width_9,9.0,9,0.7295178174972534,1.7220234692096696,0.6057427525520325
image_statistics,Image statistics,rectangle_annotation,width_9,9.0,10,1.0543757677078247,1.7220234692096696,0.6057427525520325
image_statistics,Image statistics,rectangle_annotation,width_9,9.0,11,2.2172563076019287,1.7220234692096696,0.6057427525520325
mahalanobis_feature,Mahalanobis feature,rectangle_annotation,width_15,15.0,0,129.3458251953125,38.58238201141357,32.05723571777344
mahalanobis_feature,Mahalanobis feature,rectangle_annotation,width_15,15.0,1,82.93331146240234,38.58238201141357,32.05723571777344
mahalanobis_feature,Mahalanobis feature,rectangle_annotation,width_15,15.0,2,85.60941314697266,38.58238201141357,32.05723571777344
mahalanobis_feature,Mahalanobis feature,rectangle_annotation,width_15,15.0,3,88.70291900634766,38.58238201141357,32.05723571777344
mahalanobis_feature,Mahalanobis feature,rectangle_annotation,width_15,15.0,4,99.91378784179688,38.58238201141357,32.05723571777344
mahalanobis_feature,Mahalanobis feature,rectangle_annotation,width_15,15.0,5,108.26834106445312,38.58238201141357,32.05723571777344
mahalanobis_feature,Mahalanobis feature,rectangle_annotation,width_15,15.0,6,119.7343521118164,38.58238201141357,32.05723571777344
mahalanobis_feature,Mahalanobis feature,rectangle_annotation,width_15,15.0,7,120.61311340332031,38.58238201141357,32.05723571777344
mahalanobis_feature,Mahalanobis feature,rectangle_annotation,width_15,15.0,8,132.73399353027344,38.58238201141357,32.05723571777344
mahalanobis_feature,Mahalanobis feature,rectangle_annotation,width_15,15.0,9,91.10502624511719,38.58238201141357,32.05723571777344
mahalanobis_feature,Mahalanobis feature,rectangle_annotation,width_15,15.0,10,106.90045166015625,38.58238201141357,32.05723571777344
mahalanobis_feature,Mahalanobis feature,rectangle_annotation,width_15,15.0,11,130.29981994628906,38.58238201141357,32.05723571777344
patchcore_l3,PatchCore L3,rectangle_annotation,width_15,15.0,0,48.685585021972656,34.763293457031246,26.80457305908203
patchcore_l3,PatchCore L3,rectangle_annotation,width_15,15.0,1,47.003028869628906,34.763293457031246,26.80457305908203
patchcore_l3,PatchCore L3,rectangle_annotation,width_15,15.0,2,40.4334602355957,34.763293457031246,26.80457305908203
patchcore_l3,PatchCore L3,rectangle_annotation,width_15,15.0,3,40.25001907348633,34.763293457031246,26.80457305908203
patchcore_l3,PatchCore L3,rectangle_annotation,width_15,15.0,4,41.78281784057617,34.763293457031246,26.80457305908203
patchcore_l3,PatchCore L3,rectangle_annotation,width_15,15.0,5,43.7955436706543,34.763293457031246,26.80457305908203
patchcore_l3,PatchCore L3,rectangle_annotation,width_15,15.0,6,45.27723693847656,34.763293457031246,26.80457305908203
patchcore_l3,PatchCore L3,rectangle_annotation,width_15,15.0,7,50.37861633300781,34.763293457031246,26.80457305908203
patchcore_l3,PatchCore L3,rectangle_annotation,width_15,15.0,8,50.74115753173828,34.763293457031246,26.80457305908203
patchcore_l3,PatchCore L3,rectangle_annotation,width_15,15.0,9,40.13700866699219,34.763293457031246,26.80457305908203
patchcore_l3,PatchCore L3,rectangle_annotation,width_15,15.0,10,37.761756896972656,34.763293457031246,26.80457305908203
patchcore_l3,PatchCore L3,rectangle_annotation,width_15,15.0,11,51.4944953918457,34.763293457031246,26.80457305908203
autoencoder,Autoencoder,rectangle_annotation,width_15,15.0,0,0.015984324738383293,0.0017387918487656,0.0001624995929887
autoencoder,Autoencoder,rectangle_annotation,width_15,15.0,1,0.017187219113111496,0.0017387918487656,0.0001624995929887
autoencoder,Autoencoder,rectangle_annotation,width_15,15.0,2,0.017410529777407646,0.0017387918487656,0.0001624995929887
autoencoder,Autoencoder,rectangle_annotation,width_15,15.0,3,0.016988083720207214,0.0017387918487656,0.0001624995929887
autoencoder,Autoencoder,rectangle_annotation,width_15,15.0,4,0.016638830304145813,0.0017387918487656,0.0001624995929887
autoencoder,Autoencoder,rectangle_annotation,width_15,15.0,5,0.01660766825079918,0.0017387918487656,0.0001624995929887
autoencoder,Autoencoder,rectangle_annotation,width_15,15.0,6,0.01661813259124756,0.0017387918487656,0.0001624995929887
autoencoder,Autoencoder,rectangle_annotation,width_15,15.0,7,0.016364479437470436,0.0017387918487656,0.0001624995929887
autoencoder,Autoencoder,rectangle_annotation,width_15,15.0,8,0.016212444752454758,0.0017387918487656,0.0001624995929887
autoencoder,Autoencoder,rectangle_annotation,width_15,15.0,9,0.0166794303804636,0.0017387918487656,0.0001624995929887
autoencoder,Autoencoder,rectangle_annotation,width_15,15.0,10,0.016634605824947357,0.0017387918487656,0.0001624995929887
autoencoder,Autoencoder,rectangle_annotation,width_15,15.0,11,0.01582925394177437,0.0017387918487656,0.0001624995929887
image_statistics,Image statistics,rectangle_annotation,width_15,15.0,0,1.8078550100326538,1.7220234692096696,0.6057427525520325
image_statistics,Image statistics,rectangle_annotation,width_15,15.0,1,0.7875562906265259,1.7220234692096696,0.6057427525520325
image_statistics,Image statistics,rectangle_annotation,width_15,15.0,2,0.8407540917396545,1.7220234692096696,0.6057427525520325
image_statistics,Image statistics,rectangle_annotation,width_15,15.0,3,0.7439509630203247,1.7220234692096696,0.6057427525520325
image_statistics,Image statistics,rectangle_annotation,width_15,15.0,4,0.760838508605957,1.7220234692096696,0.6057427525520325
image_statistics,Image statistics,rectangle_annotation,width_15,15.0,5,0.9292153120040894,1.7220234692096696,0.6057427525520325
image_statistics,Image statistics,rectangle_annotation,width_15,15.0,6,1.552361249923706,1.7220234692096696,0.6057427525520325
image_statistics,Image statistics,rectangle_annotation,width_15,15.0,7,1.2188507318496704,1.7220234692096696,0.6057427525520325
image_statistics,Image statistics,rectangle_annotation,width_15,15.0,8,1.5356533527374268,1.7220234692096696,0.6057427525520325
image_statistics,Image statistics,rectangle_annotation,width_15,15.0,9,0.7517063021659851,1.7220234692096696,0.6057427525520325
image_statistics,Image statistics,rectangle_annotation,width_15,15.0,10,1.052213191986084,1.7220234692096696,0.6057427525520325
image_statistics,Image statistics,rectangle_annotation,width_15,15.0,11,2.331109046936035,1.7220234692096696,0.6057427525520325
