image_path,label,ood_type,ood_subtype,score,pc1,pc2,mahalanobis_percentile,feature_config
images/dissertation_v1/id/test_synthetic_fallback/id_test_synthetic_fallback_000000.png,0,id,id,26.99089813232422,-2.1834248260364753,-1.2813792200560028,0.05555555555555555,resnet50_layer3_global_pool
images/dissertation_v1/id/test_synthetic_fallback/id_test_synthetic_fallback_000001.png,0,id,id,20.340639114379883,-4.396281144566888,2.8130395968978057,0.008888888888888889,resnet50_layer3_global_pool
images/dissertation_v1/id/test_synthetic_fallback/id_test_synthetic_fallback_000002.png,0,id,id,21.901290893554688,-2.825395390170972,1.516424173833553,0.015555555555555555,resnet50_layer3_global_pool
images/dissertation_v1/id/test_synthetic_fallback/id_test_synthetic_fallback_000003.png,0,id,id,22.866056442260746,-4.877724069197449,3.1995396195908046,0.020555555555555556,resnet50_layer3_global_pool
images/dissertation_v1/id/test_synthetic_fallback/id_test_synthetic_fallback_000004.png,0,id,id,26.94935607910156,-0.31570306229418504,-2.237817483457279,0.05388888888888889,resnet50_layer3_global_pool
images/dissertation_v1/id/test_synthetic_fallback/id_test_synthetic_fallback_000005.png,0,id,id,24.130346298217773,-5.045290541173211,3.1661122484742568,0.026111111111111113,resnet50_layer3_global_pool
images/dissertation_v1/id/test_synthetic_fallback/id_test_synthetic_fallback_000006.png,0,id,id,24.705820083618164,-3.281060846234489,0.7155611546666729,0.03166666666666667,resnet50_layer3_global_pool
images/dissertation_v1/id/test_synthetic_fallback/id_test_synthetic_fallback_000007.png,0,id,id,29.51821517944336,-0.19110347835087216,-4.225966345890805,0.08277777777777778,resnet50_layer3_global_pool
images/dissertation_v1/id/test_synthetic_fallback/id_test_synthetic_fallback_000008.png,0,id,id,26.72270393371582,-0.8713842127773581,-1.7881761749108342,0.050555555555555555,resnet50_layer3_global_pool
images/dissertation_v1/id/test_synthetic_fallback/id_test_synthetic_fallback_000009.png,0,id,id,33.101036071777344,-1.6906739726699076,0.9548121769777125,0.12111111111111111,resnet50_layer3_global_pool
images/dissertation_v1/id/test_synthetic_fallback/id_test_synthetic_fallback_000010.png,0,id,id,29.8754940032959,-3.4765119190731424,1.987840970472538,0.08722222222222223,resnet50_layer3_global_pool
images/dissertation_v1/id/test_synthetic_fallback/id_test_synthetic_fallback_000011.png,0,id,id,22.60093688964844,-2.8629493763602776,0.5902531263013575,0.01888888888888889,resnet50_layer3_global_pool
images/dissertation_v1/id/test_synthetic_fallback/id_test_synthetic_fallback_000012.png,0,id,id,21.621761322021484,-0.3165034752142209,-3.216526885804363,0.013888888888888888,resnet50_layer3_global_pool
images/dissertation_v1/id/test_synthetic_fallback/id_test_synthetic_fallback_000013.png,0,id,id,24.079532623291016,-2.863556142221785,1.4103598987570827,0.025,resnet50_layer3_global_pool
images/dissertation_v1/id/test_synthetic_fallback/id_test_synthetic_fallback_000014.png,0,id,id,36.04105758666992,-0.7392251767287285,-0.9254973765113246,0.14444444444444443,resnet50_layer3_global_pool
images/dissertation_v1/id/test_synthetic_fallback/id_test_synthetic_fallback_000015.png,0,id,id,29.317081451416016,-2.9187841645325645,0.5328365056856526,0.08,resnet50_layer3_global_pool
images/dissertation_v1/id/test_synthetic_fallback/id_test_synthetic_fallback_000016.png,0,id,id,27.968402862548828,-4.388477927042409,2.116825670958609,0.06388888888888888,resnet50_layer3_global_pool
images/dissertation_v1/id/test_synthetic_fallback/id_test_synthetic_fallback_000017.png,0,id,id,32.41358184814453,0.2468464932913392,-1.4397890366616566,0.11611111111111111,resnet50_layer3_global_pool
images/dissertation_v1/id/test_synthetic_fallback/id_test_synthetic_fallback_000018.png,0,id,id,37.587181091308594,0.7750782465687942,-1.2666143872827407,0.15888888888888889,resnet50_layer3_global_pool
images/dissertation_v1/id/test_synthetic_fallback/id_test_synthetic_fallback_000019.png,0,id,id,29.33699607849121,-0.9978030100027536,-1.5791752985529754,0.08055555555555556,resnet50_layer3_global_pool
images/dissertation_v1/id/test_synthetic_fallback/id_test_synthetic_fallback_000020.png,0,id,id,21.11034202575684,-4.042282607821874,2.08618774728212,0.010555555555555556,resnet50_layer3_global_pool
images/dissertation_v1/id/test_synthetic_fallback/id_test_synthetic_fallback_000021.png,0,id,id,26.88397789001465,0.04686497369856167,-3.192948161230429,0.05277777777777778,resnet50_layer3_global_pool
images/dissertation_v1/id/test_synthetic_fallback/id_test_synthetic_fallback_000022.png,0,id,id,30.634334564208984,-2.0097247338285733,-0.35758723039064516,0.095,resnet50_layer3_global_pool
images/dissertation_v1/id/test_synthetic_fallback/id_test_synthetic_fallback_000023.png,0,id,id,20.595577239990234,-4.1680878673838535,1.3533050826885444,0.009444444444444445,resnet50_layer3_global_pool
images/dissertation_v1/id/test_synthetic_fallback/id_test_synthetic_fallback_000024.png,0,id,id,19.11536979675293,-4.256315683009193,2.8488148170050502,0.005555555555555556,resnet50_layer3_global_pool
images/dissertation_v1/id/test_synthetic_fallback/id_test_synthetic_fallback_000025.png,0,id,id,29.165428161621094,-4.068591853026805,2.5763940614340344,0.07666666666666666,resnet50_layer3_global_pool
images/dissertation_v1/id/test_synthetic_fallback/id_test_synthetic_fallback_000026.png,0,id,id,26.61278915405273,-2.9175864286547446,0.3991257197209697,0.049444444444444444,resnet50_layer3_global_pool
images/dissertation_v1/id/test_synthetic_fallback/id_test_synthetic_fallback_000027.png,0,id,id,21.114843368530277,-4.216804813149568,2.058072104537038,0.011111111111111112,resnet50_layer3_global_pool
images/dissertation_v1/id/test_synthetic_fallback/id_test_synthetic_fallback_000028.png,0,id,id,26.956375122070312,-0.16148055399676434,-3.9567874590571526,0.05444444444444444,resnet50_layer3_global_pool
images/dissertation_v1/id/test_synthetic_fallback/id_test_synthetic_fallback_000029.png,0,id,id,19.00044250488281,-4.2462457129773385,3.128941810204402,0.005,resnet50_layer3_global_pool
images/dissertation_v1/id/test_synthetic_fallback/id_test_synthetic_fallback_000030.png,0,id,id,31.31962203979492,1.3547428231551628,-2.6953873087786193,0.10277777777777777,resnet50_layer3_global_pool
images/dissertation_v1/id/test_synthetic_fallback/id_test_synthetic_fallback_000031.png,0,id,id,30.68084526062012,-0.8999291243381466,-2.5790697579756894,0.09666666666666666,resnet50_layer3_global_pool
images/dissertation_v1/id/test_synthetic_fallback/id_test_synthetic_fallback_000032.png,0,id,id,29.08566093444824,1.1002753912710141,-4.592072843878559,0.075,resnet50_layer3_global_pool
images/dissertation_v1/id/test_synthetic_fallback/id_test_synthetic_fallback_000033.png,0,id,id,26.178186416625977,-2.301763433292573,-0.4396853973589325,0.045,resnet50_layer3_global_pool
images/dissertation_v1/id/test_synthetic_fallback/id_test_synthetic_fallback_000034.png,0,id,id,25.714826583862305,-3.7403827692909943,1.7302796810134669,0.04,resnet50_layer3_global_pool
images/dissertation_v1/id/test_synthetic_fallback/id_test_synthetic_fallback_000035.png,0,id,id,22.25813102722168,-3.7915693984844094,2.457274620936829,0.017222222222222222,resnet50_layer3_global_pool
images/dissertation_v1/id/test_synthetic_fallback/id_test_synthetic_fallback_000036.png,0,id,id,19.862274169921875,0.5276632796458248,-4.27743328153876,0.007222222222222222,resnet50_layer3_global_pool
images/dissertation_v1/id/test_synthetic_fallback/id_test_synthetic_fallback_000037.png,0,id,id,29.85784721374512,-1.1773615043989936,-1.2479884417664509,0.08666666666666667,resnet50_layer3_global_pool
images/dissertation_v1/id/test_synthetic_fallback/id_test_synthetic_fallback_000038.png,0,id,id,29.927112579345703,-1.3452849112758212,-1.6441559291235093,0.08833333333333333,resnet50_layer3_global_pool
images/dissertation_v1/id/test_synthetic_fallback/id_test_synthetic_fallback_000039.png,0,id,id,27.3416690826416,-1.0715937843741978,-2.5123199136299155,0.06,resnet50_layer3_global_pool
images/dissertation_v1/id/test_synthetic_fallback/id_test_synthetic_fallback_000040.png,0,id,id,38.80473709106445,-3.52988474986904,1.4631035689673069,0.16722222222222222,resnet50_layer3_global_pool
images/dissertation_v1/id/test_synthetic_fallback/id_test_synthetic_fallback_000041.png,0,id,id,32.377567291259766,-0.7729127681727768,0.4467157956606083,0.11555555555555555,resnet50_layer3_global_pool
images/dissertation_v1/id/test_synthetic_fallback/id_test_synthetic_fallback_000042.png,0,id,id,26.26516342163086,-4.492888189943595,2.720183855175447,0.04611111111111111,resnet50_layer3_global_pool
images/dissertation_v1/id/test_synthetic_fallback/id_test_synthetic_fallback_000043.png,0,id,id,28.874347686767575,-0.3283070286627273,-2.4071347435992316,0.07333333333333333,resnet50_layer3_global_pool
images/dissertation_v1/id/test_synthetic_fallback/id_test_synthetic_fallback_000044.png,0,id,id,26.701913833618164,-2.814960284576964,1.2309968602225345,0.05,resnet50_layer3_global_pool
images/dissertation_v1/id/test_synthetic_fallback/id_test_synthetic_fallback_000045.png,0,id,id,35.50825881958008,0.28656693697947433,-3.3098057117998314,0.14,resnet50_layer3_global_pool
images/dissertation_v1/id/test_synthetic_fallback/id_test_synthetic_fallback_000046.png,0,id,id,31.923582077026367,-0.2436571579797401,-1.2401386865387387,0.11055555555555556,resnet50_layer3_global_pool
images/dissertation_v1/id/test_synthetic_fallback/id_test_synthetic_fallback_000047.png,0,id,id,33.107181549072266,0.2858767033510186,-3.695376016444591,0.12166666666666667,resnet50_layer3_global_pool
images/dissertation_v1/id/test_synthetic_fallback/id_test_synthetic_fallback_000048.png,0,id,id,26.05235481262207,-4.460036172246336,2.6176935374588126,0.043333333333333335,resnet50_layer3_global_pool
images/dissertation_v1/id/test_synthetic_fallback/id_test_synthetic_fallback_000049.png,0,id,id,29.50379753112793,-0.840760933372651,-2.795341319465428,0.08222222222222222,resnet50_layer3_global_pool
images/dissertation_v1/id/test_synthetic_fallback/id_test_synthetic_fallback_000050.png,0,id,id,25.6239013671875,-2.7822939918170526,1.0455670845252574,0.03888888888888889,resnet50_layer3_global_pool
images/dissertation_v1/id/test_synthetic_fallback/id_test_synthetic_fallback_000051.png,0,id,id,29.695144653320312,-1.1550135777077741,-1.0102443898961075,0.08444444444444445,resnet50_layer3_global_pool
images/dissertation_v1/id/test_synthetic_fallback/id_test_synthetic_fallback_000052.png,0,id,id,36.03375625610352,0.01517224341469419,-2.701209445500309,0.1438888888888889,resnet50_layer3_global_pool
images/dissertation_v1/id/test_synthetic_fallback/id_test_synthetic_fallback_000053.png,0,id,id,41.26996994018555,0.9334676912977934,-3.7307124565237317,0.18944444444444444,resnet50_layer3_global_pool
images/dissertation_v1/id/test_synthetic_fallback/id_test_synthetic_fallback_000054.png,0,id,id,31.683935165405277,-3.7052924454502905,1.7678979482269466,0.10722222222222222,resnet50_layer3_global_pool
images/dissertation_v1/id/test_synthetic_fallback/id_test_synthetic_fallback_000055.png,0,id,id,27.524089813232425,-4.806824092131428,4.004419789273507,0.06055555555555556,resnet50_layer3_global_pool
images/dissertation_v1/id/test_synthetic_fallback/id_test_synthetic_fallback_000056.png,0,id,id,17.704145431518555,-0.6759970652213485,-2.67302143055231,0.0033333333333333335,resnet50_layer3_global_pool
images/dissertation_v1/id/test_synthetic_fallback/id_test_synthetic_fallback_000057.png,0,id,id,34.04093170166016,-3.4919414299050184,1.9298160684925956,0.1288888888888889,resnet50_layer3_global_pool
images/dissertation_v1/id/test_synthetic_fallback/id_test_synthetic_fallback_000058.png,0,id,id,27.824216842651367,-2.2270152968907087,-0.32830657243991784,0.06277777777777778,resnet50_layer3_global_pool
images/dissertation_v1/id/test_synthetic_fallback/id_test_synthetic_fallback_000059.png,0,id,id,26.128257751464844,-0.020938319852734606,-3.366570752930297,0.04388888888888889,resnet50_layer3_global_pool
images/dissertation_v1/id/test_synthetic_fallback/id_test_synthetic_fallback_000060.png,0,id,id,27.3320255279541,0.06427806974784986,-2.9075545810923473,0.058888888888888886,resnet50_layer3_global_pool
images/dissertation_v1/id/test_synthetic_fallback/id_test_synthetic_fallback_000061.png,0,id,id,24.783239364624023,-4.382766730714927,2.4344236712976146,0.03333333333333333,resnet50_layer3_global_pool
images/dissertation_v1/id/test_synthetic_fallback/id_test_synthetic_fallback_000062.png,0,id,id,30.98442649841309,-1.6854317253639413,-1.2912083073178238,0.09777777777777778,resnet50_layer3_global_pool
images/dissertation_v1/id/test_synthetic_fallback/id_test_synthetic_fallback_000063.png,0,id,id,20.13256454467773,-4.2810319961422545,3.254344775018099,0.008333333333333333,resnet50_layer3_global_pool
images/dissertation_v1/id/test_synthetic_fallback/id_test_synthetic_fallback_000064.png,0,id,id,34.77302932739258,-4.482843458542244,3.162128475590824,0.135,resnet50_layer3_global_pool
images/dissertation_v1/id/test_synthetic_fallback/id_test_synthetic_fallback_000065.png,0,id,id,24.13717269897461,-0.40381028839815136,-3.0053358764170137,0.02666666666666667,resnet50_layer3_global_pool
images/dissertation_v1/id/test_synthetic_fallback/id_test_synthetic_fallback_000066.png,0,id,id,26.48943328857422,-1.6869088997778114,-1.3427887868577884,0.04833333333333333,resnet50_layer3_global_pool
images/dissertation_v1/id/test_synthetic_fallback/id_test_synthetic_fallback_000067.png,0,id,id,25.142276763916016,-0.8812496046208693,-2.626398693971334,0.03611111111111111,resnet50_layer3_global_pool
images/dissertation_v1/id/test_synthetic_fallback/id_test_synthetic_fallback_000068.png,0,id,id,30.550975799560547,-4.631876339528329,2.6356026916350404,0.09333333333333334,resnet50_layer3_global_pool
images/dissertation_v1/id/test_synthetic_fallback/id_test_synthetic_fallback_000069.png,0,id,id,23.85771942138672,-0.3668289246283093,-4.014482890265658,0.02388888888888889,resnet50_layer3_global_pool
images/dissertation_v1/id/test_synthetic_fallback/id_test_synthetic_fallback_000070.png,0,id,id,24.50594520568848,-2.516496827844611,0.39810619555872556,0.028888888888888888,resnet50_layer3_global_pool
images/dissertation_v1/id/test_synthetic_fallback/id_test_synthetic_fallback_000071.png,0,id,id,33.18800354003906,-4.783973308693455,3.4940886765444277,0.12333333333333334,resnet50_layer3_global_pool
images/dissertation_v1/id/test_synthetic_fallback/id_test_synthetic_fallback_000072.png,0,id,id,51.42561721801758,0.6905005088087897,-1.7140209703815252,0.32,resnet50_layer3_global_pool
images/dissertation_v1/id/test_synthetic_fallback/id_test_synthetic_fallback_000073.png,0,id,id,15.39149570465088,0.3351856690959668,-3.05922880035526,0.0005555555555555556,resnet50_layer3_global_pool
images/dissertation_v1/id/test_synthetic_fallback/id_test_synthetic_fallback_000074.png,0,id,id,21.610645294189453,-3.4093331304973624,2.741199069122004,0.013333333333333334,resnet50_layer3_global_pool
images/dissertation_v1/id/test_synthetic_fallback/id_test_synthetic_fallback_000075.png,0,id,id,29.457632064819336,-2.6494882545926646,0.20892635516089292,0.08166666666666667,resnet50_layer3_global_pool
images/dissertation_v1/id/test_synthetic_fallback/id_test_synthetic_fallback_000076.png,0,id,id,21.58700561523437,-3.586092130232889,2.0400189055541635,0.012777777777777779,resnet50_layer3_global_pool
images/dissertation_v1/id/test_synthetic_fallback/id_test_synthetic_fallback_000077.png,0,id,id,33.38230514526367,-3.6559487713327172,1.9501993583816517,0.12666666666666668,resnet50_layer3_global_pool
images/dissertation_v1/id/test_synthetic_fallback/id_test_synthetic_fallback_000078.png,0,id,id,28.158262252807617,-4.132529747102242,2.3683482860919347,0.065,resnet50_layer3_global_pool
images/dissertation_v1/id/test_synthetic_fallback/id_test_synthetic_fallback_000079.png,0,id,id,22.79907989501953,-0.2725007124157178,-3.0412452916684103,0.02,resnet50_layer3_global_pool
images/dissertation_v1/id/test_synthetic_fallback/id_test_synthetic_fallback_000080.png,0,id,id,33.36890411376953,-0.6312927958780422,-1.8088439712426014,0.12611111111111112,resnet50_layer3_global_pool
images/dissertation_v1/id/test_synthetic_fallback/id_test_synthetic_fallback_000081.png,0,id,id,21.782398223876957,-4.019327303652302,2.0136815365675824,0.014444444444444444,resnet50_layer3_global_pool
images/dissertation_v1/id/test_synthetic_fallback/id_test_synthetic_fallback_000082.png,0,id,id,36.46915054321289,-3.158873711481624,2.245199591993506,0.14944444444444444,resnet50_layer3_global_pool
images/dissertation_v1/id/test_synthetic_fallback/id_test_synthetic_fallback_000083.png,0,id,id,23.64591407775879,-2.543495962096715,-0.686788963076373,0.02277777777777778,resnet50_layer3_global_pool
images/dissertation_v1/id/test_synthetic_fallback/id_test_synthetic_fallback_000084.png,0,id,id,22.78745460510254,-3.696035207878055,1.792045850523652,0.019444444444444445,resnet50_layer3_global_pool
images/dissertation_v1/id/test_synthetic_fallback/id_test_synthetic_fallback_000085.png,0,id,id,34.86064910888672,1.064254634842384,-2.2931584757255417,0.1361111111111111,resnet50_layer3_global_pool
images/dissertation_v1/id/test_synthetic_fallback/id_test_synthetic_fallback_000086.png,0,id,id,26.260934829711918,-0.2629095851050613,-3.724529828346877,0.04555555555555556,resnet50_layer3_global_pool
images/dissertation_v1/id/test_synthetic_fallback/id_test_synthetic_fallback_000087.png,0,id,id,36.47764205932617,-1.1587614983315877,-1.2083004894409453,0.15,resnet50_layer3_global_pool
images/dissertation_v1/id/test_synthetic_fallback/id_test_synthetic_fallback_000088.png,0,id,id,19.435083389282227,-0.38417966177470175,-3.27954821685054,0.006111111111111111,resnet50_layer3_global_pool
images/dissertation_v1/id/test_synthetic_fallback/id_test_synthetic_fallback_000089.png,0,id,id,28.85243225097656,-0.7790276941002694,-1.758574543879343,0.07166666666666667,resnet50_layer3_global_pool
images/dissertation_v1/id/test_synthetic_fallback/id_test_synthetic_fallback_000090.png,0,id,id,23.96160125732422,-2.265744907195208,-0.8151661605505437,0.024444444444444446,resnet50_layer3_global_pool
images/dissertation_v1/id/test_synthetic_fallback/id_test_synthetic_fallback_000091.png,0,id,id,27.682350158691406,-1.1440340498442056,-1.8598416753725036,0.06166666666666667,resnet50_layer3_global_pool
images/dissertation_v1/id/test_synthetic_fallback/id_test_synthetic_fallback_000092.png,0,id,id,24.61295890808105,-1.5882801331593461,-2.2374294786324262,0.029444444444444443,resnet50_layer3_global_pool
images/dissertation_v1/id/test_synthetic_fallback/id_test_synthetic_fallback_000093.png,0,id,id,33.68629455566406,0.7617593848798051,-2.347653193646861,0.1272222222222222,resnet50_layer3_global_pool
images/dissertation_v1/id/test_synthetic_fallback/id_test_synthetic_fallback_000094.png,0,id,id,22.517736434936523,-3.880792499195354,1.0764156256318729,0.017777777777777778,resnet50_layer3_global_pool
images/dissertation_v1/id/test_synthetic_fallback/id_test_synthetic_fallback_000095.png,0,id,id,25.895450592041016,-1.2188682204798447,-2.2787199530974904,0.04111111111111111,resnet50_layer3_global_pool
images/dissertation_v1/id/test_synthetic_fallback/id_test_synthetic_fallback_000096.png,0,id,id,24.74071884155273,-0.3734022342663905,-2.3701921074481205,0.03222222222222222,resnet50_layer3_global_pool
images/dissertation_v1/id/test_synthetic_fallback/id_test_synthetic_fallback_000097.png,0,id,id,27.031686782836918,-2.6035707823056455,-0.7680426840285706,0.05611111111111111,resnet50_layer3_global_pool
images/dissertation_v1/id/test_synthetic_fallback/id_test_synthetic_fallback_000098.png,0,id,id,29.184364318847656,-1.4848478563937049,-1.3601766159899875,0.07722222222222222,resnet50_layer3_global_pool
images/dissertation_v1/id/test_synthetic_fallback/id_test_synthetic_fallback_000099.png,0,id,id,25.42414283752441,-0.6790128631156468,-1.8488777731613233,0.03777777777777778,resnet50_layer3_global_pool
images/dissertation_v1/id/test_synthetic_fallback/id_test_synthetic_fallback_000100.png,0,id,id,36.9063606262207,0.6774559759037857,-3.6066672491730856,0.15388888888888888,resnet50_layer3_global_pool
images/dissertation_v1/id/test_synthetic_fallback/id_test_synthetic_fallback_000101.png,0,id,id,26.97273063659668,0.3109185378072208,-3.3810729993387083,0.055,resnet50_layer3_global_pool
images/dissertation_v1/id/test_synthetic_fallback/id_test_synthetic_fallback_000102.png,0,id,id,31.02402114868164,-3.7361713373707426,1.5377111558428982,0.09833333333333333,resnet50_layer3_global_pool
images/dissertation_v1/id/test_synthetic_fallback/id_test_synthetic_fallback_000103.png,0,id,id,39.261077880859375,0.23749263226957915,-3.862912344120882,0.17055555555555554,resnet50_layer3_global_pool
images/dissertation_v1/id/test_synthetic_fallback/id_test_synthetic_fallback_000104.png,0,id,id,31.157432556152344,-1.721992345538649,-0.18712207708621847,0.1,resnet50_layer3_global_pool
images/dissertation_v1/id/test_synthetic_fallback/id_test_synthetic_fallback_000105.png,0,id,id,24.682167053222656,-3.7585587767968502,1.6989124639878666,0.03111111111111111,resnet50_layer3_global_pool
images/dissertation_v1/id/test_synthetic_fallback/id_test_synthetic_fallback_000106.png,0,id,id,17.630496978759766,0.33142207400832335,-3.0279341851826094,0.002777777777777778,resnet50_layer3_global_pool
images/dissertation_v1/id/test_synthetic_fallback/id_test_synthetic_fallback_000107.png,0,id,id,25.696718215942383,-0.15261988823957967,-3.75539096977252,0.03944444444444444,resnet50_layer3_global_pool
images/dissertation_v1/id/test_synthetic_fallback/id_test_synthetic_fallback_000108.png,0,id,id,32.125423431396484,0.8348952672481673,-3.5198642755668024,0.11444444444444445,resnet50_layer3_global_pool
images/dissertation_v1/id/test_synthetic_fallback/id_test_synthetic_fallback_000109.png,0,id,id,25.14225578308105,-3.160638911691242,0.5369874181740127,0.035555555555555556,resnet50_layer3_global_pool
images/dissertation_v1/id/test_synthetic_fallback/id_test_synthetic_fallback_000110.png,0,id,id,30.36914825439453,-2.461449530865548,0.3485100259216227,0.09111111111111111,resnet50_layer3_global_pool
images/dissertation_v1/id/test_synthetic_fallback/id_test_synthetic_fallback_000111.png,0,id,id,37.28927230834961,0.6801385424922722,-1.9411941432608513,0.15555555555555556,resnet50_layer3_global_pool
images/dissertation_v1/id/test_synthetic_fallback/id_test_synthetic_fallback_000112.png,0,id,id,33.245052337646484,0.22025636706912946,-2.4826718075224563,0.125,resnet50_layer3_global_pool
images/dissertation_v1/id/test_synthetic_fallback/id_test_synthetic_fallback_000113.png,0,id,id,18.33432006835937,0.7867875356515559,-4.585014391476157,0.0044444444444444444,resnet50_layer3_global_pool
images/dissertation_v1/id/test_synthetic_fallback/id_test_synthetic_fallback_000114.png,0,id,id,15.406550407409668,0.28063707116075054,-3.1953081701462662,0.0011111111111111111,resnet50_layer3_global_pool
images/dissertation_v1/id/test_synthetic_fallback/id_test_synthetic_fallback_000115.png,0,id,id,24.295732498168945,-3.0759440599790846,-0.008141215985667902,0.02722222222222222,resnet50_layer3_global_pool
images/dissertation_v1/id/test_synthetic_fallback/id_test_synthetic_fallback_000116.png,0,id,id,22.562976837158203,-2.9828993155683614,1.1991395944802874,0.018333333333333333,resnet50_layer3_global_pool
images/dissertation_v1/id/test_synthetic_fallback/id_test_synthetic_fallback_000117.png,0,id,id,52.40806198120117,1.4870177928157777,-3.2090810139286416,0.3327777777777778,resnet50_layer3_global_pool
images/dissertation_v1/id/test_synthetic_fallback/id_test_synthetic_fallback_000118.png,0,id,id,20.92914581298828,-3.205867312568483,0.2638758632617476,0.01,resnet50_layer3_global_pool
images/dissertation_v1/id/test_synthetic_fallback/id_test_synthetic_fallback_000119.png,0,id,id,19.67524719238281,-0.17583839570932325,-3.3059175092741016,0.006666666666666667,resnet50_layer3_global_pool
images/dissertation_v1/id/test_synthetic_fallback/id_test_synthetic_fallback_000120.png,0,id,id,26.13736343383789,-1.3042898637980471,-1.8346911429212411,0.044444444444444446,resnet50_layer3_global_pool
images/dissertation_v1/id/test_synthetic_fallback/id_test_synthetic_fallback_000121.png,0,id,id,26.75834083557129,-0.4752286107737869,-2.870303927528999,0.051111111111111114,resnet50_layer3_global_pool
images/dissertation_v1/id/test_synthetic_fallback/id_test_synthetic_fallback_000122.png,0,id,id,21.8402042388916,-4.221668363103143,2.386895672321379,0.015,resnet50_layer3_global_pool
images/dissertation_v1/id/test_synthetic_fallback/id_test_synthetic_fallback_000123.png,0,id,id,26.392656326293945,-4.353796109841208,1.946094854249248,0.04777777777777778,resnet50_layer3_global_pool
images/dissertation_v1/id/test_synthetic_fallback/id_test_synthetic_fallback_000124.png,0,id,id,34.91285705566406,-4.845675992277335,3.8342955116165847,0.13666666666666666,resnet50_layer3_global_pool
images/dissertation_v1/id/test_synthetic_fallback/id_test_synthetic_fallback_000125.png,0,id,id,28.493446350097656,-1.5605986825269549,-1.1930175783593011,0.06777777777777778,resnet50_layer3_global_pool
images/dissertation_v1/id/test_synthetic_fallback/id_test_synthetic_fallback_000126.png,0,id,id,26.326908111572266,-3.1659334531932677,1.9487943890149513,0.04666666666666667,resnet50_layer3_global_pool
images/dissertation_v1/id/test_synthetic_fallback/id_test_synthetic_fallback_000127.png,0,id,id,29.20903587341309,0.3422040657968771,-3.6878390201401863,0.07833333333333334,resnet50_layer3_global_pool
images/dissertation_v1/id/test_synthetic_fallback/id_test_synthetic_fallback_000128.png,0,id,id,18.28546524047852,-0.6495218161509666,-2.505407362032185,0.0038888888888888888,resnet50_layer3_global_pool
images/dissertation_v1/id/test_synthetic_fallback/id_test_synthetic_fallback_000129.png,0,id,id,39.66520690917969,-0.7450919770782669,-1.7842000979331014,0.17666666666666667,resnet50_layer3_global_pool
images/dissertation_v1/id/test_synthetic_fallback/id_test_synthetic_fallback_000130.png,0,id,id,24.649747848510746,-0.27830245791953234,-2.9877262964631264,0.030555555555555555,resnet50_layer3_global_pool
images/dissertation_v1/id/test_synthetic_fallback/id_test_synthetic_fallback_000131.png,0,id,id,32.01118850708008,0.2343325522445878,-2.206255666904776,0.11222222222222222,resnet50_layer3_global_pool
images/dissertation_v1/id/test_synthetic_fallback/id_test_synthetic_fallback_000132.png,0,id,id,30.8272647857666,-1.5401121490558594,-1.1513953278227342,0.09722222222222222,resnet50_layer3_global_pool
images/dissertation_v1/id/test_synthetic_fallback/id_test_synthetic_fallback_000133.png,0,id,id,30.671703338623047,-0.8872796995629573,-2.5333079901059112,0.0961111111111111,resnet50_layer3_global_pool
images/dissertation_v1/id/test_synthetic_fallback/id_test_synthetic_fallback_000134.png,0,id,id,15.47482204437256,0.28356213424614995,-3.283864966191225,0.0016666666666666668,resnet50_layer3_global_pool
images/dissertation_v1/id/test_synthetic_fallback/id_test_synthetic_fallback_000135.png,0,id,id,21.22636985778809,-4.347268138672762,2.13626557615898,0.011666666666666667,resnet50_layer3_global_pool
images/dissertation_v1/id/test_synthetic_fallback/id_test_synthetic_fallback_000136.png,0,id,id,22.02312660217285,-3.5299183381182417,1.9444658458447233,0.01611111111111111,resnet50_layer3_global_pool
images/dissertation_v1/id/test_synthetic_fallback/id_test_synthetic_fallback_000137.png,0,id,id,28.577861785888672,-2.539071773178124,0.6063801743685059,0.06833333333333333,resnet50_layer3_global_pool
images/dissertation_v1/id/test_synthetic_fallback/id_test_synthetic_fallback_000138.png,0,id,id,22.191452026367188,0.7258426224938368,-4.3612238801621315,0.016666666666666666,resnet50_layer3_global_pool
images/dissertation_v1/id/test_synthetic_fallback/id_test_synthetic_fallback_000139.png,0,id,id,30.56859970092773,0.16189196314567514,-3.239138426283319,0.09388888888888888,resnet50_layer3_global_pool
images/dissertation_v1/id/test_synthetic_fallback/id_test_synthetic_fallback_000140.png,0,id,id,41.08481979370117,-1.5170009702646536,1.117046115740067,0.18833333333333332,resnet50_layer3_global_pool
images/dissertation_v1/id/test_synthetic_fallback/id_test_synthetic_fallback_000141.png,0,id,id,27.53044319152832,1.0127542810047685,-4.360192251845277,0.06111111111111111,resnet50_layer3_global_pool
images/dissertation_v1/id/test_synthetic_fallback/id_test_synthetic_fallback_000142.png,0,id,id,21.28076934814453,-3.9085526205407706,2.5053533603042157,0.012222222222222223,resnet50_layer3_global_pool
images/dissertation_v1/id/test_synthetic_fallback/id_test_synthetic_fallback_000143.png,0,id,id,32.123348236083984,0.29515973727798067,-2.6991247771452014,0.11388888888888889,resnet50_layer3_global_pool
images/dissertation_v1/id/test_synthetic_fallback/id_test_synthetic_fallback_000144.png,0,id,id,22.929222106933597,0.20775721268051106,-3.7946241686828763,0.021111111111111112,resnet50_layer3_global_pool
images/dissertation_v1/id/test_synthetic_fallback/id_test_synthetic_fallback_000145.png,0,id,id,19.879005432128903,-3.606707310896274,2.6266530168338735,0.0077777777777777776,resnet50_layer3_global_pool
images/dissertation_v1/id/test_synthetic_fallback/id_test_synthetic_fallback_000146.png,0,id,id,15.989307403564451,0.2591009299328482,-3.3379655310676655,0.0022222222222222222,resnet50_layer3_global_pool
images/dissertation_v1/id/test_synthetic_fallback/id_test_synthetic_fallback_000147.png,0,id,id,23.31247901916504,-3.7863703062936014,1.7662973827484012,0.022222222222222223,resnet50_layer3_global_pool
images/dissertation_v1/id/test_synthetic_fallback/id_test_synthetic_fallback_000148.png,0,id,id,31.105941772460938,-1.4210021203528291,-1.5124326675357938,0.09944444444444445,resnet50_layer3_global_pool
images/dissertation_v1/id/test_synthetic_fallback/id_test_synthetic_fallback_000149.png,0,id,id,31.844358444213867,-0.22768927463411867,-3.714512863576555,0.10888888888888888,resnet50_layer3_global_pool
images/dissertation_v1/ood/sensory_artifact/arrow_annotation/artifact_000000_02_arrow_annotation.png,1,sensory_artifact,arrow_annotation,64.49531555175781,-1.362874789997586,-1.3755712699592324,0.47944444444444445,resnet50_layer3_global_pool
images/dissertation_v1/ood/sensory_artifact/arrow_annotation/artifact_000001_02_arrow_annotation.png,1,sensory_artifact,arrow_annotation,39.48712921142578,-3.9569813819937885,2.853201776029797,0.17444444444444446,resnet50_layer3_global_pool
images/dissertation_v1/ood/sensory_artifact/arrow_annotation/artifact_000002_02_arrow_annotation.png,1,sensory_artifact,arrow_annotation,53.48811721801758,-2.523627621208961,1.188676600983684,0.3477777777777778,resnet50_layer3_global_pool
images/dissertation_v1/ood/sensory_artifact/arrow_annotation/artifact_000003_02_arrow_annotation.png,1,sensory_artifact,arrow_annotation,51.98787307739258,-4.582862535101746,2.77621055915632,0.32611111111111113,resnet50_layer3_global_pool
images/dissertation_v1/ood/sensory_artifact/arrow_annotation/artifact_000004_02_arrow_annotation.png,1,sensory_artifact,arrow_annotation,53.820159912109375,-0.1554312573636622,-2.2351867524082776,0.3522222222222222,resnet50_layer3_global_pool
images/dissertation_v1/ood/sensory_artifact/arrow_annotation/artifact_000005_02_arrow_annotation.png,1,sensory_artifact,arrow_annotation,72.99849700927734,-3.834441827774233,2.4814777980200553,0.5672222222222222,resnet50_layer3_global_pool
images/dissertation_v1/ood/sensory_artifact/arrow_annotation/artifact_000006_02_arrow_annotation.png,1,sensory_artifact,arrow_annotation,49.2883186340332,-2.862368545849253,1.0700915205034047,0.2861111111111111,resnet50_layer3_global_pool
images/dissertation_v1/ood/sensory_artifact/arrow_annotation/artifact_000007_02_arrow_annotation.png,1,sensory_artifact,arrow_annotation,50.53042221069336,-0.49313805106654063,-3.865400757885435,0.3061111111111111,resnet50_layer3_global_pool
images/dissertation_v1/ood/sensory_artifact/arrow_annotation/artifact_000008_02_arrow_annotation.png,1,sensory_artifact,arrow_annotation,67.88133239746094,-0.8824836434649805,-1.5788151566294282,0.5172222222222222,resnet50_layer3_global_pool
images/dissertation_v1/ood/sensory_artifact/arrow_annotation/artifact_000009_02_arrow_annotation.png,1,sensory_artifact,arrow_annotation,64.42780303955078,-1.0221010033821434,0.742684353862528,0.47888888888888886,resnet50_layer3_global_pool
images/dissertation_v1/ood/sensory_artifact/arrow_annotation/artifact_000010_02_arrow_annotation.png,1,sensory_artifact,arrow_annotation,60.32357025146485,-2.9806794338982545,1.6212969797591115,0.42444444444444446,resnet50_layer3_global_pool
images/dissertation_v1/ood/sensory_artifact/arrow_annotation/artifact_000011_02_arrow_annotation.png,1,sensory_artifact,arrow_annotation,52.86846923828125,-2.5616436718981253,1.0230116396434477,0.34,resnet50_layer3_global_pool
images/dissertation_v1/ood/sensory_artifact/arrow_annotation/artifact_000012_02_arrow_annotation.png,1,sensory_artifact,arrow_annotation,62.19277572631836,-0.28073870219915126,-2.814367305474737,0.45111111111111113,resnet50_layer3_global_pool
images/dissertation_v1/ood/sensory_artifact/arrow_annotation/artifact_000013_02_arrow_annotation.png,1,sensory_artifact,arrow_annotation,54.902862548828125,-2.326376521059053,1.040004230855214,0.3611111111111111,resnet50_layer3_global_pool
images/dissertation_v1/ood/sensory_artifact/arrow_annotation/artifact_000014_02_arrow_annotation.png,1,sensory_artifact,arrow_annotation,63.38490676879883,-0.38961888642898496,-1.0089951535516146,0.4666666666666667,resnet50_layer3_global_pool
images/dissertation_v1/ood/sensory_artifact/arrow_annotation/artifact_000015_02_arrow_annotation.png,1,sensory_artifact,arrow_annotation,65.00927734375,-2.5363688387956485,-0.03429514816370952,0.4866666666666667,resnet50_layer3_global_pool
images/dissertation_v1/ood/sensory_artifact/arrow_annotation/artifact_000016_02_arrow_annotation.png,1,sensory_artifact,arrow_annotation,47.50328063964844,-4.181265066834901,1.983266048157099,0.2594444444444444,resnet50_layer3_global_pool
images/dissertation_v1/ood/sensory_artifact/arrow_annotation/artifact_000017_02_arrow_annotation.png,1,sensory_artifact,arrow_annotation,49.90549850463867,0.3624253392999272,-1.4477821463906804,0.29444444444444445,resnet50_layer3_global_pool
images/dissertation_v1/ood/sensory_artifact/arrow_annotation/artifact_000018_02_arrow_annotation.png,1,sensory_artifact,arrow_annotation,47.612735748291016,0.8688554367130805,-0.9981483444511239,0.2611111111111111,resnet50_layer3_global_pool
images/dissertation_v1/ood/sensory_artifact/arrow_annotation/artifact_000019_02_arrow_annotation.png,1,sensory_artifact,arrow_annotation,62.86231231689453,-0.9944405091479839,-1.7461260985049731,0.4622222222222222,resnet50_layer3_global_pool
images/dissertation_v1/ood/sensory_artifact/arrow_annotation/artifact_000020_02_arrow_annotation.png,1,sensory_artifact,arrow_annotation,50.40274810791016,-3.518523120633333,1.8032660190055732,0.3011111111111111,resnet50_layer3_global_pool
images/dissertation_v1/ood/sensory_artifact/arrow_annotation/artifact_000021_02_arrow_annotation.png,1,sensory_artifact,arrow_annotation,60.31974792480469,0.14051788322347453,-2.8247627211503454,0.42388888888888887,resnet50_layer3_global_pool
images/dissertation_v1/ood/sensory_artifact/arrow_annotation/artifact_000022_02_arrow_annotation.png,1,sensory_artifact,arrow_annotation,50.54935836791992,-2.063189958086419,-0.45902756508619236,0.30666666666666664,resnet50_layer3_global_pool
images/dissertation_v1/ood/sensory_artifact/arrow_annotation/artifact_000023_02_arrow_annotation.png,1,sensory_artifact,arrow_annotation,52.782676696777344,-3.464101785761709,0.8802381956978529,0.3383333333333333,resnet50_layer3_global_pool
images/dissertation_v1/ood/sensory_artifact/arrow_annotation/artifact_000024_02_arrow_annotation.png,1,sensory_artifact,arrow_annotation,54.53017425537109,-3.7194094099249195,2.55331680016637,0.35944444444444446,resnet50_layer3_global_pool
images/dissertation_v1/ood/sensory_artifact/arrow_annotation/artifact_000025_02_arrow_annotation.png,1,sensory_artifact,arrow_annotation,46.683555603027344,-3.702021879342017,2.3423820191563323,0.24888888888888888,resnet50_layer3_global_pool
images/dissertation_v1/ood/sensory_artifact/arrow_annotation/artifact_000026_02_arrow_annotation.png,1,sensory_artifact,arrow_annotation,60.823726654052734,-2.2823000202484316,-0.041485255616653526,0.4338888888888889,resnet50_layer3_global_pool
images/dissertation_v1/ood/sensory_artifact/arrow_annotation/artifact_000027_02_arrow_annotation.png,1,sensory_artifact,arrow_annotation,47.82382583618164,-3.52109884410624,1.81256665424983,0.26166666666666666,resnet50_layer3_global_pool
images/dissertation_v1/ood/sensory_artifact/arrow_annotation/artifact_000028_02_arrow_annotation.png,1,sensory_artifact,arrow_annotation,76.8185806274414,0.4698041182796168,-3.3665326776648827,0.6105555555555555,resnet50_layer3_global_pool
images/dissertation_v1/ood/sensory_artifact/arrow_annotation/artifact_000029_02_arrow_annotation.png,1,sensory_artifact,arrow_annotation,43.84116744995117,-3.3994855943806663,2.4730614618297437,0.21777777777777776,resnet50_layer3_global_pool
images/dissertation_v1/ood/sensory_artifact/arrow_annotation/artifact_000030_02_arrow_annotation.png,1,sensory_artifact,arrow_annotation,62.8431396484375,1.7906978648780891,-2.11066509989558,0.46111111111111114,resnet50_layer3_global_pool
images/dissertation_v1/ood/sensory_artifact/arrow_annotation/artifact_000031_02_arrow_annotation.png,1,sensory_artifact,arrow_annotation,50.49127960205078,-0.891768116249314,-2.4193518207950335,0.30444444444444446,resnet50_layer3_global_pool
images/dissertation_v1/ood/sensory_artifact/arrow_annotation/artifact_000032_02_arrow_annotation.png,1,sensory_artifact,arrow_annotation,62.4664192199707,1.0916093298636855,-4.036498406141297,0.4572222222222222,resnet50_layer3_global_pool
images/dissertation_v1/ood/sensory_artifact/arrow_annotation/artifact_000033_02_arrow_annotation.png,1,sensory_artifact,arrow_annotation,62.198612213134766,-1.9671898371376142,-0.6713548484258166,0.45166666666666666,resnet50_layer3_global_pool
images/dissertation_v1/ood/sensory_artifact/arrow_annotation/artifact_000034_02_arrow_annotation.png,1,sensory_artifact,arrow_annotation,47.12318801879883,-3.170256681858779,1.40672640243486,0.2544444444444444,resnet50_layer3_global_pool
images/dissertation_v1/ood/sensory_artifact/arrow_annotation/artifact_000035_02_arrow_annotation.png,1,sensory_artifact,arrow_annotation,60.36155319213867,-3.284338626276221,1.793261489697745,0.425,resnet50_layer3_global_pool
images/dissertation_v1/ood/sensory_artifact/arrow_annotation/artifact_000036_02_arrow_annotation.png,1,sensory_artifact,arrow_annotation,64.98575592041016,0.5978429801057723,-3.904536525044561,0.4855555555555556,resnet50_layer3_global_pool
images/dissertation_v1/ood/sensory_artifact/arrow_annotation/artifact_000037_02_arrow_annotation.png,1,sensory_artifact,arrow_annotation,58.43059921264648,-1.1189970194324912,-1.1986086685692354,0.40444444444444444,resnet50_layer3_global_pool
images/dissertation_v1/ood/sensory_artifact/arrow_annotation/artifact_000038_02_arrow_annotation.png,1,sensory_artifact,arrow_annotation,54.38616561889648,-1.3027685328835243,-1.5819220865131691,0.35833333333333334,resnet50_layer3_global_pool
images/dissertation_v1/ood/sensory_artifact/arrow_annotation/artifact_000039_02_arrow_annotation.png,1,sensory_artifact,arrow_annotation,58.00436782836914,-0.9349406540942243,-2.4566516862337497,0.3972222222222222,resnet50_layer3_global_pool
images/dissertation_v1/ood/sensory_artifact/arrow_annotation/artifact_000040_02_arrow_annotation.png,1,sensory_artifact,arrow_annotation,59.22358703613281,-3.2388368152310005,1.1382829698130779,0.41388888888888886,resnet50_layer3_global_pool
images/dissertation_v1/ood/sensory_artifact/arrow_annotation/artifact_000041_02_arrow_annotation.png,1,sensory_artifact,arrow_annotation,69.73163604736328,-0.42903031188741475,0.14311619292935138,0.535,resnet50_layer3_global_pool
images/dissertation_v1/ood/sensory_artifact/arrow_annotation/artifact_000042_02_arrow_annotation.png,1,sensory_artifact,arrow_annotation,55.2115364074707,-3.895120593294035,2.3856934318663456,0.3655555555555556,resnet50_layer3_global_pool
images/dissertation_v1/ood/sensory_artifact/arrow_annotation/artifact_000043_02_arrow_annotation.png,1,sensory_artifact,arrow_annotation,62.4886589050293,0.13898536294291122,-2.088191477600979,0.4577777777777778,resnet50_layer3_global_pool
images/dissertation_v1/ood/sensory_artifact/arrow_annotation/artifact_000044_02_arrow_annotation.png,1,sensory_artifact,arrow_annotation,42.78501510620117,-2.3446058153575478,1.1604944257910497,0.2038888888888889,resnet50_layer3_global_pool
images/dissertation_v1/ood/sensory_artifact/arrow_annotation/artifact_000045_02_arrow_annotation.png,1,sensory_artifact,arrow_annotation,82.59248352050781,0.20269388527637602,-3.0224901469375793,0.6466666666666666,resnet50_layer3_global_pool
images/dissertation_v1/ood/sensory_artifact/arrow_annotation/artifact_000046_02_arrow_annotation.png,1,sensory_artifact,arrow_annotation,69.65025329589844,0.15886061184739844,-1.3398957938341232,0.5333333333333333,resnet50_layer3_global_pool
images/dissertation_v1/ood/sensory_artifact/arrow_annotation/artifact_000047_02_arrow_annotation.png,1,sensory_artifact,arrow_annotation,55.43689727783203,0.4420932031077446,-3.330341573854248,0.36777777777777776,resnet50_layer3_global_pool
images/dissertation_v1/ood/sensory_artifact/arrow_annotation/artifact_000048_02_arrow_annotation.png,1,sensory_artifact,arrow_annotation,67.04236602783203,-3.5620734044169216,1.9811647081812638,0.5083333333333333,resnet50_layer3_global_pool
images/dissertation_v1/ood/sensory_artifact/arrow_annotation/artifact_000049_02_arrow_annotation.png,1,sensory_artifact,arrow_annotation,82.10704803466797,-0.2359337490651444,-2.6191603299916086,0.6438888888888888,resnet50_layer3_global_pool
images/dissertation_v1/ood/sensory_artifact/arrow_annotation/artifact_000050_02_arrow_annotation.png,1,sensory_artifact,arrow_annotation,55.23452377319336,-2.173433295618626,0.7278507409199746,0.3661111111111111,resnet50_layer3_global_pool
images/dissertation_v1/ood/sensory_artifact/arrow_annotation/artifact_000051_02_arrow_annotation.png,1,sensory_artifact,arrow_annotation,54.905906677246094,-0.6597112374218355,-1.1149579183152851,0.3616666666666667,resnet50_layer3_global_pool
images/dissertation_v1/ood/sensory_artifact/arrow_annotation/artifact_000052_02_arrow_annotation.png,1,sensory_artifact,arrow_annotation,61.46819305419922,0.21918507904049173,-2.7434546470806422,0.44277777777777777,resnet50_layer3_global_pool
images/dissertation_v1/ood/sensory_artifact/arrow_annotation/artifact_000053_02_arrow_annotation.png,1,sensory_artifact,arrow_annotation,74.4287109375,0.6584261163306904,-3.610244780482788,0.5833333333333334,resnet50_layer3_global_pool
images/dissertation_v1/ood/sensory_artifact/arrow_annotation/artifact_000054_02_arrow_annotation.png,1,sensory_artifact,arrow_annotation,64.6304702758789,-3.240461594382789,1.3574759157871594,0.4816666666666667,resnet50_layer3_global_pool
images/dissertation_v1/ood/sensory_artifact/arrow_annotation/artifact_000055_02_arrow_annotation.png,1,sensory_artifact,arrow_annotation,45.73906707763672,-4.372861157838642,3.624269786212261,0.23666666666666666,resnet50_layer3_global_pool
images/dissertation_v1/ood/sensory_artifact/arrow_annotation/artifact_000056_02_arrow_annotation.png,1,sensory_artifact,arrow_annotation,48.457786560058594,-0.8308473777532093,-2.4017415568325187,0.27444444444444444,resnet50_layer3_global_pool
images/dissertation_v1/ood/sensory_artifact/arrow_annotation/artifact_000057_02_arrow_annotation.png,1,sensory_artifact,arrow_annotation,59.46123504638672,-2.8847630747581725,1.3395842433499028,0.41555555555555557,resnet50_layer3_global_pool
images/dissertation_v1/ood/sensory_artifact/arrow_annotation/artifact_000058_02_arrow_annotation.png,1,sensory_artifact,arrow_annotation,80.35053253173828,-1.3837031956750132,-0.27201588744665245,0.6372222222222222,resnet50_layer3_global_pool
images/dissertation_v1/ood/sensory_artifact/arrow_annotation/artifact_000059_02_arrow_annotation.png,1,sensory_artifact,arrow_annotation,61.96016311645508,-0.26141486230295846,-3.231187126109086,0.4488888888888889,resnet50_layer3_global_pool
images/dissertation_v1/ood/sensory_artifact/arrow_annotation/artifact_000060_02_arrow_annotation.png,1,sensory_artifact,arrow_annotation,77.33273315429688,0.11945794253354806,-2.7623659368686195,0.6161111111111112,resnet50_layer3_global_pool
images/dissertation_v1/ood/sensory_artifact/arrow_annotation/artifact_000061_02_arrow_annotation.png,1,sensory_artifact,arrow_annotation,60.22674560546875,-3.8754049641642934,2.1762373675748967,0.42277777777777775,resnet50_layer3_global_pool
images/dissertation_v1/ood/sensory_artifact/arrow_annotation/artifact_000062_02_arrow_annotation.png,1,sensory_artifact,arrow_annotation,59.16354751586914,-1.6532215365278085,-1.2732336002867815,0.4127777777777778,resnet50_layer3_global_pool
images/dissertation_v1/ood/sensory_artifact/arrow_annotation/artifact_000063_02_arrow_annotation.png,1,sensory_artifact,arrow_annotation,57.377220153808594,-3.46077826427761,2.575434151871624,0.3883333333333333,resnet50_layer3_global_pool
images/dissertation_v1/ood/sensory_artifact/arrow_annotation/artifact_000064_02_arrow_annotation.png,1,sensory_artifact,arrow_annotation,53.12891387939453,-3.9836989810849133,2.779106453310832,0.3433333333333333,resnet50_layer3_global_pool
images/dissertation_v1/ood/sensory_artifact/arrow_annotation/artifact_000065_02_arrow_annotation.png,1,sensory_artifact,arrow_annotation,61.47965621948242,-0.3238608412016453,-3.0551056221970447,0.44333333333333336,resnet50_layer3_global_pool
images/dissertation_v1/ood/sensory_artifact/arrow_annotation/artifact_000066_02_arrow_annotation.png,1,sensory_artifact,arrow_annotation,52.37493133544922,-1.232899529327043,-1.161936724186663,0.33166666666666667,resnet50_layer3_global_pool
images/dissertation_v1/ood/sensory_artifact/arrow_annotation/artifact_000067_02_arrow_annotation.png,1,sensory_artifact,arrow_annotation,63.37594223022461,-0.5821206718369167,-2.6213294383822685,0.4661111111111111,resnet50_layer3_global_pool
images/dissertation_v1/ood/sensory_artifact/arrow_annotation/artifact_000068_02_arrow_annotation.png,1,sensory_artifact,arrow_annotation,51.92981719970703,-4.150114434703446,2.165800860749585,0.3244444444444444,resnet50_layer3_global_pool
images/dissertation_v1/ood/sensory_artifact/arrow_annotation/artifact_000069_02_arrow_annotation.png,1,sensory_artifact,arrow_annotation,74.06461334228516,0.21655299443219733,-3.4807139840645003,0.5777777777777777,resnet50_layer3_global_pool
images/dissertation_v1/ood/sensory_artifact/arrow_annotation/artifact_000070_02_arrow_annotation.png,1,sensory_artifact,arrow_annotation,50.603397369384766,-2.5222057212981333,0.3829546069584381,0.30944444444444447,resnet50_layer3_global_pool
images/dissertation_v1/ood/sensory_artifact/arrow_annotation/artifact_000071_02_arrow_annotation.png,1,sensory_artifact,arrow_annotation,51.30270004272461,-4.054088045430832,3.0324257116515976,0.31722222222222224,resnet50_layer3_global_pool
images/dissertation_v1/ood/sensory_artifact/arrow_annotation/artifact_000072_02_arrow_annotation.png,1,sensory_artifact,arrow_annotation,65.5394515991211,1.0293076372701744,-1.6112918012448794,0.49166666666666664,resnet50_layer3_global_pool
images/dissertation_v1/ood/sensory_artifact/arrow_annotation/artifact_000073_02_arrow_annotation.png,1,sensory_artifact,arrow_annotation,69.0155029296875,0.3101395649911329,-2.569912822194448,0.525,resnet50_layer3_global_pool
images/dissertation_v1/ood/sensory_artifact/arrow_annotation/artifact_000074_02_arrow_annotation.png,1,sensory_artifact,arrow_annotation,49.71188735961914,-3.2132789087658824,2.546914433485222,0.2927777777777778,resnet50_layer3_global_pool
images/dissertation_v1/ood/sensory_artifact/arrow_annotation/artifact_000075_02_arrow_annotation.png,1,sensory_artifact,arrow_annotation,40.7224006652832,-2.4939112406854895,0.2987851166532571,0.18555555555555556,resnet50_layer3_global_pool
images/dissertation_v1/ood/sensory_artifact/arrow_annotation/artifact_000076_02_arrow_annotation.png,1,sensory_artifact,arrow_annotation,60.13284683227539,-2.953018835903968,1.582185057831623,0.4216666666666667,resnet50_layer3_global_pool
images/dissertation_v1/ood/sensory_artifact/arrow_annotation/artifact_000077_02_arrow_annotation.png,1,sensory_artifact,arrow_annotation,69.9256820678711,-2.959157613232231,1.4061084365619028,0.5372222222222223,resnet50_layer3_global_pool
images/dissertation_v1/ood/sensory_artifact/arrow_annotation/artifact_000078_02_arrow_annotation.png,1,sensory_artifact,arrow_annotation,65.66303253173828,-3.1893489476534795,1.636754217644853,0.49444444444444446,resnet50_layer3_global_pool
images/dissertation_v1/ood/sensory_artifact/arrow_annotation/artifact_000079_02_arrow_annotation.png,1,sensory_artifact,arrow_annotation,64.54801177978516,-0.15511808903694013,-3.0555764651904513,0.48,resnet50_layer3_global_pool
images/dissertation_v1/ood/sensory_artifact/arrow_annotation/artifact_000080_02_arrow_annotation.png,1,sensory_artifact,arrow_annotation,74.62806701660156,-0.4106611850292105,-1.9027485807556992,0.5888888888888889,resnet50_layer3_global_pool
images/dissertation_v1/ood/sensory_artifact/arrow_annotation/artifact_000081_02_arrow_annotation.png,1,sensory_artifact,arrow_annotation,46.0372428894043,-3.5537101664598283,1.6234059854682796,0.2411111111111111,resnet50_layer3_global_pool
images/dissertation_v1/ood/sensory_artifact/arrow_annotation/artifact_000082_02_arrow_annotation.png,1,sensory_artifact,arrow_annotation,74.7969741821289,-2.5667525127345434,1.8202977759633996,0.5905555555555555,resnet50_layer3_global_pool
images/dissertation_v1/ood/sensory_artifact/arrow_annotation/artifact_000083_02_arrow_annotation.png,1,sensory_artifact,arrow_annotation,71.5927963256836,-2.0103508791261375,-0.8670911170229804,0.5566666666666666,resnet50_layer3_global_pool
images/dissertation_v1/ood/sensory_artifact/arrow_annotation/artifact_000084_02_arrow_annotation.png,1,sensory_artifact,arrow_annotation,64.58132934570312,-2.6181713690102155,1.2583078999516253,0.48055555555555557,resnet50_layer3_global_pool
images/dissertation_v1/ood/sensory_artifact/arrow_annotation/artifact_000085_02_arrow_annotation.png,1,sensory_artifact,arrow_annotation,61.38037872314453,0.7808259637097934,-2.2972114048991785,0.4411111111111111,resnet50_layer3_global_pool
images/dissertation_v1/ood/sensory_artifact/arrow_annotation/artifact_000086_02_arrow_annotation.png,1,sensory_artifact,arrow_annotation,53.70772171020508,-0.1383368291675949,-3.489983521747272,0.35055555555555556,resnet50_layer3_global_pool
images/dissertation_v1/ood/sensory_artifact/arrow_annotation/artifact_000087_02_arrow_annotation.png,1,sensory_artifact,arrow_annotation,57.88380813598633,-0.9818179226364303,-1.0829957610343302,0.39555555555555555,resnet50_layer3_global_pool
images/dissertation_v1/ood/sensory_artifact/arrow_annotation/artifact_000088_02_arrow_annotation.png,1,sensory_artifact,arrow_annotation,71.17593383789062,0.21350318467996185,-2.5972116100099107,0.5511111111111111,resnet50_layer3_global_pool
images/dissertation_v1/ood/sensory_artifact/arrow_annotation/artifact_000089_02_arrow_annotation.png,1,sensory_artifact,arrow_annotation,73.92058563232422,-0.4527827382735957,-2.129938342665928,0.5772222222222222,resnet50_layer3_global_pool
images/dissertation_v1/ood/sensory_artifact/arrow_annotation/artifact_000090_02_arrow_annotation.png,1,sensory_artifact,arrow_annotation,53.30537796020508,-1.8374009349973444,-0.9871469013420197,0.345,resnet50_layer3_global_pool
images/dissertation_v1/ood/sensory_artifact/arrow_annotation/artifact_000091_02_arrow_annotation.png,1,sensory_artifact,arrow_annotation,48.77349090576172,-0.7802657467286406,-1.7276555632063164,0.28,resnet50_layer3_global_pool
images/dissertation_v1/ood/sensory_artifact/arrow_annotation/artifact_000092_02_arrow_annotation.png,1,sensory_artifact,arrow_annotation,70.7165756225586,-0.8460441351886743,-2.231660640394129,0.5455555555555556,resnet50_layer3_global_pool
images/dissertation_v1/ood/sensory_artifact/arrow_annotation/artifact_000093_02_arrow_annotation.png,1,sensory_artifact,arrow_annotation,64.90454864501953,0.6527829515358449,-2.415175320048405,0.48444444444444446,resnet50_layer3_global_pool
images/dissertation_v1/ood/sensory_artifact/arrow_annotation/artifact_000094_02_arrow_annotation.png,1,sensory_artifact,arrow_annotation,49.65345001220703,-3.4422344428660745,0.7485478255284277,0.2916666666666667,resnet50_layer3_global_pool
images/dissertation_v1/ood/sensory_artifact/arrow_annotation/artifact_000095_02_arrow_annotation.png,1,sensory_artifact,arrow_annotation,58.76401519775391,-0.8876072090417481,-2.0627967636964613,0.4083333333333333,resnet50_layer3_global_pool
images/dissertation_v1/ood/sensory_artifact/arrow_annotation/artifact_000096_02_arrow_annotation.png,1,sensory_artifact,arrow_annotation,60.67097091674805,-0.30480323433593876,-2.1096753506829824,0.43166666666666664,resnet50_layer3_global_pool
images/dissertation_v1/ood/sensory_artifact/arrow_annotation/artifact_000097_02_arrow_annotation.png,1,sensory_artifact,arrow_annotation,65.60752868652344,-1.8690344341205603,-1.0157261896556031,0.49333333333333335,resnet50_layer3_global_pool
images/dissertation_v1/ood/sensory_artifact/arrow_annotation/artifact_000098_02_arrow_annotation.png,1,sensory_artifact,arrow_annotation,75.09165954589844,-1.074787970831177,-1.5858473970276887,0.5933333333333334,resnet50_layer3_global_pool
images/dissertation_v1/ood/sensory_artifact/arrow_annotation/artifact_000099_02_arrow_annotation.png,1,sensory_artifact,arrow_annotation,59.260345458984375,-0.5180702523984079,-1.490582024355101,0.41444444444444445,resnet50_layer3_global_pool
images/dissertation_v1/ood/sensory_artifact/arrow_annotation/artifact_000100_02_arrow_annotation.png,1,sensory_artifact,arrow_annotation,75.66943359375,0.9960988747563362,-3.385298444332762,0.5972222222222222,resnet50_layer3_global_pool
images/dissertation_v1/ood/sensory_artifact/arrow_annotation/artifact_000101_02_arrow_annotation.png,1,sensory_artifact,arrow_annotation,73.24520111083984,0.1534600375277622,-3.3259756011241683,0.5705555555555556,resnet50_layer3_global_pool
images/dissertation_v1/ood/sensory_artifact/arrow_annotation/artifact_000102_02_arrow_annotation.png,1,sensory_artifact,arrow_annotation,49.90800476074219,-3.406396584444763,1.4346035973290585,0.295,resnet50_layer3_global_pool
images/dissertation_v1/ood/sensory_artifact/arrow_annotation/artifact_000103_02_arrow_annotation.png,1,sensory_artifact,arrow_annotation,67.70408630371094,0.09577362265363379,-3.625769104918691,0.5138888888888888,resnet50_layer3_global_pool
images/dissertation_v1/ood/sensory_artifact/arrow_annotation/artifact_000104_02_arrow_annotation.png,1,sensory_artifact,arrow_annotation,53.08012771606445,-1.1437532331597415,-0.5524020563049413,0.3427777777777778,resnet50_layer3_global_pool
images/dissertation_v1/ood/sensory_artifact/arrow_annotation/artifact_000105_02_arrow_annotation.png,1,sensory_artifact,arrow_annotation,77.7183837890625,-2.70070570274343,0.9668448411123072,0.6188888888888889,resnet50_layer3_global_pool
images/dissertation_v1/ood/sensory_artifact/arrow_annotation/artifact_000106_02_arrow_annotation.png,1,sensory_artifact,arrow_annotation,51.06767272949219,0.41858672217482634,-2.722156958949733,0.31277777777777777,resnet50_layer3_global_pool
images/dissertation_v1/ood/sensory_artifact/arrow_annotation/artifact_000107_02_arrow_annotation.png,1,sensory_artifact,arrow_annotation,66.64733123779297,0.282595181692697,-3.3146456349961957,0.5038888888888889,resnet50_layer3_global_pool
images/dissertation_v1/ood/sensory_artifact/arrow_annotation/artifact_000108_02_arrow_annotation.png,1,sensory_artifact,arrow_annotation,70.08726501464844,0.9111608618947356,-3.274617356124005,0.5383333333333333,resnet50_layer3_global_pool
images/dissertation_v1/ood/sensory_artifact/arrow_annotation/artifact_000109_02_arrow_annotation.png,1,sensory_artifact,arrow_annotation,71.59996032714844,-2.2119253762582947,0.17024832837891923,0.5577777777777778,resnet50_layer3_global_pool
images/dissertation_v1/ood/sensory_artifact/arrow_annotation/artifact_000110_02_arrow_annotation.png,1,sensory_artifact,arrow_annotation,55.935394287109375,-2.3182008581524403,0.31504794232596245,0.3761111111111111,resnet50_layer3_global_pool
images/dissertation_v1/ood/sensory_artifact/arrow_annotation/artifact_000111_02_arrow_annotation.png,1,sensory_artifact,arrow_annotation,62.29635620117188,0.6322025011317113,-1.9103353979078441,0.45444444444444443,resnet50_layer3_global_pool
images/dissertation_v1/ood/sensory_artifact/arrow_annotation/artifact_000112_02_arrow_annotation.png,1,sensory_artifact,arrow_annotation,70.08883666992188,0.28439201939665765,-2.3057801079304783,0.5388888888888889,resnet50_layer3_global_pool
images/dissertation_v1/ood/sensory_artifact/arrow_annotation/artifact_000113_02_arrow_annotation.png,1,sensory_artifact,arrow_annotation,69.03325653076172,1.2735536539441215,-3.700909875189869,0.5261111111111111,resnet50_layer3_global_pool
images/dissertation_v1/ood/sensory_artifact/arrow_annotation/artifact_000114_02_arrow_annotation.png,1,sensory_artifact,arrow_annotation,78.26520538330078,0.4312643616340042,-2.8071930354768146,0.6244444444444445,resnet50_layer3_global_pool
images/dissertation_v1/ood/sensory_artifact/arrow_annotation/artifact_000115_02_arrow_annotation.png,1,sensory_artifact,arrow_annotation,50.97350692749024,-2.7917259839784996,-0.17882806896122472,0.31166666666666665,resnet50_layer3_global_pool
images/dissertation_v1/ood/sensory_artifact/arrow_annotation/artifact_000116_02_arrow_annotation.png,1,sensory_artifact,arrow_annotation,76.39714813232422,-2.4318307193953745,0.8390460393336083,0.605,resnet50_layer3_global_pool
images/dissertation_v1/ood/sensory_artifact/arrow_annotation/artifact_000117_02_arrow_annotation.png,1,sensory_artifact,arrow_annotation,65.32945251464844,1.734509881499517,-2.988588476263647,0.49,resnet50_layer3_global_pool
images/dissertation_v1/ood/sensory_artifact/arrow_annotation/artifact_000118_02_arrow_annotation.png,1,sensory_artifact,arrow_annotation,77.76227569580078,-2.1443896407916627,-0.011803017390643919,0.62,resnet50_layer3_global_pool
images/dissertation_v1/ood/sensory_artifact/arrow_annotation/artifact_000119_02_arrow_annotation.png,1,sensory_artifact,arrow_annotation,53.9328727722168,-0.11574729680780066,-3.255394805395921,0.35388888888888886,resnet50_layer3_global_pool
images/dissertation_v1/ood/sensory_artifact/arrow_annotation/artifact_000120_02_arrow_annotation.png,1,sensory_artifact,arrow_annotation,60.78335571289063,-1.299855827578515,-2.0254055230726586,0.43277777777777776,resnet50_layer3_global_pool
images/dissertation_v1/ood/sensory_artifact/arrow_annotation/artifact_000121_02_arrow_annotation.png,1,sensory_artifact,arrow_annotation,56.0146484375,-0.43139740514879693,-2.8747200722260753,0.37722222222222224,resnet50_layer3_global_pool
images/dissertation_v1/ood/sensory_artifact/arrow_annotation/artifact_000122_02_arrow_annotation.png,1,sensory_artifact,arrow_annotation,48.99560928344727,-3.4204026410421715,1.7991970713460754,0.2833333333333333,resnet50_layer3_global_pool
images/dissertation_v1/ood/sensory_artifact/arrow_annotation/artifact_000123_02_arrow_annotation.png,1,sensory_artifact,arrow_annotation,60.90469741821289,-3.4768136067648028,1.7523978766124169,0.435,resnet50_layer3_global_pool
images/dissertation_v1/ood/sensory_artifact/arrow_annotation/artifact_000124_02_arrow_annotation.png,1,sensory_artifact,arrow_annotation,60.425968170166016,-4.259484745017755,3.4409812304472824,0.4272222222222222,resnet50_layer3_global_pool
images/dissertation_v1/ood/sensory_artifact/arrow_annotation/artifact_000125_02_arrow_annotation.png,1,sensory_artifact,arrow_annotation,59.00411224365234,-1.3968721276705545,-1.3654955222324638,0.4116666666666667,resnet50_layer3_global_pool
images/dissertation_v1/ood/sensory_artifact/arrow_annotation/artifact_000126_02_arrow_annotation.png,1,sensory_artifact,arrow_annotation,63.134220123291016,-2.7436667586081596,1.7098669655234036,0.46444444444444444,resnet50_layer3_global_pool
images/dissertation_v1/ood/sensory_artifact/arrow_annotation/artifact_000127_02_arrow_annotation.png,1,sensory_artifact,arrow_annotation,59.71434020996094,0.686569717917253,-3.0999017676156746,0.41833333333333333,resnet50_layer3_global_pool
images/dissertation_v1/ood/sensory_artifact/arrow_annotation/artifact_000128_02_arrow_annotation.png,1,sensory_artifact,arrow_annotation,55.847434997558594,-0.6514062937979656,-2.2396452662565545,0.37444444444444447,resnet50_layer3_global_pool
images/dissertation_v1/ood/sensory_artifact/arrow_annotation/artifact_000129_02_arrow_annotation.png,1,sensory_artifact,arrow_annotation,66.62141418457031,-0.30956763404479254,-1.9888677433220496,0.5027777777777778,resnet50_layer3_global_pool
images/dissertation_v1/ood/sensory_artifact/arrow_annotation/artifact_000130_02_arrow_annotation.png,1,sensory_artifact,arrow_annotation,53.61440658569336,-0.40469959289116153,-2.9981128859412705,0.3488888888888889,resnet50_layer3_global_pool
images/dissertation_v1/ood/sensory_artifact/arrow_annotation/artifact_000131_02_arrow_annotation.png,1,sensory_artifact,arrow_annotation,49.00088882446289,0.2642743830224728,-2.0629353044039886,0.2838888888888889,resnet50_layer3_global_pool
images/dissertation_v1/ood/sensory_artifact/arrow_annotation/artifact_000132_02_arrow_annotation.png,1,sensory_artifact,arrow_annotation,58.17623901367188,-1.2232083746177946,-0.934867842154057,0.40055555555555555,resnet50_layer3_global_pool
images/dissertation_v1/ood/sensory_artifact/arrow_annotation/artifact_000133_02_arrow_annotation.png,1,sensory_artifact,arrow_annotation,82.21900177001953,-0.5252561921949624,-2.4414334226098147,0.645,resnet50_layer3_global_pool
images/dissertation_v1/ood/sensory_artifact/arrow_annotation/artifact_000134_02_arrow_annotation.png,1,sensory_artifact,arrow_annotation,74.213623046875,0.25008236457389893,-2.784306258934429,0.5805555555555556,resnet50_layer3_global_pool
images/dissertation_v1/ood/sensory_artifact/arrow_annotation/artifact_000135_02_arrow_annotation.png,1,sensory_artifact,arrow_annotation,46.83906555175781,-3.869006050945283,1.779800506895999,0.25166666666666665,resnet50_layer3_global_pool
images/dissertation_v1/ood/sensory_artifact/arrow_annotation/artifact_000136_02_arrow_annotation.png,1,sensory_artifact,arrow_annotation,52.423919677734375,-2.7383332259267235,1.45624175405861,0.3333333333333333,resnet50_layer3_global_pool
images/dissertation_v1/ood/sensory_artifact/arrow_annotation/artifact_000137_02_arrow_annotation.png,1,sensory_artifact,arrow_annotation,50.42174530029297,-2.202412682250669,0.5295912318082033,0.3016666666666667,resnet50_layer3_global_pool
images/dissertation_v1/ood/sensory_artifact/arrow_annotation/artifact_000138_02_arrow_annotation.png,1,sensory_artifact,arrow_annotation,70.27668762207031,1.1760547805303874,-3.537873013045133,0.5411111111111111,resnet50_layer3_global_pool
images/dissertation_v1/ood/sensory_artifact/arrow_annotation/artifact_000139_02_arrow_annotation.png,1,sensory_artifact,arrow_annotation,66.85222625732422,0.24104873102775765,-2.8147554000656254,0.5077777777777778,resnet50_layer3_global_pool
images/dissertation_v1/ood/sensory_artifact/arrow_annotation/artifact_000140_02_arrow_annotation.png,1,sensory_artifact,arrow_annotation,59.51958465576172,-1.047591301685958,0.79789704953273,0.4172222222222222,resnet50_layer3_global_pool
images/dissertation_v1/ood/sensory_artifact/arrow_annotation/artifact_000141_02_arrow_annotation.png,1,sensory_artifact,arrow_annotation,58.52592849731445,1.2256944995641808,-3.896897893746328,0.405,resnet50_layer3_global_pool
images/dissertation_v1/ood/sensory_artifact/arrow_annotation/artifact_000142_02_arrow_annotation.png,1,sensory_artifact,arrow_annotation,67.35041046142578,-3.5358581828766837,2.009449819828593,0.5105555555555555,resnet50_layer3_global_pool
images/dissertation_v1/ood/sensory_artifact/arrow_annotation/artifact_000143_02_arrow_annotation.png,1,sensory_artifact,arrow_annotation,62.32210159301758,0.40108457010721654,-2.6797070028780268,0.45666666666666667,resnet50_layer3_global_pool
images/dissertation_v1/ood/sensory_artifact/arrow_annotation/artifact_000144_02_arrow_annotation.png,1,sensory_artifact,arrow_annotation,57.86595153808594,0.015006507910125769,-3.5585721737712217,0.395,resnet50_layer3_global_pool
images/dissertation_v1/ood/sensory_artifact/arrow_annotation/artifact_000145_02_arrow_annotation.png,1,sensory_artifact,arrow_annotation,42.3895149230957,-3.2420672053451964,2.396748541824677,0.20222222222222222,resnet50_layer3_global_pool
images/dissertation_v1/ood/sensory_artifact/arrow_annotation/artifact_000146_02_arrow_annotation.png,1,sensory_artifact,arrow_annotation,74.08981323242188,0.26209560228421724,-2.690883002572004,0.5783333333333334,resnet50_layer3_global_pool
images/dissertation_v1/ood/sensory_artifact/arrow_annotation/artifact_000147_02_arrow_annotation.png,1,sensory_artifact,arrow_annotation,48.49029541015625,-3.3931571064704724,1.4219796552477766,0.27555555555555555,resnet50_layer3_global_pool
images/dissertation_v1/ood/sensory_artifact/arrow_annotation/artifact_000148_02_arrow_annotation.png,1,sensory_artifact,arrow_annotation,57.66858673095703,-1.370905526313202,-1.5545282998841754,0.39111111111111113,resnet50_layer3_global_pool
images/dissertation_v1/ood/sensory_artifact/arrow_annotation/artifact_000149_02_arrow_annotation.png,1,sensory_artifact,arrow_annotation,57.201473236083984,-0.18096230375060265,-3.337058026515412,0.38555555555555554,resnet50_layer3_global_pool
images/dissertation_v1/ood/sensory_artifact/blur_artifact/artifact_000000_04_blur_artifact.png,1,sensory_artifact,blur_artifact,87.54188537597656,-0.6989915431531369,-1.3320871955577729,0.6655555555555556,resnet50_layer3_global_pool
images/dissertation_v1/ood/sensory_artifact/blur_artifact/artifact_000001_04_blur_artifact.png,1,sensory_artifact,blur_artifact,44.07162857055664,-3.7762127489893733,2.9977035350417216,0.22055555555555556,resnet50_layer3_global_pool
images/dissertation_v1/ood/sensory_artifact/blur_artifact/artifact_000002_04_blur_artifact.png,1,sensory_artifact,blur_artifact,61.79934310913086,-1.4830124615129645,1.3929996215748643,0.44666666666666666,resnet50_layer3_global_pool
images/dissertation_v1/ood/sensory_artifact/blur_artifact/artifact_000003_04_blur_artifact.png,1,sensory_artifact,blur_artifact,51.18685531616211,-4.110790364453957,3.1041833231347122,0.3161111111111111,resnet50_layer3_global_pool
images/dissertation_v1/ood/sensory_artifact/blur_artifact/artifact_000004_04_blur_artifact.png,1,sensory_artifact,blur_artifact,60.38386917114258,0.7552070227868358,-1.692166642857203,0.4255555555555556,resnet50_layer3_global_pool
images/dissertation_v1/ood/sensory_artifact/blur_artifact/artifact_000005_04_blur_artifact.png,1,sensory_artifact,blur_artifact,97.9651336669922,-3.1127329799025567,2.812299522328093,0.6961111111111111,resnet50_layer3_global_pool
images/dissertation_v1/ood/sensory_artifact/blur_artifact/artifact_000006_04_blur_artifact.png,1,sensory_artifact,blur_artifact,47.18198394775391,-2.6439919788648694,0.8999396925206635,0.25555555555555554,resnet50_layer3_global_pool
images/dissertation_v1/ood/sensory_artifact/blur_artifact/artifact_000007_04_blur_artifact.png,1,sensory_artifact,blur_artifact,48.59418487548828,0.33853533024081883,-3.7797569059394633,0.2777777777777778,resnet50_layer3_global_pool
images/dissertation_v1/ood/sensory_artifact/blur_artifact/artifact_000008_04_blur_artifact.png,1,sensory_artifact,blur_artifact,77.01795959472656,0.4167411551822831,-1.200293128960022,0.6127777777777778,resnet50_layer3_global_pool
images/dissertation_v1/ood/sensory_artifact/blur_artifact/artifact_000009_04_blur_artifact.png,1,sensory_artifact,blur_artifact,85.72634887695312,0.12552879148948426,0.33062359257438406,0.6588888888888889,resnet50_layer3_global_pool
images/dissertation_v1/ood/sensory_artifact/blur_artifact/artifact_000010_04_blur_artifact.png,1,sensory_artifact,blur_artifact,94.56537628173828,-1.366833479074663,1.607000862229073,0.69,resnet50_layer3_global_pool
images/dissertation_v1/ood/sensory_artifact/blur_artifact/artifact_000011_04_blur_artifact.png,1,sensory_artifact,blur_artifact,70.42192840576172,-1.371925779479999,0.8382953672096625,0.5427777777777778,resnet50_layer3_global_pool
images/dissertation_v1/ood/sensory_artifact/blur_artifact/artifact_000012_04_blur_artifact.png,1,sensory_artifact,blur_artifact,44.62613296508789,0.07609768169025062,-2.8546579981555147,0.2238888888888889,resnet50_layer3_global_pool
images/dissertation_v1/ood/sensory_artifact/blur_artifact/artifact_000013_04_blur_artifact.png,1,sensory_artifact,blur_artifact,56.012237548828125,-1.956938783185546,1.6215371905902662,0.37666666666666665,resnet50_layer3_global_pool
images/dissertation_v1/ood/sensory_artifact/blur_artifact/artifact_000014_04_blur_artifact.png,1,sensory_artifact,blur_artifact,73.54325103759766,0.5376826650323724,-0.6646813592940751,0.5733333333333334,resnet50_layer3_global_pool
images/dissertation_v1/ood/sensory_artifact/blur_artifact/artifact_000015_04_blur_artifact.png,1,sensory_artifact,blur_artifact,67.19278717041016,-2.1927647233734024,1.4107473412286704,0.5094444444444445,resnet50_layer3_global_pool
images/dissertation_v1/ood/sensory_artifact/blur_artifact/artifact_000016_04_blur_artifact.png,1,sensory_artifact,blur_artifact,61.36896896362305,-3.8369616265323123,2.3182058506559717,0.44055555555555553,resnet50_layer3_global_pool
images/dissertation_v1/ood/sensory_artifact/blur_artifact/artifact_000017_04_blur_artifact.png,1,sensory_artifact,blur_artifact,51.35889434814453,0.2933345285911068,-1.016890971527338,0.31777777777777777,resnet50_layer3_global_pool
images/dissertation_v1/ood/sensory_artifact/blur_artifact/artifact_000018_04_blur_artifact.png,1,sensory_artifact,blur_artifact,89.38890075683594,1.5709227401330463,-0.41112725023495506,0.6761111111111111,resnet50_layer3_global_pool
images/dissertation_v1/ood/sensory_artifact/blur_artifact/artifact_000019_04_blur_artifact.png,1,sensory_artifact,blur_artifact,84.04256439208984,0.8099090619797517,-1.2810308316304668,0.65,resnet50_layer3_global_pool
images/dissertation_v1/ood/sensory_artifact/blur_artifact/artifact_000020_04_blur_artifact.png,1,sensory_artifact,blur_artifact,50.58649063110352,-3.3390664004959425,2.2346188276174117,0.3088888888888889,resnet50_layer3_global_pool
images/dissertation_v1/ood/sensory_artifact/blur_artifact/artifact_000021_04_blur_artifact.png,1,sensory_artifact,blur_artifact,82.1860122680664,1.0943473811148936,-2.3389191522570894,0.6444444444444445,resnet50_layer3_global_pool
images/dissertation_v1/ood/sensory_artifact/blur_artifact/artifact_000022_04_blur_artifact.png,1,sensory_artifact,blur_artifact,53.40143585205078,-1.20156067253867,-0.14721097147515982,0.3461111111111111,resnet50_layer3_global_pool
images/dissertation_v1/ood/sensory_artifact/blur_artifact/artifact_000023_04_blur_artifact.png,1,sensory_artifact,blur_artifact,78.2330322265625,-3.2340865130801313,1.988494727987557,0.6238888888888889,resnet50_layer3_global_pool
images/dissertation_v1/ood/sensory_artifact/blur_artifact/artifact_000024_04_blur_artifact.png,1,sensory_artifact,blur_artifact,54.95441055297852,-3.528559872456889,3.033476649529186,0.36333333333333334,resnet50_layer3_global_pool
images/dissertation_v1/ood/sensory_artifact/blur_artifact/artifact_000025_04_blur_artifact.png,1,sensory_artifact,blur_artifact,48.20462417602539,-3.5847317151651032,2.6951939578974407,0.27055555555555555,resnet50_layer3_global_pool
images/dissertation_v1/ood/sensory_artifact/blur_artifact/artifact_000026_04_blur_artifact.png,1,sensory_artifact,blur_artifact,62.95016479492188,-2.2536712180470846,1.0086004517682539,0.4633333333333333,resnet50_layer3_global_pool
images/dissertation_v1/ood/sensory_artifact/blur_artifact/artifact_000027_04_blur_artifact.png,1,sensory_artifact,blur_artifact,64.9834213256836,-2.948973267928061,1.955039910017545,0.485,resnet50_layer3_global_pool
images/dissertation_v1/ood/sensory_artifact/blur_artifact/artifact_000028_04_blur_artifact.png,1,sensory_artifact,blur_artifact,76.6308364868164,0.4715125678950009,-2.376361547459396,0.6083333333333333,resnet50_layer3_global_pool
images/dissertation_v1/ood/sensory_artifact/blur_artifact/artifact_000029_04_blur_artifact.png,1,sensory_artifact,blur_artifact,95.57211303710938,-2.5432283892357126,3.166926090562498,0.6922222222222222,resnet50_layer3_global_pool
images/dissertation_v1/ood/sensory_artifact/blur_artifact/artifact_000030_04_blur_artifact.png,1,sensory_artifact,blur_artifact,43.23615264892578,1.5043766910051903,-2.3825088825653866,0.21333333333333335,resnet50_layer3_global_pool
images/dissertation_v1/ood/sensory_artifact/blur_artifact/artifact_000031_04_blur_artifact.png,1,sensory_artifact,blur_artifact,86.47021484375,0.8127349315956505,-1.946122943232715,0.6622222222222223,resnet50_layer3_global_pool
images/dissertation_v1/ood/sensory_artifact/blur_artifact/artifact_000032_04_blur_artifact.png,1,sensory_artifact,blur_artifact,56.73727416992188,1.2352665838178518,-4.117278139548193,0.38055555555555554,resnet50_layer3_global_pool
images/dissertation_v1/ood/sensory_artifact/blur_artifact/artifact_000033_04_blur_artifact.png,1,sensory_artifact,blur_artifact,48.86114501953125,-1.3291131621497025,-0.39565017639907296,0.2811111111111111,resnet50_layer3_global_pool
images/dissertation_v1/ood/sensory_artifact/blur_artifact/artifact_000034_04_blur_artifact.png,1,sensory_artifact,blur_artifact,76.7567367553711,-2.2687531906844107,2.1410751555933967,0.6094444444444445,resnet50_layer3_global_pool
images/dissertation_v1/ood/sensory_artifact/blur_artifact/artifact_000035_04_blur_artifact.png,1,sensory_artifact,blur_artifact,59.68967819213867,-2.432053644581703,2.167029868552893,0.4177777777777778,resnet50_layer3_global_pool
images/dissertation_v1/ood/sensory_artifact/blur_artifact/artifact_000036_04_blur_artifact.png,1,sensory_artifact,blur_artifact,61.62290191650391,0.7820643050651167,-3.535445844150569,0.445,resnet50_layer3_global_pool
images/dissertation_v1/ood/sensory_artifact/blur_artifact/artifact_000037_04_blur_artifact.png,1,sensory_artifact,blur_artifact,77.49801635742188,0.7163352022779815,-0.851521492323141,0.6177777777777778,resnet50_layer3_global_pool
images/dissertation_v1/ood/sensory_artifact/blur_artifact/artifact_000038_04_blur_artifact.png,1,sensory_artifact,blur_artifact,64.15082550048828,-0.5591429026485266,-0.8859227439165626,0.4738888888888889,resnet50_layer3_global_pool
images/dissertation_v1/ood/sensory_artifact/blur_artifact/artifact_000039_04_blur_artifact.png,1,sensory_artifact,blur_artifact,85.06133270263672,0.4606646056501178,-1.8138054480687387,0.6555555555555556,resnet50_layer3_global_pool
images/dissertation_v1/ood/sensory_artifact/blur_artifact/artifact_000040_04_blur_artifact.png,1,sensory_artifact,blur_artifact,55.80423355102539,-3.0172948571371667,1.3749961081482083,0.37222222222222223,resnet50_layer3_global_pool
images/dissertation_v1/ood/sensory_artifact/blur_artifact/artifact_000041_04_blur_artifact.png,1,sensory_artifact,blur_artifact,59.306785583496094,0.2270884058871805,0.45324392992490975,0.415,resnet50_layer3_global_pool
images/dissertation_v1/ood/sensory_artifact/blur_artifact/artifact_000042_04_blur_artifact.png,1,sensory_artifact,blur_artifact,64.58393096923828,-3.608751455696391,2.678110962084081,0.4811111111111111,resnet50_layer3_global_pool
images/dissertation_v1/ood/sensory_artifact/blur_artifact/artifact_000043_04_blur_artifact.png,1,sensory_artifact,blur_artifact,61.90341567993164,0.5820439784857903,-2.0209215935179703,0.4477777777777778,resnet50_layer3_global_pool
images/dissertation_v1/ood/sensory_artifact/blur_artifact/artifact_000044_04_blur_artifact.png,1,sensory_artifact,blur_artifact,48.755592346191406,-2.1651951550076323,1.258426281633753,0.2788888888888889,resnet50_layer3_global_pool
images/dissertation_v1/ood/sensory_artifact/blur_artifact/artifact_000045_04_blur_artifact.png,1,sensory_artifact,blur_artifact,76.92748260498047,0.9988642776154899,-2.4849770353022302,0.6122222222222222,resnet50_layer3_global_pool
images/dissertation_v1/ood/sensory_artifact/blur_artifact/artifact_000046_04_blur_artifact.png,1,sensory_artifact,blur_artifact,74.58519744873047,0.3917847767958305,-0.9091044095452563,0.5866666666666667,resnet50_layer3_global_pool
images/dissertation_v1/ood/sensory_artifact/blur_artifact/artifact_000047_04_blur_artifact.png,1,sensory_artifact,blur_artifact,92.14154815673828,1.166677621029326,-2.064330969450664,0.6794444444444444,resnet50_layer3_global_pool
images/dissertation_v1/ood/sensory_artifact/blur_artifact/artifact_000048_04_blur_artifact.png,1,sensory_artifact,blur_artifact,61.13578414916992,-3.6769750683146714,2.652585007033507,0.43944444444444447,resnet50_layer3_global_pool
images/dissertation_v1/ood/sensory_artifact/blur_artifact/artifact_000049_04_blur_artifact.png,1,sensory_artifact,blur_artifact,92.38541412353516,0.7980987737489821,-2.0659757413493423,0.6805555555555556,resnet50_layer3_global_pool
images/dissertation_v1/ood/sensory_artifact/blur_artifact/artifact_000050_04_blur_artifact.png,1,sensory_artifact,blur_artifact,50.17279052734375,-2.040652312631276,1.124584922318183,0.29833333333333334,resnet50_layer3_global_pool
images/dissertation_v1/ood/sensory_artifact/blur_artifact/artifact_000051_04_blur_artifact.png,1,sensory_artifact,blur_artifact,76.3735122680664,0.17809540901233886,-0.7957856956341057,0.6044444444444445,resnet50_layer3_global_pool
images/dissertation_v1/ood/sensory_artifact/blur_artifact/artifact_000052_04_blur_artifact.png,1,sensory_artifact,blur_artifact,70.36285400390625,0.8525822283162723,-1.901636183397292,0.5422222222222223,resnet50_layer3_global_pool
images/dissertation_v1/ood/sensory_artifact/blur_artifact/artifact_000053_04_blur_artifact.png,1,sensory_artifact,blur_artifact,63.50694274902344,1.4154264093221287,-3.0913260797366457,0.4672222222222222,resnet50_layer3_global_pool
images/dissertation_v1/ood/sensory_artifact/blur_artifact/artifact_000054_04_blur_artifact.png,1,sensory_artifact,blur_artifact,71.2257080078125,-2.20098208919409,1.1943099281956877,0.5516666666666666,resnet50_layer3_global_pool
images/dissertation_v1/ood/sensory_artifact/blur_artifact/artifact_000055_04_blur_artifact.png,1,sensory_artifact,blur_artifact,98.23653411865234,-3.2810595870774697,3.468811946105183,0.6966666666666667,resnet50_layer3_global_pool
images/dissertation_v1/ood/sensory_artifact/blur_artifact/artifact_000056_04_blur_artifact.png,1,sensory_artifact,blur_artifact,53.27373123168945,-0.17323399067578674,-2.1883912982679004,0.3438888888888889,resnet50_layer3_global_pool
images/dissertation_v1/ood/sensory_artifact/blur_artifact/artifact_000057_04_blur_artifact.png,1,sensory_artifact,blur_artifact,50.93180465698242,-2.662182081610247,1.901557831491106,0.3111111111111111,resnet50_layer3_global_pool
images/dissertation_v1/ood/sensory_artifact/blur_artifact/artifact_000058_04_blur_artifact.png,1,sensory_artifact,blur_artifact,75.38333129882812,-1.0093834540533146,0.02964858708508463,0.5944444444444444,resnet50_layer3_global_pool
images/dissertation_v1/ood/sensory_artifact/blur_artifact/artifact_000059_04_blur_artifact.png,1,sensory_artifact,blur_artifact,78.20700073242188,1.1814040443975056,-2.3448288100675154,0.6227777777777778,resnet50_layer3_global_pool
images/dissertation_v1/ood/sensory_artifact/blur_artifact/artifact_000060_04_blur_artifact.png,1,sensory_artifact,blur_artifact,92.44923400878906,1.0742167901246462,-1.9800531153407308,0.6811111111111111,resnet50_layer3_global_pool
images/dissertation_v1/ood/sensory_artifact/blur_artifact/artifact_000061_04_blur_artifact.png,1,sensory_artifact,blur_artifact,50.64337539672852,-3.679357421424626,2.3752358998361776,0.31055555555555553,resnet50_layer3_global_pool
images/dissertation_v1/ood/sensory_artifact/blur_artifact/artifact_000062_04_blur_artifact.png,1,sensory_artifact,blur_artifact,82.40235900878906,0.10711307681495581,-0.8027961157941982,0.6461111111111111,resnet50_layer3_global_pool
images/dissertation_v1/ood/sensory_artifact/blur_artifact/artifact_000063_04_blur_artifact.png,1,sensory_artifact,blur_artifact,66.66268157958984,-3.233813546588637,3.2821345100862165,0.5044444444444445,resnet50_layer3_global_pool
images/dissertation_v1/ood/sensory_artifact/blur_artifact/artifact_000064_04_blur_artifact.png,1,sensory_artifact,blur_artifact,86.28642272949219,-2.656668203259568,2.925102046751814,0.6611111111111111,resnet50_layer3_global_pool
images/dissertation_v1/ood/sensory_artifact/blur_artifact/artifact_000065_04_blur_artifact.png,1,sensory_artifact,blur_artifact,75.97802734375,0.7637568122553434,-2.5374651662093615,0.6005555555555555,resnet50_layer3_global_pool
images/dissertation_v1/ood/sensory_artifact/blur_artifact/artifact_000066_04_blur_artifact.png,1,sensory_artifact,blur_artifact,69.61026763916016,-0.4064851806941574,-0.7890227221315889,0.5322222222222223,resnet50_layer3_global_pool
images/dissertation_v1/ood/sensory_artifact/blur_artifact/artifact_000067_04_blur_artifact.png,1,sensory_artifact,blur_artifact,76.04043579101562,0.6882986142713362,-2.029872128230066,0.6011111111111112,resnet50_layer3_global_pool
images/dissertation_v1/ood/sensory_artifact/blur_artifact/artifact_000068_04_blur_artifact.png,1,sensory_artifact,blur_artifact,66.8067855834961,-3.4305169771869957,2.459821607758699,0.5072222222222222,resnet50_layer3_global_pool
images/dissertation_v1/ood/sensory_artifact/blur_artifact/artifact_000069_04_blur_artifact.png,1,sensory_artifact,blur_artifact,73.77816009521484,0.4009286538870782,-3.2152238219214433,0.5755555555555556,resnet50_layer3_global_pool
images/dissertation_v1/ood/sensory_artifact/blur_artifact/artifact_000070_04_blur_artifact.png,1,sensory_artifact,blur_artifact,88.77632141113281,-0.5992516012122435,0.39610416830027984,0.6733333333333333,resnet50_layer3_global_pool
images/dissertation_v1/ood/sensory_artifact/blur_artifact/artifact_000071_04_blur_artifact.png,1,sensory_artifact,blur_artifact,57.450904846191406,-3.9270855005745378,3.4807076633753926,0.3888888888888889,resnet50_layer3_global_pool
images/dissertation_v1/ood/sensory_artifact/blur_artifact/artifact_000072_04_blur_artifact.png,1,sensory_artifact,blur_artifact,57.52165603637695,0.752396627967025,-1.6035445083290423,0.3894444444444444,resnet50_layer3_global_pool
images/dissertation_v1/ood/sensory_artifact/blur_artifact/artifact_000073_04_blur_artifact.png,1,sensory_artifact,blur_artifact,36.3970947265625,0.5022826213383004,-2.654530463507696,0.14722222222222223,resnet50_layer3_global_pool
images/dissertation_v1/ood/sensory_artifact/blur_artifact/artifact_000074_04_blur_artifact.png,1,sensory_artifact,blur_artifact,52.32485961914063,-2.162687655415006,2.55697585954606,0.33055555555555555,resnet50_layer3_global_pool
images/dissertation_v1/ood/sensory_artifact/blur_artifact/artifact_000075_04_blur_artifact.png,1,sensory_artifact,blur_artifact,72.00989532470703,-1.4634178446780273,0.6623663349776695,0.5611111111111111,resnet50_layer3_global_pool
images/dissertation_v1/ood/sensory_artifact/blur_artifact/artifact_000076_04_blur_artifact.png,1,sensory_artifact,blur_artifact,62.96821594238281,-2.873188317885475,2.165865720833599,0.4638888888888889,resnet50_layer3_global_pool
images/dissertation_v1/ood/sensory_artifact/blur_artifact/artifact_000077_04_blur_artifact.png,1,sensory_artifact,blur_artifact,84.91055297851562,-1.7303780787443226,1.7527786330328516,0.655,resnet50_layer3_global_pool
images/dissertation_v1/ood/sensory_artifact/blur_artifact/artifact_000078_04_blur_artifact.png,1,sensory_artifact,blur_artifact,57.75951766967773,-3.2649429192352026,2.063473019407059,0.39222222222222225,resnet50_layer3_global_pool
images/dissertation_v1/ood/sensory_artifact/blur_artifact/artifact_000079_04_blur_artifact.png,1,sensory_artifact,blur_artifact,89.15351867675781,1.0530804220345307,-1.8199919474649346,0.6755555555555556,resnet50_layer3_global_pool
images/dissertation_v1/ood/sensory_artifact/blur_artifact/artifact_000080_04_blur_artifact.png,1,sensory_artifact,blur_artifact,74.2548599243164,0.39330831842415515,-1.193826087422079,0.5816666666666667,resnet50_layer3_global_pool
images/dissertation_v1/ood/sensory_artifact/blur_artifact/artifact_000081_04_blur_artifact.png,1,sensory_artifact,blur_artifact,52.33318328857422,-3.290972117510354,2.177738671051973,0.33111111111111113,resnet50_layer3_global_pool
images/dissertation_v1/ood/sensory_artifact/blur_artifact/artifact_000082_04_blur_artifact.png,1,sensory_artifact,blur_artifact,62.84372329711914,-2.243866489432551,2.211726816450264,0.46166666666666667,resnet50_layer3_global_pool
images/dissertation_v1/ood/sensory_artifact/blur_artifact/artifact_000083_04_blur_artifact.png,1,sensory_artifact,blur_artifact,82.23760986328125,-0.6285677337390617,-0.45618917905668255,0.6455555555555555,resnet50_layer3_global_pool
images/dissertation_v1/ood/sensory_artifact/blur_artifact/artifact_000084_04_blur_artifact.png,1,sensory_artifact,blur_artifact,43.427581787109375,-3.0612435096634125,1.9791633690827133,0.21444444444444444,resnet50_layer3_global_pool
images/dissertation_v1/ood/sensory_artifact/blur_artifact/artifact_000085_04_blur_artifact.png,1,sensory_artifact,blur_artifact,88.76781463623047,2.060034867380457,-1.2927772190932607,0.6727777777777778,resnet50_layer3_global_pool
images/dissertation_v1/ood/sensory_artifact/blur_artifact/artifact_000086_04_blur_artifact.png,1,sensory_artifact,blur_artifact,79.08939361572266,0.6176210203875779,-2.493384240514801,0.6311111111111111,resnet50_layer3_global_pool
images/dissertation_v1/ood/sensory_artifact/blur_artifact/artifact_000087_04_blur_artifact.png,1,sensory_artifact,blur_artifact,55.07596206665039,-0.28026651557159626,-0.8623714219333717,0.365,resnet50_layer3_global_pool
images/dissertation_v1/ood/sensory_artifact/blur_artifact/artifact_000088_04_blur_artifact.png,1,sensory_artifact,blur_artifact,37.87535858154297,-0.023024782379853847,-2.8624372476014317,0.15944444444444444,resnet50_layer3_global_pool
images/dissertation_v1/ood/sensory_artifact/blur_artifact/artifact_000089_04_blur_artifact.png,1,sensory_artifact,blur_artifact,81.81243133544922,0.47552453780259885,-0.9521399273042889,0.6433333333333333,resnet50_layer3_global_pool
images/dissertation_v1/ood/sensory_artifact/blur_artifact/artifact_000090_04_blur_artifact.png,1,sensory_artifact,blur_artifact,45.758445739746094,-1.2068214951644693,-0.7191769738366945,0.23722222222222222,resnet50_layer3_global_pool
images/dissertation_v1/ood/sensory_artifact/blur_artifact/artifact_000091_04_blur_artifact.png,1,sensory_artifact,blur_artifact,78.12444305419922,0.34611554052925625,-1.5075083649256564,0.6216666666666667,resnet50_layer3_global_pool
images/dissertation_v1/ood/sensory_artifact/blur_artifact/artifact_000092_04_blur_artifact.png,1,sensory_artifact,blur_artifact,60.48381042480469,-0.9056437671608514,-1.52436183243429,0.42833333333333334,resnet50_layer3_global_pool
images/dissertation_v1/ood/sensory_artifact/blur_artifact/artifact_000093_04_blur_artifact.png,1,sensory_artifact,blur_artifact,93.5619125366211,1.8682698812682705,-0.9928137203717254,0.6883333333333334,resnet50_layer3_global_pool
images/dissertation_v1/ood/sensory_artifact/blur_artifact/artifact_000094_04_blur_artifact.png,1,sensory_artifact,blur_artifact,56.118160247802734,-3.2756535023771036,1.3707380752119578,0.37833333333333335,resnet50_layer3_global_pool
images/dissertation_v1/ood/sensory_artifact/blur_artifact/artifact_000095_04_blur_artifact.png,1,sensory_artifact,blur_artifact,47.93033981323242,-0.34325088858504327,-1.9929281909705672,0.265,resnet50_layer3_global_pool
images/dissertation_v1/ood/sensory_artifact/blur_artifact/artifact_000096_04_blur_artifact.png,1,sensory_artifact,blur_artifact,62.703731536865234,0.6084531942524551,-1.8269839108200778,0.45944444444444443,resnet50_layer3_global_pool
images/dissertation_v1/ood/sensory_artifact/blur_artifact/artifact_000097_04_blur_artifact.png,1,sensory_artifact,blur_artifact,55.05097579956055,-1.8744274603039093,-0.6750066710315046,0.36444444444444446,resnet50_layer3_global_pool
images/dissertation_v1/ood/sensory_artifact/blur_artifact/artifact_000098_04_blur_artifact.png,1,sensory_artifact,blur_artifact,61.02653884887695,-0.3989853760593427,-1.056996998498169,0.43833333333333335,resnet50_layer3_global_pool
images/dissertation_v1/ood/sensory_artifact/blur_artifact/artifact_000099_04_blur_artifact.png,1,sensory_artifact,blur_artifact,90.57125854492188,1.1840677236998245,-1.2383217415724321,0.6777777777777778,resnet50_layer3_global_pool
images/dissertation_v1/ood/sensory_artifact/blur_artifact/artifact_000100_04_blur_artifact.png,1,sensory_artifact,blur_artifact,55.880401611328125,1.184434869969436,-3.1512814552415613,0.375,resnet50_layer3_global_pool
images/dissertation_v1/ood/sensory_artifact/blur_artifact/artifact_000101_04_blur_artifact.png,1,sensory_artifact,blur_artifact,55.84489059448242,0.532153474024639,-2.554161860064707,0.3738888888888889,resnet50_layer3_global_pool
images/dissertation_v1/ood/sensory_artifact/blur_artifact/artifact_000102_04_blur_artifact.png,1,sensory_artifact,blur_artifact,75.73662567138672,-2.1510844112228757,1.261097987206783,0.5977777777777777,resnet50_layer3_global_pool
images/dissertation_v1/ood/sensory_artifact/blur_artifact/artifact_000103_04_blur_artifact.png,1,sensory_artifact,blur_artifact,66.56629943847656,1.193516002432041,-3.1541910670104523,0.5,resnet50_layer3_global_pool
images/dissertation_v1/ood/sensory_artifact/blur_artifact/artifact_000104_04_blur_artifact.png,1,sensory_artifact,blur_artifact,52.7808723449707,-0.928389619443605,-0.0032023070306767395,0.3377777777777778,resnet50_layer3_global_pool
images/dissertation_v1/ood/sensory_artifact/blur_artifact/artifact_000105_04_blur_artifact.png,1,sensory_artifact,blur_artifact,49.39186096191406,-3.1613666392274866,1.7574070808018878,0.2877777777777778,resnet50_layer3_global_pool
images/dissertation_v1/ood/sensory_artifact/blur_artifact/artifact_000106_04_blur_artifact.png,1,sensory_artifact,blur_artifact,60.9619369506836,0.7902709887497293,-2.1752411452968676,0.43666666666666665,resnet50_layer3_global_pool
images/dissertation_v1/ood/sensory_artifact/blur_artifact/artifact_000107_04_blur_artifact.png,1,sensory_artifact,blur_artifact,61.44481658935547,0.2179152455911737,-2.6291983030523207,0.44222222222222224,resnet50_layer3_global_pool
images/dissertation_v1/ood/sensory_artifact/blur_artifact/artifact_000108_04_blur_artifact.png,1,sensory_artifact,blur_artifact,48.142276763916016,1.0087839529781462,-3.1322594153854144,0.2688888888888889,resnet50_layer3_global_pool
images/dissertation_v1/ood/sensory_artifact/blur_artifact/artifact_000109_04_blur_artifact.png,1,sensory_artifact,blur_artifact,71.80618286132812,-1.5281746029657683,0.7321082834406475,0.5594444444444444,resnet50_layer3_global_pool
images/dissertation_v1/ood/sensory_artifact/blur_artifact/artifact_000110_04_blur_artifact.png,1,sensory_artifact,blur_artifact,55.46798706054688,-1.766834079032873,0.7608855467668333,0.36833333333333335,resnet50_layer3_global_pool
images/dissertation_v1/ood/sensory_artifact/blur_artifact/artifact_000111_04_blur_artifact.png,1,sensory_artifact,blur_artifact,62.80403137207031,1.1964292542418455,-1.505416024781821,0.46055555555555555,resnet50_layer3_global_pool
images/dissertation_v1/ood/sensory_artifact/blur_artifact/artifact_000112_04_blur_artifact.png,1,sensory_artifact,blur_artifact,60.59384536743164,0.5589691924493789,-1.7671326415927266,0.43,resnet50_layer3_global_pool
images/dissertation_v1/ood/sensory_artifact/blur_artifact/artifact_000113_04_blur_artifact.png,1,sensory_artifact,blur_artifact,61.953346252441406,1.0960908949009665,-3.807888585572183,0.4483333333333333,resnet50_layer3_global_pool
images/dissertation_v1/ood/sensory_artifact/blur_artifact/artifact_000114_04_blur_artifact.png,1,sensory_artifact,blur_artifact,65.2085189819336,0.7620395831288982,-2.432841902855565,0.48833333333333334,resnet50_layer3_global_pool
images/dissertation_v1/ood/sensory_artifact/blur_artifact/artifact_000115_04_blur_artifact.png,1,sensory_artifact,blur_artifact,66.72579193115234,-1.773349631061896,0.4995778227069534,0.5055555555555555,resnet50_layer3_global_pool
images/dissertation_v1/ood/sensory_artifact/blur_artifact/artifact_000116_04_blur_artifact.png,1,sensory_artifact,blur_artifact,52.27581787109375,-1.9469956693811785,0.9987060978796263,0.32944444444444443,resnet50_layer3_global_pool
images/dissertation_v1/ood/sensory_artifact/blur_artifact/artifact_000117_04_blur_artifact.png,1,sensory_artifact,blur_artifact,105.16211700439452,2.375580966425643,-1.9901095344610487,0.7094444444444444,resnet50_layer3_global_pool
images/dissertation_v1/ood/sensory_artifact/blur_artifact/artifact_000118_04_blur_artifact.png,1,sensory_artifact,blur_artifact,54.549102783203125,-2.3918420423575406,0.5299764969071502,0.36,resnet50_layer3_global_pool
images/dissertation_v1/ood/sensory_artifact/blur_artifact/artifact_000119_04_blur_artifact.png,1,sensory_artifact,blur_artifact,85.48995208740234,1.211015612674774,-2.1253435093879514,0.6572222222222223,resnet50_layer3_global_pool
images/dissertation_v1/ood/sensory_artifact/blur_artifact/artifact_000120_04_blur_artifact.png,1,sensory_artifact,blur_artifact,73.10892486572266,0.24459494416712602,-1.2060423865144798,0.5688888888888889,resnet50_layer3_global_pool
images/dissertation_v1/ood/sensory_artifact/blur_artifact/artifact_000121_04_blur_artifact.png,1,sensory_artifact,blur_artifact,51.76993179321289,0.15426216333110854,-2.4823539888846327,0.3238888888888889,resnet50_layer3_global_pool
images/dissertation_v1/ood/sensory_artifact/blur_artifact/artifact_000122_04_blur_artifact.png,1,sensory_artifact,blur_artifact,60.93252944946289,-3.34980713998113,2.476659779056659,0.4361111111111111,resnet50_layer3_global_pool
images/dissertation_v1/ood/sensory_artifact/blur_artifact/artifact_000123_04_blur_artifact.png,1,sensory_artifact,blur_artifact,45.90215301513672,-3.9054775584595696,2.144727869111258,0.23944444444444443,resnet50_layer3_global_pool
images/dissertation_v1/ood/sensory_artifact/blur_artifact/artifact_000124_04_blur_artifact.png,1,sensory_artifact,blur_artifact,97.90644073486328,-3.1539582921565428,3.365781636246275,0.6955555555555556,resnet50_layer3_global_pool
images/dissertation_v1/ood/sensory_artifact/blur_artifact/artifact_000125_04_blur_artifact.png,1,sensory_artifact,blur_artifact,47.53800201416016,-0.6640516539863556,-1.043575098107189,0.26055555555555554,resnet50_layer3_global_pool
images/dissertation_v1/ood/sensory_artifact/blur_artifact/artifact_000126_04_blur_artifact.png,1,sensory_artifact,blur_artifact,78.27794647216797,-1.54037442256017,1.6163313793941505,0.625,resnet50_layer3_global_pool
images/dissertation_v1/ood/sensory_artifact/blur_artifact/artifact_000127_04_blur_artifact.png,1,sensory_artifact,blur_artifact,50.29438018798828,0.7713965214461569,-3.2358715703312724,0.3,resnet50_layer3_global_pool
images/dissertation_v1/ood/sensory_artifact/blur_artifact/artifact_000128_04_blur_artifact.png,1,sensory_artifact,blur_artifact,55.01060485839844,-0.2450148794421818,-2.0342112002886785,0.3638888888888889,resnet50_layer3_global_pool
images/dissertation_v1/ood/sensory_artifact/blur_artifact/artifact_000129_04_blur_artifact.png,1,sensory_artifact,blur_artifact,76.81478881835938,0.7494450049642633,-1.348541061593476,0.61,resnet50_layer3_global_pool
images/dissertation_v1/ood/sensory_artifact/blur_artifact/artifact_000130_04_blur_artifact.png,1,sensory_artifact,blur_artifact,72.30854797363281,0.6374613232689493,-2.2508625162339966,0.5627777777777778,resnet50_layer3_global_pool
images/dissertation_v1/ood/sensory_artifact/blur_artifact/artifact_000131_04_blur_artifact.png,1,sensory_artifact,blur_artifact,53.2847785949707,0.4169625607712083,-1.651310233200508,0.34444444444444444,resnet50_layer3_global_pool
images/dissertation_v1/ood/sensory_artifact/blur_artifact/artifact_000132_04_blur_artifact.png,1,sensory_artifact,blur_artifact,42.35100173950195,-0.7413318441435339,-0.9908580205351274,0.2011111111111111,resnet50_layer3_global_pool
images/dissertation_v1/ood/sensory_artifact/blur_artifact/artifact_000133_04_blur_artifact.png,1,sensory_artifact,blur_artifact,77.19009399414062,0.3857522377000198,-1.60473189966961,0.6144444444444445,resnet50_layer3_global_pool
images/dissertation_v1/ood/sensory_artifact/blur_artifact/artifact_000134_04_blur_artifact.png,1,sensory_artifact,blur_artifact,66.74076843261719,0.9400728679071924,-2.4837246486801603,0.5061111111111111,resnet50_layer3_global_pool
images/dissertation_v1/ood/sensory_artifact/blur_artifact/artifact_000135_04_blur_artifact.png,1,sensory_artifact,blur_artifact,86.33686828613281,-2.4278241719728815,1.9648172901672136,0.6616666666666666,resnet50_layer3_global_pool
images/dissertation_v1/ood/sensory_artifact/blur_artifact/artifact_000136_04_blur_artifact.png,1,sensory_artifact,blur_artifact,63.86934661865234,-2.4501154015079414,2.3000434788891737,0.4716666666666667,resnet50_layer3_global_pool
images/dissertation_v1/ood/sensory_artifact/blur_artifact/artifact_000137_04_blur_artifact.png,1,sensory_artifact,blur_artifact,41.45467758178711,-2.0701476944631128,0.6775240286212132,0.19111111111111112,resnet50_layer3_global_pool
images/dissertation_v1/ood/sensory_artifact/blur_artifact/artifact_000138_04_blur_artifact.png,1,sensory_artifact,blur_artifact,69.37913513183594,1.0474743547291572,-3.227939339613961,0.5294444444444445,resnet50_layer3_global_pool
images/dissertation_v1/ood/sensory_artifact/blur_artifact/artifact_000139_04_blur_artifact.png,1,sensory_artifact,blur_artifact,45.08914566040039,0.5364215953927014,-2.62509258424119,0.22833333333333333,resnet50_layer3_global_pool
images/dissertation_v1/ood/sensory_artifact/blur_artifact/artifact_000140_04_blur_artifact.png,1,sensory_artifact,blur_artifact,69.72682189941406,-0.37163296419000713,1.0117972954698131,0.5344444444444445,resnet50_layer3_global_pool
images/dissertation_v1/ood/sensory_artifact/blur_artifact/artifact_000141_04_blur_artifact.png,1,sensory_artifact,blur_artifact,62.70875930786133,1.4081699141298019,-3.679005936792472,0.46,resnet50_layer3_global_pool
images/dissertation_v1/ood/sensory_artifact/blur_artifact/artifact_000142_04_blur_artifact.png,1,sensory_artifact,blur_artifact,49.281517028808594,-2.9815027236950082,2.3670923982436114,0.28555555555555556,resnet50_layer3_global_pool
images/dissertation_v1/ood/sensory_artifact/blur_artifact/artifact_000143_04_blur_artifact.png,1,sensory_artifact,blur_artifact,60.9089469909668,0.6771681369409785,-1.9078640264046156,0.43555555555555553,resnet50_layer3_global_pool
images/dissertation_v1/ood/sensory_artifact/blur_artifact/artifact_000144_04_blur_artifact.png,1,sensory_artifact,blur_artifact,80.19459533691406,1.4098153017984312,-2.577480537078817,0.6355555555555555,resnet50_layer3_global_pool
images/dissertation_v1/ood/sensory_artifact/blur_artifact/artifact_000145_04_blur_artifact.png,1,sensory_artifact,blur_artifact,45.22282791137695,-2.6707443289127424,2.674446907545308,0.22944444444444445,resnet50_layer3_global_pool
images/dissertation_v1/ood/sensory_artifact/blur_artifact/artifact_000146_04_blur_artifact.png,1,sensory_artifact,blur_artifact,58.52793502807617,0.6238404598038128,-2.4073248057167036,0.40555555555555556,resnet50_layer3_global_pool
images/dissertation_v1/ood/sensory_artifact/blur_artifact/artifact_000147_04_blur_artifact.png,1,sensory_artifact,blur_artifact,48.61925506591797,-2.999492663610171,1.9006168923640538,0.2783333333333333,resnet50_layer3_global_pool
images/dissertation_v1/ood/sensory_artifact/blur_artifact/artifact_000148_04_blur_artifact.png,1,sensory_artifact,blur_artifact,51.94729995727539,-0.7419221779228568,-1.1615633421453273,0.32555555555555554,resnet50_layer3_global_pool
images/dissertation_v1/ood/sensory_artifact/blur_artifact/artifact_000149_04_blur_artifact.png,1,sensory_artifact,blur_artifact,62.27387619018555,0.630169840408621,-2.9754394607003722,0.4538888888888889,resnet50_layer3_global_pool
images/dissertation_v1/ood/sensory_artifact/border_crop/artifact_000000_05_border_crop.png,1,sensory_artifact,border_crop,62.89919662475586,-0.43838975785846956,-0.1773760997600391,0.4627777777777778,resnet50_layer3_global_pool
images/dissertation_v1/ood/sensory_artifact/border_crop/artifact_000001_05_border_crop.png,1,sensory_artifact,border_crop,59.18304061889648,-2.2874737750174385,2.9835249504538472,0.41333333333333333,resnet50_layer3_global_pool
images/dissertation_v1/ood/sensory_artifact/border_crop/artifact_000002_05_border_crop.png,1,sensory_artifact,border_crop,63.60838317871094,-0.9781295114234287,1.5837541142806284,0.47,resnet50_layer3_global_pool
images/dissertation_v1/ood/sensory_artifact/border_crop/artifact_000003_05_border_crop.png,1,sensory_artifact,border_crop,43.235595703125,-4.186928455530327,3.482508581722642,0.2127777777777778,resnet50_layer3_global_pool
images/dissertation_v1/ood/sensory_artifact/border_crop/artifact_000004_05_border_crop.png,1,sensory_artifact,border_crop,64.26091766357422,1.278572608694921,-1.0200836919705967,0.4761111111111111,resnet50_layer3_global_pool
images/dissertation_v1/ood/sensory_artifact/border_crop/artifact_000005_05_border_crop.png,1,sensory_artifact,border_crop,57.19480514526367,-2.584529790833097,3.0303659098794733,0.385,resnet50_layer3_global_pool
images/dissertation_v1/ood/sensory_artifact/border_crop/artifact_000006_05_border_crop.png,1,sensory_artifact,border_crop,61.4804801940918,-0.9703811917221997,0.821218342611049,0.4438888888888889,resnet50_layer3_global_pool
images/dissertation_v1/ood/sensory_artifact/border_crop/artifact_000007_05_border_crop.png,1,sensory_artifact,border_crop,42.9350700378418,0.532613062821097,-3.474846508200399,0.2061111111111111,resnet50_layer3_global_pool
images/dissertation_v1/ood/sensory_artifact/border_crop/artifact_000008_05_border_crop.png,1,sensory_artifact,border_crop,52.99072265625,0.05282826414586851,-0.9401138072122516,0.3416666666666667,resnet50_layer3_global_pool
images/dissertation_v1/ood/sensory_artifact/border_crop/artifact_000009_05_border_crop.png,1,sensory_artifact,border_crop,50.49545669555664,-1.0799001445846386,0.9194675607950042,0.305,resnet50_layer3_global_pool
images/dissertation_v1/ood/sensory_artifact/border_crop/artifact_000010_05_border_crop.png,1,sensory_artifact,border_crop,47.840606689453125,-2.2346712904370816,2.2464607565948524,0.26222222222222225,resnet50_layer3_global_pool
images/dissertation_v1/ood/sensory_artifact/border_crop/artifact_000011_05_border_crop.png,1,sensory_artifact,border_crop,45.95711898803711,-1.9226920807286279,0.7000306441695495,0.24,resnet50_layer3_global_pool
images/dissertation_v1/ood/sensory_artifact/border_crop/artifact_000012_05_border_crop.png,1,sensory_artifact,border_crop,53.77372360229492,0.7715825655723964,-2.225748434833536,0.3511111111111111,resnet50_layer3_global_pool
images/dissertation_v1/ood/sensory_artifact/border_crop/artifact_000013_05_border_crop.png,1,sensory_artifact,border_crop,48.51593017578125,-1.963146710528333,2.435193046867471,0.2761111111111111,resnet50_layer3_global_pool
images/dissertation_v1/ood/sensory_artifact/border_crop/artifact_000014_05_border_crop.png,1,sensory_artifact,border_crop,58.7981071472168,0.48454091169077584,-0.07473386608870074,0.4088888888888889,resnet50_layer3_global_pool
images/dissertation_v1/ood/sensory_artifact/border_crop/artifact_000015_05_border_crop.png,1,sensory_artifact,border_crop,59.13238525390625,-0.7340733333018366,0.902726046933332,0.4122222222222222,resnet50_layer3_global_pool
images/dissertation_v1/ood/sensory_artifact/border_crop/artifact_000016_05_border_crop.png,1,sensory_artifact,border_crop,44.3431282043457,-3.540370085440501,2.415216405508968,0.22277777777777777,resnet50_layer3_global_pool
images/dissertation_v1/ood/sensory_artifact/border_crop/artifact_000017_05_border_crop.png,1,sensory_artifact,border_crop,63.51526641845703,1.3023790437009266,-0.3637326656709136,0.4677777777777778,resnet50_layer3_global_pool
images/dissertation_v1/ood/sensory_artifact/border_crop/artifact_000018_05_border_crop.png,1,sensory_artifact,border_crop,53.80852890014648,0.7803813523399935,-0.37342721796258127,0.3516666666666667,resnet50_layer3_global_pool
images/dissertation_v1/ood/sensory_artifact/border_crop/artifact_000019_05_border_crop.png,1,sensory_artifact,border_crop,49.90956497192383,-0.13146856423918515,-0.8921671760855279,0.29555555555555557,resnet50_layer3_global_pool
images/dissertation_v1/ood/sensory_artifact/border_crop/artifact_000020_05_border_crop.png,1,sensory_artifact,border_crop,55.68382263183594,-2.1732505462234415,2.7711425102025813,0.37166666666666665,resnet50_layer3_global_pool
images/dissertation_v1/ood/sensory_artifact/border_crop/artifact_000021_05_border_crop.png,1,sensory_artifact,border_crop,57.835391998291016,1.7543527657762974,-2.1343004735811655,0.3938888888888889,resnet50_layer3_global_pool
images/dissertation_v1/ood/sensory_artifact/border_crop/artifact_000022_05_border_crop.png,1,sensory_artifact,border_crop,52.92827987670898,-0.8146842907482328,0.053405059043992044,0.3411111111111111,resnet50_layer3_global_pool
images/dissertation_v1/ood/sensory_artifact/border_crop/artifact_000023_05_border_crop.png,1,sensory_artifact,border_crop,44.853782653808594,-3.144073637924116,2.0191309092232443,0.225,resnet50_layer3_global_pool
images/dissertation_v1/ood/sensory_artifact/border_crop/artifact_000024_05_border_crop.png,1,sensory_artifact,border_crop,51.04433441162109,-2.939531844135224,3.226044662879272,0.31222222222222223,resnet50_layer3_global_pool
images/dissertation_v1/ood/sensory_artifact/border_crop/artifact_000025_05_border_crop.png,1,sensory_artifact,border_crop,61.75764083862305,-1.7525392237971544,2.758624615746543,0.4461111111111111,resnet50_layer3_global_pool
images/dissertation_v1/ood/sensory_artifact/border_crop/artifact_000026_05_border_crop.png,1,sensory_artifact,border_crop,43.94936752319336,-2.124058985423291,1.0482668661043029,0.22,resnet50_layer3_global_pool
images/dissertation_v1/ood/sensory_artifact/border_crop/artifact_000027_05_border_crop.png,1,sensory_artifact,border_crop,46.08880233764648,-3.2781391331790664,2.5722752636365698,0.2427777777777778,resnet50_layer3_global_pool
images/dissertation_v1/ood/sensory_artifact/border_crop/artifact_000028_05_border_crop.png,1,sensory_artifact,border_crop,52.17393493652344,0.9604315604812234,-3.0343029042337606,0.3288888888888889,resnet50_layer3_global_pool
images/dissertation_v1/ood/sensory_artifact/border_crop/artifact_000029_05_border_crop.png,1,sensory_artifact,border_crop,61.96962738037109,-2.1071899030256875,3.163716013346168,0.4494444444444444,resnet50_layer3_global_pool
images/dissertation_v1/ood/sensory_artifact/border_crop/artifact_000030_05_border_crop.png,1,sensory_artifact,border_crop,60.825416564941406,2.1310617903773976,-2.0223454720015255,0.43444444444444447,resnet50_layer3_global_pool
images/dissertation_v1/ood/sensory_artifact/border_crop/artifact_000031_05_border_crop.png,1,sensory_artifact,border_crop,56.10482406616211,0.40402350575514945,-1.2978161311184877,0.37777777777777777,resnet50_layer3_global_pool
images/dissertation_v1/ood/sensory_artifact/border_crop/artifact_000032_05_border_crop.png,1,sensory_artifact,border_crop,70.62983703613281,2.591981002378461,-2.9022141639721233,0.5444444444444444,resnet50_layer3_global_pool
images/dissertation_v1/ood/sensory_artifact/border_crop/artifact_000033_05_border_crop.png,1,sensory_artifact,border_crop,48.37061309814453,-0.7630683270861932,-0.1247022483575252,0.2738888888888889,resnet50_layer3_global_pool
images/dissertation_v1/ood/sensory_artifact/border_crop/artifact_000034_05_border_crop.png,1,sensory_artifact,border_crop,45.65667343139648,-2.9991827970333294,2.6041837457386086,0.235,resnet50_layer3_global_pool
images/dissertation_v1/ood/sensory_artifact/border_crop/artifact_000035_05_border_crop.png,1,sensory_artifact,border_crop,43.03929138183594,-2.8651999242567436,2.8179033760578145,0.2088888888888889,resnet50_layer3_global_pool
images/dissertation_v1/ood/sensory_artifact/border_crop/artifact_000036_05_border_crop.png,1,sensory_artifact,border_crop,45.78410720825195,1.342200769011408,-3.470131456659278,0.23833333333333334,resnet50_layer3_global_pool
images/dissertation_v1/ood/sensory_artifact/border_crop/artifact_000037_05_border_crop.png,1,sensory_artifact,border_crop,64.08175659179688,0.8751104760037065,-0.6681745235108834,0.47333333333333333,resnet50_layer3_global_pool
images/dissertation_v1/ood/sensory_artifact/border_crop/artifact_000038_05_border_crop.png,1,sensory_artifact,border_crop,64.16694641113281,0.5327794799046667,-0.39808089908506367,0.47444444444444445,resnet50_layer3_global_pool
images/dissertation_v1/ood/sensory_artifact/border_crop/artifact_000039_05_border_crop.png,1,sensory_artifact,border_crop,50.61738967895508,0.178591942514912,-1.3411179483236069,0.31,resnet50_layer3_global_pool
images/dissertation_v1/ood/sensory_artifact/border_crop/artifact_000040_05_border_crop.png,1,sensory_artifact,border_crop,59.46523284912109,-1.4429168203724883,1.6386564971358795,0.4161111111111111,resnet50_layer3_global_pool
images/dissertation_v1/ood/sensory_artifact/border_crop/artifact_000041_05_border_crop.png,1,sensory_artifact,border_crop,69.026123046875,1.0651424725667913,0.6207139387332651,0.5255555555555556,resnet50_layer3_global_pool
images/dissertation_v1/ood/sensory_artifact/border_crop/artifact_000042_05_border_crop.png,1,sensory_artifact,border_crop,58.24150085449219,-2.6530058703250097,3.152580110559517,0.4033333333333333,resnet50_layer3_global_pool
images/dissertation_v1/ood/sensory_artifact/border_crop/artifact_000043_05_border_crop.png,1,sensory_artifact,border_crop,54.19147491455078,0.26834369743241293,-1.5849554952295293,0.3566666666666667,resnet50_layer3_global_pool
images/dissertation_v1/ood/sensory_artifact/border_crop/artifact_000044_05_border_crop.png,1,sensory_artifact,border_crop,51.18524169921875,-1.7754958064024302,1.5973145197878849,0.31555555555555553,resnet50_layer3_global_pool
images/dissertation_v1/ood/sensory_artifact/border_crop/artifact_000045_05_border_crop.png,1,sensory_artifact,border_crop,71.25253295898438,2.139125093727386,-1.8131777623188974,0.5522222222222222,resnet50_layer3_global_pool
images/dissertation_v1/ood/sensory_artifact/border_crop/artifact_000046_05_border_crop.png,1,sensory_artifact,border_crop,58.22255706787109,0.6603564613813964,-0.5475892743436163,0.4027777777777778,resnet50_layer3_global_pool
images/dissertation_v1/ood/sensory_artifact/border_crop/artifact_000047_05_border_crop.png,1,sensory_artifact,border_crop,69.8071517944336,2.095110069153366,-2.5384988012407503,0.5355555555555556,resnet50_layer3_global_pool
images/dissertation_v1/ood/sensory_artifact/border_crop/artifact_000048_05_border_crop.png,1,sensory_artifact,border_crop,57.77341079711914,-2.0518695619638305,2.5647820463521906,0.3927777777777778,resnet50_layer3_global_pool
images/dissertation_v1/ood/sensory_artifact/border_crop/artifact_000049_05_border_crop.png,1,sensory_artifact,border_crop,61.01116561889648,0.9172029708160514,-1.4331196379923015,0.43777777777777777,resnet50_layer3_global_pool
images/dissertation_v1/ood/sensory_artifact/border_crop/artifact_000050_05_border_crop.png,1,sensory_artifact,border_crop,47.92487716674805,-1.940287403303564,1.4963962370526682,0.2638888888888889,resnet50_layer3_global_pool
images/dissertation_v1/ood/sensory_artifact/border_crop/artifact_000051_05_border_crop.png,1,sensory_artifact,border_crop,42.2103385925293,-0.33744386498627116,-0.7325396584899626,0.2,resnet50_layer3_global_pool
images/dissertation_v1/ood/sensory_artifact/border_crop/artifact_000052_05_border_crop.png,1,sensory_artifact,border_crop,51.740013122558594,0.9276133618572492,-1.9149996419754671,0.3227777777777778,resnet50_layer3_global_pool
images/dissertation_v1/ood/sensory_artifact/border_crop/artifact_000053_05_border_crop.png,1,sensory_artifact,border_crop,60.31730651855469,2.1437323983564864,-2.5275676096905992,0.42333333333333334,resnet50_layer3_global_pool
images/dissertation_v1/ood/sensory_artifact/border_crop/artifact_000054_05_border_crop.png,1,sensory_artifact,border_crop,48.27701568603516,-2.502241221292523,1.9851137226554405,0.27166666666666667,resnet50_layer3_global_pool
images/dissertation_v1/ood/sensory_artifact/border_crop/artifact_000055_05_border_crop.png,1,sensory_artifact,border_crop,59.87971878051758,-2.582899846807249,3.879225641638788,0.42,resnet50_layer3_global_pool
images/dissertation_v1/ood/sensory_artifact/border_crop/artifact_000056_05_border_crop.png,1,sensory_artifact,border_crop,66.60362243652344,1.2565247564164108,-1.4570375208886999,0.5016666666666667,resnet50_layer3_global_pool
images/dissertation_v1/ood/sensory_artifact/border_crop/artifact_000057_05_border_crop.png,1,sensory_artifact,border_crop,49.97801971435547,-2.282095082162044,2.3592706843740165,0.2966666666666667,resnet50_layer3_global_pool
images/dissertation_v1/ood/sensory_artifact/border_crop/artifact_000058_05_border_crop.png,1,sensory_artifact,border_crop,65.61509704589844,-0.17079021859970162,0.18038217037659612,0.4938888888888889,resnet50_layer3_global_pool
images/dissertation_v1/ood/sensory_artifact/border_crop/artifact_000059_05_border_crop.png,1,sensory_artifact,border_crop,65.44208526611328,1.998193916083379,-2.210152758272025,0.4911111111111111,resnet50_layer3_global_pool
images/dissertation_v1/ood/sensory_artifact/border_crop/artifact_000060_05_border_crop.png,1,sensory_artifact,border_crop,45.45546340942383,0.7563743662824379,-2.4072394794677763,0.23333333333333334,resnet50_layer3_global_pool
images/dissertation_v1/ood/sensory_artifact/border_crop/artifact_000061_05_border_crop.png,1,sensory_artifact,border_crop,46.9985237121582,-3.665885825581937,3.036787020572117,0.25333333333333335,resnet50_layer3_global_pool
images/dissertation_v1/ood/sensory_artifact/border_crop/artifact_000062_05_border_crop.png,1,sensory_artifact,border_crop,53.642974853515625,-0.23127263361155811,-0.7944523940368995,0.34944444444444445,resnet50_layer3_global_pool
images/dissertation_v1/ood/sensory_artifact/border_crop/artifact_000063_05_border_crop.png,1,sensory_artifact,border_crop,62.232696533203125,-2.092558049878535,3.278002138280935,0.4527777777777778,resnet50_layer3_global_pool
images/dissertation_v1/ood/sensory_artifact/border_crop/artifact_000064_05_border_crop.png,1,sensory_artifact,border_crop,56.65403747558594,-2.7611415600404765,3.3624523916862,0.38,resnet50_layer3_global_pool
images/dissertation_v1/ood/sensory_artifact/border_crop/artifact_000065_05_border_crop.png,1,sensory_artifact,border_crop,53.6002197265625,0.3605254519375239,-1.8273066583858837,0.34833333333333333,resnet50_layer3_global_pool
images/dissertation_v1/ood/sensory_artifact/border_crop/artifact_000066_05_border_crop.png,1,sensory_artifact,border_crop,55.41486740112305,-0.46371974030925467,-0.4038377111183754,0.3672222222222222,resnet50_layer3_global_pool
images/dissertation_v1/ood/sensory_artifact/border_crop/artifact_000067_05_border_crop.png,1,sensory_artifact,border_crop,60.11368560791016,1.0099441812111798,-1.4078429952943574,0.4211111111111111,resnet50_layer3_global_pool
images/dissertation_v1/ood/sensory_artifact/border_crop/artifact_000068_05_border_crop.png,1,sensory_artifact,border_crop,58.1812629699707,-2.5121645798350283,2.8848944150791254,0.4011111111111111,resnet50_layer3_global_pool
images/dissertation_v1/ood/sensory_artifact/border_crop/artifact_000069_05_border_crop.png,1,sensory_artifact,border_crop,57.95323181152344,1.209160347399805,-2.6412814675883474,0.39666666666666667,resnet50_layer3_global_pool
images/dissertation_v1/ood/sensory_artifact/border_crop/artifact_000070_05_border_crop.png,1,sensory_artifact,border_crop,52.78326416015625,-0.9364105887552311,0.7245678628147302,0.3388888888888889,resnet50_layer3_global_pool
images/dissertation_v1/ood/sensory_artifact/border_crop/artifact_000071_05_border_crop.png,1,sensory_artifact,border_crop,52.14151763916016,-3.6734749612209487,3.9082746034170768,0.3277777777777778,resnet50_layer3_global_pool
images/dissertation_v1/ood/sensory_artifact/border_crop/artifact_000072_05_border_crop.png,1,sensory_artifact,border_crop,70.98029327392578,2.196868270184671,-0.777386591971049,0.5483333333333333,resnet50_layer3_global_pool
images/dissertation_v1/ood/sensory_artifact/border_crop/artifact_000073_05_border_crop.png,1,sensory_artifact,border_crop,53.90301513671875,1.2254442315554024,-2.5854876451962756,0.3527777777777778,resnet50_layer3_global_pool
images/dissertation_v1/ood/sensory_artifact/border_crop/artifact_000074_05_border_crop.png,1,sensory_artifact,border_crop,48.32988739013672,-2.6647698661715893,3.0873993319843107,0.2727777777777778,resnet50_layer3_global_pool
images/dissertation_v1/ood/sensory_artifact/border_crop/artifact_000075_05_border_crop.png,1,sensory_artifact,border_crop,52.042259216308594,-1.4732314882962623,0.4330326335640237,0.32722222222222225,resnet50_layer3_global_pool
images/dissertation_v1/ood/sensory_artifact/border_crop/artifact_000076_05_border_crop.png,1,sensory_artifact,border_crop,54.26055145263672,-1.575724430864377,1.9120384922177502,0.35777777777777775,resnet50_layer3_global_pool
images/dissertation_v1/ood/sensory_artifact/border_crop/artifact_000077_05_border_crop.png,1,sensory_artifact,border_crop,52.29040145874024,-2.3578967086998244,2.1483265653006662,0.33,resnet50_layer3_global_pool
images/dissertation_v1/ood/sensory_artifact/border_crop/artifact_000078_05_border_crop.png,1,sensory_artifact,border_crop,59.75972366333008,-1.833633289388127,2.3891277821507,0.41888888888888887,resnet50_layer3_global_pool
images/dissertation_v1/ood/sensory_artifact/border_crop/artifact_000079_05_border_crop.png,1,sensory_artifact,border_crop,49.374061584472656,0.48352434206286443,-2.2236816037100704,0.2872222222222222,resnet50_layer3_global_pool
images/dissertation_v1/ood/sensory_artifact/border_crop/artifact_000080_05_border_crop.png,1,sensory_artifact,border_crop,65.29012298583984,1.212963757966588,-0.6223186110925244,0.48944444444444446,resnet50_layer3_global_pool
images/dissertation_v1/ood/sensory_artifact/border_crop/artifact_000081_05_border_crop.png,1,sensory_artifact,border_crop,54.1289176940918,-2.0430410110795134,2.2789453959703705,0.35555555555555557,resnet50_layer3_global_pool
images/dissertation_v1/ood/sensory_artifact/border_crop/artifact_000082_05_border_crop.png,1,sensory_artifact,border_crop,57.0372200012207,-2.2015462160339343,2.4880643679939123,0.3838888888888889,resnet50_layer3_global_pool
images/dissertation_v1/ood/sensory_artifact/border_crop/artifact_000083_05_border_crop.png,1,sensory_artifact,border_crop,46.53567886352539,-1.577030235841865,0.32314622443110375,0.24722222222222223,resnet50_layer3_global_pool
images/dissertation_v1/ood/sensory_artifact/border_crop/artifact_000084_05_border_crop.png,1,sensory_artifact,border_crop,47.06760787963867,-2.5648847197574645,2.1527515166014055,0.2538888888888889,resnet50_layer3_global_pool
images/dissertation_v1/ood/sensory_artifact/border_crop/artifact_000085_05_border_crop.png,1,sensory_artifact,border_crop,60.81122970581055,2.1847219542425584,-1.4468207697876567,0.43333333333333335,resnet50_layer3_global_pool
images/dissertation_v1/ood/sensory_artifact/border_crop/artifact_000086_05_border_crop.png,1,sensory_artifact,border_crop,38.67546844482422,0.4760598231102146,-3.062968684696785,0.16555555555555557,resnet50_layer3_global_pool
images/dissertation_v1/ood/sensory_artifact/border_crop/artifact_000087_05_border_crop.png,1,sensory_artifact,border_crop,57.23405456542969,0.07685908669505262,-0.320022640870035,0.3861111111111111,resnet50_layer3_global_pool
images/dissertation_v1/ood/sensory_artifact/border_crop/artifact_000088_05_border_crop.png,1,sensory_artifact,border_crop,60.15095138549805,1.3066221473152682,-2.026995084077156,0.4222222222222222,resnet50_layer3_global_pool
images/dissertation_v1/ood/sensory_artifact/border_crop/artifact_000089_05_border_crop.png,1,sensory_artifact,border_crop,63.9213981628418,1.2235691432280686,-0.7846381825817932,0.4722222222222222,resnet50_layer3_global_pool
images/dissertation_v1/ood/sensory_artifact/border_crop/artifact_000090_05_border_crop.png,1,sensory_artifact,border_crop,57.82680130004883,-0.5329590222053683,0.3945895167140403,0.3933333333333333,resnet50_layer3_global_pool
images/dissertation_v1/ood/sensory_artifact/border_crop/artifact_000091_05_border_crop.png,1,sensory_artifact,border_crop,49.32064056396485,0.22402214074886218,-1.0065980907414946,0.2866666666666667,resnet50_layer3_global_pool
images/dissertation_v1/ood/sensory_artifact/border_crop/artifact_000092_05_border_crop.png,1,sensory_artifact,border_crop,47.470829010009766,-0.6524974182497957,-1.4654543393840647,0.2588888888888889,resnet50_layer3_global_pool
images/dissertation_v1/ood/sensory_artifact/border_crop/artifact_000093_05_border_crop.png,1,sensory_artifact,border_crop,54.39445495605469,1.7686870043317982,-1.4092722362760022,0.35888888888888887,resnet50_layer3_global_pool
images/dissertation_v1/ood/sensory_artifact/border_crop/artifact_000094_05_border_crop.png,1,sensory_artifact,border_crop,41.40419769287109,-3.344287941876805,1.5078056450883255,0.19,resnet50_layer3_global_pool
images/dissertation_v1/ood/sensory_artifact/border_crop/artifact_000095_05_border_crop.png,1,sensory_artifact,border_crop,41.65581512451172,-0.4797795347700608,-1.5914679412693993,0.19333333333333333,resnet50_layer3_global_pool
images/dissertation_v1/ood/sensory_artifact/border_crop/artifact_000096_05_border_crop.png,1,sensory_artifact,border_crop,48.893890380859375,0.33207442304928425,-1.476342724602847,0.2816666666666667,resnet50_layer3_global_pool
images/dissertation_v1/ood/sensory_artifact/border_crop/artifact_000097_05_border_crop.png,1,sensory_artifact,border_crop,57.318450927734375,-0.9987325448557486,0.0027748941977367475,0.3877777777777778,resnet50_layer3_global_pool
images/dissertation_v1/ood/sensory_artifact/border_crop/artifact_000098_05_border_crop.png,1,sensory_artifact,border_crop,64.40652465820312,0.32577470218581783,-0.19701350190835715,0.47833333333333333,resnet50_layer3_global_pool
images/dissertation_v1/ood/sensory_artifact/border_crop/artifact_000099_05_border_crop.png,1,sensory_artifact,border_crop,58.75348281860352,0.8248392312320284,-1.2049884221899456,0.4077777777777778,resnet50_layer3_global_pool
images/dissertation_v1/ood/sensory_artifact/border_crop/artifact_000100_05_border_crop.png,1,sensory_artifact,border_crop,54.2105712890625,1.8419844760589648,-2.5744416464001967,0.3572222222222222,resnet50_layer3_global_pool
images/dissertation_v1/ood/sensory_artifact/border_crop/artifact_000101_05_border_crop.png,1,sensory_artifact,border_crop,62.57468032836914,1.634981737438938,-2.108087639542415,0.4583333333333333,resnet50_layer3_global_pool
images/dissertation_v1/ood/sensory_artifact/border_crop/artifact_000102_05_border_crop.png,1,sensory_artifact,border_crop,48.11008071899414,-2.860227831712386,2.0120669376173073,0.2677777777777778,resnet50_layer3_global_pool
images/dissertation_v1/ood/sensory_artifact/border_crop/artifact_000103_05_border_crop.png,1,sensory_artifact,border_crop,54.18539810180664,0.8312186231654117,-3.0995569368908567,0.3561111111111111,resnet50_layer3_global_pool
images/dissertation_v1/ood/sensory_artifact/border_crop/artifact_000104_05_border_crop.png,1,sensory_artifact,border_crop,58.21161651611328,-0.7651756942316486,0.19080498642789614,0.4022222222222222,resnet50_layer3_global_pool
images/dissertation_v1/ood/sensory_artifact/border_crop/artifact_000105_05_border_crop.png,1,sensory_artifact,border_crop,47.46448516845703,-2.583817513582197,1.9651150610955606,0.25833333333333336,resnet50_layer3_global_pool
images/dissertation_v1/ood/sensory_artifact/border_crop/artifact_000106_05_border_crop.png,1,sensory_artifact,border_crop,74.6490707397461,2.18713178334087,-1.5625588382226687,0.5894444444444444,resnet50_layer3_global_pool
images/dissertation_v1/ood/sensory_artifact/border_crop/artifact_000107_05_border_crop.png,1,sensory_artifact,border_crop,46.96221160888672,0.6149202067074979,-2.993529976338307,0.25222222222222224,resnet50_layer3_global_pool
images/dissertation_v1/ood/sensory_artifact/border_crop/artifact_000108_05_border_crop.png,1,sensory_artifact,border_crop,47.94903564453125,1.2458194388103603,-2.946190449401516,0.26611111111111113,resnet50_layer3_global_pool
images/dissertation_v1/ood/sensory_artifact/border_crop/artifact_000109_05_border_crop.png,1,sensory_artifact,border_crop,53.91869354248047,-1.4014112521334439,1.2462377264279447,0.35333333333333333,resnet50_layer3_global_pool
images/dissertation_v1/ood/sensory_artifact/border_crop/artifact_000110_05_border_crop.png,1,sensory_artifact,border_crop,50.46481704711914,-1.504668224642144,0.7309383220816966,0.30333333333333334,resnet50_layer3_global_pool
images/dissertation_v1/ood/sensory_artifact/border_crop/artifact_000111_05_border_crop.png,1,sensory_artifact,border_crop,58.01152038574219,1.517413097201118,-1.2932680413194468,0.3977777777777778,resnet50_layer3_global_pool
images/dissertation_v1/ood/sensory_artifact/border_crop/artifact_000112_05_border_crop.png,1,sensory_artifact,border_crop,65.04322052001953,1.8276762850928625,-1.4226190774388292,0.4872222222222222,resnet50_layer3_global_pool
images/dissertation_v1/ood/sensory_artifact/border_crop/artifact_000113_05_border_crop.png,1,sensory_artifact,border_crop,53.68325424194336,1.881837305358801,-3.56650792375522,0.35,resnet50_layer3_global_pool
images/dissertation_v1/ood/sensory_artifact/border_crop/artifact_000114_05_border_crop.png,1,sensory_artifact,border_crop,58.590309143066406,1.5320417342145456,-2.23131626512087,0.4061111111111111,resnet50_layer3_global_pool
images/dissertation_v1/ood/sensory_artifact/border_crop/artifact_000115_05_border_crop.png,1,sensory_artifact,border_crop,53.441444396972656,-1.4195429938917075,0.6725871404230371,0.3466666666666667,resnet50_layer3_global_pool
images/dissertation_v1/ood/sensory_artifact/border_crop/artifact_000116_05_border_crop.png,1,sensory_artifact,border_crop,49.60520553588867,-1.9496208879887515,1.4701880687278197,0.2911111111111111,resnet50_layer3_global_pool
images/dissertation_v1/ood/sensory_artifact/border_crop/artifact_000117_05_border_crop.png,1,sensory_artifact,border_crop,60.44261169433594,1.575207657415754,-2.7064396858056488,0.42777777777777776,resnet50_layer3_global_pool
images/dissertation_v1/ood/sensory_artifact/border_crop/artifact_000118_05_border_crop.png,1,sensory_artifact,border_crop,57.2365608215332,-1.5122974709634538,1.0796764544779944,0.38666666666666666,resnet50_layer3_global_pool
images/dissertation_v1/ood/sensory_artifact/border_crop/artifact_000119_05_border_crop.png,1,sensory_artifact,border_crop,49.05797958374024,0.6457565151107759,-2.593063324754812,0.28444444444444444,resnet50_layer3_global_pool
images/dissertation_v1/ood/sensory_artifact/border_crop/artifact_000120_05_border_crop.png,1,sensory_artifact,border_crop,48.7572021484375,-0.3371745177912248,-0.9820084309000167,0.27944444444444444,resnet50_layer3_global_pool
images/dissertation_v1/ood/sensory_artifact/border_crop/artifact_000121_05_border_crop.png,1,sensory_artifact,border_crop,52.55401611328125,0.8465975996444318,-1.8310139223409838,0.335,resnet50_layer3_global_pool
images/dissertation_v1/ood/sensory_artifact/border_crop/artifact_000122_05_border_crop.png,1,sensory_artifact,border_crop,41.826904296875,-3.6250117356301113,2.916040719974147,0.19666666666666666,resnet50_layer3_global_pool
images/dissertation_v1/ood/sensory_artifact/border_crop/artifact_000123_05_border_crop.png,1,sensory_artifact,border_crop,51.381568908691406,-2.9052466614313466,2.328590924989825,0.3194444444444444,resnet50_layer3_global_pool
images/dissertation_v1/ood/sensory_artifact/border_crop/artifact_000124_05_border_crop.png,1,sensory_artifact,border_crop,61.24599075317383,-2.7906993166884186,3.834693345900666,0.44,resnet50_layer3_global_pool
images/dissertation_v1/ood/sensory_artifact/border_crop/artifact_000125_05_border_crop.png,1,sensory_artifact,border_crop,46.69244384765625,-0.7125053503079426,-0.8994096380040412,0.24944444444444444,resnet50_layer3_global_pool
images/dissertation_v1/ood/sensory_artifact/border_crop/artifact_000126_05_border_crop.png,1,sensory_artifact,border_crop,57.65066146850586,-1.3286148146394678,2.1254589742670364,0.39055555555555554,resnet50_layer3_global_pool
images/dissertation_v1/ood/sensory_artifact/border_crop/artifact_000127_05_border_crop.png,1,sensory_artifact,border_crop,58.68040466308594,1.553211382392934,-2.7016585497556647,0.4066666666666667,resnet50_layer3_global_pool
images/dissertation_v1/ood/sensory_artifact/border_crop/artifact_000128_05_border_crop.png,1,sensory_artifact,border_crop,50.55075454711914,0.5869199808488786,-1.8171277983771232,0.30722222222222223,resnet50_layer3_global_pool
images/dissertation_v1/ood/sensory_artifact/border_crop/artifact_000129_05_border_crop.png,1,sensory_artifact,border_crop,56.74622344970703,0.5270234624652622,-1.0988457342200697,0.3811111111111111,resnet50_layer3_global_pool
images/dissertation_v1/ood/sensory_artifact/border_crop/artifact_000130_05_border_crop.png,1,sensory_artifact,border_crop,48.90879821777344,0.6681758171153723,-2.2495788154385794,0.2822222222222222,resnet50_layer3_global_pool
images/dissertation_v1/ood/sensory_artifact/border_crop/artifact_000131_05_border_crop.png,1,sensory_artifact,border_crop,60.030086517333984,1.4850145522647853,-1.1106232095047548,0.42055555555555557,resnet50_layer3_global_pool
images/dissertation_v1/ood/sensory_artifact/border_crop/artifact_000132_05_border_crop.png,1,sensory_artifact,border_crop,57.27976989746094,0.20589681082552644,-0.8300187118658834,0.38722222222222225,resnet50_layer3_global_pool
images/dissertation_v1/ood/sensory_artifact/border_crop/artifact_000133_05_border_crop.png,1,sensory_artifact,border_crop,52.51554870605469,-0.11669282754141334,-1.587145834798342,0.33444444444444443,resnet50_layer3_global_pool
images/dissertation_v1/ood/sensory_artifact/border_crop/artifact_000134_05_border_crop.png,1,sensory_artifact,border_crop,64.06983184814453,2.12127129791862,-1.984473679624122,0.4727777777777778,resnet50_layer3_global_pool
images/dissertation_v1/ood/sensory_artifact/border_crop/artifact_000135_05_border_crop.png,1,sensory_artifact,border_crop,53.01217651367188,-2.4290727924706137,2.5781802562999383,0.3422222222222222,resnet50_layer3_global_pool
images/dissertation_v1/ood/sensory_artifact/border_crop/artifact_000136_05_border_crop.png,1,sensory_artifact,border_crop,50.37066650390625,-2.6357851331185627,2.5252938145202615,0.3005555555555556,resnet50_layer3_global_pool
images/dissertation_v1/ood/sensory_artifact/border_crop/artifact_000137_05_border_crop.png,1,sensory_artifact,border_crop,54.097747802734375,-0.9279537968769542,1.218781763238069,0.355,resnet50_layer3_global_pool
images/dissertation_v1/ood/sensory_artifact/border_crop/artifact_000138_05_border_crop.png,1,sensory_artifact,border_crop,45.55500030517578,1.6183643688495606,-3.6055430275775753,0.2338888888888889,resnet50_layer3_global_pool
images/dissertation_v1/ood/sensory_artifact/border_crop/artifact_000139_05_border_crop.png,1,sensory_artifact,border_crop,50.520450592041016,1.0187082000239707,-2.2967366708316823,0.3055555555555556,resnet50_layer3_global_pool
images/dissertation_v1/ood/sensory_artifact/border_crop/artifact_000140_05_border_crop.png,1,sensory_artifact,border_crop,69.55597686767578,-0.11883999565369201,0.8298719462441557,0.5311111111111111,resnet50_layer3_global_pool
images/dissertation_v1/ood/sensory_artifact/border_crop/artifact_000141_05_border_crop.png,1,sensory_artifact,border_crop,70.25125122070312,2.3373245584457134,-2.8087021708776923,0.5405555555555556,resnet50_layer3_global_pool
images/dissertation_v1/ood/sensory_artifact/border_crop/artifact_000142_05_border_crop.png,1,sensory_artifact,border_crop,41.78683471679688,-3.417918619558673,2.8100452986391575,0.19611111111111112,resnet50_layer3_global_pool
images/dissertation_v1/ood/sensory_artifact/border_crop/artifact_000143_05_border_crop.png,1,sensory_artifact,border_crop,52.76360702514648,0.9448546420447279,-2.055719086172726,0.3372222222222222,resnet50_layer3_global_pool
images/dissertation_v1/ood/sensory_artifact/border_crop/artifact_000144_05_border_crop.png,1,sensory_artifact,border_crop,52.02922821044922,1.4155348002117973,-2.619858423251099,0.32666666666666666,resnet50_layer3_global_pool
images/dissertation_v1/ood/sensory_artifact/border_crop/artifact_000145_05_border_crop.png,1,sensory_artifact,border_crop,46.783233642578125,-2.812437152790657,3.182711987902384,0.2511111111111111,resnet50_layer3_global_pool
images/dissertation_v1/ood/sensory_artifact/border_crop/artifact_000146_05_border_crop.png,1,sensory_artifact,border_crop,40.815895080566406,1.1047343982697106,-2.70673257699887,0.18666666666666668,resnet50_layer3_global_pool
images/dissertation_v1/ood/sensory_artifact/border_crop/artifact_000147_05_border_crop.png,1,sensory_artifact,border_crop,46.63572692871094,-3.1080969295227745,2.444023259298266,0.24833333333333332,resnet50_layer3_global_pool
images/dissertation_v1/ood/sensory_artifact/border_crop/artifact_000148_05_border_crop.png,1,sensory_artifact,border_crop,57.6457633972168,0.03588424536046338,-0.4508542382277531,0.39,resnet50_layer3_global_pool
images/dissertation_v1/ood/sensory_artifact/border_crop/artifact_000149_05_border_crop.png,1,sensory_artifact,border_crop,56.933895111083984,1.1290814209935256,-2.5445901642416526,0.38222222222222224,resnet50_layer3_global_pool
images/dissertation_v1/ood/semantic_outlier/cifar10_natural/cifar10_natural_000000.png,1,semantic_outlier,cifar10_natural,270.2132873535156,8.912032439334464,5.933446947746237,0.9372222222222222,resnet50_layer3_global_pool
images/dissertation_v1/ood/semantic_outlier/cifar10_natural/cifar10_natural_000002.png,1,semantic_outlier,cifar10_natural,302.677734375,9.438195365035725,5.493605759222164,0.975,resnet50_layer3_global_pool
images/dissertation_v1/ood/semantic_outlier/cifar10_natural/cifar10_natural_000009.png,1,semantic_outlier,cifar10_natural,305.33697509765625,9.432354613066023,6.765652794004636,0.9761111111111112,resnet50_layer3_global_pool
images/dissertation_v1/ood/semantic_outlier/cifar10_natural/cifar10_natural_000011.png,1,semantic_outlier,cifar10_natural,312.7120666503906,9.217075115775609,6.597911965420956,0.9833333333333333,resnet50_layer3_global_pool
images/dissertation_v1/ood/semantic_outlier/cifar10_natural/cifar10_natural_000015.png,1,semantic_outlier,cifar10_natural,270.2354431152344,9.121459525402075,5.249954954471296,0.9383333333333334,resnet50_layer3_global_pool
images/dissertation_v1/ood/semantic_outlier/cifar10_natural/cifar10_natural_000017.png,1,semantic_outlier,cifar10_natural,275.2208251953125,9.110654490215667,5.650200603124228,0.9433333333333334,resnet50_layer3_global_pool
images/dissertation_v1/ood/semantic_outlier/cifar10_natural/cifar10_natural_000018.png,1,semantic_outlier,cifar10_natural,278.44683837890625,9.316702183055693,5.184844503247466,0.9511111111111111,resnet50_layer3_global_pool
images/dissertation_v1/ood/semantic_outlier/cifar10_natural/cifar10_natural_000019.png,1,semantic_outlier,cifar10_natural,285.0528259277344,9.141207419122985,4.866894144006414,0.9588888888888889,resnet50_layer3_global_pool
images/dissertation_v1/ood/semantic_outlier/cifar10_natural/cifar10_natural_000022.png,1,semantic_outlier,cifar10_natural,281.5166015625,8.926670276643891,4.976675689583126,0.9544444444444444,resnet50_layer3_global_pool
images/dissertation_v1/ood/semantic_outlier/cifar10_natural/cifar10_natural_000023.png,1,semantic_outlier,cifar10_natural,328.60174560546875,10.031637812950466,6.560593831260953,0.9933333333333333,resnet50_layer3_global_pool
images/dissertation_v1/ood/semantic_outlier/cifar10_natural/cifar10_natural_000024.png,1,semantic_outlier,cifar10_natural,343.14697265625,10.041554345404249,6.719169620055326,0.9966666666666667,resnet50_layer3_global_pool
images/dissertation_v1/ood/semantic_outlier/cifar10_natural/cifar10_natural_000025.png,1,semantic_outlier,cifar10_natural,246.93003845214844,7.943639952012076,5.019917207903738,0.9211111111111111,resnet50_layer3_global_pool
images/dissertation_v1/ood/semantic_outlier/cifar10_natural/cifar10_natural_000030.png,1,semantic_outlier,cifar10_natural,270.1534729003906,9.25771532201285,5.218638413678002,0.9366666666666666,resnet50_layer3_global_pool
images/dissertation_v1/ood/semantic_outlier/cifar10_natural/cifar10_natural_000031.png,1,semantic_outlier,cifar10_natural,281.1131591796875,9.255062586335457,5.141380484925347,0.9533333333333334,resnet50_layer3_global_pool
images/dissertation_v1/ood/semantic_outlier/cifar10_natural/cifar10_natural_000033.png,1,semantic_outlier,cifar10_natural,314.9873962402344,8.863832593790717,6.489686537199238,0.985,resnet50_layer3_global_pool
images/dissertation_v1/ood/semantic_outlier/cifar10_natural/cifar10_natural_000039.png,1,semantic_outlier,cifar10_natural,301.4158935546875,9.629698562792267,6.558650548122843,0.9738888888888889,resnet50_layer3_global_pool
images/dissertation_v1/ood/semantic_outlier/cifar10_natural/cifar10_natural_000042.png,1,semantic_outlier,cifar10_natural,312.7091064453125,10.08357531697825,6.242988249873585,0.9827777777777778,resnet50_layer3_global_pool
images/dissertation_v1/ood/semantic_outlier/cifar10_natural/cifar10_natural_000046.png,1,semantic_outlier,cifar10_natural,264.9428405761719,8.78206234922951,5.137530164876535,0.9333333333333333,resnet50_layer3_global_pool
images/dissertation_v1/ood/semantic_outlier/cifar10_natural/cifar10_natural_000055.png,1,semantic_outlier,cifar10_natural,261.50701904296875,8.142065052624547,4.3647535170043685,0.93,resnet50_layer3_global_pool
images/dissertation_v1/ood/semantic_outlier/cifar10_natural/cifar10_natural_000056.png,1,semantic_outlier,cifar10_natural,290.9301452636719,9.433920895747468,6.2837647616224,0.9661111111111111,resnet50_layer3_global_pool
images/dissertation_v1/ood/semantic_outlier/cifar10_natural/cifar10_natural_000057.png,1,semantic_outlier,cifar10_natural,270.3440856933594,8.670288916183043,5.117837171142328,0.9388888888888889,resnet50_layer3_global_pool
images/dissertation_v1/ood/semantic_outlier/cifar10_natural/cifar10_natural_000063.png,1,semantic_outlier,cifar10_natural,317.40753173828125,9.25352374719493,5.921370628737822,0.9872222222222222,resnet50_layer3_global_pool
images/dissertation_v1/ood/semantic_outlier/cifar10_natural/cifar10_natural_000066.png,1,semantic_outlier,cifar10_natural,318.0779724121094,9.447909662348291,6.2319198489256715,0.9877777777777778,resnet50_layer3_global_pool
images/dissertation_v1/ood/semantic_outlier/cifar10_natural/cifar10_natural_000068.png,1,semantic_outlier,cifar10_natural,299.9936828613281,10.080170472367195,5.78674060516564,0.9722222222222222,resnet50_layer3_global_pool
images/dissertation_v1/ood/semantic_outlier/cifar10_natural/cifar10_natural_000069.png,1,semantic_outlier,cifar10_natural,283.1293334960937,9.534746397854578,5.193305153311922,0.9572222222222222,resnet50_layer3_global_pool
images/dissertation_v1/ood/semantic_outlier/cifar10_natural/cifar10_natural_000070.png,1,semantic_outlier,cifar10_natural,288.7511291503906,8.921921365654523,5.914389517682737,0.9616666666666667,resnet50_layer3_global_pool
images/dissertation_v1/ood/semantic_outlier/cifar10_natural/cifar10_natural_000072.png,1,semantic_outlier,cifar10_natural,246.5240936279297,7.9353631158786095,4.415803165169913,0.9205555555555556,resnet50_layer3_global_pool
images/dissertation_v1/ood/semantic_outlier/cifar10_natural/cifar10_natural_000073.png,1,semantic_outlier,cifar10_natural,257.1645202636719,8.323834501653828,4.742589020456727,0.9261111111111111,resnet50_layer3_global_pool
images/dissertation_v1/ood/semantic_outlier/cifar10_natural/cifar10_natural_000075.png,1,semantic_outlier,cifar10_natural,250.5526428222656,8.102401382316375,5.411953352866681,0.9233333333333333,resnet50_layer3_global_pool
images/dissertation_v1/ood/semantic_outlier/cifar10_natural/cifar10_natural_000076.png,1,semantic_outlier,cifar10_natural,291.1390380859375,9.109753979515343,5.768694795190009,0.9672222222222222,resnet50_layer3_global_pool
images/dissertation_v1/ood/semantic_outlier/cifar10_natural/cifar10_natural_000077.png,1,semantic_outlier,cifar10_natural,263.97674560546875,8.695032081927076,5.903182808386173,0.9316666666666666,resnet50_layer3_global_pool
images/dissertation_v1/ood/semantic_outlier/cifar10_natural/cifar10_natural_000078.png,1,semantic_outlier,cifar10_natural,296.15545654296875,9.721704565668333,6.157350148460868,0.9694444444444444,resnet50_layer3_global_pool
images/dissertation_v1/ood/semantic_outlier/cifar10_natural/cifar10_natural_000079.png,1,semantic_outlier,cifar10_natural,289.4950866699219,8.703329359922598,6.031428530264777,0.9644444444444444,resnet50_layer3_global_pool
images/dissertation_v1/ood/semantic_outlier/cifar10_natural/cifar10_natural_000082.png,1,semantic_outlier,cifar10_natural,283.23974609375,9.085381560934948,5.63044365956408,0.9577777777777777,resnet50_layer3_global_pool
images/dissertation_v1/ood/semantic_outlier/cifar10_natural/cifar10_natural_000084.png,1,semantic_outlier,cifar10_natural,273.1038513183594,8.18907164939962,5.764658783243345,0.9411111111111111,resnet50_layer3_global_pool
images/dissertation_v1/ood/semantic_outlier/cifar10_natural/cifar10_natural_000086.png,1,semantic_outlier,cifar10_natural,267.1116638183594,9.273245342234885,5.773995200346134,0.9344444444444444,resnet50_layer3_global_pool
images/dissertation_v1/ood/semantic_outlier/cifar10_natural/cifar10_natural_000090.png,1,semantic_outlier,cifar10_natural,325.5051574707031,9.825756410087795,5.526101911346126,0.9922222222222222,resnet50_layer3_global_pool
images/dissertation_v1/ood/semantic_outlier/cifar10_natural/cifar10_natural_000093.png,1,semantic_outlier,cifar10_natural,268.1131591796875,9.02027369845586,5.41009915649732,0.9355555555555556,resnet50_layer3_global_pool
images/dissertation_v1/ood/semantic_outlier/cifar10_natural/cifar10_natural_000094.png,1,semantic_outlier,cifar10_natural,254.2242889404297,8.38111122528616,4.420638555023534,0.9244444444444444,resnet50_layer3_global_pool
images/dissertation_v1/ood/semantic_outlier/cifar10_natural/cifar10_natural_000101.png,1,semantic_outlier,cifar10_natural,281.7969970703125,9.331557600606965,5.494794003573252,0.955,resnet50_layer3_global_pool
images/dissertation_v1/ood/semantic_outlier/cifar10_natural/cifar10_natural_000104.png,1,semantic_outlier,cifar10_natural,318.4060363769531,9.471843025159627,6.094078585704213,0.9883333333333333,resnet50_layer3_global_pool
images/dissertation_v1/ood/semantic_outlier/cifar10_natural/cifar10_natural_000113.png,1,semantic_outlier,cifar10_natural,218.74722290039065,7.151929485596691,4.180564518302018,0.9161111111111111,resnet50_layer3_global_pool
images/dissertation_v1/ood/semantic_outlier/cifar10_natural/cifar10_natural_000117.png,1,semantic_outlier,cifar10_natural,291.408203125,9.379636065784027,6.019639505245884,0.9677777777777777,resnet50_layer3_global_pool
images/dissertation_v1/ood/semantic_outlier/cifar10_natural/cifar10_natural_000124.png,1,semantic_outlier,cifar10_natural,285.7276306152344,9.1982526087503,5.0693708611090225,0.96,resnet50_layer3_global_pool
images/dissertation_v1/ood/semantic_outlier/cifar10_natural/cifar10_natural_000126.png,1,semantic_outlier,cifar10_natural,282.69970703125,9.22053699784207,5.022292605385045,0.9566666666666667,resnet50_layer3_global_pool
images/dissertation_v1/ood/semantic_outlier/cifar10_natural/cifar10_natural_000131.png,1,semantic_outlier,cifar10_natural,276.4403991699219,8.1011833423336,5.80431913899075,0.9472222222222222,resnet50_layer3_global_pool
images/dissertation_v1/ood/semantic_outlier/cifar10_natural/cifar10_natural_000132.png,1,semantic_outlier,cifar10_natural,331.1690673828125,10.485507257705352,6.367493189635626,0.995,resnet50_layer3_global_pool
images/dissertation_v1/ood/semantic_outlier/cifar10_natural/cifar10_natural_000137.png,1,semantic_outlier,cifar10_natural,289.4190979003906,9.156664955896957,6.180822406884676,0.9633333333333334,resnet50_layer3_global_pool
images/dissertation_v1/ood/semantic_outlier/cifar10_natural/cifar10_natural_000140.png,1,semantic_outlier,cifar10_natural,247.49798583984372,8.373656611506318,5.239691263878898,0.9216666666666666,resnet50_layer3_global_pool
images/dissertation_v1/ood/semantic_outlier/cifar10_natural/cifar10_natural_000148.png,1,semantic_outlier,cifar10_natural,340.4032897949219,10.095886110624274,7.333313299879898,0.9961111111111111,resnet50_layer3_global_pool
images/dissertation_v1/ood/semantic_outlier/cifar10_natural/cifar10_natural_000153.png,1,semantic_outlier,cifar10_natural,265.91363525390625,8.951113081750126,5.712102334258698,0.9338888888888889,resnet50_layer3_global_pool
images/dissertation_v1/ood/semantic_outlier/cifar10_natural/cifar10_natural_000154.png,1,semantic_outlier,cifar10_natural,220.89779663085935,6.899336644908929,3.8821080663230165,0.9166666666666666,resnet50_layer3_global_pool
images/dissertation_v1/ood/semantic_outlier/cifar10_natural/cifar10_natural_000155.png,1,semantic_outlier,cifar10_natural,276.2861022949219,8.615492027557282,5.383313466861915,0.9461111111111111,resnet50_layer3_global_pool
images/dissertation_v1/ood/semantic_outlier/cifar10_natural/cifar10_natural_000172.png,1,semantic_outlier,cifar10_natural,306.4911804199219,9.841315021949876,6.071013566727963,0.9783333333333334,resnet50_layer3_global_pool
images/dissertation_v1/ood/semantic_outlier/cifar10_natural/cifar10_natural_000173.png,1,semantic_outlier,cifar10_natural,262.2418212890625,8.171671628500215,5.249734845976511,0.9311111111111111,resnet50_layer3_global_pool
images/dissertation_v1/ood/semantic_outlier/cifar10_natural/cifar10_natural_000176.png,1,semantic_outlier,cifar10_natural,279.0352478027344,8.833166167405428,5.57414768003839,0.9516666666666667,resnet50_layer3_global_pool
images/dissertation_v1/ood/semantic_outlier/cifar10_natural/cifar10_natural_000180.png,1,semantic_outlier,cifar10_natural,252.7801513671875,7.387256108316471,4.6309948818402455,0.9238888888888889,resnet50_layer3_global_pool
images/dissertation_v1/ood/semantic_outlier/cifar10_natural/cifar10_natural_000182.png,1,semantic_outlier,cifar10_natural,275.8824157714844,8.311266199995567,6.263407254572399,0.945,resnet50_layer3_global_pool
images/dissertation_v1/ood/semantic_outlier/cifar10_natural/cifar10_natural_000185.png,1,semantic_outlier,cifar10_natural,236.2076110839844,7.462690177751264,4.393107196032241,0.9188888888888889,resnet50_layer3_global_pool
images/dissertation_v1/ood/semantic_outlier/cifar10_natural/cifar10_natural_000192.png,1,semantic_outlier,cifar10_natural,317.01519775390625,9.3882275308465,6.929956079699166,0.9866666666666667,resnet50_layer3_global_pool
images/dissertation_v1/ood/semantic_outlier/cifar10_natural/cifar10_natural_000193.png,1,semantic_outlier,cifar10_natural,324.3072204589844,10.24682571701242,6.035951144383172,0.9916666666666667,resnet50_layer3_global_pool
images/dissertation_v1/ood/semantic_outlier/cifar10_natural/cifar10_natural_000194.png,1,semantic_outlier,cifar10_natural,259.4811706542969,8.715752969515181,5.734223143576549,0.9283333333333333,resnet50_layer3_global_pool
images/dissertation_v1/ood/semantic_outlier/cifar10_natural/cifar10_natural_000203.png,1,semantic_outlier,cifar10_natural,349.7539978027344,10.333235307235928,6.481116811972242,0.9983333333333333,resnet50_layer3_global_pool
images/dissertation_v1/ood/semantic_outlier/cifar10_natural/cifar10_natural_000204.png,1,semantic_outlier,cifar10_natural,310.69146728515625,10.144140198314812,5.803248148638846,0.9805555555555555,resnet50_layer3_global_pool
images/dissertation_v1/ood/semantic_outlier/cifar10_natural/cifar10_natural_000208.png,1,semantic_outlier,cifar10_natural,299.73956298828125,9.002747838200742,6.545905855655974,0.9711111111111111,resnet50_layer3_global_pool
images/dissertation_v1/ood/semantic_outlier/cifar10_natural/cifar10_natural_000209.png,1,semantic_outlier,cifar10_natural,298.8031616210937,9.533028297968075,6.275109597218549,0.9705555555555555,resnet50_layer3_global_pool
images/dissertation_v1/ood/semantic_outlier/cifar10_natural/cifar10_natural_000211.png,1,semantic_outlier,cifar10_natural,351.9163513183594,10.696093985266273,6.309063373730292,0.9988888888888889,resnet50_layer3_global_pool
images/dissertation_v1/ood/semantic_outlier/cifar10_natural/cifar10_natural_000220.png,1,semantic_outlier,cifar10_natural,329.6936950683594,10.205096793099438,6.9679793933003555,0.9938888888888889,resnet50_layer3_global_pool
images/dissertation_v1/ood/semantic_outlier/cifar10_natural/cifar10_natural_000222.png,1,semantic_outlier,cifar10_natural,333.0844116210937,9.733919679230166,7.004571795120586,0.9955555555555555,resnet50_layer3_global_pool
images/dissertation_v1/ood/semantic_outlier/cifar10_natural/cifar10_natural_000227.png,1,semantic_outlier,cifar10_natural,254.80862426757807,7.8856572754968735,5.411619603895814,0.925,resnet50_layer3_global_pool
images/dissertation_v1/ood/semantic_outlier/cifar10_natural/cifar10_natural_000229.png,1,semantic_outlier,cifar10_natural,303.4498596191406,9.95656271451892,6.466569575126509,0.9755555555555555,resnet50_layer3_global_pool
images/dissertation_v1/ood/semantic_outlier/cifar10_natural/cifar10_natural_000231.png,1,semantic_outlier,cifar10_natural,345.27752685546875,8.756735046720081,6.995115139379622,0.9977777777777778,resnet50_layer3_global_pool
images/dissertation_v1/ood/semantic_outlier/cifar10_natural/cifar10_natural_000237.png,1,semantic_outlier,cifar10_natural,299.9691162109375,9.805448413770337,6.28492581534147,0.9716666666666667,resnet50_layer3_global_pool
images/dissertation_v1/ood/semantic_outlier/cifar10_natural/cifar10_natural_000238.png,1,semantic_outlier,cifar10_natural,249.6166076660156,7.642943347366657,5.692508740881182,0.9222222222222223,resnet50_layer3_global_pool
images/dissertation_v1/ood/semantic_outlier/cifar10_natural/cifar10_natural_000247.png,1,semantic_outlier,cifar10_natural,264.0658874511719,8.445150317439428,4.873055363022084,0.9322222222222222,resnet50_layer3_global_pool
images/dissertation_v1/ood/semantic_outlier/cifar10_natural/cifar10_natural_000249.png,1,semantic_outlier,cifar10_natural,282.1553039550781,9.502025159419624,4.751054380898321,0.9555555555555556,resnet50_layer3_global_pool
images/dissertation_v1/ood/semantic_outlier/cifar10_natural/cifar10_natural_000253.png,1,semantic_outlier,cifar10_natural,267.471435546875,8.271431995254044,5.128459008933804,0.935,resnet50_layer3_global_pool
images/dissertation_v1/ood/semantic_outlier/cifar10_natural/cifar10_natural_000261.png,1,semantic_outlier,cifar10_natural,312.2098083496094,9.410514120182322,6.015326390086809,0.9822222222222222,resnet50_layer3_global_pool
images/dissertation_v1/ood/semantic_outlier/cifar10_natural/cifar10_natural_000262.png,1,semantic_outlier,cifar10_natural,271.2167053222656,8.28207690601911,4.861738875675141,0.9394444444444444,resnet50_layer3_global_pool
images/dissertation_v1/ood/semantic_outlier/cifar10_natural/cifar10_natural_000265.png,1,semantic_outlier,cifar10_natural,281.489501953125,9.362557283982273,4.916940993204181,0.9538888888888889,resnet50_layer3_global_pool
images/dissertation_v1/ood/semantic_outlier/cifar10_natural/cifar10_natural_000266.png,1,semantic_outlier,cifar10_natural,276.01690673828125,9.966154425311826,5.716993556578983,0.9455555555555556,resnet50_layer3_global_pool
images/dissertation_v1/ood/semantic_outlier/cifar10_natural/cifar10_natural_000268.png,1,semantic_outlier,cifar10_natural,318.8365173339844,10.319173650218426,6.6763093453817675,0.9888888888888889,resnet50_layer3_global_pool
images/dissertation_v1/ood/semantic_outlier/cifar10_natural/cifar10_natural_000271.png,1,semantic_outlier,cifar10_natural,288.345703125,9.288242688166939,5.629076846183709,0.9611111111111111,resnet50_layer3_global_pool
images/dissertation_v1/ood/semantic_outlier/cifar10_natural/cifar10_natural_000277.png,1,semantic_outlier,cifar10_natural,321.64117431640625,10.05205533927122,6.761434145728645,0.99,resnet50_layer3_global_pool
images/dissertation_v1/ood/semantic_outlier/cifar10_natural/cifar10_natural_000278.png,1,semantic_outlier,cifar10_natural,297.74365234375,9.856925164839696,6.162208838660029,0.97,resnet50_layer3_global_pool
images/dissertation_v1/ood/semantic_outlier/cifar10_natural/cifar10_natural_000280.png,1,semantic_outlier,cifar10_natural,306.3022155761719,9.396121759985142,6.202129446782396,0.9777777777777777,resnet50_layer3_global_pool
images/dissertation_v1/ood/semantic_outlier/cifar10_natural/cifar10_natural_000281.png,1,semantic_outlier,cifar10_natural,289.2035217285156,8.968540987311062,5.975881331251148,0.9622222222222222,resnet50_layer3_global_pool
images/dissertation_v1/ood/semantic_outlier/cifar10_natural/cifar10_natural_000290.png,1,semantic_outlier,cifar10_natural,295.2944641113281,9.524431935609432,5.88711892939498,0.9688888888888889,resnet50_layer3_global_pool
images/dissertation_v1/ood/semantic_outlier/cifar10_natural/cifar10_natural_000301.png,1,semantic_outlier,cifar10_natural,314.8581237792969,10.02121903411595,6.430362120622154,0.9844444444444445,resnet50_layer3_global_pool
images/dissertation_v1/ood/semantic_outlier/cifar10_natural/cifar10_natural_000304.png,1,semantic_outlier,cifar10_natural,261.0443420410156,8.32088805480653,4.9750728404750975,0.9294444444444444,resnet50_layer3_global_pool
images/dissertation_v1/ood/semantic_outlier/cifar10_natural/cifar10_natural_000312.png,1,semantic_outlier,cifar10_natural,275.2340393066406,8.653052797524605,4.683932033169649,0.9438888888888889,resnet50_layer3_global_pool
images/dissertation_v1/ood/semantic_outlier/cifar10_natural/cifar10_natural_000316.png,1,semantic_outlier,cifar10_natural,280.2257080078125,9.26013436183629,5.364190968540501,0.9522222222222222,resnet50_layer3_global_pool
images/dissertation_v1/ood/semantic_outlier/cifar10_natural/cifar10_natural_000317.png,1,semantic_outlier,cifar10_natural,312.1380920410156,9.901177938942787,6.624218667415795,0.9816666666666667,resnet50_layer3_global_pool
images/dissertation_v1/ood/semantic_outlier/cifar10_natural/cifar10_natural_000320.png,1,semantic_outlier,cifar10_natural,284.258056640625,8.700053633372011,5.749762324834442,0.9583333333333334,resnet50_layer3_global_pool
images/dissertation_v1/ood/semantic_outlier/cifar10_natural/cifar10_natural_000321.png,1,semantic_outlier,cifar10_natural,274.362548828125,8.400679544885183,5.458760442075228,0.9422222222222222,resnet50_layer3_global_pool
images/dissertation_v1/ood/semantic_outlier/cifar10_natural/cifar10_natural_000322.png,1,semantic_outlier,cifar10_natural,256.9900207519531,8.548033616023918,4.994979658858108,0.9255555555555556,resnet50_layer3_global_pool
images/dissertation_v1/ood/semantic_outlier/cifar10_natural/cifar10_natural_000323.png,1,semantic_outlier,cifar10_natural,217.7309417724609,6.812566882319492,4.336150976898122,0.9144444444444444,resnet50_layer3_global_pool
images/dissertation_v1/ood/semantic_outlier/cifar10_natural/cifar10_natural_000324.png,1,semantic_outlier,cifar10_natural,300.28521728515625,10.315720289307167,6.28641355867983,0.9727777777777777,resnet50_layer3_global_pool
images/dissertation_v1/ood/semantic_outlier/cifar10_natural/cifar10_natural_000329.png,1,semantic_outlier,cifar10_natural,344.1661376953125,10.229426336954905,6.389839123670002,0.9972222222222222,resnet50_layer3_global_pool
images/dissertation_v1/ood/semantic_outlier/cifar10_natural/cifar10_natural_000331.png,1,semantic_outlier,cifar10_natural,274.920654296875,8.252428133095245,5.542095033406308,0.9427777777777778,resnet50_layer3_global_pool
images/dissertation_v1/ood/semantic_outlier/cifar10_natural/cifar10_natural_000332.png,1,semantic_outlier,cifar10_natural,249.83041381835935,8.322413500279414,5.3060221471750415,0.9227777777777778,resnet50_layer3_global_pool
images/dissertation_v1/ood/semantic_outlier/cifar10_natural/cifar10_natural_000333.png,1,semantic_outlier,cifar10_natural,329.8160095214844,10.150224169180785,6.817013112872121,0.9944444444444445,resnet50_layer3_global_pool
images/dissertation_v1/ood/semantic_outlier/cifar10_natural/cifar10_natural_000334.png,1,semantic_outlier,cifar10_natural,326.95147705078125,9.894849172769103,6.053207113458978,0.9927777777777778,resnet50_layer3_global_pool
images/dissertation_v1/ood/semantic_outlier/cifar10_natural/cifar10_natural_000335.png,1,semantic_outlier,cifar10_natural,360.8089599609375,10.759064370439756,7.289893991212802,0.9994444444444445,resnet50_layer3_global_pool
images/dissertation_v1/ood/semantic_outlier/cifar10_natural/cifar10_natural_000336.png,1,semantic_outlier,cifar10_natural,276.83428955078125,8.751371969246136,5.555172796162776,0.9483333333333334,resnet50_layer3_global_pool
images/dissertation_v1/ood/semantic_outlier/cifar10_natural/cifar10_natural_000341.png,1,semantic_outlier,cifar10_natural,277.3643493652344,9.076087740099592,5.860554511597782,0.9494444444444444,resnet50_layer3_global_pool
images/dissertation_v1/ood/semantic_outlier/cifar10_natural/cifar10_natural_000347.png,1,semantic_outlier,cifar10_natural,285.68182373046875,9.148988695070097,4.965513130350219,0.9594444444444444,resnet50_layer3_global_pool
images/dissertation_v1/ood/semantic_outlier/cifar10_natural/cifar10_natural_000352.png,1,semantic_outlier,cifar10_natural,259.1422119140625,9.031978988026902,4.886247867246048,0.9272222222222222,resnet50_layer3_global_pool
images/dissertation_v1/ood/semantic_outlier/cifar10_natural/cifar10_natural_000356.png,1,semantic_outlier,cifar10_natural,244.0306701660156,7.653502474090415,4.682748774389819,0.92,resnet50_layer3_global_pool
images/dissertation_v1/ood/semantic_outlier/cifar10_natural/cifar10_natural_000361.png,1,semantic_outlier,cifar10_natural,307.77362060546875,9.581345892853516,6.965302219693336,0.9794444444444445,resnet50_layer3_global_pool
images/dissertation_v1/ood/semantic_outlier/cifar10_natural/cifar10_natural_000362.png,1,semantic_outlier,cifar10_natural,276.5450744628906,9.340526337927454,4.905683703049213,0.9477777777777778,resnet50_layer3_global_pool
images/dissertation_v1/ood/semantic_outlier/cifar10_natural/cifar10_natural_000371.png,1,semantic_outlier,cifar10_natural,289.3420104980469,8.834648318753336,5.900232006783212,0.9627777777777777,resnet50_layer3_global_pool
images/dissertation_v1/ood/semantic_outlier/cifar10_natural/cifar10_natural_000374.png,1,semantic_outlier,cifar10_natural,275.8410339355469,9.810929396230915,5.312864997000571,0.9444444444444444,resnet50_layer3_global_pool
images/dissertation_v1/ood/semantic_outlier/cifar10_natural/cifar10_natural_000377.png,1,semantic_outlier,cifar10_natural,322.44122314453125,10.726504008458146,6.726739242368713,0.9905555555555555,resnet50_layer3_global_pool
images/dissertation_v1/ood/semantic_outlier/cifar10_natural/cifar10_natural_000381.png,1,semantic_outlier,cifar10_natural,290.6078491210937,9.221734047508379,6.089667492581333,0.9655555555555555,resnet50_layer3_global_pool
images/dissertation_v1/ood/semantic_outlier/cifar10_natural/cifar10_natural_000384.png,1,semantic_outlier,cifar10_natural,277.9018249511719,9.355305936819951,5.118884236169337,0.9505555555555556,resnet50_layer3_global_pool
images/dissertation_v1/ood/semantic_outlier/cifar10_natural/cifar10_natural_000388.png,1,semantic_outlier,cifar10_natural,312.8338317871094,10.163574009245206,6.641935725886766,0.9838888888888889,resnet50_layer3_global_pool
images/dissertation_v1/ood/semantic_outlier/cifar10_natural/cifar10_natural_000391.png,1,semantic_outlier,cifar10_natural,239.4128570556641,6.990809494082987,4.225726246803622,0.9194444444444444,resnet50_layer3_global_pool
images/dissertation_v1/ood/semantic_outlier/cifar10_natural/cifar10_natural_000394.png,1,semantic_outlier,cifar10_natural,316.7495422363281,9.725254806031483,6.708012325365577,0.9861111111111112,resnet50_layer3_global_pool
images/dissertation_v1/ood/semantic_outlier/cifar10_natural/cifar10_natural_000406.png,1,semantic_outlier,cifar10_natural,269.8503112792969,8.892287091238117,5.11894579133022,0.9361111111111111,resnet50_layer3_global_pool
images/dissertation_v1/ood/semantic_outlier/cifar10_natural/cifar10_natural_000408.png,1,semantic_outlier,cifar10_natural,276.3692626953125,8.754312924183935,5.3399181232155915,0.9466666666666667,resnet50_layer3_global_pool
images/dissertation_v1/ood/semantic_outlier/cifar10_natural/cifar10_natural_000409.png,1,semantic_outlier,cifar10_natural,260.06817626953125,8.022438253393702,5.865956752997792,0.9288888888888889,resnet50_layer3_global_pool
images/dissertation_v1/ood/semantic_outlier/cifar10_natural/cifar10_natural_000410.png,1,semantic_outlier,cifar10_natural,277.047119140625,8.847988653167585,5.742772976054121,0.9488888888888889,resnet50_layer3_global_pool
images/dissertation_v1/ood/semantic_outlier/cifar10_natural/cifar10_natural_000414.png,1,semantic_outlier,cifar10_natural,364.3456115722656,11.31531090812049,7.122838644855564,1.0,resnet50_layer3_global_pool
images/dissertation_v1/ood/semantic_outlier/cifar10_natural/cifar10_natural_000415.png,1,semantic_outlier,cifar10_natural,307.4427795410156,9.075460764394307,6.200879189308268,0.9788888888888889,resnet50_layer3_global_pool
images/dissertation_v1/ood/semantic_outlier/cifar10_natural/cifar10_natural_000417.png,1,semantic_outlier,cifar10_natural,321.2552795410156,9.376424815024807,5.546055343380064,0.9894444444444445,resnet50_layer3_global_pool
images/dissertation_v1/ood/semantic_outlier/cifar10_natural/cifar10_natural_000423.png,1,semantic_outlier,cifar10_natural,289.4715576171875,9.320633125863399,5.08665205197701,0.9638888888888889,resnet50_layer3_global_pool
images/dissertation_v1/ood/semantic_outlier/cifar10_natural/cifar10_natural_000426.png,1,semantic_outlier,cifar10_natural,310.4285888671875,9.612042684587037,5.778244438556373,0.98,resnet50_layer3_global_pool
images/dissertation_v1/ood/semantic_outlier/cifar10_natural/cifar10_natural_000431.png,1,semantic_outlier,cifar10_natural,302.2142028808594,9.3673868192972,6.764250819745506,0.9744444444444444,resnet50_layer3_global_pool
images/dissertation_v1/ood/semantic_outlier/cifar10_natural/cifar10_natural_000433.png,1,semantic_outlier,cifar10_natural,305.981201171875,10.36091533666956,6.2508113814489334,0.9772222222222222,resnet50_layer3_global_pool
images/dissertation_v1/ood/semantic_outlier/cifar10_natural/cifar10_natural_000438.png,1,semantic_outlier,cifar10_natural,272.9302062988281,8.521930816119257,6.029078231506382,0.9405555555555556,resnet50_layer3_global_pool
images/dissertation_v1/ood/semantic_outlier/cifar10_natural/cifar10_natural_000440.png,1,semantic_outlier,cifar10_natural,287.7024230957031,9.103778591962786,5.875100637239468,0.9605555555555556,resnet50_layer3_global_pool
images/dissertation_v1/ood/semantic_outlier/cifar10_natural/cifar10_natural_000450.png,1,semantic_outlier,cifar10_natural,262.04168701171875,8.610406300065405,5.200980472847133,0.9305555555555556,resnet50_layer3_global_pool
images/dissertation_v1/ood/semantic_outlier/cifar10_natural/cifar10_natural_000451.png,1,semantic_outlier,cifar10_natural,315.4360046386719,10.105286193173534,6.4350006870800645,0.9855555555555555,resnet50_layer3_global_pool
images/dissertation_v1/ood/semantic_outlier/cifar10_natural/cifar10_natural_000455.png,1,semantic_outlier,cifar10_natural,290.97039794921875,9.73174607202993,6.445915543969627,0.9666666666666667,resnet50_layer3_global_pool
images/dissertation_v1/ood/semantic_outlier/cifar10_natural/cifar10_natural_000461.png,1,semantic_outlier,cifar10_natural,301.2667236328125,9.736841141451293,5.996644386301582,0.9733333333333334,resnet50_layer3_global_pool
images/dissertation_v1/ood/semantic_outlier/cifar10_natural/cifar10_natural_000464.png,1,semantic_outlier,cifar10_natural,290.19805908203125,9.053506217454292,6.372882036549293,0.965,resnet50_layer3_global_pool
images/dissertation_v1/ood/semantic_outlier/cifar10_natural/cifar10_natural_000465.png,1,semantic_outlier,cifar10_natural,305.6762084960937,10.138228569985754,5.819361106887424,0.9766666666666667,resnet50_layer3_global_pool
images/dissertation_v1/ood/semantic_outlier/cifar10_natural/cifar10_natural_000470.png,1,semantic_outlier,cifar10_natural,264.6025695800781,8.639312528219774,5.729132445664588,0.9327777777777778,resnet50_layer3_global_pool
images/dissertation_v1/ood/semantic_outlier/cifar10_natural/cifar10_natural_000472.png,1,semantic_outlier,cifar10_natural,311.8178100585937,10.248424261960892,5.166811894025619,0.9811111111111112,resnet50_layer3_global_pool
images/dissertation_v1/ood/semantic_outlier/cifar10_natural/cifar10_natural_000475.png,1,semantic_outlier,cifar10_natural,282.2193603515625,8.470058720522776,5.248870158661815,0.9561111111111111,resnet50_layer3_global_pool
images/dissertation_v1/ood/semantic_outlier/cifar10_natural/cifar10_natural_000477.png,1,semantic_outlier,cifar10_natural,323.4754638671875,10.316222973489916,6.655203977408936,0.9911111111111112,resnet50_layer3_global_pool
images/dissertation_v1/ood/semantic_outlier/cifar10_natural/cifar10_natural_000479.png,1,semantic_outlier,cifar10_natural,272.3070983886719,9.030645929091452,5.240133552053293,0.94,resnet50_layer3_global_pool
images/dissertation_v1/ood/semantic_outlier/cifar10_natural/cifar10_natural_000483.png,1,semantic_outlier,cifar10_natural,277.72393798828125,8.761376747779194,5.7285010039002575,0.95,resnet50_layer3_global_pool
images/dissertation_v1/ood/semantic_outlier/cifar10_natural/cifar10_natural_000485.png,1,semantic_outlier,cifar10_natural,280.5000305175781,8.69810619256679,5.610589678770597,0.9527777777777777,resnet50_layer3_global_pool
images/dissertation_v1/ood/semantic_outlier/cifar10_natural/cifar10_natural_000490.png,1,semantic_outlier,cifar10_natural,293.44354248046875,9.124931558510585,5.936768645882183,0.9683333333333334,resnet50_layer3_global_pool
images/dissertation_v1/ood/semantic_outlier/cifar10_natural/cifar10_natural_000491.png,1,semantic_outlier,cifar10_natural,273.5346984863281,9.17119352954403,5.55717909072189,0.9416666666666667,resnet50_layer3_global_pool
images/dissertation_v1/ood/semantic_outlier/cifar10_natural/cifar10_natural_000494.png,1,semantic_outlier,cifar10_natural,258.9759826660156,7.709406324348272,5.076557164974374,0.9266666666666666,resnet50_layer3_global_pool
images/dissertation_v1/ood/semantic_outlier/cifar10_natural/cifar10_natural_000495.png,1,semantic_outlier,cifar10_natural,259.2088623046875,7.950348002562957,4.966549314907184,0.9277777777777778,resnet50_layer3_global_pool
images/dissertation_v1/ood/semantic_outlier/cifar10_natural/cifar10_natural_000497.png,1,semantic_outlier,cifar10_natural,270.2170715332031,7.748358588393388,5.334402925158104,0.9377777777777778,resnet50_layer3_global_pool
images/dissertation_v1/ood/modality_shift/colour_fundus/colour_fundus_000000.png,1,modality_shift,colour_fundus,63.13766860961914,-4.576898022545364,4.400643193323422,0.465,resnet50_layer3_global_pool
images/dissertation_v1/ood/modality_shift/colour_fundus/colour_fundus_000002.png,1,modality_shift,colour_fundus,66.5968246459961,-4.334711234924244,3.9514370849734086,0.5011111111111111,resnet50_layer3_global_pool
images/dissertation_v1/ood/modality_shift/colour_fundus/colour_fundus_000003.png,1,modality_shift,colour_fundus,74.14937591552734,-4.633446387495482,4.138834033124741,0.58,resnet50_layer3_global_pool
images/dissertation_v1/ood/modality_shift/colour_fundus/colour_fundus_000004.png,1,modality_shift,colour_fundus,74.95671844482422,-4.576733862876595,4.142000909702364,0.5922222222222222,resnet50_layer3_global_pool
images/dissertation_v1/ood/modality_shift/colour_fundus/colour_fundus_000005.png,1,modality_shift,colour_fundus,75.63793182373047,-4.6775604289577215,4.039686743076041,0.5955555555555555,resnet50_layer3_global_pool
images/dissertation_v1/ood/modality_shift/colour_fundus/colour_fundus_000006.png,1,modality_shift,colour_fundus,73.42411804199219,-4.823849526268013,4.628444646525589,0.5727777777777778,resnet50_layer3_global_pool
images/dissertation_v1/ood/modality_shift/colour_fundus/colour_fundus_000007.png,1,modality_shift,colour_fundus,76.48847961425781,-2.156070275038156,2.1964177761156463,0.6066666666666667,resnet50_layer3_global_pool
images/dissertation_v1/ood/modality_shift/colour_fundus/colour_fundus_000009.png,1,modality_shift,colour_fundus,60.98603820800781,-4.376434616089443,3.9759218926605118,0.43722222222222223,resnet50_layer3_global_pool
images/dissertation_v1/ood/modality_shift/colour_fundus/colour_fundus_000010.png,1,modality_shift,colour_fundus,69.33663177490234,-2.8044303989041146,2.8405652179545884,0.5277777777777778,resnet50_layer3_global_pool
images/dissertation_v1/ood/modality_shift/colour_fundus/colour_fundus_000011.png,1,modality_shift,colour_fundus,62.304176330566406,-4.410997776813136,4.214081800989261,0.455,resnet50_layer3_global_pool
images/dissertation_v1/ood/modality_shift/colour_fundus/colour_fundus_000012.png,1,modality_shift,colour_fundus,73.36697387695312,-3.0393503051303874,2.930999281030954,0.5722222222222222,resnet50_layer3_global_pool
images/dissertation_v1/ood/modality_shift/colour_fundus/colour_fundus_000015.png,1,modality_shift,colour_fundus,65.27806091308594,-4.260332902598879,4.2610321518686485,0.4888888888888889,resnet50_layer3_global_pool
images/dissertation_v1/ood/modality_shift/colour_fundus/colour_fundus_000016.png,1,modality_shift,colour_fundus,69.88294219970703,-4.381596440041858,3.7151573289655206,0.5361111111111111,resnet50_layer3_global_pool
images/dissertation_v1/ood/modality_shift/colour_fundus/colour_fundus_000018.png,1,modality_shift,colour_fundus,60.53275680541992,-4.529043289644896,3.9286183899500142,0.42944444444444446,resnet50_layer3_global_pool
images/dissertation_v1/ood/modality_shift/colour_fundus/colour_fundus_000019.png,1,modality_shift,colour_fundus,69.6395263671875,-3.862114011902864,3.4570651058874016,0.5327777777777778,resnet50_layer3_global_pool
images/dissertation_v1/ood/modality_shift/colour_fundus/colour_fundus_000022.png,1,modality_shift,colour_fundus,68.50020599365234,-3.9551641269879068,3.373872564820513,0.5205555555555555,resnet50_layer3_global_pool
images/dissertation_v1/ood/modality_shift/colour_fundus/colour_fundus_000023.png,1,modality_shift,colour_fundus,68.71287536621094,-3.0223856962493985,2.986565584696834,0.5222222222222223,resnet50_layer3_global_pool
images/dissertation_v1/ood/modality_shift/colour_fundus/colour_fundus_000024.png,1,modality_shift,colour_fundus,71.07926177978516,-4.150364184686935,3.743965351927919,0.5505555555555556,resnet50_layer3_global_pool
images/dissertation_v1/ood/modality_shift/colour_fundus/colour_fundus_000025.png,1,modality_shift,colour_fundus,77.53565979003906,-4.479398997948351,4.197142819922911,0.6183333333333333,resnet50_layer3_global_pool
images/dissertation_v1/ood/modality_shift/colour_fundus/colour_fundus_000026.png,1,modality_shift,colour_fundus,78.50106811523438,-4.36600017434427,4.278928143975555,0.6266666666666667,resnet50_layer3_global_pool
images/dissertation_v1/ood/modality_shift/colour_fundus/colour_fundus_000027.png,1,modality_shift,colour_fundus,71.63056945800781,-3.5050205163831496,3.4471215090355787,0.5588888888888889,resnet50_layer3_global_pool
images/dissertation_v1/ood/modality_shift/colour_fundus/colour_fundus_000028.png,1,modality_shift,colour_fundus,64.36911010742188,-4.315514101458355,4.272226077915328,0.4766666666666667,resnet50_layer3_global_pool
images/dissertation_v1/ood/modality_shift/colour_fundus/colour_fundus_000029.png,1,modality_shift,colour_fundus,66.12117004394531,-4.33323566963768,3.4566308626369207,0.49777777777777776,resnet50_layer3_global_pool
images/dissertation_v1/ood/modality_shift/colour_fundus/colour_fundus_000030.png,1,modality_shift,colour_fundus,66.7102279663086,-4.443879380866905,3.367973260265117,0.505,resnet50_layer3_global_pool
images/dissertation_v1/ood/modality_shift/colour_fundus/colour_fundus_000031.png,1,modality_shift,colour_fundus,63.60297775268555,-4.156280026208244,3.433100695257817,0.46944444444444444,resnet50_layer3_global_pool
images/dissertation_v1/ood/modality_shift/colour_fundus/colour_fundus_000032.png,1,modality_shift,colour_fundus,58.1370735168457,-4.727667925804296,4.171889271554054,0.4,resnet50_layer3_global_pool
images/dissertation_v1/ood/modality_shift/colour_fundus/colour_fundus_000033.png,1,modality_shift,colour_fundus,70.28402709960938,-3.7032534769880003,4.370133545049764,0.5416666666666666,resnet50_layer3_global_pool
images/dissertation_v1/ood/modality_shift/colour_fundus/colour_fundus_000034.png,1,modality_shift,colour_fundus,70.45025634765625,-3.9855717266898987,4.095075848617854,0.5433333333333333,resnet50_layer3_global_pool
images/dissertation_v1/ood/modality_shift/colour_fundus/colour_fundus_000035.png,1,modality_shift,colour_fundus,66.15876770019531,-4.638786345388478,3.894133438791266,0.49833333333333335,resnet50_layer3_global_pool
images/dissertation_v1/ood/modality_shift/colour_fundus/colour_fundus_000036.png,1,modality_shift,colour_fundus,76.5457763671875,-4.4320536414251945,3.7625513630771072,0.6072222222222222,resnet50_layer3_global_pool
images/dissertation_v1/ood/modality_shift/colour_fundus/colour_fundus_000038.png,1,modality_shift,colour_fundus,76.08009338378906,-4.177045731516132,4.099896949217963,0.6016666666666667,resnet50_layer3_global_pool
images/dissertation_v1/ood/modality_shift/colour_fundus/colour_fundus_000039.png,1,modality_shift,colour_fundus,74.60498809814453,-4.488424519873245,4.107676781978906,0.5877777777777777,resnet50_layer3_global_pool
images/dissertation_v1/ood/modality_shift/colour_fundus/colour_fundus_000040.png,1,modality_shift,colour_fundus,76.91614532470703,-5.085292046785882,4.731940916190144,0.6111111111111112,resnet50_layer3_global_pool
images/dissertation_v1/ood/modality_shift/colour_fundus/colour_fundus_000041.png,1,modality_shift,colour_fundus,78.89512634277344,-4.932374491007701,4.7138865641521175,0.63,resnet50_layer3_global_pool
images/dissertation_v1/ood/modality_shift/colour_fundus/colour_fundus_000042.png,1,modality_shift,colour_fundus,58.18638610839844,-4.782555865308452,4.081978927002393,0.40166666666666667,resnet50_layer3_global_pool
images/dissertation_v1/ood/modality_shift/colour_fundus/colour_fundus_000043.png,1,modality_shift,colour_fundus,77.43090057373047,-5.101189363051744,4.692439203139937,0.6172222222222222,resnet50_layer3_global_pool
images/dissertation_v1/ood/modality_shift/colour_fundus/colour_fundus_000044.png,1,modality_shift,colour_fundus,75.64458465576172,-4.732714395831225,4.492097856974541,0.5961111111111111,resnet50_layer3_global_pool
images/dissertation_v1/ood/modality_shift/colour_fundus/colour_fundus_000045.png,1,modality_shift,colour_fundus,75.58551025390625,-4.553212302115246,4.647622084149005,0.595,resnet50_layer3_global_pool
images/dissertation_v1/ood/modality_shift/colour_fundus/colour_fundus_000046.png,1,modality_shift,colour_fundus,69.2116928100586,-4.102145937974809,3.9723106143069296,0.5272222222222223,resnet50_layer3_global_pool
images/dissertation_v1/ood/modality_shift/colour_fundus/colour_fundus_000047.png,1,modality_shift,colour_fundus,64.25790405273438,-4.815286304258734,4.093587886510778,0.47555555555555556,resnet50_layer3_global_pool
images/dissertation_v1/ood/modality_shift/colour_fundus/colour_fundus_000049.png,1,modality_shift,colour_fundus,69.37538146972656,-4.204331379865973,3.9373317516797557,0.5288888888888889,resnet50_layer3_global_pool
images/dissertation_v1/ood/modality_shift/colour_fundus/colour_fundus_000051.png,1,modality_shift,colour_fundus,69.06623840332031,-4.6405102233241315,4.5816158466106796,0.5266666666666666,resnet50_layer3_global_pool
images/dissertation_v1/ood/modality_shift/colour_fundus/colour_fundus_000053.png,1,modality_shift,colour_fundus,74.11003112792969,-2.7398657468599303,3.139112818174759,0.5788888888888889,resnet50_layer3_global_pool
images/dissertation_v1/ood/modality_shift/colour_fundus/colour_fundus_000055.png,1,modality_shift,colour_fundus,65.14519500732422,-3.8291346161838815,2.311485625992695,0.48777777777777775,resnet50_layer3_global_pool
images/dissertation_v1/ood/modality_shift/colour_fundus/colour_fundus_000056.png,1,modality_shift,colour_fundus,66.03753662109375,-3.6355392013470973,2.4547396290873094,0.49666666666666665,resnet50_layer3_global_pool
images/dissertation_v1/ood/modality_shift/colour_fundus/colour_fundus_000060.png,1,modality_shift,colour_fundus,62.22020721435547,-4.559107377794054,4.1468055120879495,0.45222222222222225,resnet50_layer3_global_pool
images/dissertation_v1/ood/modality_shift/colour_fundus/colour_fundus_000061.png,1,modality_shift,colour_fundus,67.92228698730469,-3.2738766756730553,1.7280773196277905,0.5183333333333333,resnet50_layer3_global_pool
images/dissertation_v1/ood/modality_shift/colour_fundus/colour_fundus_000062.png,1,modality_shift,colour_fundus,71.06001281738281,-3.0195507320323167,2.8053501215308185,0.5494444444444444,resnet50_layer3_global_pool
images/dissertation_v1/ood/modality_shift/colour_fundus/colour_fundus_000064.png,1,modality_shift,colour_fundus,67.15569305419922,-4.16425549675318,3.905060530313463,0.5088888888888888,resnet50_layer3_global_pool
images/dissertation_v1/ood/modality_shift/colour_fundus/colour_fundus_000065.png,1,modality_shift,colour_fundus,71.28755950927734,-4.076931964051497,4.241322012227767,0.5527777777777778,resnet50_layer3_global_pool
images/dissertation_v1/ood/modality_shift/colour_fundus/colour_fundus_000066.png,1,modality_shift,colour_fundus,60.71370315551758,-4.214279895574081,3.927955990044107,0.43222222222222223,resnet50_layer3_global_pool
images/dissertation_v1/ood/modality_shift/colour_fundus/colour_fundus_000067.png,1,modality_shift,colour_fundus,68.83893585205078,-4.809408940408778,3.997700023874421,0.5233333333333333,resnet50_layer3_global_pool
images/dissertation_v1/ood/modality_shift/colour_fundus/colour_fundus_000068.png,1,modality_shift,colour_fundus,73.86625671386719,-3.0754428442034634,2.8775514737627006,0.5766666666666667,resnet50_layer3_global_pool
images/dissertation_v1/ood/modality_shift/colour_fundus/colour_fundus_000069.png,1,modality_shift,colour_fundus,71.56685638427734,-2.409485511204994,1.807037774266438,0.555,resnet50_layer3_global_pool
images/dissertation_v1/ood/modality_shift/colour_fundus/colour_fundus_000070.png,1,modality_shift,colour_fundus,71.97013092041016,-2.437200577153252,1.6792774896571245,0.5605555555555556,resnet50_layer3_global_pool
images/dissertation_v1/ood/modality_shift/colour_fundus/colour_fundus_000073.png,1,modality_shift,colour_fundus,59.46750259399414,-4.193867605943152,3.9889795280659173,0.4166666666666667,resnet50_layer3_global_pool
images/dissertation_v1/ood/modality_shift/colour_fundus/colour_fundus_000075.png,1,modality_shift,colour_fundus,67.74212646484375,-4.421316434598464,4.001006307743402,0.515,resnet50_layer3_global_pool
images/dissertation_v1/ood/modality_shift/colour_fundus/colour_fundus_000076.png,1,modality_shift,colour_fundus,74.44963073730469,-4.604616771091026,4.100210782484084,0.5838888888888889,resnet50_layer3_global_pool
images/dissertation_v1/ood/modality_shift/colour_fundus/colour_fundus_000077.png,1,modality_shift,colour_fundus,64.39154815673828,-4.483394677710927,3.62924779584485,0.4772222222222222,resnet50_layer3_global_pool
images/dissertation_v1/ood/modality_shift/colour_fundus/colour_fundus_000078.png,1,modality_shift,colour_fundus,64.65257263183594,-4.440480776795673,3.7362972315359033,0.4822222222222222,resnet50_layer3_global_pool
images/dissertation_v1/ood/modality_shift/colour_fundus/colour_fundus_000079.png,1,modality_shift,colour_fundus,67.68138885498047,-3.9410523825870176,3.8257354033020547,0.5133333333333333,resnet50_layer3_global_pool
images/dissertation_v1/ood/modality_shift/colour_fundus/colour_fundus_000080.png,1,modality_shift,colour_fundus,60.66479110717773,-4.208505670000277,3.946153439740582,0.4311111111111111,resnet50_layer3_global_pool
images/dissertation_v1/ood/modality_shift/colour_fundus/colour_fundus_000081.png,1,modality_shift,colour_fundus,77.32719421386719,-4.262109183954418,4.208214991561267,0.6155555555555555,resnet50_layer3_global_pool
images/dissertation_v1/ood/modality_shift/colour_fundus/colour_fundus_000082.png,1,modality_shift,colour_fundus,73.24678802490234,-3.8288472619584457,3.968836151218691,0.5711111111111111,resnet50_layer3_global_pool
images/dissertation_v1/ood/modality_shift/colour_fundus/colour_fundus_000083.png,1,modality_shift,colour_fundus,74.86629486083984,-4.276398826045528,3.8153852687907994,0.5911111111111111,resnet50_layer3_global_pool
images/dissertation_v1/ood/modality_shift/colour_fundus/colour_fundus_000084.png,1,modality_shift,colour_fundus,71.38988494873047,-4.170947390757589,3.9574076483328176,0.5533333333333333,resnet50_layer3_global_pool
images/dissertation_v1/ood/modality_shift/colour_fundus/colour_fundus_000085.png,1,modality_shift,colour_fundus,72.49507141113281,-3.00494993131408,3.1769129684339585,0.5644444444444444,resnet50_layer3_global_pool
images/dissertation_v1/ood/modality_shift/colour_fundus/colour_fundus_000086.png,1,modality_shift,colour_fundus,74.11821746826172,-3.2879277780423397,2.935187744046506,0.5794444444444444,resnet50_layer3_global_pool
images/dissertation_v1/ood/modality_shift/colour_fundus/colour_fundus_000090.png,1,modality_shift,colour_fundus,74.89210510253906,-2.3501175734940203,2.7557074410312437,0.5916666666666667,resnet50_layer3_global_pool
images/dissertation_v1/ood/modality_shift/colour_fundus/colour_fundus_000091.png,1,modality_shift,colour_fundus,71.57475280761719,-2.931472311930584,2.675775275116081,0.5555555555555556,resnet50_layer3_global_pool
images/dissertation_v1/ood/modality_shift/colour_fundus/colour_fundus_000093.png,1,modality_shift,colour_fundus,73.80792999267578,-2.4794642105169142,3.02030648419379,0.5761111111111111,resnet50_layer3_global_pool
images/dissertation_v1/ood/modality_shift/colour_fundus/colour_fundus_000094.png,1,modality_shift,colour_fundus,72.71109771728516,-3.4256932113272653,3.228290808224974,0.5661111111111111,resnet50_layer3_global_pool
images/dissertation_v1/ood/modality_shift/colour_fundus/colour_fundus_000095.png,1,modality_shift,colour_fundus,68.93755340576172,-2.669028233119007,2.563081362183926,0.5244444444444445,resnet50_layer3_global_pool
images/dissertation_v1/ood/modality_shift/colour_fundus/colour_fundus_000096.png,1,modality_shift,colour_fundus,71.47623443603516,-3.607684000239186,3.059785261128886,0.5544444444444444,resnet50_layer3_global_pool
images/dissertation_v1/ood/modality_shift/colour_fundus/colour_fundus_000097.png,1,modality_shift,colour_fundus,62.30873489379883,-4.154960619380494,4.277939197150904,0.45555555555555555,resnet50_layer3_global_pool
images/dissertation_v1/ood/modality_shift/colour_fundus/colour_fundus_000098.png,1,modality_shift,colour_fundus,70.13286590576172,-3.650257931340223,3.138545470957772,0.5394444444444444,resnet50_layer3_global_pool
images/dissertation_v1/ood/modality_shift/colour_fundus/colour_fundus_000100.png,1,modality_shift,colour_fundus,75.89389038085938,-0.7510136842831887,0.5701932782478235,0.5994444444444444,resnet50_layer3_global_pool
images/dissertation_v1/ood/modality_shift/colour_fundus/colour_fundus_000101.png,1,modality_shift,colour_fundus,70.73351287841797,-3.2894485271654643,3.3534239628585714,0.5461111111111111,resnet50_layer3_global_pool
images/dissertation_v1/ood/modality_shift/colour_fundus/colour_fundus_000104.png,1,modality_shift,colour_fundus,77.29476928710938,-3.8989851275447065,3.5969221996207086,0.615,resnet50_layer3_global_pool
images/dissertation_v1/ood/modality_shift/colour_fundus/colour_fundus_000105.png,1,modality_shift,colour_fundus,67.4740219116211,-3.738364240839852,4.0215950416317785,0.5116666666666667,resnet50_layer3_global_pool
images/dissertation_v1/ood/modality_shift/colour_fundus/colour_fundus_000108.png,1,modality_shift,colour_fundus,72.58488464355469,-4.328224289506732,4.273947088739537,0.565,resnet50_layer3_global_pool
images/dissertation_v1/ood/modality_shift/colour_fundus/colour_fundus_000109.png,1,modality_shift,colour_fundus,62.05475997924805,-4.187238730448643,4.3265311853559165,0.45,resnet50_layer3_global_pool
images/dissertation_v1/ood/modality_shift/colour_fundus/colour_fundus_000110.png,1,modality_shift,colour_fundus,68.44410705566406,-3.5963230855727715,3.1170224251895853,0.52,resnet50_layer3_global_pool
images/dissertation_v1/ood/modality_shift/colour_fundus/colour_fundus_000111.png,1,modality_shift,colour_fundus,71.07439422607422,-3.3683532509136573,3.2027538316654076,0.55,resnet50_layer3_global_pool
images/dissertation_v1/ood/modality_shift/colour_fundus/colour_fundus_000112.png,1,modality_shift,colour_fundus,63.60926818847656,-4.461036947942325,3.9277014356899103,0.47055555555555556,resnet50_layer3_global_pool
images/dissertation_v1/ood/modality_shift/colour_fundus/colour_fundus_000113.png,1,modality_shift,colour_fundus,63.75284576416016,-4.346743998100801,4.086422056263645,0.4711111111111111,resnet50_layer3_global_pool
images/dissertation_v1/ood/modality_shift/colour_fundus/colour_fundus_000114.png,1,modality_shift,colour_fundus,63.5366439819336,-4.4609401583403505,4.025059891665126,0.4688888888888889,resnet50_layer3_global_pool
images/dissertation_v1/ood/modality_shift/colour_fundus/colour_fundus_000115.png,1,modality_shift,colour_fundus,64.87332916259766,-4.486251076230713,4.214711914129136,0.48388888888888887,resnet50_layer3_global_pool
images/dissertation_v1/ood/modality_shift/colour_fundus/colour_fundus_000117.png,1,modality_shift,colour_fundus,64.77822875976562,-4.627594371205158,4.041593663824339,0.48277777777777775,resnet50_layer3_global_pool
images/dissertation_v1/ood/modality_shift/colour_fundus/colour_fundus_000118.png,1,modality_shift,colour_fundus,74.4254150390625,-4.19088006640335,3.7850083719674634,0.5827777777777777,resnet50_layer3_global_pool
images/dissertation_v1/ood/modality_shift/colour_fundus/colour_fundus_000119.png,1,modality_shift,colour_fundus,74.5718765258789,-4.3248322700476365,3.736680975459956,0.5861111111111111,resnet50_layer3_global_pool
images/dissertation_v1/ood/modality_shift/colour_fundus/colour_fundus_000120.png,1,modality_shift,colour_fundus,74.74552154541016,-4.163051265274234,3.87735290239693,0.59,resnet50_layer3_global_pool
images/dissertation_v1/ood/modality_shift/colour_fundus/colour_fundus_000122.png,1,modality_shift,colour_fundus,70.07830047607422,-2.8651297655810013,1.6072900939546302,0.5377777777777778,resnet50_layer3_global_pool
images/dissertation_v1/ood/modality_shift/colour_fundus/colour_fundus_000123.png,1,modality_shift,colour_fundus,76.47486877441406,-0.9846347025479228,0.8881490293979334,0.6061111111111112,resnet50_layer3_global_pool
images/dissertation_v1/ood/modality_shift/colour_fundus/colour_fundus_000124.png,1,modality_shift,colour_fundus,74.49630737304688,-1.0546685942791412,-0.40671105490726767,0.585,resnet50_layer3_global_pool
images/dissertation_v1/ood/modality_shift/colour_fundus/colour_fundus_000125.png,1,modality_shift,colour_fundus,68.64715576171875,-2.133288472070288,1.858214484382089,0.5211111111111111,resnet50_layer3_global_pool
images/dissertation_v1/ood/modality_shift/colour_fundus/colour_fundus_000126.png,1,modality_shift,colour_fundus,77.81961822509766,-1.4404573665128493,1.1069972383027973,0.6205555555555555,resnet50_layer3_global_pool
images/dissertation_v1/ood/modality_shift/colour_fundus/colour_fundus_000127.png,1,modality_shift,colour_fundus,79.08380889892578,-0.7746890914348129,0.8471894065610548,0.6305555555555555,resnet50_layer3_global_pool
images/dissertation_v1/ood/modality_shift/colour_fundus/colour_fundus_000128.png,1,modality_shift,colour_fundus,73.59394836425781,-1.002872295400364,0.44005324844110194,0.5744444444444444,resnet50_layer3_global_pool
images/dissertation_v1/ood/modality_shift/colour_fundus/colour_fundus_000132.png,1,modality_shift,colour_fundus,115.48731994628906,0.40535194735977,-0.22103326114054264,0.7238888888888889,resnet50_layer3_global_pool
images/dissertation_v1/ood/modality_shift/colour_fundus/colour_fundus_000133.png,1,modality_shift,colour_fundus,70.7133560180664,-3.5069159561978918,2.0272835513558665,0.545,resnet50_layer3_global_pool
images/dissertation_v1/ood/modality_shift/colour_fundus/colour_fundus_000135.png,1,modality_shift,colour_fundus,67.7249755859375,-2.6452406466861356,1.8441754411630802,0.5144444444444445,resnet50_layer3_global_pool
images/dissertation_v1/ood/modality_shift/colour_fundus/colour_fundus_000136.png,1,modality_shift,colour_fundus,72.72452545166016,-2.6647299556798685,2.1671824182821835,0.5666666666666667,resnet50_layer3_global_pool
images/dissertation_v1/ood/modality_shift/colour_fundus/colour_fundus_000137.png,1,modality_shift,colour_fundus,75.81836700439453,-2.304522323490705,1.294432185976911,0.5988888888888889,resnet50_layer3_global_pool
images/dissertation_v1/ood/modality_shift/colour_fundus/colour_fundus_000138.png,1,modality_shift,colour_fundus,68.70228576660156,-3.7287949449060607,3.3978707547840346,0.5216666666666666,resnet50_layer3_global_pool
images/dissertation_v1/ood/modality_shift/colour_fundus/colour_fundus_000139.png,1,modality_shift,colour_fundus,69.40982055664062,-2.4453533753936325,1.903026143584279,0.53,resnet50_layer3_global_pool
images/dissertation_v1/ood/modality_shift/colour_fundus/colour_fundus_000140.png,1,modality_shift,colour_fundus,72.62102508544922,-2.453585608519898,1.9379578245052098,0.5655555555555556,resnet50_layer3_global_pool
images/dissertation_v1/ood/modality_shift/colour_fundus/colour_fundus_000141.png,1,modality_shift,colour_fundus,77.98017883300781,-1.3713703112329352,0.977755460046655,0.6211111111111111,resnet50_layer3_global_pool
images/dissertation_v1/ood/modality_shift/colour_fundus/colour_fundus_000142.png,1,modality_shift,colour_fundus,68.00519561767578,-2.4867569085476813,1.7634660422547017,0.5188888888888888,resnet50_layer3_global_pool
images/dissertation_v1/ood/modality_shift/colour_fundus/colour_fundus_000143.png,1,modality_shift,colour_fundus,73.02115631103516,-2.4251862917886964,1.5865770484238484,0.5677777777777778,resnet50_layer3_global_pool
images/dissertation_v1/ood/modality_shift/colour_fundus/colour_fundus_000144.png,1,modality_shift,colour_fundus,67.31748962402344,-3.9732915393447428,3.5979497734253068,0.51,resnet50_layer3_global_pool
images/dissertation_v1/ood/modality_shift/colour_fundus/colour_fundus_000145.png,1,modality_shift,colour_fundus,69.46758270263672,-2.8400497008314227,1.9230417262555362,0.5305555555555556,resnet50_layer3_global_pool
images/dissertation_v1/ood/modality_shift/colour_fundus/colour_fundus_000146.png,1,modality_shift,colour_fundus,87.96137237548828,-0.9555841439402106,1.357161974483059,0.6683333333333333,resnet50_layer3_global_pool
images/dissertation_v1/ood/modality_shift/colour_fundus/colour_fundus_000147.png,1,modality_shift,colour_fundus,78.41798400878906,-1.7323308237516861,0.9010111636823592,0.6255555555555555,resnet50_layer3_global_pool
images/dissertation_v1/ood/modality_shift/colour_fundus/colour_fundus_000148.png,1,modality_shift,colour_fundus,88.67912292480469,-1.6506281904011586,0.7953578854176205,0.6722222222222223,resnet50_layer3_global_pool
images/dissertation_v1/ood/modality_shift/colour_fundus/colour_fundus_000150.png,1,modality_shift,colour_fundus,78.23173522949219,-1.7946907176782916,1.0645985890664935,0.6233333333333333,resnet50_layer3_global_pool
images/dissertation_v1/ood/modality_shift/colour_fundus/colour_fundus_000152.png,1,modality_shift,colour_fundus,78.7110595703125,-1.6863841777930968,0.8800190054333697,0.6277777777777778,resnet50_layer3_global_pool
images/dissertation_v1/ood/modality_shift/colour_fundus/colour_fundus_000153.png,1,modality_shift,colour_fundus,76.27289581298828,-2.0121233584645157,2.639485458903912,0.6027777777777777,resnet50_layer3_global_pool
images/dissertation_v1/ood/modality_shift/colour_fundus/colour_fundus_000154.png,1,modality_shift,colour_fundus,92.72164154052734,-1.7702110995996931,0.8785378046858833,0.6827777777777778,resnet50_layer3_global_pool
images/dissertation_v1/ood/modality_shift/colour_fundus/colour_fundus_000155.png,1,modality_shift,colour_fundus,76.66488647460938,-1.724882179469723,1.019647705042397,0.6088888888888889,resnet50_layer3_global_pool
images/dissertation_v1/ood/modality_shift/colour_fundus/colour_fundus_000156.png,1,modality_shift,colour_fundus,76.59012603759766,-0.9979732616510678,0.15403824618308976,0.6077777777777778,resnet50_layer3_global_pool
images/dissertation_v1/ood/modality_shift/colour_fundus/colour_fundus_000158.png,1,modality_shift,colour_fundus,88.29974365234375,-1.2219374425895322,1.1227415491570893,0.67,resnet50_layer3_global_pool
images/dissertation_v1/ood/modality_shift/colour_fundus/colour_fundus_000159.png,1,modality_shift,colour_fundus,106.62574005126952,1.6070969666660302,-0.7592993294290521,0.7127777777777777,resnet50_layer3_global_pool
images/dissertation_v1/ood/modality_shift/colour_fundus/colour_fundus_000161.png,1,modality_shift,colour_fundus,75.93549346923828,-2.237111048062915,1.7516486868713115,0.6,resnet50_layer3_global_pool
images/dissertation_v1/ood/modality_shift/colour_fundus/colour_fundus_000162.png,1,modality_shift,colour_fundus,73.09815979003906,-1.722993814728844,0.38048704112329307,0.5683333333333334,resnet50_layer3_global_pool
images/dissertation_v1/ood/modality_shift/colour_fundus/colour_fundus_000163.png,1,modality_shift,colour_fundus,67.74454498291016,-3.0703370166898063,1.853796693698492,0.5155555555555555,resnet50_layer3_global_pool
images/dissertation_v1/ood/modality_shift/colour_fundus/colour_fundus_000164.png,1,modality_shift,colour_fundus,68.15168762207031,-1.7977634782420822,1.3996461052789477,0.5194444444444445,resnet50_layer3_global_pool
images/dissertation_v1/ood/modality_shift/colour_fundus/colour_fundus_000165.png,1,modality_shift,colour_fundus,72.44496154785156,-0.7959457421329198,-0.4135691164324509,0.5633333333333334,resnet50_layer3_global_pool
images/dissertation_v1/ood/modality_shift/colour_fundus/colour_fundus_000166.png,1,modality_shift,colour_fundus,74.62580108642578,-1.0288512677589243,-0.25753174610287666,0.5883333333333334,resnet50_layer3_global_pool
images/dissertation_v1/ood/modality_shift/colour_fundus/colour_fundus_000168.png,1,modality_shift,colour_fundus,65.58895874023438,-2.9370340410043,1.9857875653874142,0.49277777777777776,resnet50_layer3_global_pool
images/dissertation_v1/ood/modality_shift/colour_fundus/colour_fundus_000169.png,1,modality_shift,colour_fundus,67.58136749267578,-2.89352894035228,1.957201497297402,0.5127777777777778,resnet50_layer3_global_pool
images/dissertation_v1/ood/modality_shift/colour_fundus/colour_fundus_000170.png,1,modality_shift,colour_fundus,73.70746612548828,-1.7547892026201921,0.2677684753604257,0.575,resnet50_layer3_global_pool
images/dissertation_v1/ood/modality_shift/colour_fundus/colour_fundus_000172.png,1,modality_shift,colour_fundus,76.29794311523438,-2.1301083764014064,1.7706219507879477,0.6033333333333334,resnet50_layer3_global_pool
images/dissertation_v1/ood/modality_shift/colour_fundus/colour_fundus_000173.png,1,modality_shift,colour_fundus,79.84498596191406,-1.0259859614243065,1.3142252466814028,0.6338888888888888,resnet50_layer3_global_pool
images/dissertation_v1/ood/modality_shift/colour_fundus/colour_fundus_000174.png,1,modality_shift,colour_fundus,78.50247955322266,-1.3918627055332715,1.6526338126366844,0.6272222222222222,resnet50_layer3_global_pool
images/dissertation_v1/ood/modality_shift/colour_fundus/colour_fundus_000177.png,1,modality_shift,colour_fundus,76.92147064208984,-2.2198084734369044,1.7984233664194684,0.6116666666666667,resnet50_layer3_global_pool
images/dissertation_v1/ood/modality_shift/colour_fundus/colour_fundus_000178.png,1,modality_shift,colour_fundus,78.80860900878906,-1.3816016561513091,1.1173863343333328,0.6294444444444445,resnet50_layer3_global_pool
images/dissertation_v1/ood/modality_shift/colour_fundus/colour_fundus_000180.png,1,modality_shift,colour_fundus,76.41521453857422,-2.3008107296828344,1.99130161127446,0.6055555555555555,resnet50_layer3_global_pool
images/dissertation_v1/ood/modality_shift/colour_fundus/colour_fundus_000182.png,1,modality_shift,colour_fundus,70.45441436767578,-2.715473482460232,2.200940984157187,0.5438888888888889,resnet50_layer3_global_pool
images/dissertation_v1/ood/modality_shift/colour_fundus/colour_fundus_000184.png,1,modality_shift,colour_fundus,77.13146209716797,-0.2816271099714353,0.4661357661045172,0.6133333333333333,resnet50_layer3_global_pool
images/dissertation_v1/ood/modality_shift/colour_fundus/colour_fundus_000185.png,1,modality_shift,colour_fundus,74.21916961669922,-1.3365696308619706,0.7604283781581932,0.5811111111111111,resnet50_layer3_global_pool
images/dissertation_v1/ood/modality_shift/colour_fundus/colour_fundus_000186.png,1,modality_shift,colour_fundus,73.11074829101562,-1.282235488017283,0.7457626881575689,0.5694444444444444,resnet50_layer3_global_pool
images/dissertation_v1/ood/modality_shift/colour_fundus/colour_fundus_000187.png,1,modality_shift,colour_fundus,69.89994049072266,-2.724348422995641,2.090381413323041,0.5366666666666666,resnet50_layer3_global_pool
images/dissertation_v1/ood/modality_shift/colour_fundus/colour_fundus_000189.png,1,modality_shift,colour_fundus,71.0372543334961,-2.5891671141496437,2.053042675737427,0.5488888888888889,resnet50_layer3_global_pool
images/dissertation_v1/ood/modality_shift/colour_fundus/colour_fundus_000190.png,1,modality_shift,colour_fundus,77.73705291748047,-1.7011990485603876,1.9545326702318497,0.6194444444444445,resnet50_layer3_global_pool
images/dissertation_v1/ood/modality_shift/colour_fundus/colour_fundus_000191.png,1,modality_shift,colour_fundus,96.28070831298828,0.6544546226945793,-0.40482313923269897,0.6933333333333334,resnet50_layer3_global_pool
images/dissertation_v1/ood/modality_shift/colour_fundus/colour_fundus_000194.png,1,modality_shift,colour_fundus,75.37622833251953,-1.940838008524437,1.7293458857290256,0.5938888888888889,resnet50_layer3_global_pool
images/dissertation_v1/ood/modality_shift/colour_fundus/colour_fundus_000195.png,1,modality_shift,colour_fundus,71.57833099365234,-2.7148617204796324,2.238084155315215,0.5561111111111111,resnet50_layer3_global_pool
images/dissertation_v1/ood/modality_shift/colour_fundus/colour_fundus_000197.png,1,modality_shift,colour_fundus,80.897705078125,-0.7972928680484108,0.6093656928973175,0.6411111111111111,resnet50_layer3_global_pool
images/dissertation_v1/ood/modality_shift/colour_fundus/colour_fundus_000198.png,1,modality_shift,colour_fundus,81.2286605834961,-0.4231262286355685,0.921478107848661,0.6416666666666667,resnet50_layer3_global_pool
images/dissertation_v1/ood/sensory_artifact/composite_layout/artifact_000000_03_composite_layout.png,1,sensory_artifact,composite_layout,144.52377319335938,-3.0340349794888164,0.08924144183319976,0.7805555555555556,resnet50_layer3_global_pool
images/dissertation_v1/ood/sensory_artifact/composite_layout/artifact_000001_03_composite_layout.png,1,sensory_artifact,composite_layout,136.47430419921875,-5.141722185151293,4.172980461697988,0.7461111111111111,resnet50_layer3_global_pool
images/dissertation_v1/ood/sensory_artifact/composite_layout/artifact_000002_03_composite_layout.png,1,sensory_artifact,composite_layout,123.8673095703125,-3.4529243823358073,2.1311793492167053,0.7311111111111112,resnet50_layer3_global_pool
images/dissertation_v1/ood/sensory_artifact/composite_layout/artifact_000003_03_composite_layout.png,1,sensory_artifact,composite_layout,151.5558624267578,-4.54269786756457,3.153264837926138,0.8422222222222222,resnet50_layer3_global_pool
images/dissertation_v1/ood/sensory_artifact/composite_layout/artifact_000004_03_composite_layout.png,1,sensory_artifact,composite_layout,157.9600067138672,-1.564168063671176,-1.3407748152883494,0.8883333333333333,resnet50_layer3_global_pool
images/dissertation_v1/ood/sensory_artifact/composite_layout/artifact_000005_03_composite_layout.png,1,sensory_artifact,composite_layout,154.83755493164062,-4.627163220406061,3.631467541439046,0.8755555555555555,resnet50_layer3_global_pool
images/dissertation_v1/ood/sensory_artifact/composite_layout/artifact_000006_03_composite_layout.png,1,sensory_artifact,composite_layout,144.87864685058594,-3.986721561061433,1.8443235152701625,0.7827777777777778,resnet50_layer3_global_pool
images/dissertation_v1/ood/sensory_artifact/composite_layout/artifact_000007_03_composite_layout.png,1,sensory_artifact,composite_layout,153.33811950683594,-2.342635506754474,-2.9396081431776158,0.8622222222222222,resnet50_layer3_global_pool
images/dissertation_v1/ood/sensory_artifact/composite_layout/artifact_000008_03_composite_layout.png,1,sensory_artifact,composite_layout,152.2738494873047,-2.034336706143985,-0.9977410502807946,0.8488888888888889,resnet50_layer3_global_pool
images/dissertation_v1/ood/sensory_artifact/composite_layout/artifact_000009_03_composite_layout.png,1,sensory_artifact,composite_layout,155.70361328125,-1.6807462281022303,0.4506883682504359,0.8811111111111111,resnet50_layer3_global_pool
images/dissertation_v1/ood/sensory_artifact/composite_layout/artifact_000010_03_composite_layout.png,1,sensory_artifact,composite_layout,162.23782348632812,-3.397498110200376,2.552404579786111,0.8988888888888888,resnet50_layer3_global_pool
images/dissertation_v1/ood/sensory_artifact/composite_layout/artifact_000011_03_composite_layout.png,1,sensory_artifact,composite_layout,141.88778686523438,-3.5315599329846417,1.7162818176394772,0.7638888888888888,resnet50_layer3_global_pool
images/dissertation_v1/ood/sensory_artifact/composite_layout/artifact_000012_03_composite_layout.png,1,sensory_artifact,composite_layout,153.5270233154297,-2.1119526336887837,-2.177004945688681,0.8638888888888889,resnet50_layer3_global_pool
images/dissertation_v1/ood/sensory_artifact/composite_layout/artifact_000013_03_composite_layout.png,1,sensory_artifact,composite_layout,126.45816802978516,-3.871871126084385,3.140649688617582,0.7333333333333333,resnet50_layer3_global_pool
images/dissertation_v1/ood/sensory_artifact/composite_layout/artifact_000014_03_composite_layout.png,1,sensory_artifact,composite_layout,152.5400390625,-1.4226773357095952,-1.386095570472734,0.8522222222222222,resnet50_layer3_global_pool
images/dissertation_v1/ood/sensory_artifact/composite_layout/artifact_000015_03_composite_layout.png,1,sensory_artifact,composite_layout,151.66702270507812,-4.423891449244115,2.2168599656863464,0.8427777777777777,resnet50_layer3_global_pool
images/dissertation_v1/ood/sensory_artifact/composite_layout/artifact_000016_03_composite_layout.png,1,sensory_artifact,composite_layout,166.5737762451172,-4.680732333352929,3.0355607322639333,0.9044444444444445,resnet50_layer3_global_pool
images/dissertation_v1/ood/sensory_artifact/composite_layout/artifact_000017_03_composite_layout.png,1,sensory_artifact,composite_layout,181.4884490966797,-1.4613288195000256,-0.8964998786181899,0.9088888888888889,resnet50_layer3_global_pool
images/dissertation_v1/ood/sensory_artifact/composite_layout/artifact_000018_03_composite_layout.png,1,sensory_artifact,composite_layout,148.84161376953125,-0.5891104783669655,-0.5092820279538897,0.8133333333333334,resnet50_layer3_global_pool
images/dissertation_v1/ood/sensory_artifact/composite_layout/artifact_000019_03_composite_layout.png,1,sensory_artifact,composite_layout,152.3804473876953,-2.4964974770616264,-1.1047527316318062,0.8494444444444444,resnet50_layer3_global_pool
images/dissertation_v1/ood/sensory_artifact/composite_layout/artifact_000020_03_composite_layout.png,1,sensory_artifact,composite_layout,138.98899841308594,-4.810463697547068,3.7570518470451093,0.7522222222222222,resnet50_layer3_global_pool
images/dissertation_v1/ood/sensory_artifact/composite_layout/artifact_000021_03_composite_layout.png,1,sensory_artifact,composite_layout,157.7192840576172,-1.8221287721984716,-2.3250159262112877,0.8866666666666667,resnet50_layer3_global_pool
images/dissertation_v1/ood/sensory_artifact/composite_layout/artifact_000022_03_composite_layout.png,1,sensory_artifact,composite_layout,136.31594848632812,-2.806402582000341,0.5015276869880015,0.745,resnet50_layer3_global_pool
images/dissertation_v1/ood/sensory_artifact/composite_layout/artifact_000023_03_composite_layout.png,1,sensory_artifact,composite_layout,152.76922607421875,-5.198888515391997,3.2493277374798297,0.8561111111111112,resnet50_layer3_global_pool
images/dissertation_v1/ood/sensory_artifact/composite_layout/artifact_000024_03_composite_layout.png,1,sensory_artifact,composite_layout,138.22837829589844,-5.0589003184330945,4.253171314561292,0.7494444444444445,resnet50_layer3_global_pool
images/dissertation_v1/ood/sensory_artifact/composite_layout/artifact_000025_03_composite_layout.png,1,sensory_artifact,composite_layout,153.0285186767578,-4.445551860729473,3.2610629930530353,0.8594444444444445,resnet50_layer3_global_pool
images/dissertation_v1/ood/sensory_artifact/composite_layout/artifact_000026_03_composite_layout.png,1,sensory_artifact,composite_layout,145.9420166015625,-3.5415786494718047,1.207754968965524,0.7922222222222223,resnet50_layer3_global_pool
images/dissertation_v1/ood/sensory_artifact/composite_layout/artifact_000027_03_composite_layout.png,1,sensory_artifact,composite_layout,137.9723663330078,-4.511595246739358,2.7879631861013703,0.7477777777777778,resnet50_layer3_global_pool
images/dissertation_v1/ood/sensory_artifact/composite_layout/artifact_000028_03_composite_layout.png,1,sensory_artifact,composite_layout,149.13658142089844,-1.7509677752946442,-1.8528422565257907,0.8172222222222222,resnet50_layer3_global_pool
images/dissertation_v1/ood/sensory_artifact/composite_layout/artifact_000029_03_composite_layout.png,1,sensory_artifact,composite_layout,142.06112670898438,-4.980686734051838,4.499504796810654,0.7655555555555555,resnet50_layer3_global_pool
images/dissertation_v1/ood/sensory_artifact/composite_layout/artifact_000030_03_composite_layout.png,1,sensory_artifact,composite_layout,138.6222686767578,-0.8278530968367707,-1.2744639858060365,0.7511111111111111,resnet50_layer3_global_pool
images/dissertation_v1/ood/sensory_artifact/composite_layout/artifact_000031_03_composite_layout.png,1,sensory_artifact,composite_layout,161.21742248535156,-1.4957644124490506,-2.5237712856098855,0.8961111111111111,resnet50_layer3_global_pool
images/dissertation_v1/ood/sensory_artifact/composite_layout/artifact_000032_03_composite_layout.png,1,sensory_artifact,composite_layout,152.6952667236328,-1.2052474406561295,-3.336802354249132,0.8544444444444445,resnet50_layer3_global_pool
images/dissertation_v1/ood/sensory_artifact/composite_layout/artifact_000033_03_composite_layout.png,1,sensory_artifact,composite_layout,148.29249572753906,-3.5370593975122278,0.23279034981915875,0.8122222222222222,resnet50_layer3_global_pool
images/dissertation_v1/ood/sensory_artifact/composite_layout/artifact_000034_03_composite_layout.png,1,sensory_artifact,composite_layout,130.15252685546875,-4.248271191377276,3.126530553278568,0.7361111111111112,resnet50_layer3_global_pool
images/dissertation_v1/ood/sensory_artifact/composite_layout/artifact_000035_03_composite_layout.png,1,sensory_artifact,composite_layout,141.92813110351562,-2.9842892126906135,2.9515448702703937,0.7644444444444445,resnet50_layer3_global_pool
images/dissertation_v1/ood/sensory_artifact/composite_layout/artifact_000036_03_composite_layout.png,1,sensory_artifact,composite_layout,154.34555053710938,-1.532269045876511,-2.6499077004264193,0.8716666666666667,resnet50_layer3_global_pool
images/dissertation_v1/ood/sensory_artifact/composite_layout/artifact_000037_03_composite_layout.png,1,sensory_artifact,composite_layout,148.48922729492188,-2.1179364592934586,-0.965457018647694,0.8127777777777778,resnet50_layer3_global_pool
images/dissertation_v1/ood/sensory_artifact/composite_layout/artifact_000038_03_composite_layout.png,1,sensory_artifact,composite_layout,139.31227111816406,-2.9851334438066877,-0.5588185816620062,0.7538888888888889,resnet50_layer3_global_pool
images/dissertation_v1/ood/sensory_artifact/composite_layout/artifact_000039_03_composite_layout.png,1,sensory_artifact,composite_layout,162.04420471191406,-1.8747398112779485,-1.8876954559009949,0.8983333333333333,resnet50_layer3_global_pool
images/dissertation_v1/ood/sensory_artifact/composite_layout/artifact_000040_03_composite_layout.png,1,sensory_artifact,composite_layout,148.2837677001953,-4.039008057753559,1.7014590150072348,0.8116666666666666,resnet50_layer3_global_pool
images/dissertation_v1/ood/sensory_artifact/composite_layout/artifact_000041_03_composite_layout.png,1,sensory_artifact,composite_layout,162.79690551757812,-1.109970177469341,-0.19789799081370069,0.9011111111111111,resnet50_layer3_global_pool
images/dissertation_v1/ood/sensory_artifact/composite_layout/artifact_000042_03_composite_layout.png,1,sensory_artifact,composite_layout,146.84353637695312,-5.017053425383459,3.4440495132193676,0.7966666666666666,resnet50_layer3_global_pool
images/dissertation_v1/ood/sensory_artifact/composite_layout/artifact_000043_03_composite_layout.png,1,sensory_artifact,composite_layout,156.28240966796875,-1.8368424316320686,-1.5688197569466438,0.8844444444444445,resnet50_layer3_global_pool
images/dissertation_v1/ood/sensory_artifact/composite_layout/artifact_000044_03_composite_layout.png,1,sensory_artifact,composite_layout,137.1459503173828,-3.8289410853040446,1.1144756317001634,0.7466666666666667,resnet50_layer3_global_pool
images/dissertation_v1/ood/sensory_artifact/composite_layout/artifact_000045_03_composite_layout.png,1,sensory_artifact,composite_layout,134.88804626464844,-1.542483677061597,-2.471120789698071,0.7416666666666667,resnet50_layer3_global_pool
images/dissertation_v1/ood/sensory_artifact/composite_layout/artifact_000046_03_composite_layout.png,1,sensory_artifact,composite_layout,175.38218688964844,-0.9636154106747693,-1.1559379859228218,0.9072222222222223,resnet50_layer3_global_pool
images/dissertation_v1/ood/sensory_artifact/composite_layout/artifact_000047_03_composite_layout.png,1,sensory_artifact,composite_layout,151.40280151367188,-0.9249770790618328,-2.7654133159040852,0.84,resnet50_layer3_global_pool
images/dissertation_v1/ood/sensory_artifact/composite_layout/artifact_000048_03_composite_layout.png,1,sensory_artifact,composite_layout,153.7209930419922,-5.020542003601357,3.445981737060164,0.8655555555555555,resnet50_layer3_global_pool
images/dissertation_v1/ood/sensory_artifact/composite_layout/artifact_000049_03_composite_layout.png,1,sensory_artifact,composite_layout,161.2653045654297,-1.9962458459762975,-2.195243682579196,0.8966666666666666,resnet50_layer3_global_pool
images/dissertation_v1/ood/sensory_artifact/composite_layout/artifact_000050_03_composite_layout.png,1,sensory_artifact,composite_layout,123.13865661621094,-3.060280787912524,2.3988550445830423,0.7294444444444445,resnet50_layer3_global_pool
images/dissertation_v1/ood/sensory_artifact/composite_layout/artifact_000051_03_composite_layout.png,1,sensory_artifact,composite_layout,156.0055389404297,-2.366459749485316,-0.17693055756553663,0.8833333333333333,resnet50_layer3_global_pool
images/dissertation_v1/ood/sensory_artifact/composite_layout/artifact_000052_03_composite_layout.png,1,sensory_artifact,composite_layout,159.84510803222656,-1.3023085807746346,-1.8771400802515321,0.8922222222222222,resnet50_layer3_global_pool
images/dissertation_v1/ood/sensory_artifact/composite_layout/artifact_000053_03_composite_layout.png,1,sensory_artifact,composite_layout,156.0942840576172,-1.1182962537756929,-2.9032257754760353,0.8838888888888888,resnet50_layer3_global_pool
images/dissertation_v1/ood/sensory_artifact/composite_layout/artifact_000054_03_composite_layout.png,1,sensory_artifact,composite_layout,150.01278686523438,-3.5136804509099075,1.916268007303522,0.8255555555555556,resnet50_layer3_global_pool
images/dissertation_v1/ood/sensory_artifact/composite_layout/artifact_000055_03_composite_layout.png,1,sensory_artifact,composite_layout,159.6115264892578,-4.251969740671528,3.940829220258151,0.8911111111111111,resnet50_layer3_global_pool
images/dissertation_v1/ood/sensory_artifact/composite_layout/artifact_000056_03_composite_layout.png,1,sensory_artifact,composite_layout,152.77720642089844,-2.1831419731411263,-1.329813370697195,0.8566666666666667,resnet50_layer3_global_pool
images/dissertation_v1/ood/sensory_artifact/composite_layout/artifact_000057_03_composite_layout.png,1,sensory_artifact,composite_layout,139.31166076660156,-3.89139123175532,2.045724147366461,0.7533333333333333,resnet50_layer3_global_pool
images/dissertation_v1/ood/sensory_artifact/composite_layout/artifact_000058_03_composite_layout.png,1,sensory_artifact,composite_layout,144.09414672851562,-3.516534244575044,0.8727814434756804,0.7783333333333333,resnet50_layer3_global_pool
images/dissertation_v1/ood/sensory_artifact/composite_layout/artifact_000059_03_composite_layout.png,1,sensory_artifact,composite_layout,160.06396484375,-1.572025324869899,-2.387592156738793,0.8938888888888888,resnet50_layer3_global_pool
images/dissertation_v1/ood/sensory_artifact/composite_layout/artifact_000060_03_composite_layout.png,1,sensory_artifact,composite_layout,151.1282958984375,-1.7162978747289748,-1.6334237446611177,0.8377777777777777,resnet50_layer3_global_pool
images/dissertation_v1/ood/sensory_artifact/composite_layout/artifact_000061_03_composite_layout.png,1,sensory_artifact,composite_layout,150.9952392578125,-4.663129592409993,3.3389091662235013,0.835,resnet50_layer3_global_pool
images/dissertation_v1/ood/sensory_artifact/composite_layout/artifact_000062_03_composite_layout.png,1,sensory_artifact,composite_layout,142.97067260742188,-2.5238501530125417,-0.8206493887897958,0.7711111111111111,resnet50_layer3_global_pool
images/dissertation_v1/ood/sensory_artifact/composite_layout/artifact_000063_03_composite_layout.png,1,sensory_artifact,composite_layout,139.97035217285156,-5.085079519022698,4.485939896257651,0.7572222222222222,resnet50_layer3_global_pool
images/dissertation_v1/ood/sensory_artifact/composite_layout/artifact_000064_03_composite_layout.png,1,sensory_artifact,composite_layout,159.75547790527344,-4.738392611035066,3.863168332414405,0.8916666666666667,resnet50_layer3_global_pool
images/dissertation_v1/ood/sensory_artifact/composite_layout/artifact_000065_03_composite_layout.png,1,sensory_artifact,composite_layout,152.64866638183594,-1.6198277397575775,-2.3526076446671276,0.8538888888888889,resnet50_layer3_global_pool
images/dissertation_v1/ood/sensory_artifact/composite_layout/artifact_000066_03_composite_layout.png,1,sensory_artifact,composite_layout,143.93600463867188,-3.1888410006214176,0.2552871413406879,0.7761111111111111,resnet50_layer3_global_pool
images/dissertation_v1/ood/sensory_artifact/composite_layout/artifact_000067_03_composite_layout.png,1,sensory_artifact,composite_layout,162.71640014648438,-2.1848915362861816,-2.03199212108584,0.9,resnet50_layer3_global_pool
images/dissertation_v1/ood/sensory_artifact/composite_layout/artifact_000068_03_composite_layout.png,1,sensory_artifact,composite_layout,147.93753051757812,-4.890399923590349,3.2630317128060446,0.8066666666666666,resnet50_layer3_global_pool
images/dissertation_v1/ood/sensory_artifact/composite_layout/artifact_000069_03_composite_layout.png,1,sensory_artifact,composite_layout,167.5358123779297,-2.068581263187876,-2.7237905379393483,0.9055555555555556,resnet50_layer3_global_pool
images/dissertation_v1/ood/sensory_artifact/composite_layout/artifact_000070_03_composite_layout.png,1,sensory_artifact,composite_layout,138.50831604003906,-3.4596269844444634,1.5852156151088328,0.75,resnet50_layer3_global_pool
images/dissertation_v1/ood/sensory_artifact/composite_layout/artifact_000071_03_composite_layout.png,1,sensory_artifact,composite_layout,161.32505798339844,-5.027579602583896,4.47357704318901,0.8972222222222223,resnet50_layer3_global_pool
images/dissertation_v1/ood/sensory_artifact/composite_layout/artifact_000072_03_composite_layout.png,1,sensory_artifact,composite_layout,163.19866943359375,-0.7653454314138051,-1.676671622580896,0.9016666666666666,resnet50_layer3_global_pool
images/dissertation_v1/ood/sensory_artifact/composite_layout/artifact_000073_03_composite_layout.png,1,sensory_artifact,composite_layout,149.9780731201172,-1.5780498517376431,-1.5308017252530899,0.825,resnet50_layer3_global_pool
images/dissertation_v1/ood/sensory_artifact/composite_layout/artifact_000074_03_composite_layout.png,1,sensory_artifact,composite_layout,146.96987915039062,-2.8959365219010356,3.3421339899124227,0.7994444444444444,resnet50_layer3_global_pool
images/dissertation_v1/ood/sensory_artifact/composite_layout/artifact_000075_03_composite_layout.png,1,sensory_artifact,composite_layout,159.99984741210938,-3.8046252747253586,1.4821824118847662,0.8933333333333333,resnet50_layer3_global_pool
images/dissertation_v1/ood/sensory_artifact/composite_layout/artifact_000076_03_composite_layout.png,1,sensory_artifact,composite_layout,152.39932250976562,-4.42174333002339,3.042147107245297,0.85,resnet50_layer3_global_pool
images/dissertation_v1/ood/sensory_artifact/composite_layout/artifact_000077_03_composite_layout.png,1,sensory_artifact,composite_layout,152.02542114257812,-4.150321065610189,2.7771506961452284,0.8466666666666667,resnet50_layer3_global_pool
images/dissertation_v1/ood/sensory_artifact/composite_layout/artifact_000078_03_composite_layout.png,1,sensory_artifact,composite_layout,160.71044921875,-3.912237578842389,2.6322476681281897,0.8955555555555555,resnet50_layer3_global_pool
images/dissertation_v1/ood/sensory_artifact/composite_layout/artifact_000079_03_composite_layout.png,1,sensory_artifact,composite_layout,145.13311767578125,-2.2313351056588413,-1.9558757499581547,0.7844444444444445,resnet50_layer3_global_pool
images/dissertation_v1/ood/sensory_artifact/composite_layout/artifact_000080_03_composite_layout.png,1,sensory_artifact,composite_layout,146.8948516845703,-2.1848541049194807,-1.6291873535584724,0.7983333333333333,resnet50_layer3_global_pool
images/dissertation_v1/ood/sensory_artifact/composite_layout/artifact_000081_03_composite_layout.png,1,sensory_artifact,composite_layout,154.889404296875,-4.617959552802629,3.2291967753474276,0.8766666666666667,resnet50_layer3_global_pool
images/dissertation_v1/ood/sensory_artifact/composite_layout/artifact_000082_03_composite_layout.png,1,sensory_artifact,composite_layout,148.86410522460938,-3.5981047561139508,2.5323686021647847,0.8138888888888889,resnet50_layer3_global_pool
images/dissertation_v1/ood/sensory_artifact/composite_layout/artifact_000083_03_composite_layout.png,1,sensory_artifact,composite_layout,139.51333618164062,-3.4364858917738053,0.030394573886260056,0.7555555555555555,resnet50_layer3_global_pool
images/dissertation_v1/ood/sensory_artifact/composite_layout/artifact_000084_03_composite_layout.png,1,sensory_artifact,composite_layout,145.4342498779297,-3.945572024959595,2.9361650486777253,0.7894444444444444,resnet50_layer3_global_pool
images/dissertation_v1/ood/sensory_artifact/composite_layout/artifact_000085_03_composite_layout.png,1,sensory_artifact,composite_layout,165.30636596679688,-0.2753182850987673,-1.5753226548798542,0.9027777777777778,resnet50_layer3_global_pool
images/dissertation_v1/ood/sensory_artifact/composite_layout/artifact_000086_03_composite_layout.png,1,sensory_artifact,composite_layout,155.50144958496094,-2.034508192512247,-2.533639593101016,0.88,resnet50_layer3_global_pool
images/dissertation_v1/ood/sensory_artifact/composite_layout/artifact_000087_03_composite_layout.png,1,sensory_artifact,composite_layout,145.25486755371094,-2.4659467398177175,-0.4924423943317436,0.7855555555555556,resnet50_layer3_global_pool
images/dissertation_v1/ood/sensory_artifact/composite_layout/artifact_000088_03_composite_layout.png,1,sensory_artifact,composite_layout,153.97190856933594,-2.089675500306948,-1.5826016846512139,0.8683333333333333,resnet50_layer3_global_pool
images/dissertation_v1/ood/sensory_artifact/composite_layout/artifact_000089_03_composite_layout.png,1,sensory_artifact,composite_layout,145.6339111328125,-2.1971126007627384,-1.1969801495593562,0.7905555555555556,resnet50_layer3_global_pool
images/dissertation_v1/ood/sensory_artifact/composite_layout/artifact_000090_03_composite_layout.png,1,sensory_artifact,composite_layout,144.71347045898438,-3.030570317533966,-0.060241924989108964,0.7816666666666666,resnet50_layer3_global_pool
images/dissertation_v1/ood/sensory_artifact/composite_layout/artifact_000091_03_composite_layout.png,1,sensory_artifact,composite_layout,152.02001953125,-1.8347511451450629,-1.4847649136885288,0.8461111111111111,resnet50_layer3_global_pool
images/dissertation_v1/ood/sensory_artifact/composite_layout/artifact_000092_03_composite_layout.png,1,sensory_artifact,composite_layout,151.32455444335938,-3.289194602472548,-0.9438395278136236,0.8394444444444444,resnet50_layer3_global_pool
images/dissertation_v1/ood/sensory_artifact/composite_layout/artifact_000093_03_composite_layout.png,1,sensory_artifact,composite_layout,162.2608184814453,-0.7468593459496823,-1.2994132076444762,0.8994444444444445,resnet50_layer3_global_pool
images/dissertation_v1/ood/sensory_artifact/composite_layout/artifact_000094_03_composite_layout.png,1,sensory_artifact,composite_layout,154.35325622558594,-4.996143474164538,2.8464259498664806,0.8727777777777778,resnet50_layer3_global_pool
images/dissertation_v1/ood/sensory_artifact/composite_layout/artifact_000095_03_composite_layout.png,1,sensory_artifact,composite_layout,155.84942626953125,-1.8200717524339398,-1.9949307414924378,0.8822222222222222,resnet50_layer3_global_pool
images/dissertation_v1/ood/sensory_artifact/composite_layout/artifact_000096_03_composite_layout.png,1,sensory_artifact,composite_layout,146.59747314453125,-2.1045176126239284,-2.1100181029465093,0.795,resnet50_layer3_global_pool
images/dissertation_v1/ood/sensory_artifact/composite_layout/artifact_000097_03_composite_layout.png,1,sensory_artifact,composite_layout,146.81842041015625,-3.8523488530294347,0.714285382939049,0.7961111111111111,resnet50_layer3_global_pool
images/dissertation_v1/ood/sensory_artifact/composite_layout/artifact_000098_03_composite_layout.png,1,sensory_artifact,composite_layout,142.08816528320312,-2.6678205161894097,-0.4921641182775078,0.7661111111111111,resnet50_layer3_global_pool
images/dissertation_v1/ood/sensory_artifact/composite_layout/artifact_000099_03_composite_layout.png,1,sensory_artifact,composite_layout,146.18406677246094,-2.297014146950402,-1.4338469282332353,0.7933333333333333,resnet50_layer3_global_pool
images/dissertation_v1/ood/sensory_artifact/composite_layout/artifact_000100_03_composite_layout.png,1,sensory_artifact,composite_layout,153.5851287841797,-0.6348118165491127,-2.48764679771484,0.8644444444444445,resnet50_layer3_global_pool
images/dissertation_v1/ood/sensory_artifact/composite_layout/artifact_000101_03_composite_layout.png,1,sensory_artifact,composite_layout,133.89967346191406,-2.3005432035401676,-2.2009625621047855,0.7405555555555555,resnet50_layer3_global_pool
images/dissertation_v1/ood/sensory_artifact/composite_layout/artifact_000102_03_composite_layout.png,1,sensory_artifact,composite_layout,165.8971405029297,-4.445947847346888,2.892779434417554,0.9033333333333333,resnet50_layer3_global_pool
images/dissertation_v1/ood/sensory_artifact/composite_layout/artifact_000103_03_composite_layout.png,1,sensory_artifact,composite_layout,150.99754333496094,-1.4606496015392656,-3.2725769874421196,0.8355555555555556,resnet50_layer3_global_pool
images/dissertation_v1/ood/sensory_artifact/composite_layout/artifact_000104_03_composite_layout.png,1,sensory_artifact,composite_layout,139.3770294189453,-2.788451468077484,0.26976754487784405,0.7544444444444445,resnet50_layer3_global_pool
images/dissertation_v1/ood/sensory_artifact/composite_layout/artifact_000105_03_composite_layout.png,1,sensory_artifact,composite_layout,160.5125274658203,-4.299516499935001,2.8461861334274863,0.8944444444444445,resnet50_layer3_global_pool
images/dissertation_v1/ood/sensory_artifact/composite_layout/artifact_000106_03_composite_layout.png,1,sensory_artifact,composite_layout,154.32948303222656,-1.6654772448312936,-1.7086357112541306,0.8711111111111111,resnet50_layer3_global_pool
images/dissertation_v1/ood/sensory_artifact/composite_layout/artifact_000107_03_composite_layout.png,1,sensory_artifact,composite_layout,149.89988708496094,-2.3988756759681165,-2.091675990331581,0.8238888888888889,resnet50_layer3_global_pool
images/dissertation_v1/ood/sensory_artifact/composite_layout/artifact_000108_03_composite_layout.png,1,sensory_artifact,composite_layout,126.93840789794922,-1.1469939986172886,-2.4995708209794163,0.7338888888888889,resnet50_layer3_global_pool
images/dissertation_v1/ood/sensory_artifact/composite_layout/artifact_000109_03_composite_layout.png,1,sensory_artifact,composite_layout,154.19815063476562,-3.600975668164144,1.0668814604654229,0.8694444444444445,resnet50_layer3_global_pool
images/dissertation_v1/ood/sensory_artifact/composite_layout/artifact_000110_03_composite_layout.png,1,sensory_artifact,composite_layout,166.08721923828125,-2.669517929230321,1.2082456733992093,0.9038888888888889,resnet50_layer3_global_pool
images/dissertation_v1/ood/sensory_artifact/composite_layout/artifact_000111_03_composite_layout.png,1,sensory_artifact,composite_layout,160.64984130859375,-0.6196309992204466,-1.1457590267295592,0.895,resnet50_layer3_global_pool
images/dissertation_v1/ood/sensory_artifact/composite_layout/artifact_000112_03_composite_layout.png,1,sensory_artifact,composite_layout,167.17324829101562,-1.6447030567174552,-1.4896370523437426,0.905,resnet50_layer3_global_pool
images/dissertation_v1/ood/sensory_artifact/composite_layout/artifact_000113_03_composite_layout.png,1,sensory_artifact,composite_layout,151.71652221679688,-1.3006788215313123,-2.983222899052073,0.8438888888888889,resnet50_layer3_global_pool
images/dissertation_v1/ood/sensory_artifact/composite_layout/artifact_000114_03_composite_layout.png,1,sensory_artifact,composite_layout,154.39773559570312,-1.6446940305394053,-1.3530782951873943,0.8738888888888889,resnet50_layer3_global_pool
images/dissertation_v1/ood/sensory_artifact/composite_layout/artifact_000115_03_composite_layout.png,1,sensory_artifact,composite_layout,147.67022705078125,-4.566279392181535,1.4083131301010197,0.8038888888888889,resnet50_layer3_global_pool
images/dissertation_v1/ood/sensory_artifact/composite_layout/artifact_000116_03_composite_layout.png,1,sensory_artifact,composite_layout,130.2462921142578,-3.5073880034887037,1.5160797826371755,0.7366666666666667,resnet50_layer3_global_pool
images/dissertation_v1/ood/sensory_artifact/composite_layout/artifact_000117_03_composite_layout.png,1,sensory_artifact,composite_layout,162.76748657226562,-0.4193444008040162,-2.2786054820920643,0.9005555555555556,resnet50_layer3_global_pool
images/dissertation_v1/ood/sensory_artifact/composite_layout/artifact_000118_03_composite_layout.png,1,sensory_artifact,composite_layout,150.1382293701172,-3.8790035417119677,0.7243352653193305,0.8266666666666667,resnet50_layer3_global_pool
images/dissertation_v1/ood/sensory_artifact/composite_layout/artifact_000119_03_composite_layout.png,1,sensory_artifact,composite_layout,149.06629943847656,-2.0374327091925544,-2.497839471710596,0.8161111111111111,resnet50_layer3_global_pool
images/dissertation_v1/ood/sensory_artifact/composite_layout/artifact_000120_03_composite_layout.png,1,sensory_artifact,composite_layout,150.35556030273438,-2.2690960249809717,-1.3482052812920953,0.8283333333333334,resnet50_layer3_global_pool
images/dissertation_v1/ood/sensory_artifact/composite_layout/artifact_000121_03_composite_layout.png,1,sensory_artifact,composite_layout,143.1669158935547,-2.1291058554621265,-2.4769412537206352,0.7716666666666666,resnet50_layer3_global_pool
images/dissertation_v1/ood/sensory_artifact/composite_layout/artifact_000122_03_composite_layout.png,1,sensory_artifact,composite_layout,135.28604125976562,-5.048220727171551,3.8851801152669623,0.7422222222222222,resnet50_layer3_global_pool
images/dissertation_v1/ood/sensory_artifact/composite_layout/artifact_000123_03_composite_layout.png,1,sensory_artifact,composite_layout,165.29818725585938,-4.568320436831362,3.051168268152482,0.9022222222222223,resnet50_layer3_global_pool
images/dissertation_v1/ood/sensory_artifact/composite_layout/artifact_000124_03_composite_layout.png,1,sensory_artifact,composite_layout,152.53329467773438,-5.054829269114126,4.142629154504811,0.8516666666666667,resnet50_layer3_global_pool
images/dissertation_v1/ood/sensory_artifact/composite_layout/artifact_000125_03_composite_layout.png,1,sensory_artifact,composite_layout,141.49990844726562,-2.6267190410214747,-1.0415136629909427,0.7611111111111111,resnet50_layer3_global_pool
images/dissertation_v1/ood/sensory_artifact/composite_layout/artifact_000126_03_composite_layout.png,1,sensory_artifact,composite_layout,132.5221710205078,-3.8721138937986304,2.4541388104069797,0.7388888888888889,resnet50_layer3_global_pool
images/dissertation_v1/ood/sensory_artifact/composite_layout/artifact_000127_03_composite_layout.png,1,sensory_artifact,composite_layout,145.3681182861328,-1.9045053256604483,-2.5697055267116133,0.7877777777777778,resnet50_layer3_global_pool
images/dissertation_v1/ood/sensory_artifact/composite_layout/artifact_000128_03_composite_layout.png,1,sensory_artifact,composite_layout,151.45765686035156,-2.0297810597716976,-1.1136115074684407,0.8411111111111111,resnet50_layer3_global_pool
images/dissertation_v1/ood/sensory_artifact/composite_layout/artifact_000129_03_composite_layout.png,1,sensory_artifact,composite_layout,153.23284912109375,-1.2669642883196248,-1.8337752487315373,0.8611111111111112,resnet50_layer3_global_pool
images/dissertation_v1/ood/sensory_artifact/composite_layout/artifact_000130_03_composite_layout.png,1,sensory_artifact,composite_layout,143.24429321289062,-1.888097619068063,-2.7350754780774666,0.7722222222222223,resnet50_layer3_global_pool
images/dissertation_v1/ood/sensory_artifact/composite_layout/artifact_000131_03_composite_layout.png,1,sensory_artifact,composite_layout,177.7327880859375,-1.4874463733533752,-1.4677227830386699,0.9083333333333333,resnet50_layer3_global_pool
images/dissertation_v1/ood/sensory_artifact/composite_layout/artifact_000132_03_composite_layout.png,1,sensory_artifact,composite_layout,142.96527099609375,-2.376726590979247,-1.2260627192690978,0.7705555555555555,resnet50_layer3_global_pool
images/dissertation_v1/ood/sensory_artifact/composite_layout/artifact_000133_03_composite_layout.png,1,sensory_artifact,composite_layout,136.23085021972656,-2.6257399084872586,-1.250342362798138,0.7444444444444445,resnet50_layer3_global_pool
images/dissertation_v1/ood/sensory_artifact/composite_layout/artifact_000134_03_composite_layout.png,1,sensory_artifact,composite_layout,154.37086486816406,-1.5035617107588064,-1.669196040879299,0.8733333333333333,resnet50_layer3_global_pool
images/dissertation_v1/ood/sensory_artifact/composite_layout/artifact_000135_03_composite_layout.png,1,sensory_artifact,composite_layout,140.06243896484375,-4.519478009912832,2.9086471400646245,0.7577777777777778,resnet50_layer3_global_pool
images/dissertation_v1/ood/sensory_artifact/composite_layout/artifact_000136_03_composite_layout.png,1,sensory_artifact,composite_layout,132.24191284179688,-4.8276104362389995,3.4574859474469775,0.7383333333333333,resnet50_layer3_global_pool
images/dissertation_v1/ood/sensory_artifact/composite_layout/artifact_000137_03_composite_layout.png,1,sensory_artifact,composite_layout,139.44651794433594,-3.2447876997058427,0.6101588743650971,0.755,resnet50_layer3_global_pool
images/dissertation_v1/ood/sensory_artifact/composite_layout/artifact_000138_03_composite_layout.png,1,sensory_artifact,composite_layout,143.9079132080078,-1.4790391010533532,-3.1522691750561482,0.7755555555555556,resnet50_layer3_global_pool
images/dissertation_v1/ood/sensory_artifact/composite_layout/artifact_000139_03_composite_layout.png,1,sensory_artifact,composite_layout,135.85325622558594,-1.623666947448624,-2.0208982597804317,0.7427777777777778,resnet50_layer3_global_pool
images/dissertation_v1/ood/sensory_artifact/composite_layout/artifact_000140_03_composite_layout.png,1,sensory_artifact,composite_layout,171.119873046875,-1.3823568286579295,0.7920941059242748,0.9066666666666666,resnet50_layer3_global_pool
images/dissertation_v1/ood/sensory_artifact/composite_layout/artifact_000141_03_composite_layout.png,1,sensory_artifact,composite_layout,153.20782470703125,-1.305032705579851,-3.012338284591887,0.8605555555555555,resnet50_layer3_global_pool
images/dissertation_v1/ood/sensory_artifact/composite_layout/artifact_000142_03_composite_layout.png,1,sensory_artifact,composite_layout,140.6915740966797,-3.3659605996571766,3.0105574304281735,0.7594444444444445,resnet50_layer3_global_pool
images/dissertation_v1/ood/sensory_artifact/composite_layout/artifact_000143_03_composite_layout.png,1,sensory_artifact,composite_layout,133.64578247070312,-1.8705453575845812,-0.9898245383696341,0.74,resnet50_layer3_global_pool
images/dissertation_v1/ood/sensory_artifact/composite_layout/artifact_000144_03_composite_layout.png,1,sensory_artifact,composite_layout,157.81126403808594,-2.036277200803344,-2.7241577917594606,0.8872222222222222,resnet50_layer3_global_pool
images/dissertation_v1/ood/sensory_artifact/composite_layout/artifact_000145_03_composite_layout.png,1,sensory_artifact,composite_layout,148.01536560058594,-3.187763439774711,3.038529348941754,0.8083333333333333,resnet50_layer3_global_pool
images/dissertation_v1/ood/sensory_artifact/composite_layout/artifact_000146_03_composite_layout.png,1,sensory_artifact,composite_layout,155.9430389404297,-1.6664444295500749,-1.4834110219732661,0.8827777777777778,resnet50_layer3_global_pool
images/dissertation_v1/ood/sensory_artifact/composite_layout/artifact_000147_03_composite_layout.png,1,sensory_artifact,composite_layout,126.99430084228516,-4.28023457360745,3.1757984112031137,0.7344444444444445,resnet50_layer3_global_pool
images/dissertation_v1/ood/sensory_artifact/composite_layout/artifact_000148_03_composite_layout.png,1,sensory_artifact,composite_layout,157.3716278076172,-2.5354358753309767,-1.0102463994423077,0.8855555555555555,resnet50_layer3_global_pool
images/dissertation_v1/ood/sensory_artifact/composite_layout/artifact_000149_03_composite_layout.png,1,sensory_artifact,composite_layout,155.02207946777344,-1.8087884716530824,-2.464207150450978,0.8772222222222222,resnet50_layer3_global_pool
images/dissertation_v1/ood/sensory_artifact/gaussian_noise/artifact_000000_06_gaussian_noise.png,1,sensory_artifact,gaussian_noise,58.08766555786133,0.6436358767991345,-3.78285162982433,0.39944444444444444,resnet50_layer3_global_pool
images/dissertation_v1/ood/sensory_artifact/gaussian_noise/artifact_000001_06_gaussian_noise.png,1,sensory_artifact,gaussian_noise,42.8236083984375,-3.479446825881592,1.2999064254406623,0.20444444444444446,resnet50_layer3_global_pool
images/dissertation_v1/ood/sensory_artifact/gaussian_noise/artifact_000002_06_gaussian_noise.png,1,sensory_artifact,gaussian_noise,47.922637939453125,-1.3914423959475883,0.396264888434617,0.2633333333333333,resnet50_layer3_global_pool
images/dissertation_v1/ood/sensory_artifact/gaussian_noise/artifact_000003_06_gaussian_noise.png,1,sensory_artifact,gaussian_noise,42.42914581298828,-3.5759233455670314,1.1923593389366351,0.20277777777777778,resnet50_layer3_global_pool
images/dissertation_v1/ood/sensory_artifact/gaussian_noise/artifact_000004_06_gaussian_noise.png,1,sensory_artifact,gaussian_noise,48.7777099609375,0.8623583701586244,-2.6654575723878002,0.28055555555555556,resnet50_layer3_global_pool
images/dissertation_v1/ood/sensory_artifact/gaussian_noise/artifact_000005_06_gaussian_noise.png,1,sensory_artifact,gaussian_noise,43.72078323364258,-4.198609831330248,1.8660801641658833,0.21666666666666667,resnet50_layer3_global_pool
images/dissertation_v1/ood/sensory_artifact/gaussian_noise/artifact_000006_06_gaussian_noise.png,1,sensory_artifact,gaussian_noise,41.8325080871582,-2.252048622811564,-0.19173030909658703,0.19722222222222222,resnet50_layer3_global_pool
images/dissertation_v1/ood/sensory_artifact/gaussian_noise/artifact_000007_06_gaussian_noise.png,1,sensory_artifact,gaussian_noise,48.24517059326172,0.5060509799896865,-4.718157927667745,0.27111111111111114,resnet50_layer3_global_pool
images/dissertation_v1/ood/sensory_artifact/gaussian_noise/artifact_000008_06_gaussian_noise.png,1,sensory_artifact,gaussian_noise,46.07419967651367,0.2846428245977164,-2.766980371978661,0.24166666666666667,resnet50_layer3_global_pool
images/dissertation_v1/ood/sensory_artifact/gaussian_noise/artifact_000009_06_gaussian_noise.png,1,sensory_artifact,gaussian_noise,54.94413757324219,-0.39748001419303364,-1.0664404620925996,0.36277777777777775,resnet50_layer3_global_pool
images/dissertation_v1/ood/sensory_artifact/gaussian_noise/artifact_000010_06_gaussian_noise.png,1,sensory_artifact,gaussian_noise,48.11292266845703,-2.306055656753029,0.16652231704908918,0.2683333333333333,resnet50_layer3_global_pool
images/dissertation_v1/ood/sensory_artifact/gaussian_noise/artifact_000011_06_gaussian_noise.png,1,sensory_artifact,gaussian_noise,43.86817169189453,-1.6147178864824627,-0.8815064123527652,0.21833333333333332,resnet50_layer3_global_pool
images/dissertation_v1/ood/sensory_artifact/gaussian_noise/artifact_000012_06_gaussian_noise.png,1,sensory_artifact,gaussian_noise,47.14425659179688,0.8242318066183638,-4.209506152208286,0.255,resnet50_layer3_global_pool
images/dissertation_v1/ood/sensory_artifact/gaussian_noise/artifact_000013_06_gaussian_noise.png,1,sensory_artifact,gaussian_noise,39.44176864624024,-2.3677368531131266,0.7781959778766036,0.1738888888888889,resnet50_layer3_global_pool
images/dissertation_v1/ood/sensory_artifact/gaussian_noise/artifact_000014_06_gaussian_noise.png,1,sensory_artifact,gaussian_noise,57.02972412109375,0.762708068672443,-2.542307069098175,0.38333333333333336,resnet50_layer3_global_pool
images/dissertation_v1/ood/sensory_artifact/gaussian_noise/artifact_000015_06_gaussian_noise.png,1,sensory_artifact,gaussian_noise,46.14439392089844,-1.8613119518365833,-0.9683574483636871,0.24333333333333335,resnet50_layer3_global_pool
images/dissertation_v1/ood/sensory_artifact/gaussian_noise/artifact_000016_06_gaussian_noise.png,1,sensory_artifact,gaussian_noise,41.23613739013672,-3.0750517421145482,0.4644522111898722,0.18888888888888888,resnet50_layer3_global_pool
images/dissertation_v1/ood/sensory_artifact/gaussian_noise/artifact_000017_06_gaussian_noise.png,1,sensory_artifact,gaussian_noise,49.6681022644043,0.9403706190170046,-2.4878858361928646,0.2922222222222222,resnet50_layer3_global_pool
images/dissertation_v1/ood/sensory_artifact/gaussian_noise/artifact_000018_06_gaussian_noise.png,1,sensory_artifact,gaussian_noise,45.3859977722168,1.1351232530971205,-1.851963721335054,0.23222222222222222,resnet50_layer3_global_pool
images/dissertation_v1/ood/sensory_artifact/gaussian_noise/artifact_000019_06_gaussian_noise.png,1,sensory_artifact,gaussian_noise,43.206790924072266,0.2730537434662067,-3.077065836033605,0.21166666666666667,resnet50_layer3_global_pool
images/dissertation_v1/ood/sensory_artifact/gaussian_noise/artifact_000020_06_gaussian_noise.png,1,sensory_artifact,gaussian_noise,37.57374954223633,-3.3645651150029368,1.2340458403973724,0.15833333333333333,resnet50_layer3_global_pool
images/dissertation_v1/ood/sensory_artifact/gaussian_noise/artifact_000021_06_gaussian_noise.png,1,sensory_artifact,gaussian_noise,48.08586502075195,1.1801208843878626,-3.9931694130567608,0.26722222222222225,resnet50_layer3_global_pool
images/dissertation_v1/ood/sensory_artifact/gaussian_noise/artifact_000022_06_gaussian_noise.png,1,sensory_artifact,gaussian_noise,52.71019744873047,-0.3882193224849556,-0.9871917505807556,0.33666666666666667,resnet50_layer3_global_pool
images/dissertation_v1/ood/sensory_artifact/gaussian_noise/artifact_000023_06_gaussian_noise.png,1,sensory_artifact,gaussian_noise,38.2830924987793,-3.3645640635336256,0.43449653111591957,0.1622222222222222,resnet50_layer3_global_pool
images/dissertation_v1/ood/sensory_artifact/gaussian_noise/artifact_000024_06_gaussian_noise.png,1,sensory_artifact,gaussian_noise,34.205116271972656,-3.761554578412243,2.066351564740286,0.13055555555555556,resnet50_layer3_global_pool
images/dissertation_v1/ood/sensory_artifact/gaussian_noise/artifact_000025_06_gaussian_noise.png,1,sensory_artifact,gaussian_noise,42.286376953125,-2.9853950853262727,1.217996329188706,0.20055555555555554,resnet50_layer3_global_pool
images/dissertation_v1/ood/sensory_artifact/gaussian_noise/artifact_000026_06_gaussian_noise.png,1,sensory_artifact,gaussian_noise,43.01896286010742,-1.8285005592217793,-0.7705635134987971,0.20833333333333334,resnet50_layer3_global_pool
images/dissertation_v1/ood/sensory_artifact/gaussian_noise/artifact_000027_06_gaussian_noise.png,1,sensory_artifact,gaussian_noise,36.1748161315918,-3.4565019862546063,0.7673467257209409,0.1461111111111111,resnet50_layer3_global_pool
images/dissertation_v1/ood/sensory_artifact/gaussian_noise/artifact_000028_06_gaussian_noise.png,1,sensory_artifact,gaussian_noise,45.23066711425781,0.5552281418754245,-4.3924127418190535,0.23,resnet50_layer3_global_pool
images/dissertation_v1/ood/sensory_artifact/gaussian_noise/artifact_000029_06_gaussian_noise.png,1,sensory_artifact,gaussian_noise,40.46413803100586,-3.717686675066427,2.132308757261579,0.1827777777777778,resnet50_layer3_global_pool
images/dissertation_v1/ood/sensory_artifact/gaussian_noise/artifact_000030_06_gaussian_noise.png,1,sensory_artifact,gaussian_noise,62.23785018920898,2.344944895419941,-4.214415119728193,0.4533333333333333,resnet50_layer3_global_pool
images/dissertation_v1/ood/sensory_artifact/gaussian_noise/artifact_000031_06_gaussian_noise.png,1,sensory_artifact,gaussian_noise,39.32758712768555,-0.3865297503017167,-3.320411776133985,0.17222222222222222,resnet50_layer3_global_pool
images/dissertation_v1/ood/sensory_artifact/gaussian_noise/artifact_000032_06_gaussian_noise.png,1,sensory_artifact,gaussian_noise,51.16740036010742,1.7255959297485783,-5.103855588515591,0.315,resnet50_layer3_global_pool
images/dissertation_v1/ood/sensory_artifact/gaussian_noise/artifact_000033_06_gaussian_noise.png,1,sensory_artifact,gaussian_noise,42.95635223388672,-0.8177019040742146,-2.1236122649716824,0.20722222222222222,resnet50_layer3_global_pool
images/dissertation_v1/ood/sensory_artifact/gaussian_noise/artifact_000034_06_gaussian_noise.png,1,sensory_artifact,gaussian_noise,38.63597869873047,-3.133861961364627,1.073477759760796,0.16444444444444445,resnet50_layer3_global_pool
images/dissertation_v1/ood/sensory_artifact/gaussian_noise/artifact_000035_06_gaussian_noise.png,1,sensory_artifact,gaussian_noise,48.46506881713867,-2.167329636145022,0.9984079037152478,0.275,resnet50_layer3_global_pool
images/dissertation_v1/ood/sensory_artifact/gaussian_noise/artifact_000036_06_gaussian_noise.png,1,sensory_artifact,gaussian_noise,41.65367126464844,1.0937350858294903,-4.603339379086645,0.19277777777777777,resnet50_layer3_global_pool
images/dissertation_v1/ood/sensory_artifact/gaussian_noise/artifact_000037_06_gaussian_noise.png,1,sensory_artifact,gaussian_noise,46.32096481323242,0.07781688468510371,-2.412683641885059,0.24555555555555555,resnet50_layer3_global_pool
images/dissertation_v1/ood/sensory_artifact/gaussian_noise/artifact_000038_06_gaussian_noise.png,1,sensory_artifact,gaussian_noise,47.33986282348633,0.33328346467163433,-3.81100541009654,0.25722222222222224,resnet50_layer3_global_pool
images/dissertation_v1/ood/sensory_artifact/gaussian_noise/artifact_000039_06_gaussian_noise.png,1,sensory_artifact,gaussian_noise,40.33692932128906,-0.5110235362058001,-2.9826107021515353,0.18222222222222223,resnet50_layer3_global_pool
images/dissertation_v1/ood/sensory_artifact/gaussian_noise/artifact_000040_06_gaussian_noise.png,1,sensory_artifact,gaussian_noise,50.21051788330078,-2.6021138982562086,-0.20405399093416787,0.29888888888888887,resnet50_layer3_global_pool
images/dissertation_v1/ood/sensory_artifact/gaussian_noise/artifact_000041_06_gaussian_noise.png,1,sensory_artifact,gaussian_noise,50.139591217041016,0.24410450277694512,-0.48496093438482624,0.29777777777777775,resnet50_layer3_global_pool
images/dissertation_v1/ood/sensory_artifact/gaussian_noise/artifact_000042_06_gaussian_noise.png,1,sensory_artifact,gaussian_noise,40.09393310546875,-3.9400929672174607,1.6050796843579767,0.17888888888888888,resnet50_layer3_global_pool
images/dissertation_v1/ood/sensory_artifact/gaussian_noise/artifact_000043_06_gaussian_noise.png,1,sensory_artifact,gaussian_noise,43.764495849609375,0.538007213424599,-3.440409918831633,0.21722222222222223,resnet50_layer3_global_pool
images/dissertation_v1/ood/sensory_artifact/gaussian_noise/artifact_000044_06_gaussian_noise.png,1,sensory_artifact,gaussian_noise,41.52996826171875,-1.880008173967057,-0.2147914035145342,0.19166666666666668,resnet50_layer3_global_pool
images/dissertation_v1/ood/sensory_artifact/gaussian_noise/artifact_000045_06_gaussian_noise.png,1,sensory_artifact,gaussian_noise,52.14407730102539,1.4612151618660172,-4.277113269679499,0.3283333333333333,resnet50_layer3_global_pool
images/dissertation_v1/ood/sensory_artifact/gaussian_noise/artifact_000046_06_gaussian_noise.png,1,sensory_artifact,gaussian_noise,45.681758880615234,0.32008397288851065,-1.9325302528609334,0.23555555555555555,resnet50_layer3_global_pool
images/dissertation_v1/ood/sensory_artifact/gaussian_noise/artifact_000047_06_gaussian_noise.png,1,sensory_artifact,gaussian_noise,46.306251525878906,1.2596310200355743,-4.060733276496026,0.245,resnet50_layer3_global_pool
images/dissertation_v1/ood/sensory_artifact/gaussian_noise/artifact_000048_06_gaussian_noise.png,1,sensory_artifact,gaussian_noise,43.61457443237305,-3.4579381472455464,1.1319960198883798,0.21555555555555556,resnet50_layer3_global_pool
images/dissertation_v1/ood/sensory_artifact/gaussian_noise/artifact_000049_06_gaussian_noise.png,1,sensory_artifact,gaussian_noise,40.28102111816406,-0.31227576371572247,-3.5741352485091324,0.18055555555555555,resnet50_layer3_global_pool
images/dissertation_v1/ood/sensory_artifact/gaussian_noise/artifact_000050_06_gaussian_noise.png,1,sensory_artifact,gaussian_noise,46.6987419128418,-1.1673797797595191,0.20409858583153137,0.25,resnet50_layer3_global_pool
images/dissertation_v1/ood/sensory_artifact/gaussian_noise/artifact_000051_06_gaussian_noise.png,1,sensory_artifact,gaussian_noise,48.5312728881836,0.002285413832500315,-1.947037480131879,0.27666666666666667,resnet50_layer3_global_pool
images/dissertation_v1/ood/sensory_artifact/gaussian_noise/artifact_000052_06_gaussian_noise.png,1,sensory_artifact,gaussian_noise,50.45988082885742,1.492682690716269,-3.7152258378366483,0.30277777777777776,resnet50_layer3_global_pool
images/dissertation_v1/ood/sensory_artifact/gaussian_noise/artifact_000053_06_gaussian_noise.png,1,sensory_artifact,gaussian_noise,48.94575500488281,1.7486278736911534,-4.20264495721115,0.2827777777777778,resnet50_layer3_global_pool
images/dissertation_v1/ood/sensory_artifact/gaussian_noise/artifact_000054_06_gaussian_noise.png,1,sensory_artifact,gaussian_noise,46.209205627441406,-2.6033826174190535,0.08262251701669861,0.24388888888888888,resnet50_layer3_global_pool
images/dissertation_v1/ood/sensory_artifact/gaussian_noise/artifact_000055_06_gaussian_noise.png,1,sensory_artifact,gaussian_noise,50.48892593383789,-4.008656000691536,2.5700391243870024,0.3038888888888889,resnet50_layer3_global_pool
images/dissertation_v1/ood/sensory_artifact/gaussian_noise/artifact_000056_06_gaussian_noise.png,1,sensory_artifact,gaussian_noise,46.28456115722656,0.6566840454344085,-4.0228753740434575,0.24444444444444444,resnet50_layer3_global_pool
images/dissertation_v1/ood/sensory_artifact/gaussian_noise/artifact_000057_06_gaussian_noise.png,1,sensory_artifact,gaussian_noise,45.85918426513672,-2.2763083420164096,-0.42936418606532223,0.2388888888888889,resnet50_layer3_global_pool
images/dissertation_v1/ood/sensory_artifact/gaussian_noise/artifact_000058_06_gaussian_noise.png,1,sensory_artifact,gaussian_noise,51.07081985473633,-0.3306195849891358,-1.5093603611090058,0.31333333333333335,resnet50_layer3_global_pool
images/dissertation_v1/ood/sensory_artifact/gaussian_noise/artifact_000059_06_gaussian_noise.png,1,sensory_artifact,gaussian_noise,43.22192001342773,0.9216636029117427,-4.031559639705607,0.21222222222222223,resnet50_layer3_global_pool
images/dissertation_v1/ood/sensory_artifact/gaussian_noise/artifact_000060_06_gaussian_noise.png,1,sensory_artifact,gaussian_noise,45.32030487060547,0.8179424377682483,-3.4293927847473467,0.23055555555555557,resnet50_layer3_global_pool
images/dissertation_v1/ood/sensory_artifact/gaussian_noise/artifact_000061_06_gaussian_noise.png,1,sensory_artifact,gaussian_noise,39.43143081665039,-3.4156751409835873,0.9669601645380085,0.17277777777777778,resnet50_layer3_global_pool
images/dissertation_v1/ood/sensory_artifact/gaussian_noise/artifact_000062_06_gaussian_noise.png,1,sensory_artifact,gaussian_noise,41.409629821777344,-0.6904638789289853,-2.348248219266005,0.19055555555555556,resnet50_layer3_global_pool
images/dissertation_v1/ood/sensory_artifact/gaussian_noise/artifact_000063_06_gaussian_noise.png,1,sensory_artifact,gaussian_noise,44.27008438110352,-3.3647971140475006,1.59326589748624,0.22166666666666668,resnet50_layer3_global_pool
images/dissertation_v1/ood/sensory_artifact/gaussian_noise/artifact_000064_06_gaussian_noise.png,1,sensory_artifact,gaussian_noise,40.27887725830078,-4.450772809904408,2.412991003489984,0.18,resnet50_layer3_global_pool
images/dissertation_v1/ood/sensory_artifact/gaussian_noise/artifact_000065_06_gaussian_noise.png,1,sensory_artifact,gaussian_noise,43.1040153503418,0.45993319553479095,-3.779375920075382,0.21055555555555555,resnet50_layer3_global_pool
images/dissertation_v1/ood/sensory_artifact/gaussian_noise/artifact_000066_06_gaussian_noise.png,1,sensory_artifact,gaussian_noise,45.34243392944336,-0.685709864434132,-1.7374676530623099,0.23166666666666666,resnet50_layer3_global_pool
images/dissertation_v1/ood/sensory_artifact/gaussian_noise/artifact_000067_06_gaussian_noise.png,1,sensory_artifact,gaussian_noise,49.42327880859375,1.0846899563089953,-4.113843995987483,0.28833333333333333,resnet50_layer3_global_pool
images/dissertation_v1/ood/sensory_artifact/gaussian_noise/artifact_000068_06_gaussian_noise.png,1,sensory_artifact,gaussian_noise,45.01049041748047,-3.6999613364225468,1.451815728653525,0.22611111111111112,resnet50_layer3_global_pool
images/dissertation_v1/ood/sensory_artifact/gaussian_noise/artifact_000069_06_gaussian_noise.png,1,sensory_artifact,gaussian_noise,51.72486114501953,1.1968011260823848,-4.3294736716118045,0.32222222222222224,resnet50_layer3_global_pool
images/dissertation_v1/ood/sensory_artifact/gaussian_noise/artifact_000070_06_gaussian_noise.png,1,sensory_artifact,gaussian_noise,36.70471954345703,-1.9171445300050076,-0.5516179388009279,0.15166666666666667,resnet50_layer3_global_pool
images/dissertation_v1/ood/sensory_artifact/gaussian_noise/artifact_000071_06_gaussian_noise.png,1,sensory_artifact,gaussian_noise,45.77863311767578,-4.283349189242916,2.0714195037419376,0.23777777777777778,resnet50_layer3_global_pool
images/dissertation_v1/ood/sensory_artifact/gaussian_noise/artifact_000072_06_gaussian_noise.png,1,sensory_artifact,gaussian_noise,73.14630126953125,2.445153674047341,-2.2935711640975947,0.57,resnet50_layer3_global_pool
images/dissertation_v1/ood/sensory_artifact/gaussian_noise/artifact_000073_06_gaussian_noise.png,1,sensory_artifact,gaussian_noise,55.33266067504883,1.7181897445972265,-4.508109452743202,0.36666666666666664,resnet50_layer3_global_pool
images/dissertation_v1/ood/sensory_artifact/gaussian_noise/artifact_000074_06_gaussian_noise.png,1,sensory_artifact,gaussian_noise,43.07135391235352,-2.6028393728408274,1.8613316681056555,0.20944444444444443,resnet50_layer3_global_pool
images/dissertation_v1/ood/sensory_artifact/gaussian_noise/artifact_000075_06_gaussian_noise.png,1,sensory_artifact,gaussian_noise,61.82332992553711,0.07177774861444287,-1.6232938278183344,0.44722222222222224,resnet50_layer3_global_pool
images/dissertation_v1/ood/sensory_artifact/gaussian_noise/artifact_000076_06_gaussian_noise.png,1,sensory_artifact,gaussian_noise,40.68091583251953,-2.686367702104564,0.7193345294857716,0.185,resnet50_layer3_global_pool
images/dissertation_v1/ood/sensory_artifact/gaussian_noise/artifact_000077_06_gaussian_noise.png,1,sensory_artifact,gaussian_noise,41.68641662597656,-2.2835477010162655,0.1830483076568825,0.19444444444444445,resnet50_layer3_global_pool
images/dissertation_v1/ood/sensory_artifact/gaussian_noise/artifact_000078_06_gaussian_noise.png,1,sensory_artifact,gaussian_noise,47.523887634277344,-2.401911502363277,-0.14388203042619374,0.26,resnet50_layer3_global_pool
images/dissertation_v1/ood/sensory_artifact/gaussian_noise/artifact_000079_06_gaussian_noise.png,1,sensory_artifact,gaussian_noise,42.95151519775391,0.5820545181023601,-3.830132805483399,0.20666666666666667,resnet50_layer3_global_pool
images/dissertation_v1/ood/sensory_artifact/gaussian_noise/artifact_000080_06_gaussian_noise.png,1,sensory_artifact,gaussian_noise,49.96870422363281,0.9248218007636196,-2.8919836524522946,0.2961111111111111,resnet50_layer3_global_pool
images/dissertation_v1/ood/sensory_artifact/gaussian_noise/artifact_000081_06_gaussian_noise.png,1,sensory_artifact,gaussian_noise,39.06576156616211,-3.3377473331058596,0.7905482441232143,0.16833333333333333,resnet50_layer3_global_pool
images/dissertation_v1/ood/sensory_artifact/gaussian_noise/artifact_000082_06_gaussian_noise.png,1,sensory_artifact,gaussian_noise,51.57524871826172,-1.722452096590539,0.4776408667949328,0.32055555555555554,resnet50_layer3_global_pool
images/dissertation_v1/ood/sensory_artifact/gaussian_noise/artifact_000083_06_gaussian_noise.png,1,sensory_artifact,gaussian_noise,44.30741500854492,-0.9974706151351977,-1.9098442671804197,0.2222222222222222,resnet50_layer3_global_pool
images/dissertation_v1/ood/sensory_artifact/gaussian_noise/artifact_000084_06_gaussian_noise.png,1,sensory_artifact,gaussian_noise,41.6372299194336,-2.6291202282731727,0.8057199313471941,0.1922222222222222,resnet50_layer3_global_pool
images/dissertation_v1/ood/sensory_artifact/gaussian_noise/artifact_000085_06_gaussian_noise.png,1,sensory_artifact,gaussian_noise,66.07243347167969,2.8003047905278304,-2.3067574765775407,0.49722222222222223,resnet50_layer3_global_pool
images/dissertation_v1/ood/sensory_artifact/gaussian_noise/artifact_000086_06_gaussian_noise.png,1,sensory_artifact,gaussian_noise,48.56096267700195,1.0523925551176512,-4.121221012191969,0.2772222222222222,resnet50_layer3_global_pool
images/dissertation_v1/ood/sensory_artifact/gaussian_noise/artifact_000087_06_gaussian_noise.png,1,sensory_artifact,gaussian_noise,49.57964324951172,-0.07688527137136665,-2.244870084135021,0.29055555555555557,resnet50_layer3_global_pool
images/dissertation_v1/ood/sensory_artifact/gaussian_noise/artifact_000088_06_gaussian_noise.png,1,sensory_artifact,gaussian_noise,43.25564956665039,0.8137757256751055,-4.049443495739432,0.21388888888888888,resnet50_layer3_global_pool
images/dissertation_v1/ood/sensory_artifact/gaussian_noise/artifact_000089_06_gaussian_noise.png,1,sensory_artifact,gaussian_noise,40.92079544067383,-0.07356199875676221,-2.8408525745004263,0.18722222222222223,resnet50_layer3_global_pool
images/dissertation_v1/ood/sensory_artifact/gaussian_noise/artifact_000090_06_gaussian_noise.png,1,sensory_artifact,gaussian_noise,36.85352325439453,-1.4754160101883427,-1.7430384087468853,0.1527777777777778,resnet50_layer3_global_pool
images/dissertation_v1/ood/sensory_artifact/gaussian_noise/artifact_000091_06_gaussian_noise.png,1,sensory_artifact,gaussian_noise,46.98597717285156,0.36200381445797974,-3.2274615576466124,0.25277777777777777,resnet50_layer3_global_pool
images/dissertation_v1/ood/sensory_artifact/gaussian_noise/artifact_000092_06_gaussian_noise.png,1,sensory_artifact,gaussian_noise,46.56942367553711,-0.3608463799589863,-3.6128888722695245,0.2477777777777778,resnet50_layer3_global_pool
images/dissertation_v1/ood/sensory_artifact/gaussian_noise/artifact_000093_06_gaussian_noise.png,1,sensory_artifact,gaussian_noise,57.93480682373047,1.987228794492405,-3.0346346442594507,0.39611111111111114,resnet50_layer3_global_pool
images/dissertation_v1/ood/sensory_artifact/gaussian_noise/artifact_000094_06_gaussian_noise.png,1,sensory_artifact,gaussian_noise,36.52330017089844,-3.2930460003162523,0.2751010183760672,0.15055555555555555,resnet50_layer3_global_pool
images/dissertation_v1/ood/sensory_artifact/gaussian_noise/artifact_000095_06_gaussian_noise.png,1,sensory_artifact,gaussian_noise,38.49222946166992,-0.5878744953562276,-3.1095217246972804,0.1638888888888889,resnet50_layer3_global_pool
images/dissertation_v1/ood/sensory_artifact/gaussian_noise/artifact_000096_06_gaussian_noise.png,1,sensory_artifact,gaussian_noise,36.43228530883789,0.17733538298131524,-3.2665245609741342,0.14833333333333334,resnet50_layer3_global_pool
images/dissertation_v1/ood/sensory_artifact/gaussian_noise/artifact_000097_06_gaussian_noise.png,1,sensory_artifact,gaussian_noise,49.505157470703125,-1.0373937627441912,-2.3221806569900543,0.29,resnet50_layer3_global_pool
images/dissertation_v1/ood/sensory_artifact/gaussian_noise/artifact_000098_06_gaussian_noise.png,1,sensory_artifact,gaussian_noise,43.94905853271485,-0.2680678496055801,-2.814558976706199,0.21944444444444444,resnet50_layer3_global_pool
images/dissertation_v1/ood/sensory_artifact/gaussian_noise/artifact_000099_06_gaussian_noise.png,1,sensory_artifact,gaussian_noise,40.93666076660156,0.2719018647583145,-2.9533408313211624,0.18777777777777777,resnet50_layer3_global_pool
images/dissertation_v1/ood/sensory_artifact/gaussian_noise/artifact_000100_06_gaussian_noise.png,1,sensory_artifact,gaussian_noise,59.87950134277344,2.249683314428315,-3.3560352571778913,0.41944444444444445,resnet50_layer3_global_pool
images/dissertation_v1/ood/sensory_artifact/gaussian_noise/artifact_000101_06_gaussian_noise.png,1,sensory_artifact,gaussian_noise,42.00383758544922,0.9197064556478584,-3.8447157883049514,0.1988888888888889,resnet50_layer3_global_pool
images/dissertation_v1/ood/sensory_artifact/gaussian_noise/artifact_000102_06_gaussian_noise.png,1,sensory_artifact,gaussian_noise,64.9869155883789,-1.1524025121046966,0.19685572784521851,0.4861111111111111,resnet50_layer3_global_pool
images/dissertation_v1/ood/sensory_artifact/gaussian_noise/artifact_000103_06_gaussian_noise.png,1,sensory_artifact,gaussian_noise,48.064979553222656,0.9136785517371785,-4.742706576954484,0.26666666666666666,resnet50_layer3_global_pool
images/dissertation_v1/ood/sensory_artifact/gaussian_noise/artifact_000104_06_gaussian_noise.png,1,sensory_artifact,gaussian_noise,48.18426132202149,-0.41861538177754903,-1.334495926711307,0.26944444444444443,resnet50_layer3_global_pool
images/dissertation_v1/ood/sensory_artifact/gaussian_noise/artifact_000105_06_gaussian_noise.png,1,sensory_artifact,gaussian_noise,54.63191223144531,-1.955129320313289,0.6215058749434177,0.3605555555555556,resnet50_layer3_global_pool
images/dissertation_v1/ood/sensory_artifact/gaussian_noise/artifact_000106_06_gaussian_noise.png,1,sensory_artifact,gaussian_noise,48.36214065551758,1.3814915045975087,-4.26437167520052,0.2733333333333333,resnet50_layer3_global_pool
images/dissertation_v1/ood/sensory_artifact/gaussian_noise/artifact_000107_06_gaussian_noise.png,1,sensory_artifact,gaussian_noise,42.12990188598633,0.5106261843627614,-4.270778610286337,0.19944444444444445,resnet50_layer3_global_pool
images/dissertation_v1/ood/sensory_artifact/gaussian_noise/artifact_000108_06_gaussian_noise.png,1,sensory_artifact,gaussian_noise,51.74380111694336,2.157653394595672,-3.76259499323417,0.3233333333333333,resnet50_layer3_global_pool
images/dissertation_v1/ood/sensory_artifact/gaussian_noise/artifact_000109_06_gaussian_noise.png,1,sensory_artifact,gaussian_noise,46.375118255615234,-1.130814149062352,-1.4194336502304952,0.2461111111111111,resnet50_layer3_global_pool
images/dissertation_v1/ood/sensory_artifact/gaussian_noise/artifact_000110_06_gaussian_noise.png,1,sensory_artifact,gaussian_noise,46.7664680480957,-0.7700400060267862,-1.4482674850761594,0.25055555555555553,resnet50_layer3_global_pool
images/dissertation_v1/ood/sensory_artifact/gaussian_noise/artifact_000111_06_gaussian_noise.png,1,sensory_artifact,gaussian_noise,61.12531661987305,2.6140375037300454,-2.347932140789562,0.4388888888888889,resnet50_layer3_global_pool
images/dissertation_v1/ood/sensory_artifact/gaussian_noise/artifact_000112_06_gaussian_noise.png,1,sensory_artifact,gaussian_noise,48.30558395385742,0.9200633181463933,-3.6835120826601955,0.2722222222222222,resnet50_layer3_global_pool
images/dissertation_v1/ood/sensory_artifact/gaussian_noise/artifact_000113_06_gaussian_noise.png,1,sensory_artifact,gaussian_noise,56.95870971679688,1.8284583149837117,-4.897163207347219,0.3827777777777778,resnet50_layer3_global_pool
images/dissertation_v1/ood/sensory_artifact/gaussian_noise/artifact_000114_06_gaussian_noise.png,1,sensory_artifact,gaussian_noise,51.67858505249024,1.4782384517580454,-4.337128956944427,0.32166666666666666,resnet50_layer3_global_pool
images/dissertation_v1/ood/sensory_artifact/gaussian_noise/artifact_000115_06_gaussian_noise.png,1,sensory_artifact,gaussian_noise,45.16047668457031,-1.5543027076885758,-1.5411035394910888,0.2288888888888889,resnet50_layer3_global_pool
images/dissertation_v1/ood/sensory_artifact/gaussian_noise/artifact_000116_06_gaussian_noise.png,1,sensory_artifact,gaussian_noise,38.24447250366211,-2.2602959573413073,0.29423859486013193,0.16111111111111112,resnet50_layer3_global_pool
images/dissertation_v1/ood/sensory_artifact/gaussian_noise/artifact_000117_06_gaussian_noise.png,1,sensory_artifact,gaussian_noise,52.57505416870117,1.7699218167806217,-3.864552851578266,0.33555555555555555,resnet50_layer3_global_pool
images/dissertation_v1/ood/sensory_artifact/gaussian_noise/artifact_000118_06_gaussian_noise.png,1,sensory_artifact,gaussian_noise,36.09112930297852,-2.5646329790122357,-0.40650974927114597,0.145,resnet50_layer3_global_pool
images/dissertation_v1/ood/sensory_artifact/gaussian_noise/artifact_000119_06_gaussian_noise.png,1,sensory_artifact,gaussian_noise,45.39437103271485,1.0073494555291138,-4.251571477407292,0.23277777777777778,resnet50_layer3_global_pool
images/dissertation_v1/ood/sensory_artifact/gaussian_noise/artifact_000120_06_gaussian_noise.png,1,sensory_artifact,gaussian_noise,43.09891128540039,-0.5211851864477905,-2.829968497313565,0.21,resnet50_layer3_global_pool
images/dissertation_v1/ood/sensory_artifact/gaussian_noise/artifact_000121_06_gaussian_noise.png,1,sensory_artifact,gaussian_noise,46.036598205566406,0.6647742145122529,-3.9509545667078743,0.24055555555555555,resnet50_layer3_global_pool
images/dissertation_v1/ood/sensory_artifact/gaussian_noise/artifact_000122_06_gaussian_noise.png,1,sensory_artifact,gaussian_noise,43.940574645996094,-3.2036433174044623,1.021943348072175,0.21888888888888888,resnet50_layer3_global_pool
images/dissertation_v1/ood/sensory_artifact/gaussian_noise/artifact_000123_06_gaussian_noise.png,1,sensory_artifact,gaussian_noise,39.29015350341797,-3.7725329300988033,0.9278968633659702,0.17166666666666666,resnet50_layer3_global_pool
images/dissertation_v1/ood/sensory_artifact/gaussian_noise/artifact_000124_06_gaussian_noise.png,1,sensory_artifact,gaussian_noise,45.33447647094727,-4.216920972763151,2.2808448634622978,0.2311111111111111,resnet50_layer3_global_pool
images/dissertation_v1/ood/sensory_artifact/gaussian_noise/artifact_000125_06_gaussian_noise.png,1,sensory_artifact,gaussian_noise,39.50343322753906,-0.8132300136937112,-2.236877112372302,0.175,resnet50_layer3_global_pool
images/dissertation_v1/ood/sensory_artifact/gaussian_noise/artifact_000126_06_gaussian_noise.png,1,sensory_artifact,gaussian_noise,42.368412017822266,-2.172595039028055,0.6756838848049044,0.20166666666666666,resnet50_layer3_global_pool
images/dissertation_v1/ood/sensory_artifact/gaussian_noise/artifact_000127_06_gaussian_noise.png,1,sensory_artifact,gaussian_noise,50.2589225769043,1.5895738693135109,-3.9850398605508857,0.29944444444444446,resnet50_layer3_global_pool
images/dissertation_v1/ood/sensory_artifact/gaussian_noise/artifact_000128_06_gaussian_noise.png,1,sensory_artifact,gaussian_noise,51.13492584228516,0.968757430667937,-4.10288859152427,0.3138888888888889,resnet50_layer3_global_pool
images/dissertation_v1/ood/sensory_artifact/gaussian_noise/artifact_000129_06_gaussian_noise.png,1,sensory_artifact,gaussian_noise,49.83563995361328,-0.26496467309352434,-2.562827433948922,0.29388888888888887,resnet50_layer3_global_pool
images/dissertation_v1/ood/sensory_artifact/gaussian_noise/artifact_000130_06_gaussian_noise.png,1,sensory_artifact,gaussian_noise,47.286766052246094,0.9227423213397103,-3.9169789574707874,0.2561111111111111,resnet50_layer3_global_pool
images/dissertation_v1/ood/sensory_artifact/gaussian_noise/artifact_000131_06_gaussian_noise.png,1,sensory_artifact,gaussian_noise,51.23505401611328,1.168008140547013,-3.6831417716379833,0.31666666666666665,resnet50_layer3_global_pool
images/dissertation_v1/ood/sensory_artifact/gaussian_noise/artifact_000132_06_gaussian_noise.png,1,sensory_artifact,gaussian_noise,41.88729095458984,-0.6330584728093404,-2.3868771834866216,0.19833333333333333,resnet50_layer3_global_pool
images/dissertation_v1/ood/sensory_artifact/gaussian_noise/artifact_000133_06_gaussian_noise.png,1,sensory_artifact,gaussian_noise,42.97989273071289,-0.08663673084251883,-3.3171962105156725,0.20777777777777778,resnet50_layer3_global_pool
images/dissertation_v1/ood/sensory_artifact/gaussian_noise/artifact_000134_06_gaussian_noise.png,1,sensory_artifact,gaussian_noise,55.566314697265625,1.7408692815465794,-4.552393168532401,0.3711111111111111,resnet50_layer3_global_pool
images/dissertation_v1/ood/sensory_artifact/gaussian_noise/artifact_000135_06_gaussian_noise.png,1,sensory_artifact,gaussian_noise,38.27896499633789,-3.201594572787573,0.6377646946933847,0.16166666666666665,resnet50_layer3_global_pool
images/dissertation_v1/ood/sensory_artifact/gaussian_noise/artifact_000136_06_gaussian_noise.png,1,sensory_artifact,gaussian_noise,44.60813903808594,-2.5114795680682342,0.5108190032955878,0.22333333333333333,resnet50_layer3_global_pool
images/dissertation_v1/ood/sensory_artifact/gaussian_noise/artifact_000137_06_gaussian_noise.png,1,sensory_artifact,gaussian_noise,42.912235260009766,-1.6081016753614148,-0.5798544557827543,0.20555555555555555,resnet50_layer3_global_pool
images/dissertation_v1/ood/sensory_artifact/gaussian_noise/artifact_000138_06_gaussian_noise.png,1,sensory_artifact,gaussian_noise,45.593875885009766,1.3974363351323162,-5.04071131554978,0.23444444444444446,resnet50_layer3_global_pool
images/dissertation_v1/ood/sensory_artifact/gaussian_noise/artifact_000139_06_gaussian_noise.png,1,sensory_artifact,gaussian_noise,51.37540435791016,1.3029633952546813,-3.945160787863395,0.3188888888888889,resnet50_layer3_global_pool
images/dissertation_v1/ood/sensory_artifact/gaussian_noise/artifact_000140_06_gaussian_noise.png,1,sensory_artifact,gaussian_noise,57.71163558959961,-0.6380547001971418,-0.23757227051146002,0.39166666666666666,resnet50_layer3_global_pool
images/dissertation_v1/ood/sensory_artifact/gaussian_noise/artifact_000141_06_gaussian_noise.png,1,sensory_artifact,gaussian_noise,50.57476806640625,2.003291086214757,-4.896837126093752,0.30833333333333335,resnet50_layer3_global_pool
images/dissertation_v1/ood/sensory_artifact/gaussian_noise/artifact_000142_06_gaussian_noise.png,1,sensory_artifact,gaussian_noise,41.68699645996094,-2.8009623823855687,1.6718725010941287,0.195,resnet50_layer3_global_pool
images/dissertation_v1/ood/sensory_artifact/gaussian_noise/artifact_000143_06_gaussian_noise.png,1,sensory_artifact,gaussian_noise,43.5024642944336,1.098744849643303,-2.956201944073496,0.215,resnet50_layer3_global_pool
images/dissertation_v1/ood/sensory_artifact/gaussian_noise/artifact_000144_06_gaussian_noise.png,1,sensory_artifact,gaussian_noise,45.04058074951172,0.7020114055948351,-4.571528856825972,0.22666666666666666,resnet50_layer3_global_pool
images/dissertation_v1/ood/sensory_artifact/gaussian_noise/artifact_000145_06_gaussian_noise.png,1,sensory_artifact,gaussian_noise,40.51429748535156,-2.636447291409224,1.976052808088402,0.18333333333333332,resnet50_layer3_global_pool
images/dissertation_v1/ood/sensory_artifact/gaussian_noise/artifact_000146_06_gaussian_noise.png,1,sensory_artifact,gaussian_noise,52.8276596069336,1.5995276795327888,-4.589301351247531,0.33944444444444444,resnet50_layer3_global_pool
images/dissertation_v1/ood/sensory_artifact/gaussian_noise/artifact_000147_06_gaussian_noise.png,1,sensory_artifact,gaussian_noise,36.44352340698242,-2.9460763368563554,0.8372697906890152,0.14888888888888888,resnet50_layer3_global_pool
images/dissertation_v1/ood/sensory_artifact/gaussian_noise/artifact_000148_06_gaussian_noise.png,1,sensory_artifact,gaussian_noise,39.07003402709961,-1.0676355591252327,-2.2958672018128623,0.1688888888888889,resnet50_layer3_global_pool
images/dissertation_v1/ood/sensory_artifact/gaussian_noise/artifact_000149_06_gaussian_noise.png,1,sensory_artifact,gaussian_noise,44.767616271972656,0.5324213514243471,-4.1869035014675795,0.22444444444444445,resnet50_layer3_global_pool
images/dissertation_v1/ood/sensory_artifact/jpeg_compression/artifact_000000_07_jpeg_compression.png,1,sensory_artifact,jpeg_compression,231.3844451904297,0.8337825055574228,-0.6903869678107883,0.9183333333333333,resnet50_layer3_global_pool
images/dissertation_v1/ood/sensory_artifact/jpeg_compression/artifact_000001_07_jpeg_compression.png,1,sensory_artifact,jpeg_compression,47.9410285949707,-3.6022230648227684,2.8712900878953933,0.26555555555555554,resnet50_layer3_global_pool
images/dissertation_v1/ood/sensory_artifact/jpeg_compression/artifact_000002_07_jpeg_compression.png,1,sensory_artifact,jpeg_compression,54.93601608276367,-1.5896450494907794,1.8021707330817702,0.3622222222222222,resnet50_layer3_global_pool
images/dissertation_v1/ood/sensory_artifact/jpeg_compression/artifact_000003_07_jpeg_compression.png,1,sensory_artifact,jpeg_compression,49.802982330322266,-3.6818158675709545,2.809837892726302,0.29333333333333333,resnet50_layer3_global_pool
images/dissertation_v1/ood/sensory_artifact/jpeg_compression/artifact_000004_07_jpeg_compression.png,1,sensory_artifact,jpeg_compression,44.8991584777832,0.5727054412838363,-1.9117308474647918,0.22555555555555556,resnet50_layer3_global_pool
images/dissertation_v1/ood/sensory_artifact/jpeg_compression/artifact_000005_07_jpeg_compression.png,1,sensory_artifact,jpeg_compression,70.21975708007812,-3.5824308332260784,3.1837341533853922,0.54,resnet50_layer3_global_pool
images/dissertation_v1/ood/sensory_artifact/jpeg_compression/artifact_000006_07_jpeg_compression.png,1,sensory_artifact,jpeg_compression,64.21540069580078,-1.915705000240319,0.9862233254464108,0.475,resnet50_layer3_global_pool
images/dissertation_v1/ood/sensory_artifact/jpeg_compression/artifact_000007_07_jpeg_compression.png,1,sensory_artifact,jpeg_compression,45.71582412719727,0.3009535575375732,-3.6442652239736315,0.2361111111111111,resnet50_layer3_global_pool
images/dissertation_v1/ood/sensory_artifact/jpeg_compression/artifact_000008_07_jpeg_compression.png,1,sensory_artifact,jpeg_compression,147.803955078125,0.815539745119482,-0.648061008597365,0.805,resnet50_layer3_global_pool
images/dissertation_v1/ood/sensory_artifact/jpeg_compression/artifact_000009_07_jpeg_compression.png,1,sensory_artifact,jpeg_compression,58.30989837646485,-0.7350977777305575,0.6813799073211866,0.4038888888888889,resnet50_layer3_global_pool
images/dissertation_v1/ood/sensory_artifact/jpeg_compression/artifact_000010_07_jpeg_compression.png,1,sensory_artifact,jpeg_compression,125.91060638427734,-1.1702911940672005,1.7552585966500098,0.7327777777777778,resnet50_layer3_global_pool
images/dissertation_v1/ood/sensory_artifact/jpeg_compression/artifact_000011_07_jpeg_compression.png,1,sensory_artifact,jpeg_compression,47.927345275878906,-1.9042396450936963,0.7863501766817431,0.2644444444444444,resnet50_layer3_global_pool
images/dissertation_v1/ood/sensory_artifact/jpeg_compression/artifact_000012_07_jpeg_compression.png,1,sensory_artifact,jpeg_compression,200.136474609375,1.553056684241007,-1.7099509063858644,0.9116666666666666,resnet50_layer3_global_pool
images/dissertation_v1/ood/sensory_artifact/jpeg_compression/artifact_000013_07_jpeg_compression.png,1,sensory_artifact,jpeg_compression,38.738502502441406,-2.043135929523507,1.3732047673477044,0.1661111111111111,resnet50_layer3_global_pool
images/dissertation_v1/ood/sensory_artifact/jpeg_compression/artifact_000014_07_jpeg_compression.png,1,sensory_artifact,jpeg_compression,61.50291061401367,-0.052010723033017084,-0.43434402443187387,0.4444444444444444,resnet50_layer3_global_pool
images/dissertation_v1/ood/sensory_artifact/jpeg_compression/artifact_000015_07_jpeg_compression.png,1,sensory_artifact,jpeg_compression,44.263771057128906,-2.287037062370695,0.39343460900851984,0.22111111111111112,resnet50_layer3_global_pool
images/dissertation_v1/ood/sensory_artifact/jpeg_compression/artifact_000016_07_jpeg_compression.png,1,sensory_artifact,jpeg_compression,60.52310180664063,-3.0171846715476724,1.670046073866183,0.4288888888888889,resnet50_layer3_global_pool
images/dissertation_v1/ood/sensory_artifact/jpeg_compression/artifact_000017_07_jpeg_compression.png,1,sensory_artifact,jpeg_compression,65.5478515625,0.769907139642679,-1.1756272418990297,0.4922222222222222,resnet50_layer3_global_pool
images/dissertation_v1/ood/sensory_artifact/jpeg_compression/artifact_000018_07_jpeg_compression.png,1,sensory_artifact,jpeg_compression,66.448486328125,1.218057005160147,-0.6989173352353502,0.4988888888888889,resnet50_layer3_global_pool
images/dissertation_v1/ood/sensory_artifact/jpeg_compression/artifact_000019_07_jpeg_compression.png,1,sensory_artifact,jpeg_compression,77.1659927368164,0.2140462531884056,-1.0764166752436077,0.6138888888888889,resnet50_layer3_global_pool
images/dissertation_v1/ood/sensory_artifact/jpeg_compression/artifact_000020_07_jpeg_compression.png,1,sensory_artifact,jpeg_compression,67.50637817382812,-2.7223555362987715,2.1744805859696217,0.5122222222222222,resnet50_layer3_global_pool
images/dissertation_v1/ood/sensory_artifact/jpeg_compression/artifact_000021_07_jpeg_compression.png,1,sensory_artifact,jpeg_compression,195.3762969970703,1.733382249691043,-1.6586769809093047,0.9105555555555556,resnet50_layer3_global_pool
images/dissertation_v1/ood/sensory_artifact/jpeg_compression/artifact_000022_07_jpeg_compression.png,1,sensory_artifact,jpeg_compression,102.74637603759766,-0.30393553981415206,0.6847938844118772,0.705,resnet50_layer3_global_pool
images/dissertation_v1/ood/sensory_artifact/jpeg_compression/artifact_000023_07_jpeg_compression.png,1,sensory_artifact,jpeg_compression,34.47935485839844,-3.579898467580414,1.3116149748418062,0.13166666666666665,resnet50_layer3_global_pool
images/dissertation_v1/ood/sensory_artifact/jpeg_compression/artifact_000024_07_jpeg_compression.png,1,sensory_artifact,jpeg_compression,48.184364318847656,-3.3542306262493664,3.0186945952949964,0.27,resnet50_layer3_global_pool
images/dissertation_v1/ood/sensory_artifact/jpeg_compression/artifact_000025_07_jpeg_compression.png,1,sensory_artifact,jpeg_compression,67.8991928100586,-2.340041511959106,2.5029986085415157,0.5177777777777778,resnet50_layer3_global_pool
images/dissertation_v1/ood/sensory_artifact/jpeg_compression/artifact_000026_07_jpeg_compression.png,1,sensory_artifact,jpeg_compression,84.72943115234375,-1.1319563926661376,0.3666190394737024,0.6533333333333333,resnet50_layer3_global_pool
images/dissertation_v1/ood/sensory_artifact/jpeg_compression/artifact_000027_07_jpeg_compression.png,1,sensory_artifact,jpeg_compression,49.18366241455078,-3.0470553536927625,1.9739654692988258,0.285,resnet50_layer3_global_pool
images/dissertation_v1/ood/sensory_artifact/jpeg_compression/artifact_000028_07_jpeg_compression.png,1,sensory_artifact,jpeg_compression,43.19955825805664,0.4227380336719919,-3.5844467993925955,0.2111111111111111,resnet50_layer3_global_pool
images/dissertation_v1/ood/sensory_artifact/jpeg_compression/artifact_000029_07_jpeg_compression.png,1,sensory_artifact,jpeg_compression,50.4370231628418,-3.1780007214599775,3.1593245740813383,0.3022222222222222,resnet50_layer3_global_pool
images/dissertation_v1/ood/sensory_artifact/jpeg_compression/artifact_000030_07_jpeg_compression.png,1,sensory_artifact,jpeg_compression,205.19161987304688,3.2204939976887794,-0.2295990163682186,0.9127777777777778,resnet50_layer3_global_pool
images/dissertation_v1/ood/sensory_artifact/jpeg_compression/artifact_000031_07_jpeg_compression.png,1,sensory_artifact,jpeg_compression,47.85043716430664,-0.07405028985937348,-2.0438571882320313,0.2627777777777778,resnet50_layer3_global_pool
images/dissertation_v1/ood/sensory_artifact/jpeg_compression/artifact_000032_07_jpeg_compression.png,1,sensory_artifact,jpeg_compression,56.36552047729492,1.643899306667454,-4.14712674553796,0.3794444444444444,resnet50_layer3_global_pool
images/dissertation_v1/ood/sensory_artifact/jpeg_compression/artifact_000033_07_jpeg_compression.png,1,sensory_artifact,jpeg_compression,74.45867156982422,-0.772083027368244,-0.1245733780762485,0.5844444444444444,resnet50_layer3_global_pool
images/dissertation_v1/ood/sensory_artifact/jpeg_compression/artifact_000034_07_jpeg_compression.png,1,sensory_artifact,jpeg_compression,50.55830001831055,-2.45776804356398,1.7138474309013785,0.30777777777777776,resnet50_layer3_global_pool
images/dissertation_v1/ood/sensory_artifact/jpeg_compression/artifact_000035_07_jpeg_compression.png,1,sensory_artifact,jpeg_compression,60.6339225769043,-1.9400260760608403,2.5078391009402674,0.4305555555555556,resnet50_layer3_global_pool
images/dissertation_v1/ood/sensory_artifact/jpeg_compression/artifact_000036_07_jpeg_compression.png,1,sensory_artifact,jpeg_compression,31.372541427612305,0.8126788262083632,-3.913826460969426,0.10444444444444445,resnet50_layer3_global_pool
images/dissertation_v1/ood/sensory_artifact/jpeg_compression/artifact_000037_07_jpeg_compression.png,1,sensory_artifact,jpeg_compression,110.5091323852539,0.3509923144761126,-0.4830477160649934,0.7183333333333334,resnet50_layer3_global_pool
images/dissertation_v1/ood/sensory_artifact/jpeg_compression/artifact_000038_07_jpeg_compression.png,1,sensory_artifact,jpeg_compression,100.38626861572266,0.16507909692919867,-1.3938771462018629,0.6994444444444444,resnet50_layer3_global_pool
images/dissertation_v1/ood/sensory_artifact/jpeg_compression/artifact_000039_07_jpeg_compression.png,1,sensory_artifact,jpeg_compression,45.06455612182617,-0.16038852274700294,-1.8407680772215391,0.22722222222222221,resnet50_layer3_global_pool
images/dissertation_v1/ood/sensory_artifact/jpeg_compression/artifact_000040_07_jpeg_compression.png,1,sensory_artifact,jpeg_compression,72.45758819580078,-2.088750983513286,1.6304329520237888,0.5638888888888889,resnet50_layer3_global_pool
images/dissertation_v1/ood/sensory_artifact/jpeg_compression/artifact_000041_07_jpeg_compression.png,1,sensory_artifact,jpeg_compression,72.06788635253906,0.23645315204519904,0.7296090703339555,0.5616666666666666,resnet50_layer3_global_pool
images/dissertation_v1/ood/sensory_artifact/jpeg_compression/artifact_000042_07_jpeg_compression.png,1,sensory_artifact,jpeg_compression,55.84244537353516,-3.2257745578737254,2.646257125874955,0.37277777777777776,resnet50_layer3_global_pool
images/dissertation_v1/ood/sensory_artifact/jpeg_compression/artifact_000043_07_jpeg_compression.png,1,sensory_artifact,jpeg_compression,67.83988952636719,0.6922223065741858,-2.0648241131812637,0.5166666666666667,resnet50_layer3_global_pool
images/dissertation_v1/ood/sensory_artifact/jpeg_compression/artifact_000044_07_jpeg_compression.png,1,sensory_artifact,jpeg_compression,58.90074920654297,-1.7527388262095154,1.1322628303205327,0.4111111111111111,resnet50_layer3_global_pool
images/dissertation_v1/ood/sensory_artifact/jpeg_compression/artifact_000045_07_jpeg_compression.png,1,sensory_artifact,jpeg_compression,95.0679931640625,1.2770858674944765,-2.6231987027228514,0.6911111111111111,resnet50_layer3_global_pool
images/dissertation_v1/ood/sensory_artifact/jpeg_compression/artifact_000046_07_jpeg_compression.png,1,sensory_artifact,jpeg_compression,58.011749267578125,0.40066234764957515,-0.723741430786895,0.3983333333333333,resnet50_layer3_global_pool
images/dissertation_v1/ood/sensory_artifact/jpeg_compression/artifact_000047_07_jpeg_compression.png,1,sensory_artifact,jpeg_compression,58.850364685058594,1.228869138003398,-2.9640160483468874,0.40944444444444444,resnet50_layer3_global_pool
images/dissertation_v1/ood/sensory_artifact/jpeg_compression/artifact_000048_07_jpeg_compression.png,1,sensory_artifact,jpeg_compression,52.39562225341797,-3.2233583841894355,2.6121068734213275,0.3322222222222222,resnet50_layer3_global_pool
images/dissertation_v1/ood/sensory_artifact/jpeg_compression/artifact_000049_07_jpeg_compression.png,1,sensory_artifact,jpeg_compression,41.73865509033203,0.0028293149297537517,-2.6284874738281236,0.19555555555555557,resnet50_layer3_global_pool
images/dissertation_v1/ood/sensory_artifact/jpeg_compression/artifact_000050_07_jpeg_compression.png,1,sensory_artifact,jpeg_compression,55.8444938659668,-1.4248248178021408,1.0519532529361486,0.37333333333333335,resnet50_layer3_global_pool
images/dissertation_v1/ood/sensory_artifact/jpeg_compression/artifact_000051_07_jpeg_compression.png,1,sensory_artifact,jpeg_compression,68.72689056396484,-0.08709298666974878,-0.6405841603734587,0.5227777777777778,resnet50_layer3_global_pool
images/dissertation_v1/ood/sensory_artifact/jpeg_compression/artifact_000052_07_jpeg_compression.png,1,sensory_artifact,jpeg_compression,69.68423461914062,0.9426934355334946,-1.7583897637204233,0.5338888888888889,resnet50_layer3_global_pool
images/dissertation_v1/ood/sensory_artifact/jpeg_compression/artifact_000053_07_jpeg_compression.png,1,sensory_artifact,jpeg_compression,153.83995056152344,2.254267711069026,-2.58574255959443,0.8666666666666667,resnet50_layer3_global_pool
images/dissertation_v1/ood/sensory_artifact/jpeg_compression/artifact_000054_07_jpeg_compression.png,1,sensory_artifact,jpeg_compression,66.56462097167969,-2.336082461434605,1.7602637738613813,0.49944444444444447,resnet50_layer3_global_pool
images/dissertation_v1/ood/sensory_artifact/jpeg_compression/artifact_000055_07_jpeg_compression.png,1,sensory_artifact,jpeg_compression,54.02159118652344,-3.891422754611719,4.001014986202869,0.35444444444444445,resnet50_layer3_global_pool
images/dissertation_v1/ood/sensory_artifact/jpeg_compression/artifact_000056_07_jpeg_compression.png,1,sensory_artifact,jpeg_compression,218.3002471923828,1.4025547532458682,-1.3567787926669965,0.915,resnet50_layer3_global_pool
images/dissertation_v1/ood/sensory_artifact/jpeg_compression/artifact_000057_07_jpeg_compression.png,1,sensory_artifact,jpeg_compression,99.7796630859375,-1.7831693196864407,1.7780041008493168,0.6988888888888889,resnet50_layer3_global_pool
images/dissertation_v1/ood/sensory_artifact/jpeg_compression/artifact_000058_07_jpeg_compression.png,1,sensory_artifact,jpeg_compression,171.05587768554688,1.0239346355218009,0.4797646320919083,0.9061111111111111,resnet50_layer3_global_pool
images/dissertation_v1/ood/sensory_artifact/jpeg_compression/artifact_000059_07_jpeg_compression.png,1,sensory_artifact,jpeg_compression,66.57939147949219,0.9427366740169899,-2.6699771518361546,0.5005555555555555,resnet50_layer3_global_pool
images/dissertation_v1/ood/sensory_artifact/jpeg_compression/artifact_000060_07_jpeg_compression.png,1,sensory_artifact,jpeg_compression,82.63372802734375,0.9774545257072553,-2.1845446055038296,0.6472222222222223,resnet50_layer3_global_pool
images/dissertation_v1/ood/sensory_artifact/jpeg_compression/artifact_000061_07_jpeg_compression.png,1,sensory_artifact,jpeg_compression,58.74185943603516,-2.9667468960881815,2.213864970728328,0.4072222222222222,resnet50_layer3_global_pool
images/dissertation_v1/ood/sensory_artifact/jpeg_compression/artifact_000062_07_jpeg_compression.png,1,sensory_artifact,jpeg_compression,57.8526725769043,-0.36042170004953095,-1.010600254196944,0.39444444444444443,resnet50_layer3_global_pool
images/dissertation_v1/ood/sensory_artifact/jpeg_compression/artifact_000063_07_jpeg_compression.png,1,sensory_artifact,jpeg_compression,51.940059661865234,-3.230042397336113,3.2606185243957606,0.325,resnet50_layer3_global_pool
images/dissertation_v1/ood/sensory_artifact/jpeg_compression/artifact_000064_07_jpeg_compression.png,1,sensory_artifact,jpeg_compression,55.55927276611328,-3.4929745928311893,3.2547567998278053,0.3705555555555556,resnet50_layer3_global_pool
images/dissertation_v1/ood/sensory_artifact/jpeg_compression/artifact_000065_07_jpeg_compression.png,1,sensory_artifact,jpeg_compression,52.63859558105469,0.32752793151405024,-2.318047171859786,0.33611111111111114,resnet50_layer3_global_pool
images/dissertation_v1/ood/sensory_artifact/jpeg_compression/artifact_000066_07_jpeg_compression.png,1,sensory_artifact,jpeg_compression,46.076171875,-0.6629945876955091,-0.9622331960177885,0.24222222222222223,resnet50_layer3_global_pool
images/dissertation_v1/ood/sensory_artifact/jpeg_compression/artifact_000067_07_jpeg_compression.png,1,sensory_artifact,jpeg_compression,176.13626098632812,1.4000151329254145,-1.7802247602960606,0.9077777777777778,resnet50_layer3_global_pool
images/dissertation_v1/ood/sensory_artifact/jpeg_compression/artifact_000068_07_jpeg_compression.png,1,sensory_artifact,jpeg_compression,55.52218246459961,-3.282438601778431,2.4236411076116076,0.37,resnet50_layer3_global_pool
images/dissertation_v1/ood/sensory_artifact/jpeg_compression/artifact_000069_07_jpeg_compression.png,1,sensory_artifact,jpeg_compression,108.42130279541016,0.9833481436533161,-2.802267558862153,0.7177777777777777,resnet50_layer3_global_pool
images/dissertation_v1/ood/sensory_artifact/jpeg_compression/artifact_000070_07_jpeg_compression.png,1,sensory_artifact,jpeg_compression,68.84757995605469,-1.2955659834126692,0.9425645696812347,0.5238888888888888,resnet50_layer3_global_pool
images/dissertation_v1/ood/sensory_artifact/jpeg_compression/artifact_000071_07_jpeg_compression.png,1,sensory_artifact,jpeg_compression,55.50265121459961,-3.848964749276603,3.561359571764725,0.36944444444444446,resnet50_layer3_global_pool
images/dissertation_v1/ood/sensory_artifact/jpeg_compression/artifact_000072_07_jpeg_compression.png,1,sensory_artifact,jpeg_compression,93.38605499267578,1.752338544786824,-1.1086355032066684,0.6872222222222222,resnet50_layer3_global_pool
images/dissertation_v1/ood/sensory_artifact/jpeg_compression/artifact_000073_07_jpeg_compression.png,1,sensory_artifact,jpeg_compression,203.35777282714844,2.234913225984949,-1.0051221039778793,0.9122222222222223,resnet50_layer3_global_pool
images/dissertation_v1/ood/sensory_artifact/jpeg_compression/artifact_000074_07_jpeg_compression.png,1,sensory_artifact,jpeg_compression,55.90974807739258,-2.1204173838057825,2.8180448378714007,0.37555555555555553,resnet50_layer3_global_pool
images/dissertation_v1/ood/sensory_artifact/jpeg_compression/artifact_000075_07_jpeg_compression.png,1,sensory_artifact,jpeg_compression,147.616455078125,0.4027879693649223,0.7533426997548808,0.8027777777777778,resnet50_layer3_global_pool
images/dissertation_v1/ood/sensory_artifact/jpeg_compression/artifact_000076_07_jpeg_compression.png,1,sensory_artifact,jpeg_compression,51.65286636352539,-2.482905489556818,2.1243980728806906,0.3211111111111111,resnet50_layer3_global_pool
images/dissertation_v1/ood/sensory_artifact/jpeg_compression/artifact_000077_07_jpeg_compression.png,1,sensory_artifact,jpeg_compression,104.77276611328124,-1.5681433013896533,1.84421627973194,0.7072222222222222,resnet50_layer3_global_pool
images/dissertation_v1/ood/sensory_artifact/jpeg_compression/artifact_000078_07_jpeg_compression.png,1,sensory_artifact,jpeg_compression,78.77204895019531,-2.3687226948188878,2.085749376546268,0.6288888888888889,resnet50_layer3_global_pool
images/dissertation_v1/ood/sensory_artifact/jpeg_compression/artifact_000079_07_jpeg_compression.png,1,sensory_artifact,jpeg_compression,66.77703094482422,0.8715759335497999,-2.3292357993640165,0.5066666666666667,resnet50_layer3_global_pool
images/dissertation_v1/ood/sensory_artifact/jpeg_compression/artifact_000080_07_jpeg_compression.png,1,sensory_artifact,jpeg_compression,81.62358856201172,0.6405480761818473,-1.192992364144988,0.6422222222222222,resnet50_layer3_global_pool
images/dissertation_v1/ood/sensory_artifact/jpeg_compression/artifact_000081_07_jpeg_compression.png,1,sensory_artifact,jpeg_compression,42.43416976928711,-3.230496727360971,2.336169227883565,0.20333333333333334,resnet50_layer3_global_pool
images/dissertation_v1/ood/sensory_artifact/jpeg_compression/artifact_000082_07_jpeg_compression.png,1,sensory_artifact,jpeg_compression,84.83121490478516,-1.1501701144697911,1.854514312448393,0.6538888888888889,resnet50_layer3_global_pool
images/dissertation_v1/ood/sensory_artifact/jpeg_compression/artifact_000083_07_jpeg_compression.png,1,sensory_artifact,jpeg_compression,92.54820251464844,-0.7984343625692123,0.09785061924261175,0.6822222222222222,resnet50_layer3_global_pool
images/dissertation_v1/ood/sensory_artifact/jpeg_compression/artifact_000084_07_jpeg_compression.png,1,sensory_artifact,jpeg_compression,53.34708023071289,-2.25726040918565,1.7750795180722578,0.34555555555555556,resnet50_layer3_global_pool
images/dissertation_v1/ood/sensory_artifact/jpeg_compression/artifact_000085_07_jpeg_compression.png,1,sensory_artifact,jpeg_compression,89.43587493896484,2.35149893884882,-1.4190855924745502,0.6766666666666666,resnet50_layer3_global_pool
images/dissertation_v1/ood/sensory_artifact/jpeg_compression/artifact_000086_07_jpeg_compression.png,1,sensory_artifact,jpeg_compression,78.472900390625,0.7070474317937349,-2.9307619720290474,0.6261111111111111,resnet50_layer3_global_pool
images/dissertation_v1/ood/sensory_artifact/jpeg_compression/artifact_000087_07_jpeg_compression.png,1,sensory_artifact,jpeg_compression,86.947265625,0.1700795600806535,-0.5952093155790085,0.6627777777777778,resnet50_layer3_global_pool
images/dissertation_v1/ood/sensory_artifact/jpeg_compression/artifact_000088_07_jpeg_compression.png,1,sensory_artifact,jpeg_compression,196.54864501953125,1.4874944149099458,-1.6290901569226184,0.9111111111111111,resnet50_layer3_global_pool
images/dissertation_v1/ood/sensory_artifact/jpeg_compression/artifact_000089_07_jpeg_compression.png,1,sensory_artifact,jpeg_compression,49.45863342285156,-0.08582869801062248,-1.6724447445652095,0.28888888888888886,resnet50_layer3_global_pool
images/dissertation_v1/ood/sensory_artifact/jpeg_compression/artifact_000090_07_jpeg_compression.png,1,sensory_artifact,jpeg_compression,60.424713134765625,-0.9329865702268503,-0.35103063992335587,0.4266666666666667,resnet50_layer3_global_pool
images/dissertation_v1/ood/sensory_artifact/jpeg_compression/artifact_000091_07_jpeg_compression.png,1,sensory_artifact,jpeg_compression,57.17469024658203,0.01795618815888469,-1.6248746329468051,0.3844444444444444,resnet50_layer3_global_pool
images/dissertation_v1/ood/sensory_artifact/jpeg_compression/artifact_000092_07_jpeg_compression.png,1,sensory_artifact,jpeg_compression,38.30368041992188,-0.5961794428919287,-2.4459482759260984,0.16277777777777777,resnet50_layer3_global_pool
images/dissertation_v1/ood/sensory_artifact/jpeg_compression/artifact_000093_07_jpeg_compression.png,1,sensory_artifact,jpeg_compression,79.85652160644531,1.445224377839328,-1.3801796981651944,0.6344444444444445,resnet50_layer3_global_pool
images/dissertation_v1/ood/sensory_artifact/jpeg_compression/artifact_000094_07_jpeg_compression.png,1,sensory_artifact,jpeg_compression,37.46672821044922,-3.196792662932783,0.8865739990512459,0.15722222222222224,resnet50_layer3_global_pool
images/dissertation_v1/ood/sensory_artifact/jpeg_compression/artifact_000095_07_jpeg_compression.png,1,sensory_artifact,jpeg_compression,45.074851989746094,-0.18847001360370147,-1.9520736069555675,0.22777777777777777,resnet50_layer3_global_pool
images/dissertation_v1/ood/sensory_artifact/jpeg_compression/artifact_000096_07_jpeg_compression.png,1,sensory_artifact,jpeg_compression,38.2429313659668,0.2592663180828424,-2.156326979821955,0.16055555555555556,resnet50_layer3_global_pool
images/dissertation_v1/ood/sensory_artifact/jpeg_compression/artifact_000097_07_jpeg_compression.png,1,sensory_artifact,jpeg_compression,191.8663024902344,0.20090770107156602,-0.25562224224402974,0.91,resnet50_layer3_global_pool
images/dissertation_v1/ood/sensory_artifact/jpeg_compression/artifact_000098_07_jpeg_compression.png,1,sensory_artifact,jpeg_compression,82.99159240722656,0.03824536244040981,-1.0412945205884823,0.6477777777777778,resnet50_layer3_global_pool
images/dissertation_v1/ood/sensory_artifact/jpeg_compression/artifact_000099_07_jpeg_compression.png,1,sensory_artifact,jpeg_compression,65.67159271240234,0.5281245543807849,-1.153264045439128,0.495,resnet50_layer3_global_pool
images/dissertation_v1/ood/sensory_artifact/jpeg_compression/artifact_000100_07_jpeg_compression.png,1,sensory_artifact,jpeg_compression,55.49011993408203,1.5610931549889493,-2.6043885486937035,0.3688888888888889,resnet50_layer3_global_pool
images/dissertation_v1/ood/sensory_artifact/jpeg_compression/artifact_000101_07_jpeg_compression.png,1,sensory_artifact,jpeg_compression,98.33488464355467,1.1603204863933925,-2.352148540493122,0.6977777777777778,resnet50_layer3_global_pool
images/dissertation_v1/ood/sensory_artifact/jpeg_compression/artifact_000102_07_jpeg_compression.png,1,sensory_artifact,jpeg_compression,86.19611358642578,-1.3937459402537733,1.5780734872470858,0.6605555555555556,resnet50_layer3_global_pool
images/dissertation_v1/ood/sensory_artifact/jpeg_compression/artifact_000103_07_jpeg_compression.png,1,sensory_artifact,jpeg_compression,80.58676147460938,1.512602890312267,-3.1530587891106894,0.6394444444444445,resnet50_layer3_global_pool
images/dissertation_v1/ood/sensory_artifact/jpeg_compression/artifact_000104_07_jpeg_compression.png,1,sensory_artifact,jpeg_compression,119.43972778320312,-0.21805467637613743,0.7366688090533681,0.7266666666666667,resnet50_layer3_global_pool
images/dissertation_v1/ood/sensory_artifact/jpeg_compression/artifact_000105_07_jpeg_compression.png,1,sensory_artifact,jpeg_compression,71.5936508178711,-2.049298163943283,1.8275160404262487,0.5572222222222222,resnet50_layer3_global_pool
images/dissertation_v1/ood/sensory_artifact/jpeg_compression/artifact_000106_07_jpeg_compression.png,1,sensory_artifact,jpeg_compression,221.77622985839844,2.1384646574978916,-1.1740820012417965,0.9172222222222223,resnet50_layer3_global_pool
images/dissertation_v1/ood/sensory_artifact/jpeg_compression/artifact_000107_07_jpeg_compression.png,1,sensory_artifact,jpeg_compression,46.46295928955078,0.6474835355088054,-3.5596386303280747,0.24666666666666667,resnet50_layer3_global_pool
images/dissertation_v1/ood/sensory_artifact/jpeg_compression/artifact_000108_07_jpeg_compression.png,1,sensory_artifact,jpeg_compression,183.6970367431641,2.4913262719132274,-1.9691642715404665,0.9094444444444445,resnet50_layer3_global_pool
images/dissertation_v1/ood/sensory_artifact/jpeg_compression/artifact_000109_07_jpeg_compression.png,1,sensory_artifact,jpeg_compression,74.59465026855469,-1.6728072856821739,0.5393580544254329,0.5872222222222222,resnet50_layer3_global_pool
images/dissertation_v1/ood/sensory_artifact/jpeg_compression/artifact_000110_07_jpeg_compression.png,1,sensory_artifact,jpeg_compression,70.89739227294922,-0.8106368472514496,0.2932944209275407,0.5477777777777778,resnet50_layer3_global_pool
images/dissertation_v1/ood/sensory_artifact/jpeg_compression/artifact_000111_07_jpeg_compression.png,1,sensory_artifact,jpeg_compression,83.19476318359375,1.6863383993281778,-1.3341852487345294,0.6483333333333333,resnet50_layer3_global_pool
images/dissertation_v1/ood/sensory_artifact/jpeg_compression/artifact_000112_07_jpeg_compression.png,1,sensory_artifact,jpeg_compression,92.8226089477539,0.8705451377089778,-1.7626591220600145,0.6833333333333333,resnet50_layer3_global_pool
images/dissertation_v1/ood/sensory_artifact/jpeg_compression/artifact_000113_07_jpeg_compression.png,1,sensory_artifact,jpeg_compression,85.31361389160156,1.6862611968705379,-3.6274631078755717,0.6566666666666666,resnet50_layer3_global_pool
images/dissertation_v1/ood/sensory_artifact/jpeg_compression/artifact_000114_07_jpeg_compression.png,1,sensory_artifact,jpeg_compression,229.01193237304688,2.439390906312153,-0.8188322981291155,0.9177777777777778,resnet50_layer3_global_pool
images/dissertation_v1/ood/sensory_artifact/jpeg_compression/artifact_000115_07_jpeg_compression.png,1,sensory_artifact,jpeg_compression,71.88734436035156,-1.5482266538279232,0.13516908279218412,0.56,resnet50_layer3_global_pool
images/dissertation_v1/ood/sensory_artifact/jpeg_compression/artifact_000116_07_jpeg_compression.png,1,sensory_artifact,jpeg_compression,50.10825729370117,-1.887094286196777,1.407096198426652,0.2972222222222222,resnet50_layer3_global_pool
images/dissertation_v1/ood/sensory_artifact/jpeg_compression/artifact_000117_07_jpeg_compression.png,1,sensory_artifact,jpeg_compression,76.16615295410156,2.0569750804312537,-2.732089853807729,0.6022222222222222,resnet50_layer3_global_pool
images/dissertation_v1/ood/sensory_artifact/jpeg_compression/artifact_000118_07_jpeg_compression.png,1,sensory_artifact,jpeg_compression,31.68694496154785,-2.4425887944848634,0.03230559413520183,0.10777777777777778,resnet50_layer3_global_pool
images/dissertation_v1/ood/sensory_artifact/jpeg_compression/artifact_000119_07_jpeg_compression.png,1,sensory_artifact,jpeg_compression,58.85658645629883,0.7880937500755636,-2.474766528767894,0.41,resnet50_layer3_global_pool
images/dissertation_v1/ood/sensory_artifact/jpeg_compression/artifact_000120_07_jpeg_compression.png,1,sensory_artifact,jpeg_compression,40.748077392578125,-0.49096787388491486,-1.6617271713847337,0.18611111111111112,resnet50_layer3_global_pool
images/dissertation_v1/ood/sensory_artifact/jpeg_compression/artifact_000121_07_jpeg_compression.png,1,sensory_artifact,jpeg_compression,56.28359603881836,0.3145239455379739,-2.3845071633160906,0.3788888888888889,resnet50_layer3_global_pool
images/dissertation_v1/ood/sensory_artifact/jpeg_compression/artifact_000122_07_jpeg_compression.png,1,sensory_artifact,jpeg_compression,51.143985748291016,-3.2343201281196334,2.3254115278105107,0.31444444444444447,resnet50_layer3_global_pool
images/dissertation_v1/ood/sensory_artifact/jpeg_compression/artifact_000123_07_jpeg_compression.png,1,sensory_artifact,jpeg_compression,67.44745635986328,-2.7920179268043537,1.8987301578026343,0.5111111111111111,resnet50_layer3_global_pool
images/dissertation_v1/ood/sensory_artifact/jpeg_compression/artifact_000124_07_jpeg_compression.png,1,sensory_artifact,jpeg_compression,64.80673217773438,-3.7554504613305073,3.8466851751566877,0.48333333333333334,resnet50_layer3_global_pool
images/dissertation_v1/ood/sensory_artifact/jpeg_compression/artifact_000125_07_jpeg_compression.png,1,sensory_artifact,jpeg_compression,40.303558349609375,-0.7393559786955726,-1.2960286380563641,0.18166666666666667,resnet50_layer3_global_pool
images/dissertation_v1/ood/sensory_artifact/jpeg_compression/artifact_000126_07_jpeg_compression.png,1,sensory_artifact,jpeg_compression,56.900272369384766,-2.0820600411288397,2.035434838841431,0.38166666666666665,resnet50_layer3_global_pool
images/dissertation_v1/ood/sensory_artifact/jpeg_compression/artifact_000127_07_jpeg_compression.png,1,sensory_artifact,jpeg_compression,120.89085388183594,1.6033152144641842,-2.21851723849622,0.7277777777777777,resnet50_layer3_global_pool
images/dissertation_v1/ood/sensory_artifact/jpeg_compression/artifact_000128_07_jpeg_compression.png,1,sensory_artifact,jpeg_compression,207.51516723632807,1.3978518474654402,-1.334165475764266,0.9133333333333333,resnet50_layer3_global_pool
images/dissertation_v1/ood/sensory_artifact/jpeg_compression/artifact_000129_07_jpeg_compression.png,1,sensory_artifact,jpeg_compression,47.34617614746094,-0.22454964329100421,-1.7282773333999548,0.2577777777777778,resnet50_layer3_global_pool
images/dissertation_v1/ood/sensory_artifact/jpeg_compression/artifact_000130_07_jpeg_compression.png,1,sensory_artifact,jpeg_compression,66.61744689941406,0.6892540604516638,-2.621413906633986,0.5022222222222222,resnet50_layer3_global_pool
images/dissertation_v1/ood/sensory_artifact/jpeg_compression/artifact_000131_07_jpeg_compression.png,1,sensory_artifact,jpeg_compression,81.76952362060547,0.9232194632985917,-2.000584951013787,0.6427777777777778,resnet50_layer3_global_pool
images/dissertation_v1/ood/sensory_artifact/jpeg_compression/artifact_000132_07_jpeg_compression.png,1,sensory_artifact,jpeg_compression,47.334922790527344,-0.483145058280366,-1.2154915553392986,0.25666666666666665,resnet50_layer3_global_pool
images/dissertation_v1/ood/sensory_artifact/jpeg_compression/artifact_000133_07_jpeg_compression.png,1,sensory_artifact,jpeg_compression,67.79318237304688,0.4452709511163745,-2.217503882122278,0.5161111111111111,resnet50_layer3_global_pool
images/dissertation_v1/ood/sensory_artifact/jpeg_compression/artifact_000134_07_jpeg_compression.png,1,sensory_artifact,jpeg_compression,218.30319213867188,2.075503161865432,-1.0859137997957167,0.9155555555555556,resnet50_layer3_global_pool
images/dissertation_v1/ood/sensory_artifact/jpeg_compression/artifact_000135_07_jpeg_compression.png,1,sensory_artifact,jpeg_compression,51.374061584472656,-3.134752642317357,2.0554538792024126,0.31833333333333336,resnet50_layer3_global_pool
images/dissertation_v1/ood/sensory_artifact/jpeg_compression/artifact_000136_07_jpeg_compression.png,1,sensory_artifact,jpeg_compression,60.401702880859375,-2.41025412271253,2.027840452334219,0.4261111111111111,resnet50_layer3_global_pool
images/dissertation_v1/ood/sensory_artifact/jpeg_compression/artifact_000137_07_jpeg_compression.png,1,sensory_artifact,jpeg_compression,85.490478515625,-0.7606658228344068,0.9283382102169664,0.6577777777777778,resnet50_layer3_global_pool
images/dissertation_v1/ood/sensory_artifact/jpeg_compression/artifact_000138_07_jpeg_compression.png,1,sensory_artifact,jpeg_compression,35.25584030151367,0.9813820009325359,-4.268802261325393,0.1388888888888889,resnet50_layer3_global_pool
images/dissertation_v1/ood/sensory_artifact/jpeg_compression/artifact_000139_07_jpeg_compression.png,1,sensory_artifact,jpeg_compression,123.54139709472656,1.2619729139417464,-1.9933488275373588,0.7305555555555555,resnet50_layer3_global_pool
images/dissertation_v1/ood/sensory_artifact/jpeg_compression/artifact_000140_07_jpeg_compression.png,1,sensory_artifact,jpeg_compression,65.79451751708984,-0.38888918994707333,1.1115469006888603,0.4955555555555556,resnet50_layer3_global_pool
images/dissertation_v1/ood/sensory_artifact/jpeg_compression/artifact_000141_07_jpeg_compression.png,1,sensory_artifact,jpeg_compression,61.737831115722656,1.6225164913249575,-3.618500570654013,0.44555555555555554,resnet50_layer3_global_pool
images/dissertation_v1/ood/sensory_artifact/jpeg_compression/artifact_000142_07_jpeg_compression.png,1,sensory_artifact,jpeg_compression,62.32115173339844,-2.3184308604506243,2.587424786244379,0.45611111111111113,resnet50_layer3_global_pool
images/dissertation_v1/ood/sensory_artifact/jpeg_compression/artifact_000143_07_jpeg_compression.png,1,sensory_artifact,jpeg_compression,49.49641418457031,1.0259741906134239,-2.545489103736928,0.28944444444444445,resnet50_layer3_global_pool
images/dissertation_v1/ood/sensory_artifact/jpeg_compression/artifact_000144_07_jpeg_compression.png,1,sensory_artifact,jpeg_compression,38.0976791381836,0.4973346370958694,-3.4477176264974725,0.16,resnet50_layer3_global_pool
images/dissertation_v1/ood/sensory_artifact/jpeg_compression/artifact_000145_07_jpeg_compression.png,1,sensory_artifact,jpeg_compression,53.45663070678711,-2.252775053481821,2.779437104406441,0.3472222222222222,resnet50_layer3_global_pool
images/dissertation_v1/ood/sensory_artifact/jpeg_compression/artifact_000146_07_jpeg_compression.png,1,sensory_artifact,jpeg_compression,211.57395935058597,2.1174436389956104,-1.1050367614161567,0.9138888888888889,resnet50_layer3_global_pool
images/dissertation_v1/ood/sensory_artifact/jpeg_compression/artifact_000147_07_jpeg_compression.png,1,sensory_artifact,jpeg_compression,58.85898208618164,-2.538857118908942,1.5411102340420622,0.41055555555555556,resnet50_layer3_global_pool
images/dissertation_v1/ood/sensory_artifact/jpeg_compression/artifact_000148_07_jpeg_compression.png,1,sensory_artifact,jpeg_compression,39.54155731201172,-0.9087405011033342,-1.3903821864521615,0.1761111111111111,resnet50_layer3_global_pool
images/dissertation_v1/ood/sensory_artifact/jpeg_compression/artifact_000149_07_jpeg_compression.png,1,sensory_artifact,jpeg_compression,104.98558807373048,1.0546318515573416,-2.590746724370125,0.7083333333333334,resnet50_layer3_global_pool
images/dissertation_v1/ood/modality_shift/oct_screenshot/oct_screenshot_000000.png,1,modality_shift,oct_screenshot,155.1853485107422,5.000831850301675,-3.353292696154205,0.8788888888888889,resnet50_layer3_global_pool
images/dissertation_v1/ood/modality_shift/oct_screenshot/oct_screenshot_000002.png,1,modality_shift,oct_screenshot,154.1945037841797,4.885858885701485,-3.3900375223677908,0.8688888888888889,resnet50_layer3_global_pool
images/dissertation_v1/ood/modality_shift/oct_screenshot/oct_screenshot_000003.png,1,modality_shift,oct_screenshot,151.0094451904297,4.773676217234131,-3.466246881702588,0.8361111111111111,resnet50_layer3_global_pool
images/dissertation_v1/ood/modality_shift/oct_screenshot/oct_screenshot_000004.png,1,modality_shift,oct_screenshot,155.5529022216797,4.812690874741772,-3.5669840344004813,0.8805555555555555,resnet50_layer3_global_pool
images/dissertation_v1/ood/modality_shift/oct_screenshot/oct_screenshot_000005.png,1,modality_shift,oct_screenshot,150.9103546142578,4.7877848191264825,-3.502500724775956,0.8333333333333334,resnet50_layer3_global_pool
images/dissertation_v1/ood/modality_shift/oct_screenshot/oct_screenshot_000006.png,1,modality_shift,oct_screenshot,159.92568969726562,5.375459860767991,-3.707943753909291,0.8927777777777778,resnet50_layer3_global_pool
images/dissertation_v1/ood/modality_shift/oct_screenshot/oct_screenshot_000007.png,1,modality_shift,oct_screenshot,155.44473266601562,5.302715956133995,-3.4989905836978195,0.8794444444444445,resnet50_layer3_global_pool
images/dissertation_v1/ood/modality_shift/oct_screenshot/oct_screenshot_000009.png,1,modality_shift,oct_screenshot,161.54562377929688,5.5807686350557955,-3.6841184710990067,0.8977777777777778,resnet50_layer3_global_pool
images/dissertation_v1/ood/modality_shift/oct_screenshot/oct_screenshot_000010.png,1,modality_shift,oct_screenshot,158.4584503173828,5.288577176413925,-3.7941925591953,0.8894444444444445,resnet50_layer3_global_pool
images/dissertation_v1/ood/modality_shift/oct_screenshot/oct_screenshot_000011.png,1,modality_shift,oct_screenshot,152.48715209960938,5.2760924166447,-3.606767814189302,0.8511111111111112,resnet50_layer3_global_pool
images/dissertation_v1/ood/modality_shift/oct_screenshot/oct_screenshot_000012.png,1,modality_shift,oct_screenshot,154.7522735595703,5.041945334458303,-3.5822864827941565,0.875,resnet50_layer3_global_pool
images/dissertation_v1/ood/modality_shift/oct_screenshot/oct_screenshot_000015.png,1,modality_shift,oct_screenshot,147.92274475097656,5.461449049436117,-3.6203433932962885,0.8061111111111111,resnet50_layer3_global_pool
images/dissertation_v1/ood/modality_shift/oct_screenshot/oct_screenshot_000016.png,1,modality_shift,oct_screenshot,151.03602600097656,5.098903284629062,-3.4403708376037554,0.8372222222222222,resnet50_layer3_global_pool
images/dissertation_v1/ood/modality_shift/oct_screenshot/oct_screenshot_000018.png,1,modality_shift,oct_screenshot,155.11610412597656,5.312303840987568,-3.5626210132163467,0.8783333333333333,resnet50_layer3_global_pool
images/dissertation_v1/ood/modality_shift/oct_screenshot/oct_screenshot_000019.png,1,modality_shift,oct_screenshot,152.16543579101562,5.2527994069257655,-3.5568875326538696,0.8472222222222222,resnet50_layer3_global_pool
images/dissertation_v1/ood/modality_shift/oct_screenshot/oct_screenshot_000022.png,1,modality_shift,oct_screenshot,151.0131072998047,5.180583721730461,-3.481562615873356,0.8366666666666667,resnet50_layer3_global_pool
images/dissertation_v1/ood/modality_shift/oct_screenshot/oct_screenshot_000023.png,1,modality_shift,oct_screenshot,148.04983520507812,5.164560551656641,-3.486397939730962,0.8088888888888889,resnet50_layer3_global_pool
images/dissertation_v1/ood/modality_shift/oct_screenshot/oct_screenshot_000024.png,1,modality_shift,oct_screenshot,154.4445343017578,5.239079777703626,-3.4846319099920273,0.8744444444444445,resnet50_layer3_global_pool
images/dissertation_v1/ood/modality_shift/oct_screenshot/oct_screenshot_000025.png,1,modality_shift,oct_screenshot,151.69842529296875,5.067543321257077,-3.3577399562855352,0.8433333333333334,resnet50_layer3_global_pool
images/dissertation_v1/ood/modality_shift/oct_screenshot/oct_screenshot_000026.png,1,modality_shift,oct_screenshot,153.52069091796875,5.055814696566314,-3.5598427398388868,0.8633333333333333,resnet50_layer3_global_pool
images/dissertation_v1/ood/modality_shift/oct_screenshot/oct_screenshot_000027.png,1,modality_shift,oct_screenshot,145.39065551757812,5.249604314463384,-3.490211667328198,0.7888888888888889,resnet50_layer3_global_pool
images/dissertation_v1/ood/modality_shift/oct_screenshot/oct_screenshot_000028.png,1,modality_shift,oct_screenshot,150.17718505859375,5.429926080463292,-3.5070186191879342,0.8272222222222222,resnet50_layer3_global_pool
images/dissertation_v1/ood/modality_shift/oct_screenshot/oct_screenshot_000029.png,1,modality_shift,oct_screenshot,154.84149169921875,5.345597060098714,-3.4446464626900037,0.8761111111111111,resnet50_layer3_global_pool
images/dissertation_v1/ood/modality_shift/oct_screenshot/oct_screenshot_000030.png,1,modality_shift,oct_screenshot,152.54220581054688,5.327253083470746,-3.568977483312773,0.8527777777777777,resnet50_layer3_global_pool
images/dissertation_v1/ood/modality_shift/oct_screenshot/oct_screenshot_000031.png,1,modality_shift,oct_screenshot,145.28781127929688,4.828263960302705,-3.272174250038456,0.7861111111111111,resnet50_layer3_global_pool
images/dissertation_v1/ood/modality_shift/oct_screenshot/oct_screenshot_000032.png,1,modality_shift,oct_screenshot,148.01251220703125,4.806023320695336,-3.3572484580104156,0.8077777777777778,resnet50_layer3_global_pool
images/dissertation_v1/ood/modality_shift/oct_screenshot/oct_screenshot_000033.png,1,modality_shift,oct_screenshot,148.9457244873047,5.19452032718888,-3.507602226604082,0.815,resnet50_layer3_global_pool
images/dissertation_v1/ood/modality_shift/oct_screenshot/oct_screenshot_000034.png,1,modality_shift,oct_screenshot,149.65780639648438,5.21077501926617,-3.6239555132349444,0.8211111111111111,resnet50_layer3_global_pool
images/dissertation_v1/ood/modality_shift/oct_screenshot/oct_screenshot_000035.png,1,modality_shift,oct_screenshot,150.54408264160156,5.231150556535643,-3.350922796476625,0.8316666666666667,resnet50_layer3_global_pool
images/dissertation_v1/ood/modality_shift/oct_screenshot/oct_screenshot_000036.png,1,modality_shift,oct_screenshot,150.49195861816406,5.243361759775708,-3.4734493947639953,0.8311111111111111,resnet50_layer3_global_pool
images/dissertation_v1/ood/modality_shift/oct_screenshot/oct_screenshot_000038.png,1,modality_shift,oct_screenshot,159.26805114746094,5.437214875508096,-3.916817980710616,0.8905555555555555,resnet50_layer3_global_pool
images/dissertation_v1/ood/modality_shift/oct_screenshot/oct_screenshot_000039.png,1,modality_shift,oct_screenshot,154.25794982910156,5.272471624318238,-3.905130878002886,0.87,resnet50_layer3_global_pool
images/dissertation_v1/ood/modality_shift/oct_screenshot/oct_screenshot_000040.png,1,modality_shift,oct_screenshot,151.83082580566406,4.647423707644997,-3.183018541875797,0.8444444444444444,resnet50_layer3_global_pool
images/dissertation_v1/ood/modality_shift/oct_screenshot/oct_screenshot_000041.png,1,modality_shift,oct_screenshot,142.82394409179688,4.61696599433047,-3.32232556546934,0.77,resnet50_layer3_global_pool
images/dissertation_v1/ood/modality_shift/oct_screenshot/oct_screenshot_000042.png,1,modality_shift,oct_screenshot,144.0352325439453,4.964007730761456,-3.7765414831912185,0.7772222222222223,resnet50_layer3_global_pool
images/dissertation_v1/ood/modality_shift/oct_screenshot/oct_screenshot_000043.png,1,modality_shift,oct_screenshot,148.10507202148438,5.120867616297694,-3.8922563486396355,0.8094444444444444,resnet50_layer3_global_pool
images/dissertation_v1/ood/modality_shift/oct_screenshot/oct_screenshot_000044.png,1,modality_shift,oct_screenshot,147.79364013671875,5.230936809823837,-4.063654727628642,0.8044444444444444,resnet50_layer3_global_pool
images/dissertation_v1/ood/modality_shift/oct_screenshot/oct_screenshot_000045.png,1,modality_shift,oct_screenshot,152.0050506591797,5.465940096627516,-4.148311240656532,0.8455555555555555,resnet50_layer3_global_pool
images/dissertation_v1/ood/modality_shift/oct_screenshot/oct_screenshot_000046.png,1,modality_shift,oct_screenshot,147.18809509277344,5.297241647242323,-3.87276135691863,0.8011111111111111,resnet50_layer3_global_pool
images/dissertation_v1/ood/modality_shift/oct_screenshot/oct_screenshot_000047.png,1,modality_shift,oct_screenshot,147.1736297607422,5.275835828534489,-4.067598430396619,0.8005555555555556,resnet50_layer3_global_pool
images/dissertation_v1/ood/modality_shift/oct_screenshot/oct_screenshot_000049.png,1,modality_shift,oct_screenshot,153.89801025390625,4.972614437138508,-3.7491580071540187,0.8677777777777778,resnet50_layer3_global_pool
images/dissertation_v1/ood/modality_shift/oct_screenshot/oct_screenshot_000051.png,1,modality_shift,oct_screenshot,143.55361938476562,4.883580389955425,-3.651373090693654,0.7733333333333333,resnet50_layer3_global_pool
images/dissertation_v1/ood/modality_shift/oct_screenshot/oct_screenshot_000053.png,1,modality_shift,oct_screenshot,146.9241180419922,5.099994557768336,-3.785405460422779,0.7988888888888889,resnet50_layer3_global_pool
images/dissertation_v1/ood/modality_shift/oct_screenshot/oct_screenshot_000055.png,1,modality_shift,oct_screenshot,156.99380493164062,4.988703647152226,-3.58517499072674,0.885,resnet50_layer3_global_pool
images/dissertation_v1/ood/modality_shift/oct_screenshot/oct_screenshot_000056.png,1,modality_shift,oct_screenshot,149.77337646484375,4.913151651011593,-3.391876099059022,0.8222222222222222,resnet50_layer3_global_pool
images/dissertation_v1/ood/modality_shift/oct_screenshot/oct_screenshot_000060.png,1,modality_shift,oct_screenshot,153.83425903320312,5.010154953098563,-3.8929933692319545,0.8661111111111112,resnet50_layer3_global_pool
images/dissertation_v1/ood/modality_shift/oct_screenshot/oct_screenshot_000061.png,1,modality_shift,oct_screenshot,152.40806579589844,5.026300335146045,-3.694192320326078,0.8505555555555555,resnet50_layer3_global_pool
images/dissertation_v1/ood/modality_shift/oct_screenshot/oct_screenshot_000062.png,1,modality_shift,oct_screenshot,152.2423553466797,4.9452718899896055,-3.9280926098362174,0.8477777777777777,resnet50_layer3_global_pool
images/dissertation_v1/ood/modality_shift/oct_screenshot/oct_screenshot_000064.png,1,modality_shift,oct_screenshot,154.34854125976562,5.20548624015535,-4.031183443301803,0.8722222222222222,resnet50_layer3_global_pool
images/dissertation_v1/ood/modality_shift/oct_screenshot/oct_screenshot_000065.png,1,modality_shift,oct_screenshot,153.0797576904297,5.0592568427022115,-3.697366615035455,0.86,resnet50_layer3_global_pool
images/dissertation_v1/ood/modality_shift/oct_screenshot/oct_screenshot_000066.png,1,modality_shift,oct_screenshot,152.8371124267578,5.213621593333048,-3.722223727158556,0.8572222222222222,resnet50_layer3_global_pool
images/dissertation_v1/ood/modality_shift/oct_screenshot/oct_screenshot_000067.png,1,modality_shift,oct_screenshot,149.42820739746094,4.923041559678771,-3.743645823761829,0.8194444444444444,resnet50_layer3_global_pool
images/dissertation_v1/ood/modality_shift/oct_screenshot/oct_screenshot_000068.png,1,modality_shift,oct_screenshot,146.86158752441406,4.844821869644574,-3.617420836428263,0.7972222222222223,resnet50_layer3_global_pool
images/dissertation_v1/ood/modality_shift/oct_screenshot/oct_screenshot_000069.png,1,modality_shift,oct_screenshot,140.4565887451172,4.854904210703107,-3.517926322334201,0.7588888888888888,resnet50_layer3_global_pool
images/dissertation_v1/ood/modality_shift/oct_screenshot/oct_screenshot_000070.png,1,modality_shift,oct_screenshot,148.10765075683594,4.931404002624683,-3.5423344088369357,0.81,resnet50_layer3_global_pool
images/dissertation_v1/ood/modality_shift/oct_screenshot/oct_screenshot_000073.png,1,modality_shift,oct_screenshot,150.5591278076172,4.932245934839833,-3.601992535899916,0.8322222222222222,resnet50_layer3_global_pool
images/dissertation_v1/ood/modality_shift/oct_screenshot/oct_screenshot_000075.png,1,modality_shift,oct_screenshot,147.83314514160156,4.915203748297956,-3.5110487323518886,0.8055555555555556,resnet50_layer3_global_pool
images/dissertation_v1/ood/modality_shift/oct_screenshot/oct_screenshot_000076.png,1,modality_shift,oct_screenshot,149.2266845703125,4.99151197021058,-3.8060493203209917,0.8177777777777778,resnet50_layer3_global_pool
images/dissertation_v1/ood/modality_shift/oct_screenshot/oct_screenshot_000077.png,1,modality_shift,oct_screenshot,151.89682006835938,5.086480375271615,-3.6579969170449176,0.845,resnet50_layer3_global_pool
images/dissertation_v1/ood/modality_shift/oct_screenshot/oct_screenshot_000078.png,1,modality_shift,oct_screenshot,144.23263549804688,5.001617402773598,-3.6967033289264966,0.7794444444444445,resnet50_layer3_global_pool
images/dissertation_v1/ood/modality_shift/oct_screenshot/oct_screenshot_000079.png,1,modality_shift,oct_screenshot,139.92323303222656,4.944652899290948,-3.47231274220257,0.7561111111111111,resnet50_layer3_global_pool
images/dissertation_v1/ood/modality_shift/oct_screenshot/oct_screenshot_000080.png,1,modality_shift,oct_screenshot,142.2525177001953,4.846003877932425,-3.7318327058530367,0.7677777777777778,resnet50_layer3_global_pool
images/dissertation_v1/ood/modality_shift/oct_screenshot/oct_screenshot_000081.png,1,modality_shift,oct_screenshot,137.6840362548828,4.799205899281472,-3.6822987854610276,0.7472222222222222,resnet50_layer3_global_pool
images/dissertation_v1/ood/modality_shift/oct_screenshot/oct_screenshot_000082.png,1,modality_shift,oct_screenshot,138.88966369628906,4.687976511320634,-3.4820048930638627,0.7516666666666667,resnet50_layer3_global_pool
images/dissertation_v1/ood/modality_shift/oct_screenshot/oct_screenshot_000083.png,1,modality_shift,oct_screenshot,143.7704620361328,4.710506686368831,-3.8034292071138056,0.7738888888888888,resnet50_layer3_global_pool
images/dissertation_v1/ood/modality_shift/oct_screenshot/oct_screenshot_000084.png,1,modality_shift,oct_screenshot,150.90541076660156,4.960243865582002,-3.6347615097599664,0.8327777777777777,resnet50_layer3_global_pool
images/dissertation_v1/ood/modality_shift/oct_screenshot/oct_screenshot_000085.png,1,modality_shift,oct_screenshot,149.8606719970703,4.885660326636486,-3.447181628560782,0.8233333333333334,resnet50_layer3_global_pool
images/dissertation_v1/ood/modality_shift/oct_screenshot/oct_screenshot_000086.png,1,modality_shift,oct_screenshot,152.76622009277344,4.884921666386088,-3.8398822833409683,0.8555555555555555,resnet50_layer3_global_pool
images/dissertation_v1/ood/modality_shift/oct_screenshot/oct_screenshot_000090.png,1,modality_shift,oct_screenshot,143.25450134277344,4.999358334681198,-3.7770657366087956,0.7727777777777778,resnet50_layer3_global_pool
images/dissertation_v1/ood/modality_shift/oct_screenshot/oct_screenshot_000091.png,1,modality_shift,oct_screenshot,149.279541015625,4.924089856080295,-4.250073573485458,0.8183333333333334,resnet50_layer3_global_pool
images/dissertation_v1/ood/modality_shift/oct_screenshot/oct_screenshot_000093.png,1,modality_shift,oct_screenshot,147.98988342285156,4.882832480097841,-4.222638293834077,0.8072222222222222,resnet50_layer3_global_pool
images/dissertation_v1/ood/modality_shift/oct_screenshot/oct_screenshot_000094.png,1,modality_shift,oct_screenshot,150.43618774414062,4.956509094462589,-4.229379081629768,0.8294444444444444,resnet50_layer3_global_pool
images/dissertation_v1/ood/modality_shift/oct_screenshot/oct_screenshot_000095.png,1,modality_shift,oct_screenshot,144.32627868652344,4.691367070209101,-3.9267109250805117,0.78,resnet50_layer3_global_pool
images/dissertation_v1/ood/modality_shift/oct_screenshot/oct_screenshot_000096.png,1,modality_shift,oct_screenshot,144.79359436035156,4.6750117377468134,-4.015605190700967,0.7822222222222223,resnet50_layer3_global_pool
images/dissertation_v1/ood/modality_shift/oct_screenshot/oct_screenshot_000097.png,1,modality_shift,oct_screenshot,146.69212341308594,4.65782911292842,-4.1227034831634946,0.7955555555555556,resnet50_layer3_global_pool
images/dissertation_v1/ood/modality_shift/oct_screenshot/oct_screenshot_000098.png,1,modality_shift,oct_screenshot,142.5550079345703,4.9771472969734845,-2.900053776721523,0.7688888888888888,resnet50_layer3_global_pool
images/dissertation_v1/ood/modality_shift/oct_screenshot/oct_screenshot_000100.png,1,modality_shift,oct_screenshot,141.70802307128906,4.910026407358797,-3.2636987043460426,0.7627777777777778,resnet50_layer3_global_pool
images/dissertation_v1/ood/modality_shift/oct_screenshot/oct_screenshot_000101.png,1,modality_shift,oct_screenshot,153.31312561035156,4.943998371562763,-3.3317640304825806,0.8616666666666667,resnet50_layer3_global_pool
images/dissertation_v1/ood/modality_shift/oct_screenshot/oct_screenshot_000104.png,1,modality_shift,oct_screenshot,149.4742889404297,4.921061740759433,-3.2846475807277957,0.8205555555555556,resnet50_layer3_global_pool
images/dissertation_v1/ood/modality_shift/oct_screenshot/oct_screenshot_000105.png,1,modality_shift,oct_screenshot,153.84791564941406,4.960711325501978,-3.380106075455068,0.8672222222222222,resnet50_layer3_global_pool
images/dissertation_v1/ood/modality_shift/oct_screenshot/oct_screenshot_000108.png,1,modality_shift,oct_screenshot,150.10858154296875,5.007501528194804,-3.3525334721979965,0.8261111111111111,resnet50_layer3_global_pool
images/dissertation_v1/ood/modality_shift/oct_screenshot/oct_screenshot_000109.png,1,modality_shift,oct_screenshot,150.92593383789062,4.916166907406386,-3.220835953409933,0.8344444444444444,resnet50_layer3_global_pool
images/dissertation_v1/ood/modality_shift/oct_screenshot/oct_screenshot_000110.png,1,modality_shift,oct_screenshot,149.1066436767578,4.914156905845952,-3.0816792999814884,0.8166666666666667,resnet50_layer3_global_pool
images/dissertation_v1/ood/modality_shift/oct_screenshot/oct_screenshot_000111.png,1,modality_shift,oct_screenshot,152.88050842285156,5.119314062693502,-3.2069658697693066,0.8577777777777778,resnet50_layer3_global_pool
images/dissertation_v1/ood/modality_shift/oct_screenshot/oct_screenshot_000112.png,1,modality_shift,oct_screenshot,157.59317016601562,5.200834976668041,-3.115634082773022,0.8861111111111111,resnet50_layer3_global_pool
images/dissertation_v1/ood/modality_shift/oct_screenshot/oct_screenshot_000113.png,1,modality_shift,oct_screenshot,154.31558227539062,4.956673471021809,-3.000630698851964,0.8705555555555555,resnet50_layer3_global_pool
images/dissertation_v1/ood/modality_shift/oct_screenshot/oct_screenshot_000114.png,1,modality_shift,oct_screenshot,155.74993896484375,4.941333247503046,-2.902227181028268,0.8816666666666667,resnet50_layer3_global_pool
images/dissertation_v1/ood/modality_shift/oct_screenshot/oct_screenshot_000115.png,1,modality_shift,oct_screenshot,149.45106506347656,5.047351433003388,-3.219094073444145,0.82,resnet50_layer3_global_pool
images/dissertation_v1/ood/modality_shift/oct_screenshot/oct_screenshot_000117.png,1,modality_shift,oct_screenshot,152.71995544433594,5.092662503411069,-3.3397519528138693,0.855,resnet50_layer3_global_pool
images/dissertation_v1/ood/modality_shift/oct_screenshot/oct_screenshot_000118.png,1,modality_shift,oct_screenshot,155.07241821289062,5.040870681339641,-3.386677583094251,0.8777777777777778,resnet50_layer3_global_pool
images/dissertation_v1/ood/modality_shift/oct_screenshot/oct_screenshot_000119.png,1,modality_shift,oct_screenshot,150.446533203125,5.022570223141816,-3.5286681606319776,0.8305555555555556,resnet50_layer3_global_pool
images/dissertation_v1/ood/modality_shift/oct_screenshot/oct_screenshot_000120.png,1,modality_shift,oct_screenshot,149.90402221679688,5.008483192778354,-3.283166241727773,0.8244444444444444,resnet50_layer3_global_pool
images/dissertation_v1/ood/modality_shift/oct_screenshot/oct_screenshot_000122.png,1,modality_shift,oct_screenshot,146.8896026611328,4.84080615857366,-3.3852959279032113,0.7977777777777778,resnet50_layer3_global_pool
images/dissertation_v1/ood/modality_shift/oct_screenshot/oct_screenshot_000123.png,1,modality_shift,oct_screenshot,149.38397216796875,4.813392104612893,-3.4752586345155856,0.8188888888888889,resnet50_layer3_global_pool
images/dissertation_v1/ood/modality_shift/oct_screenshot/oct_screenshot_000124.png,1,modality_shift,oct_screenshot,145.3856201171875,4.957509773215081,-3.4003962009198565,0.7883333333333333,resnet50_layer3_global_pool
images/dissertation_v1/ood/modality_shift/oct_screenshot/oct_screenshot_000125.png,1,modality_shift,oct_screenshot,145.0137176513672,4.859480238998509,-3.2959097934975614,0.7838888888888889,resnet50_layer3_global_pool
images/dissertation_v1/ood/modality_shift/oct_screenshot/oct_screenshot_000126.png,1,modality_shift,oct_screenshot,143.8219757080078,4.924186757646216,-3.5166542306120743,0.7744444444444445,resnet50_layer3_global_pool
images/dissertation_v1/ood/modality_shift/oct_screenshot/oct_screenshot_000127.png,1,modality_shift,oct_screenshot,148.9413299560547,5.052039916971755,-3.5036380367444355,0.8144444444444444,resnet50_layer3_global_pool
images/dissertation_v1/ood/modality_shift/oct_screenshot/oct_screenshot_000128.png,1,modality_shift,oct_screenshot,150.43820190429688,4.991925991970742,-3.373619281911084,0.83,resnet50_layer3_global_pool
images/dissertation_v1/ood/modality_shift/oct_screenshot/oct_screenshot_000132.png,1,modality_shift,oct_screenshot,151.1607666015625,5.140867647636806,-3.3826441476992466,0.8383333333333334,resnet50_layer3_global_pool
images/dissertation_v1/ood/modality_shift/oct_screenshot/oct_screenshot_000133.png,1,modality_shift,oct_screenshot,159.20059204101562,5.1572159838864655,-3.4141294052612965,0.89,resnet50_layer3_global_pool
images/dissertation_v1/ood/modality_shift/oct_screenshot/oct_screenshot_000135.png,1,modality_shift,oct_screenshot,144.05052185058594,5.120795237227322,-3.2714886316503637,0.7777777777777778,resnet50_layer3_global_pool
images/dissertation_v1/ood/modality_shift/oct_screenshot/oct_screenshot_000136.png,1,modality_shift,oct_screenshot,152.9742889404297,5.054252309229638,-3.4984691485630908,0.8583333333333333,resnet50_layer3_global_pool
images/dissertation_v1/ood/modality_shift/oct_screenshot/oct_screenshot_000137.png,1,modality_shift,oct_screenshot,151.43594360351562,5.0498875898217195,-3.420422196263469,0.8405555555555555,resnet50_layer3_global_pool
images/dissertation_v1/ood/modality_shift/oct_screenshot/oct_screenshot_000138.png,1,modality_shift,oct_screenshot,152.26373291015625,5.07451347642011,-3.4974071649454803,0.8483333333333334,resnet50_layer3_global_pool
images/dissertation_v1/ood/modality_shift/oct_screenshot/oct_screenshot_000139.png,1,modality_shift,oct_screenshot,147.66734313964844,4.92426149814399,-3.513946950999049,0.8033333333333333,resnet50_layer3_global_pool
images/dissertation_v1/ood/modality_shift/oct_screenshot/oct_screenshot_000140.png,1,modality_shift,oct_screenshot,146.5367431640625,4.8128148810349645,-3.5123611937914405,0.7944444444444444,resnet50_layer3_global_pool
images/dissertation_v1/ood/modality_shift/oct_screenshot/oct_screenshot_000141.png,1,modality_shift,oct_screenshot,147.57058715820312,4.677111268809565,-3.404864008238318,0.8022222222222222,resnet50_layer3_global_pool
images/dissertation_v1/ood/modality_shift/oct_screenshot/oct_screenshot_000142.png,1,modality_shift,oct_screenshot,152.99960327148438,4.818252207650896,-3.6799251849904326,0.8588888888888889,resnet50_layer3_global_pool
images/dissertation_v1/ood/modality_shift/oct_screenshot/oct_screenshot_000143.png,1,modality_shift,oct_screenshot,152.60391235351562,4.898933706119927,-3.5724501156210344,0.8533333333333334,resnet50_layer3_global_pool
images/dissertation_v1/ood/modality_shift/oct_screenshot/oct_screenshot_000144.png,1,modality_shift,oct_screenshot,144.15794372558594,4.810231469468547,-3.434664873294858,0.7788888888888889,resnet50_layer3_global_pool
images/dissertation_v1/ood/modality_shift/oct_screenshot/oct_screenshot_000145.png,1,modality_shift,oct_screenshot,149.02081298828125,4.912837600955055,-3.5804307950484087,0.8155555555555556,resnet50_layer3_global_pool
images/dissertation_v1/ood/modality_shift/oct_screenshot/oct_screenshot_000146.png,1,modality_shift,oct_screenshot,146.4019775390625,4.797546102351094,-3.56397180560903,0.7938888888888889,resnet50_layer3_global_pool
images/dissertation_v1/ood/modality_shift/oct_screenshot/oct_screenshot_000147.png,1,modality_shift,oct_screenshot,138.0464630126953,4.5034985143674975,-3.108351641216383,0.7488888888888889,resnet50_layer3_global_pool
images/dissertation_v1/ood/modality_shift/oct_screenshot/oct_screenshot_000148.png,1,modality_shift,oct_screenshot,138.5452117919922,4.459933692202859,-3.2770329346874405,0.7505555555555555,resnet50_layer3_global_pool
images/dissertation_v1/ood/modality_shift/oct_screenshot/oct_screenshot_000150.png,1,modality_shift,oct_screenshot,140.83543395996094,4.748202937021574,-3.777246301326999,0.76,resnet50_layer3_global_pool
images/dissertation_v1/ood/modality_shift/oct_screenshot/oct_screenshot_000152.png,1,modality_shift,oct_screenshot,145.792236328125,4.8062312301283505,-3.7849235324054873,0.7911111111111111,resnet50_layer3_global_pool
images/dissertation_v1/ood/modality_shift/oct_screenshot/oct_screenshot_000153.png,1,modality_shift,oct_screenshot,143.8696746826172,4.6546837667274765,-3.5769669883482984,0.775,resnet50_layer3_global_pool
images/dissertation_v1/ood/modality_shift/oct_screenshot/oct_screenshot_000154.png,1,modality_shift,oct_screenshot,145.3021240234375,4.68885216150239,-3.44496677480891,0.7866666666666666,resnet50_layer3_global_pool
images/dissertation_v1/ood/modality_shift/oct_screenshot/oct_screenshot_000155.png,1,modality_shift,oct_screenshot,139.96942138671875,4.59546619935082,-3.4492098068452006,0.7566666666666667,resnet50_layer3_global_pool
images/dissertation_v1/ood/modality_shift/oct_screenshot/oct_screenshot_000156.png,1,modality_shift,oct_screenshot,142.18138122558594,4.845507949959081,-3.588861757304689,0.7666666666666667,resnet50_layer3_global_pool
images/dissertation_v1/ood/modality_shift/oct_screenshot/oct_screenshot_000158.png,1,modality_shift,oct_screenshot,151.47352600097656,4.6118147565319125,-3.2145092514048867,0.8416666666666667,resnet50_layer3_global_pool
images/dissertation_v1/ood/modality_shift/oct_screenshot/oct_screenshot_000159.png,1,modality_shift,oct_screenshot,153.4737548828125,4.519230615437952,-3.2485142346601994,0.8627777777777778,resnet50_layer3_global_pool
images/dissertation_v1/ood/modality_shift/oct_screenshot/oct_screenshot_000161.png,1,modality_shift,oct_screenshot,150.92282104492188,4.55863003141401,-3.2069140728034995,0.8338888888888889,resnet50_layer3_global_pool
images/dissertation_v1/ood/modality_shift/oct_screenshot/oct_screenshot_000162.png,1,modality_shift,oct_screenshot,150.2989501953125,4.5812865204312905,-3.394123704887608,0.8277777777777777,resnet50_layer3_global_pool
images/dissertation_v1/ood/modality_shift/oct_screenshot/oct_screenshot_000163.png,1,modality_shift,oct_screenshot,150.3806610107422,5.000375184454181,-3.5437191019499057,0.8288888888888889,resnet50_layer3_global_pool
images/dissertation_v1/ood/modality_shift/oct_screenshot/oct_screenshot_000164.png,1,modality_shift,oct_screenshot,153.7194366455078,4.823074281497601,-3.449385099810309,0.865,resnet50_layer3_global_pool
images/dissertation_v1/ood/modality_shift/oct_screenshot/oct_screenshot_000165.png,1,modality_shift,oct_screenshot,147.4473876953125,4.678703377098309,-3.3578698085760954,0.8016666666666666,resnet50_layer3_global_pool
images/dissertation_v1/ood/modality_shift/oct_screenshot/oct_screenshot_000166.png,1,modality_shift,oct_screenshot,145.93099975585938,4.551322277693287,-3.435899441013989,0.7916666666666666,resnet50_layer3_global_pool
images/dissertation_v1/ood/modality_shift/oct_screenshot/oct_screenshot_000168.png,1,modality_shift,oct_screenshot,147.1611785888672,4.893236599656777,-3.7270533104447807,0.8,resnet50_layer3_global_pool
images/dissertation_v1/ood/modality_shift/oct_screenshot/oct_screenshot_000169.png,1,modality_shift,oct_screenshot,148.16461181640625,4.854464304434183,-3.760750654440018,0.8105555555555556,resnet50_layer3_global_pool
images/dissertation_v1/ood/modality_shift/oct_screenshot/oct_screenshot_000170.png,1,modality_shift,oct_screenshot,149.7174072265625,4.942668855840736,-3.569703768829838,0.8216666666666667,resnet50_layer3_global_pool
images/dissertation_v1/ood/modality_shift/oct_screenshot/oct_screenshot_000172.png,1,modality_shift,oct_screenshot,139.09446716308594,4.573473255702122,-3.363506000808916,0.7527777777777778,resnet50_layer3_global_pool
images/dissertation_v1/ood/modality_shift/oct_screenshot/oct_screenshot_000173.png,1,modality_shift,oct_screenshot,145.57888793945312,4.698103557160561,-3.656334139236157,0.79,resnet50_layer3_global_pool
images/dissertation_v1/ood/modality_shift/oct_screenshot/oct_screenshot_000174.png,1,modality_shift,oct_screenshot,142.00851440429688,4.6324763105420725,-3.6009324872124684,0.765,resnet50_layer3_global_pool
images/dissertation_v1/ood/modality_shift/oct_screenshot/oct_screenshot_000177.png,1,modality_shift,oct_screenshot,141.43551635742188,4.57389271172349,-3.543978483559105,0.7605555555555555,resnet50_layer3_global_pool
images/dissertation_v1/ood/modality_shift/oct_screenshot/oct_screenshot_000178.png,1,modality_shift,oct_screenshot,149.80726623535156,4.738332397146307,-3.5424786879759207,0.8227777777777778,resnet50_layer3_global_pool
images/dissertation_v1/ood/modality_shift/oct_screenshot/oct_screenshot_000180.png,1,modality_shift,oct_screenshot,151.3153533935547,4.795941426986002,-3.7453485631022625,0.8388888888888889,resnet50_layer3_global_pool
images/dissertation_v1/ood/modality_shift/oct_screenshot/oct_screenshot_000182.png,1,modality_shift,oct_screenshot,148.28367614746094,4.716452833015675,-3.5329297380245013,0.8111111111111111,resnet50_layer3_global_pool
images/dissertation_v1/ood/modality_shift/oct_screenshot/oct_screenshot_000184.png,1,modality_shift,oct_screenshot,145.180908203125,4.737782178593642,-3.7817733625151244,0.785,resnet50_layer3_global_pool
images/dissertation_v1/ood/modality_shift/oct_screenshot/oct_screenshot_000185.png,1,modality_shift,oct_screenshot,141.66665649414062,4.743847370475021,-3.7501888850239578,0.7616666666666667,resnet50_layer3_global_pool
images/dissertation_v1/ood/modality_shift/oct_screenshot/oct_screenshot_000186.png,1,modality_shift,oct_screenshot,138.0371551513672,4.745065290098472,-3.6976968174368317,0.7483333333333333,resnet50_layer3_global_pool
images/dissertation_v1/ood/modality_shift/oct_screenshot/oct_screenshot_000187.png,1,modality_shift,oct_screenshot,143.9691925048828,4.988226133312206,-3.8628448363610186,0.7766666666666666,resnet50_layer3_global_pool
images/dissertation_v1/ood/modality_shift/oct_screenshot/oct_screenshot_000189.png,1,modality_shift,oct_screenshot,142.59320068359375,4.79518362881246,-3.501971497904108,0.7694444444444445,resnet50_layer3_global_pool
images/dissertation_v1/ood/modality_shift/oct_screenshot/oct_screenshot_000190.png,1,modality_shift,oct_screenshot,146.04087829589844,4.5687385404658665,-3.6624383487271945,0.7927777777777778,resnet50_layer3_global_pool
images/dissertation_v1/ood/modality_shift/oct_screenshot/oct_screenshot_000191.png,1,modality_shift,oct_screenshot,136.0225372314453,4.235889468276725,-3.456842484643989,0.7433333333333333,resnet50_layer3_global_pool
images/dissertation_v1/ood/modality_shift/oct_screenshot/oct_screenshot_000194.png,1,modality_shift,oct_screenshot,142.2011260986328,4.736591471266292,-3.910442869539227,0.7672222222222222,resnet50_layer3_global_pool
images/dissertation_v1/ood/modality_shift/oct_screenshot/oct_screenshot_000195.png,1,modality_shift,oct_screenshot,136.16119384765625,4.6283590588000365,-3.6810671023020047,0.7438888888888889,resnet50_layer3_global_pool
images/dissertation_v1/ood/modality_shift/oct_screenshot/oct_screenshot_000197.png,1,modality_shift,oct_screenshot,144.96017456054688,4.502894962300603,-2.5554995028632215,0.7833333333333333,resnet50_layer3_global_pool
images/dissertation_v1/ood/modality_shift/oct_screenshot/oct_screenshot_000198.png,1,modality_shift,oct_screenshot,140.28077697753906,4.4887130101520025,-2.5936590755766185,0.7583333333333333,resnet50_layer3_global_pool
images/dissertation_v1/ood/sensory_artifact/rectangle_annotation/artifact_000000_01_rectangle_annotation.png,1,sensory_artifact,rectangle_annotation,134.3726806640625,-0.7192096495153639,-1.7168788137226483,0.7411111111111112,resnet50_layer3_global_pool
images/dissertation_v1/ood/sensory_artifact/rectangle_annotation/artifact_000001_01_rectangle_annotation.png,1,sensory_artifact,rectangle_annotation,80.67683410644531,-3.1063409159054545,1.7712354148048743,0.64,resnet50_layer3_global_pool
images/dissertation_v1/ood/sensory_artifact/rectangle_annotation/artifact_000002_01_rectangle_annotation.png,1,sensory_artifact,rectangle_annotation,83.8050308227539,-1.6792860107264236,0.7260949338696021,0.6494444444444445,resnet50_layer3_global_pool
images/dissertation_v1/ood/sensory_artifact/rectangle_annotation/artifact_000003_01_rectangle_annotation.png,1,sensory_artifact,rectangle_annotation,79.6034927368164,-3.682760486901077,2.4626141299684514,0.6333333333333333,resnet50_layer3_global_pool
images/dissertation_v1/ood/sensory_artifact/rectangle_annotation/artifact_000004_01_rectangle_annotation.png,1,sensory_artifact,rectangle_annotation,88.89369201660156,0.3203949563153083,-2.105992670664741,0.6738888888888889,resnet50_layer3_global_pool
images/dissertation_v1/ood/sensory_artifact/rectangle_annotation/artifact_000005_01_rectangle_annotation.png,1,sensory_artifact,rectangle_annotation,63.209075927734375,-4.001723078663023,2.450529130080639,0.46555555555555556,resnet50_layer3_global_pool
images/dissertation_v1/ood/sensory_artifact/rectangle_annotation/artifact_000006_01_rectangle_annotation.png,1,sensory_artifact,rectangle_annotation,69.56159210205078,-2.3904746404882484,0.13104031376078812,0.5316666666666666,resnet50_layer3_global_pool
images/dissertation_v1/ood/sensory_artifact/rectangle_annotation/artifact_000007_01_rectangle_annotation.png,1,sensory_artifact,rectangle_annotation,84.50008392333984,-0.1432503287906523,-3.07692874998657,0.6522222222222223,resnet50_layer3_global_pool
images/dissertation_v1/ood/sensory_artifact/rectangle_annotation/artifact_000008_01_rectangle_annotation.png,1,sensory_artifact,rectangle_annotation,84.20391845703125,-0.19425946235405062,-1.7753760316058995,0.6511111111111111,resnet50_layer3_global_pool
images/dissertation_v1/ood/sensory_artifact/rectangle_annotation/artifact_000009_01_rectangle_annotation.png,1,sensory_artifact,rectangle_annotation,58.04153060913086,-1.3815978849810642,0.6848812438804203,0.3988888888888889,resnet50_layer3_global_pool
images/dissertation_v1/ood/sensory_artifact/rectangle_annotation/artifact_000010_01_rectangle_annotation.png,1,sensory_artifact,rectangle_annotation,103.95633697509766,-2.0383479977877883,1.3039869710985512,0.7066666666666667,resnet50_layer3_global_pool
images/dissertation_v1/ood/sensory_artifact/rectangle_annotation/artifact_000011_01_rectangle_annotation.png,1,sensory_artifact,rectangle_annotation,69.34901428222656,-1.9073682018785048,0.11841149075886953,0.5283333333333333,resnet50_layer3_global_pool
images/dissertation_v1/ood/sensory_artifact/rectangle_annotation/artifact_000012_01_rectangle_annotation.png,1,sensory_artifact,rectangle_annotation,128.0289306640625,-0.2893544365678118,-2.5293490800351557,0.735,resnet50_layer3_global_pool
images/dissertation_v1/ood/sensory_artifact/rectangle_annotation/artifact_000013_01_rectangle_annotation.png,1,sensory_artifact,rectangle_annotation,94.28416442871094,-1.518052238311365,1.1162230637972883,0.6894444444444444,resnet50_layer3_global_pool
images/dissertation_v1/ood/sensory_artifact/rectangle_annotation/artifact_000014_01_rectangle_annotation.png,1,sensory_artifact,rectangle_annotation,92.51375579833984,-0.0311503657927482,-1.1178079229341784,0.6816666666666666,resnet50_layer3_global_pool
images/dissertation_v1/ood/sensory_artifact/rectangle_annotation/artifact_000015_01_rectangle_annotation.png,1,sensory_artifact,rectangle_annotation,89.4489974975586,-1.3789916208547643,0.35968796340120557,0.6772222222222222,resnet50_layer3_global_pool
images/dissertation_v1/ood/sensory_artifact/rectangle_annotation/artifact_000016_01_rectangle_annotation.png,1,sensory_artifact,rectangle_annotation,71.47266387939453,-3.1509281728155165,1.8322877710484085,0.5538888888888889,resnet50_layer3_global_pool
images/dissertation_v1/ood/sensory_artifact/rectangle_annotation/artifact_000017_01_rectangle_annotation.png,1,sensory_artifact,rectangle_annotation,133.306640625,1.0239733208091488,-0.7336878072377573,0.7394444444444445,resnet50_layer3_global_pool
images/dissertation_v1/ood/sensory_artifact/rectangle_annotation/artifact_000018_01_rectangle_annotation.png,1,sensory_artifact,rectangle_annotation,112.81171417236328,1.4452370372753436,-1.1424866143216297,0.7222222222222222,resnet50_layer3_global_pool
images/dissertation_v1/ood/sensory_artifact/rectangle_annotation/artifact_000019_01_rectangle_annotation.png,1,sensory_artifact,rectangle_annotation,88.20787811279297,-0.3273520763922272,-1.160537339795948,0.6694444444444444,resnet50_layer3_global_pool
images/dissertation_v1/ood/sensory_artifact/rectangle_annotation/artifact_000020_01_rectangle_annotation.png,1,sensory_artifact,rectangle_annotation,84.1917953491211,-2.580358062250048,1.098881153270957,0.6505555555555556,resnet50_layer3_global_pool
images/dissertation_v1/ood/sensory_artifact/rectangle_annotation/artifact_000021_01_rectangle_annotation.png,1,sensory_artifact,rectangle_annotation,87.64432525634766,0.15049790914040012,-2.5747590555035775,0.6661111111111111,resnet50_layer3_global_pool
images/dissertation_v1/ood/sensory_artifact/rectangle_annotation/artifact_000022_01_rectangle_annotation.png,1,sensory_artifact,rectangle_annotation,88.34603118896484,-1.079573093101242,-0.7542192365557062,0.6705555555555556,resnet50_layer3_global_pool
images/dissertation_v1/ood/sensory_artifact/rectangle_annotation/artifact_000023_01_rectangle_annotation.png,1,sensory_artifact,rectangle_annotation,79.35539245605469,-2.7189951764154356,0.3605262604107108,0.6322222222222222,resnet50_layer3_global_pool
images/dissertation_v1/ood/sensory_artifact/rectangle_annotation/artifact_000024_01_rectangle_annotation.png,1,sensory_artifact,rectangle_annotation,78.14154815673828,-3.3342967335611147,2.4003114101439826,0.6222222222222222,resnet50_layer3_global_pool
images/dissertation_v1/ood/sensory_artifact/rectangle_annotation/artifact_000025_01_rectangle_annotation.png,1,sensory_artifact,rectangle_annotation,99.56736755371094,-2.7654965390954187,1.8589913074374906,0.6983333333333334,resnet50_layer3_global_pool
images/dissertation_v1/ood/sensory_artifact/rectangle_annotation/artifact_000026_01_rectangle_annotation.png,1,sensory_artifact,rectangle_annotation,84.83678436279297,-1.6849487322844339,0.22654866185780756,0.6544444444444445,resnet50_layer3_global_pool
images/dissertation_v1/ood/sensory_artifact/rectangle_annotation/artifact_000027_01_rectangle_annotation.png,1,sensory_artifact,rectangle_annotation,93.27791595458984,-2.9034053069194523,1.433153406188165,0.6866666666666666,resnet50_layer3_global_pool
images/dissertation_v1/ood/sensory_artifact/rectangle_annotation/artifact_000028_01_rectangle_annotation.png,1,sensory_artifact,rectangle_annotation,122.41570281982422,0.4211009882207511,-3.0211612989533525,0.7288888888888889,resnet50_layer3_global_pool
images/dissertation_v1/ood/sensory_artifact/rectangle_annotation/artifact_000029_01_rectangle_annotation.png,1,sensory_artifact,rectangle_annotation,62.1151237487793,-3.3577251278177744,2.8660850958885398,0.45055555555555554,resnet50_layer3_global_pool
images/dissertation_v1/ood/sensory_artifact/rectangle_annotation/artifact_000030_01_rectangle_annotation.png,1,sensory_artifact,rectangle_annotation,142.44403076171875,1.415549960223048,-1.983331172034879,0.7683333333333333,resnet50_layer3_global_pool
images/dissertation_v1/ood/sensory_artifact/rectangle_annotation/artifact_000031_01_rectangle_annotation.png,1,sensory_artifact,rectangle_annotation,105.72576904296876,-0.06797684188524832,-1.7750729936619267,0.7122222222222222,resnet50_layer3_global_pool
images/dissertation_v1/ood/sensory_artifact/rectangle_annotation/artifact_000032_01_rectangle_annotation.png,1,sensory_artifact,rectangle_annotation,111.62195587158205,1.218439685489498,-3.7472820460952376,0.72,resnet50_layer3_global_pool
images/dissertation_v1/ood/sensory_artifact/rectangle_annotation/artifact_000033_01_rectangle_annotation.png,1,sensory_artifact,rectangle_annotation,84.35336303710938,-1.431215569901257,-0.5934090661331163,0.6516666666666666,resnet50_layer3_global_pool
images/dissertation_v1/ood/sensory_artifact/rectangle_annotation/artifact_000034_01_rectangle_annotation.png,1,sensory_artifact,rectangle_annotation,93.04966735839844,-2.6836316504081648,1.083357823390088,0.685,resnet50_layer3_global_pool
images/dissertation_v1/ood/sensory_artifact/rectangle_annotation/artifact_000035_01_rectangle_annotation.png,1,sensory_artifact,rectangle_annotation,64.4064712524414,-3.0572145445490517,1.869815306179991,0.4777777777777778,resnet50_layer3_global_pool
images/dissertation_v1/ood/sensory_artifact/rectangle_annotation/artifact_000036_01_rectangle_annotation.png,1,sensory_artifact,rectangle_annotation,130.5697479248047,0.8320215152991433,-3.2818024039765192,0.7377777777777778,resnet50_layer3_global_pool
images/dissertation_v1/ood/sensory_artifact/rectangle_annotation/artifact_000037_01_rectangle_annotation.png,1,sensory_artifact,rectangle_annotation,77.40647888183594,-0.3148308240481055,-1.3676738985852785,0.6166666666666667,resnet50_layer3_global_pool
images/dissertation_v1/ood/sensory_artifact/rectangle_annotation/artifact_000038_01_rectangle_annotation.png,1,sensory_artifact,rectangle_annotation,110.53106689453124,-0.28842844125784173,-1.6410336306427575,0.7188888888888889,resnet50_layer3_global_pool
images/dissertation_v1/ood/sensory_artifact/rectangle_annotation/artifact_000039_01_rectangle_annotation.png,1,sensory_artifact,rectangle_annotation,117.38455200195312,-0.07767443772783147,-1.4821783354271592,0.7255555555555555,resnet50_layer3_global_pool
images/dissertation_v1/ood/sensory_artifact/rectangle_annotation/artifact_000040_01_rectangle_annotation.png,1,sensory_artifact,rectangle_annotation,71.62850189208984,-2.8136821429447703,1.1508035155769016,0.5583333333333333,resnet50_layer3_global_pool
images/dissertation_v1/ood/sensory_artifact/rectangle_annotation/artifact_000041_01_rectangle_annotation.png,1,sensory_artifact,rectangle_annotation,80.57129669189453,-0.6050908974968119,0.12741689022438252,0.6388888888888888,resnet50_layer3_global_pool
images/dissertation_v1/ood/sensory_artifact/rectangle_annotation/artifact_000042_01_rectangle_annotation.png,1,sensory_artifact,rectangle_annotation,65.9661865234375,-3.840023089914861,2.177260616128882,0.4961111111111111,resnet50_layer3_global_pool
images/dissertation_v1/ood/sensory_artifact/rectangle_annotation/artifact_000043_01_rectangle_annotation.png,1,sensory_artifact,rectangle_annotation,122.23387908935548,0.672964825382311,-1.5391072905514689,0.7283333333333334,resnet50_layer3_global_pool
images/dissertation_v1/ood/sensory_artifact/rectangle_annotation/artifact_000044_01_rectangle_annotation.png,1,sensory_artifact,rectangle_annotation,63.534706115722656,-2.1060965652795662,0.45684180243777656,0.4683333333333333,resnet50_layer3_global_pool
images/dissertation_v1/ood/sensory_artifact/rectangle_annotation/artifact_000045_01_rectangle_annotation.png,1,sensory_artifact,rectangle_annotation,118.34890747070312,0.30067373709116824,-3.0028690673309235,0.7261111111111112,resnet50_layer3_global_pool
images/dissertation_v1/ood/sensory_artifact/rectangle_annotation/artifact_000046_01_rectangle_annotation.png,1,sensory_artifact,rectangle_annotation,116.8969497680664,0.5303527226156342,-0.8201762960901411,0.725,resnet50_layer3_global_pool
images/dissertation_v1/ood/sensory_artifact/rectangle_annotation/artifact_000047_01_rectangle_annotation.png,1,sensory_artifact,rectangle_annotation,93.42786407470705,0.12429623822344783,-3.063430316182163,0.6877777777777778,resnet50_layer3_global_pool
images/dissertation_v1/ood/sensory_artifact/rectangle_annotation/artifact_000048_01_rectangle_annotation.png,1,sensory_artifact,rectangle_annotation,79.55270385742188,-3.2188712902509695,1.75732129157401,0.6327777777777778,resnet50_layer3_global_pool
images/dissertation_v1/ood/sensory_artifact/rectangle_annotation/artifact_000049_01_rectangle_annotation.png,1,sensory_artifact,rectangle_annotation,108.16172790527344,-0.36967166144827607,-1.891745995155948,0.7172222222222222,resnet50_layer3_global_pool
images/dissertation_v1/ood/sensory_artifact/rectangle_annotation/artifact_000050_01_rectangle_annotation.png,1,sensory_artifact,rectangle_annotation,83.74725341796875,-1.6171184268876369,0.4092894336072139,0.6488888888888888,resnet50_layer3_global_pool
images/dissertation_v1/ood/sensory_artifact/rectangle_annotation/artifact_000051_01_rectangle_annotation.png,1,sensory_artifact,rectangle_annotation,62.66427612304688,-0.857015316052648,-1.318275809013844,0.4588888888888889,resnet50_layer3_global_pool
images/dissertation_v1/ood/sensory_artifact/rectangle_annotation/artifact_000052_01_rectangle_annotation.png,1,sensory_artifact,rectangle_annotation,61.395389556884766,0.11220440671468358,-2.631510263558027,0.44166666666666665,resnet50_layer3_global_pool
images/dissertation_v1/ood/sensory_artifact/rectangle_annotation/artifact_000053_01_rectangle_annotation.png,1,sensory_artifact,rectangle_annotation,107.66407775878906,0.7698691816034634,-3.0848575341007978,0.7155555555555555,resnet50_layer3_global_pool
images/dissertation_v1/ood/sensory_artifact/rectangle_annotation/artifact_000054_01_rectangle_annotation.png,1,sensory_artifact,rectangle_annotation,86.16038513183594,-2.177745871537904,1.4574168659416566,0.6594444444444445,resnet50_layer3_global_pool
images/dissertation_v1/ood/sensory_artifact/rectangle_annotation/artifact_000055_01_rectangle_annotation.png,1,sensory_artifact,rectangle_annotation,84.63882446289062,-3.3246679625898743,3.5218003715292667,0.6527777777777778,resnet50_layer3_global_pool
images/dissertation_v1/ood/sensory_artifact/rectangle_annotation/artifact_000056_01_rectangle_annotation.png,1,sensory_artifact,rectangle_annotation,105.1214370727539,-0.5006958016944701,-2.4400876984665065,0.7088888888888889,resnet50_layer3_global_pool
images/dissertation_v1/ood/sensory_artifact/rectangle_annotation/artifact_000057_01_rectangle_annotation.png,1,sensory_artifact,rectangle_annotation,75.6578598022461,-2.5898436222580807,1.0129873655555022,0.5966666666666667,resnet50_layer3_global_pool
images/dissertation_v1/ood/sensory_artifact/rectangle_annotation/artifact_000058_01_rectangle_annotation.png,1,sensory_artifact,rectangle_annotation,115.58425903320312,-0.5581142805927027,-0.8348835785877555,0.7244444444444444,resnet50_layer3_global_pool
images/dissertation_v1/ood/sensory_artifact/rectangle_annotation/artifact_000059_01_rectangle_annotation.png,1,sensory_artifact,rectangle_annotation,70.85060119628906,-0.16756929196336898,-2.8581309742660923,0.5472222222222223,resnet50_layer3_global_pool
images/dissertation_v1/ood/sensory_artifact/rectangle_annotation/artifact_000060_01_rectangle_annotation.png,1,sensory_artifact,rectangle_annotation,93.14640808105467,0.36273457864239134,-2.2309086632591955,0.6861111111111111,resnet50_layer3_global_pool
images/dissertation_v1/ood/sensory_artifact/rectangle_annotation/artifact_000061_01_rectangle_annotation.png,1,sensory_artifact,rectangle_annotation,105.24344635009766,-2.90785830161133,1.9052719299265362,0.7105555555555556,resnet50_layer3_global_pool
images/dissertation_v1/ood/sensory_artifact/rectangle_annotation/artifact_000062_01_rectangle_annotation.png,1,sensory_artifact,rectangle_annotation,87.1169662475586,-1.0720028902333227,-1.8185058405011294,0.6638888888888889,resnet50_layer3_global_pool
images/dissertation_v1/ood/sensory_artifact/rectangle_annotation/artifact_000063_01_rectangle_annotation.png,1,sensory_artifact,rectangle_annotation,76.34542846679688,-3.217886732360038,2.5384800769139844,0.6038888888888889,resnet50_layer3_global_pool
images/dissertation_v1/ood/sensory_artifact/rectangle_annotation/artifact_000064_01_rectangle_annotation.png,1,sensory_artifact,rectangle_annotation,95.7223892211914,-2.863467139301576,2.7620026075941997,0.6927777777777778,resnet50_layer3_global_pool
images/dissertation_v1/ood/sensory_artifact/rectangle_annotation/artifact_000065_01_rectangle_annotation.png,1,sensory_artifact,rectangle_annotation,114.93293762207033,0.46672107990353034,-2.06228034468344,0.7233333333333334,resnet50_layer3_global_pool
images/dissertation_v1/ood/sensory_artifact/rectangle_annotation/artifact_000066_01_rectangle_annotation.png,1,sensory_artifact,rectangle_annotation,112.53479766845705,-0.9143313939174367,-0.7755250585866909,0.7211111111111111,resnet50_layer3_global_pool
images/dissertation_v1/ood/sensory_artifact/rectangle_annotation/artifact_000067_01_rectangle_annotation.png,1,sensory_artifact,rectangle_annotation,128.58392333984375,-0.29706288396673,-1.9968250201888824,0.7355555555555555,resnet50_layer3_global_pool
images/dissertation_v1/ood/sensory_artifact/rectangle_annotation/artifact_000068_01_rectangle_annotation.png,1,sensory_artifact,rectangle_annotation,80.40281677246094,-3.398599066480606,1.925162112350973,0.6377777777777778,resnet50_layer3_global_pool
images/dissertation_v1/ood/sensory_artifact/rectangle_annotation/artifact_000069_01_rectangle_annotation.png,1,sensory_artifact,rectangle_annotation,119.86668395996094,0.05416454078319726,-2.7052984992690177,0.7272222222222222,resnet50_layer3_global_pool
images/dissertation_v1/ood/sensory_artifact/rectangle_annotation/artifact_000070_01_rectangle_annotation.png,1,sensory_artifact,rectangle_annotation,105.16313934326172,-1.4158915263003369,0.5481293633591388,0.71,resnet50_layer3_global_pool
images/dissertation_v1/ood/sensory_artifact/rectangle_annotation/artifact_000071_01_rectangle_annotation.png,1,sensory_artifact,rectangle_annotation,85.66583251953125,-3.1482999715583966,2.6318000039988902,0.6583333333333333,resnet50_layer3_global_pool
images/dissertation_v1/ood/sensory_artifact/rectangle_annotation/artifact_000072_01_rectangle_annotation.png,1,sensory_artifact,rectangle_annotation,95.54833984375,0.9862090669699448,-1.467277725539108,0.6916666666666667,resnet50_layer3_global_pool
images/dissertation_v1/ood/sensory_artifact/rectangle_annotation/artifact_000073_01_rectangle_annotation.png,1,sensory_artifact,rectangle_annotation,130.38648986816406,0.3489789913749504,-2.200272742825011,0.7372222222222222,resnet50_layer3_global_pool
images/dissertation_v1/ood/sensory_artifact/rectangle_annotation/artifact_000074_01_rectangle_annotation.png,1,sensory_artifact,rectangle_annotation,86.18305206298828,-2.1177698288962583,1.6297247789132003,0.66,resnet50_layer3_global_pool
images/dissertation_v1/ood/sensory_artifact/rectangle_annotation/artifact_000075_01_rectangle_annotation.png,1,sensory_artifact,rectangle_annotation,107.6679916381836,-1.3879948678041596,-0.33742819188418194,0.7161111111111111,resnet50_layer3_global_pool
images/dissertation_v1/ood/sensory_artifact/rectangle_annotation/artifact_000076_01_rectangle_annotation.png,1,sensory_artifact,rectangle_annotation,93.11489868164062,-2.3699891036295746,1.8067451712994693,0.6855555555555556,resnet50_layer3_global_pool
images/dissertation_v1/ood/sensory_artifact/rectangle_annotation/artifact_000077_01_rectangle_annotation.png,1,sensory_artifact,rectangle_annotation,111.07012939453124,-1.7683737772565988,1.3124999565601072,0.7194444444444444,resnet50_layer3_global_pool
images/dissertation_v1/ood/sensory_artifact/rectangle_annotation/artifact_000078_01_rectangle_annotation.png,1,sensory_artifact,rectangle_annotation,66.64663696289062,-3.16500608027867,2.1045818558379836,0.5033333333333333,resnet50_layer3_global_pool
images/dissertation_v1/ood/sensory_artifact/rectangle_annotation/artifact_000079_01_rectangle_annotation.png,1,sensory_artifact,rectangle_annotation,88.59066009521484,0.24550539684722839,-2.2181371471362423,0.6716666666666666,resnet50_layer3_global_pool
images/dissertation_v1/ood/sensory_artifact/rectangle_annotation/artifact_000080_01_rectangle_annotation.png,1,sensory_artifact,rectangle_annotation,87.85903930664062,-0.018709120036785116,-1.945703859985087,0.6672222222222223,resnet50_layer3_global_pool
images/dissertation_v1/ood/sensory_artifact/rectangle_annotation/artifact_000081_01_rectangle_annotation.png,1,sensory_artifact,rectangle_annotation,102.00977325439452,-2.566118791364578,1.3477732213229319,0.7033333333333334,resnet50_layer3_global_pool
images/dissertation_v1/ood/sensory_artifact/rectangle_annotation/artifact_000082_01_rectangle_annotation.png,1,sensory_artifact,rectangle_annotation,92.01350402832033,-1.965303129288928,1.5694211722503595,0.6788888888888889,resnet50_layer3_global_pool
images/dissertation_v1/ood/sensory_artifact/rectangle_annotation/artifact_000083_01_rectangle_annotation.png,1,sensory_artifact,rectangle_annotation,74.2889175415039,-1.8410644457931786,-0.8450821804013992,0.5822222222222222,resnet50_layer3_global_pool
images/dissertation_v1/ood/sensory_artifact/rectangle_annotation/artifact_000084_01_rectangle_annotation.png,1,sensory_artifact,rectangle_annotation,86.99726104736328,-2.179413289840317,1.2963346858395655,0.6633333333333333,resnet50_layer3_global_pool
images/dissertation_v1/ood/sensory_artifact/rectangle_annotation/artifact_000085_01_rectangle_annotation.png,1,sensory_artifact,rectangle_annotation,141.6894989013672,1.7126625746285533,-1.7890463595019948,0.7622222222222222,resnet50_layer3_global_pool
images/dissertation_v1/ood/sensory_artifact/rectangle_annotation/artifact_000086_01_rectangle_annotation.png,1,sensory_artifact,rectangle_annotation,100.59266662597656,0.07217931052859891,-2.9828300868016098,0.7005555555555556,resnet50_layer3_global_pool
images/dissertation_v1/ood/sensory_artifact/rectangle_annotation/artifact_000087_01_rectangle_annotation.png,1,sensory_artifact,rectangle_annotation,93.80322265625,-0.9425039830519509,-0.3983800836116036,0.6888888888888889,resnet50_layer3_global_pool
images/dissertation_v1/ood/sensory_artifact/rectangle_annotation/artifact_000088_01_rectangle_annotation.png,1,sensory_artifact,rectangle_annotation,74.56208801269531,-0.22273667713184098,-3.086911150987088,0.5855555555555556,resnet50_layer3_global_pool
images/dissertation_v1/ood/sensory_artifact/rectangle_annotation/artifact_000089_01_rectangle_annotation.png,1,sensory_artifact,rectangle_annotation,100.8788833618164,-0.12468883277315722,-1.4472508497899803,0.7016666666666667,resnet50_layer3_global_pool
images/dissertation_v1/ood/sensory_artifact/rectangle_annotation/artifact_000090_01_rectangle_annotation.png,1,sensory_artifact,rectangle_annotation,73.5872802734375,-1.5779847257924533,-0.9784103341427288,0.5738888888888889,resnet50_layer3_global_pool
images/dissertation_v1/ood/sensory_artifact/rectangle_annotation/artifact_000091_01_rectangle_annotation.png,1,sensory_artifact,rectangle_annotation,80.82845306396484,-1.3422565584818833,-1.3952682237906733,0.6405555555555555,resnet50_layer3_global_pool
images/dissertation_v1/ood/sensory_artifact/rectangle_annotation/artifact_000092_01_rectangle_annotation.png,1,sensory_artifact,rectangle_annotation,107.22398376464844,-0.13731931000772654,-1.9978281670314764,0.7144444444444444,resnet50_layer3_global_pool
images/dissertation_v1/ood/sensory_artifact/rectangle_annotation/artifact_000093_01_rectangle_annotation.png,1,sensory_artifact,rectangle_annotation,125.6090087890625,1.1127517566151122,-1.6404007270439382,0.7322222222222222,resnet50_layer3_global_pool
images/dissertation_v1/ood/sensory_artifact/rectangle_annotation/artifact_000094_01_rectangle_annotation.png,1,sensory_artifact,rectangle_annotation,79.91202545166016,-2.411672392593099,0.07739641297947218,0.635,resnet50_layer3_global_pool
images/dissertation_v1/ood/sensory_artifact/rectangle_annotation/artifact_000095_01_rectangle_annotation.png,1,sensory_artifact,rectangle_annotation,88.43916320800781,0.026063255748368208,-1.543240005814599,0.6711111111111111,resnet50_layer3_global_pool
images/dissertation_v1/ood/sensory_artifact/rectangle_annotation/artifact_000096_01_rectangle_annotation.png,1,sensory_artifact,rectangle_annotation,106.7246551513672,0.11174280785421975,-1.3419614061606477,0.7133333333333334,resnet50_layer3_global_pool
images/dissertation_v1/ood/sensory_artifact/rectangle_annotation/artifact_000097_01_rectangle_annotation.png,1,sensory_artifact,rectangle_annotation,144.6815643310547,-0.6617226764744577,-1.0634062712584704,0.7811111111111111,resnet50_layer3_global_pool
images/dissertation_v1/ood/sensory_artifact/rectangle_annotation/artifact_000098_01_rectangle_annotation.png,1,sensory_artifact,rectangle_annotation,89.04851531982422,-0.6999035368612977,-0.7133264869624979,0.6744444444444444,resnet50_layer3_global_pool
images/dissertation_v1/ood/sensory_artifact/rectangle_annotation/artifact_000099_01_rectangle_annotation.png,1,sensory_artifact,rectangle_annotation,65.43409729003906,-0.5787240708535174,-2.1197813538895915,0.4905555555555556,resnet50_layer3_global_pool
images/dissertation_v1/ood/sensory_artifact/rectangle_annotation/artifact_000100_01_rectangle_annotation.png,1,sensory_artifact,rectangle_annotation,103.70684051513672,1.3528406379143227,-2.724311514846852,0.7061111111111111,resnet50_layer3_global_pool
images/dissertation_v1/ood/sensory_artifact/rectangle_annotation/artifact_000101_01_rectangle_annotation.png,1,sensory_artifact,rectangle_annotation,85.25868225097656,0.3995389564230933,-3.3141018647586598,0.6561111111111111,resnet50_layer3_global_pool
images/dissertation_v1/ood/sensory_artifact/rectangle_annotation/artifact_000102_01_rectangle_annotation.png,1,sensory_artifact,rectangle_annotation,97.00972747802734,-2.3290194980201635,0.8863599398551374,0.6944444444444444,resnet50_layer3_global_pool
images/dissertation_v1/ood/sensory_artifact/rectangle_annotation/artifact_000103_01_rectangle_annotation.png,1,sensory_artifact,rectangle_annotation,97.39114379882812,0.34808647908537454,-3.482629524406435,0.695,resnet50_layer3_global_pool
images/dissertation_v1/ood/sensory_artifact/rectangle_annotation/artifact_000104_01_rectangle_annotation.png,1,sensory_artifact,rectangle_annotation,70.8489761352539,-1.0735326861056038,-0.7372011676892934,0.5466666666666666,resnet50_layer3_global_pool
images/dissertation_v1/ood/sensory_artifact/rectangle_annotation/artifact_000105_01_rectangle_annotation.png,1,sensory_artifact,rectangle_annotation,87.46146392822266,-2.0845216170790373,1.0773595335456858,0.6644444444444444,resnet50_layer3_global_pool
images/dissertation_v1/ood/sensory_artifact/rectangle_annotation/artifact_000106_01_rectangle_annotation.png,1,sensory_artifact,rectangle_annotation,107.34759521484376,0.41267988815728185,-2.5070879691668515,0.715,resnet50_layer3_global_pool
images/dissertation_v1/ood/sensory_artifact/rectangle_annotation/artifact_000107_01_rectangle_annotation.png,1,sensory_artifact,rectangle_annotation,78.77127075195312,0.22452471456150136,-3.517913215541817,0.6283333333333333,resnet50_layer3_global_pool
images/dissertation_v1/ood/sensory_artifact/rectangle_annotation/artifact_000108_01_rectangle_annotation.png,1,sensory_artifact,rectangle_annotation,141.81573486328125,1.098757351685265,-2.5184677730807814,0.7633333333333333,resnet50_layer3_global_pool
images/dissertation_v1/ood/sensory_artifact/rectangle_annotation/artifact_000109_01_rectangle_annotation.png,1,sensory_artifact,rectangle_annotation,75.75448608398438,-2.242183816798353,0.25938770080925866,0.5983333333333334,resnet50_layer3_global_pool
images/dissertation_v1/ood/sensory_artifact/rectangle_annotation/artifact_000110_01_rectangle_annotation.png,1,sensory_artifact,rectangle_annotation,72.2791748046875,-2.02692258394686,0.11850433185862516,0.5622222222222222,resnet50_layer3_global_pool
images/dissertation_v1/ood/sensory_artifact/rectangle_annotation/artifact_000111_01_rectangle_annotation.png,1,sensory_artifact,rectangle_annotation,92.1891860961914,1.1658979732498058,-1.7673348844178458,0.68,resnet50_layer3_global_pool
images/dissertation_v1/ood/sensory_artifact/rectangle_annotation/artifact_000112_01_rectangle_annotation.png,1,sensory_artifact,rectangle_annotation,113.45530700683594,0.960761983592003,-1.8335290697987014,0.7227777777777777,resnet50_layer3_global_pool
images/dissertation_v1/ood/sensory_artifact/rectangle_annotation/artifact_000113_01_rectangle_annotation.png,1,sensory_artifact,rectangle_annotation,157.90545654296875,1.7096244506234097,-2.654856302960933,0.8877777777777778,resnet50_layer3_global_pool
images/dissertation_v1/ood/sensory_artifact/rectangle_annotation/artifact_000114_01_rectangle_annotation.png,1,sensory_artifact,rectangle_annotation,158.25682067871094,0.9277885516163494,-1.813996882609833,0.8888888888888888,resnet50_layer3_global_pool
images/dissertation_v1/ood/sensory_artifact/rectangle_annotation/artifact_000115_01_rectangle_annotation.png,1,sensory_artifact,rectangle_annotation,80.2331314086914,-1.7381912025554809,-0.5586738588565866,0.6361111111111111,resnet50_layer3_global_pool
images/dissertation_v1/ood/sensory_artifact/rectangle_annotation/artifact_000116_01_rectangle_annotation.png,1,sensory_artifact,rectangle_annotation,75.01342010498047,-1.9570878269157024,0.6640060607094863,0.5927777777777777,resnet50_layer3_global_pool
images/dissertation_v1/ood/sensory_artifact/rectangle_annotation/artifact_000117_01_rectangle_annotation.png,1,sensory_artifact,rectangle_annotation,94.96453094482422,1.8026568018756444,-2.793509553985564,0.6905555555555556,resnet50_layer3_global_pool
images/dissertation_v1/ood/sensory_artifact/rectangle_annotation/artifact_000118_01_rectangle_annotation.png,1,sensory_artifact,rectangle_annotation,106.96061706542967,-1.2070209802344982,-0.1782373923078682,0.7138888888888889,resnet50_layer3_global_pool
images/dissertation_v1/ood/sensory_artifact/rectangle_annotation/artifact_000119_01_rectangle_annotation.png,1,sensory_artifact,rectangle_annotation,112.6041488647461,0.43616612501757046,-1.9576911823429932,0.7216666666666667,resnet50_layer3_global_pool
images/dissertation_v1/ood/sensory_artifact/rectangle_annotation/artifact_000120_01_rectangle_annotation.png,1,sensory_artifact,rectangle_annotation,92.92516326904295,-0.9887198579960903,-1.7877280539752747,0.6844444444444444,resnet50_layer3_global_pool
images/dissertation_v1/ood/sensory_artifact/rectangle_annotation/artifact_000121_01_rectangle_annotation.png,1,sensory_artifact,rectangle_annotation,96.29584503173828,-0.17641255804457354,-2.319013056479787,0.6938888888888889,resnet50_layer3_global_pool
images/dissertation_v1/ood/sensory_artifact/rectangle_annotation/artifact_000122_01_rectangle_annotation.png,1,sensory_artifact,rectangle_annotation,80.4394302368164,-3.1019393891246354,1.6702884583109152,0.6383333333333333,resnet50_layer3_global_pool
images/dissertation_v1/ood/sensory_artifact/rectangle_annotation/artifact_000123_01_rectangle_annotation.png,1,sensory_artifact,rectangle_annotation,100.3985824584961,-2.378842323509228,1.7258916826225588,0.7,resnet50_layer3_global_pool
images/dissertation_v1/ood/sensory_artifact/rectangle_annotation/artifact_000124_01_rectangle_annotation.png,1,sensory_artifact,rectangle_annotation,88.16297149658203,-3.389209826591243,2.6828713455933224,0.6688888888888889,resnet50_layer3_global_pool
images/dissertation_v1/ood/sensory_artifact/rectangle_annotation/artifact_000125_01_rectangle_annotation.png,1,sensory_artifact,rectangle_annotation,79.20924377441406,-1.1935321614457912,-1.7026914290527237,0.6316666666666667,resnet50_layer3_global_pool
images/dissertation_v1/ood/sensory_artifact/rectangle_annotation/artifact_000126_01_rectangle_annotation.png,1,sensory_artifact,rectangle_annotation,100.68404388427734,-1.9058530520915802,1.619330780462045,0.7011111111111111,resnet50_layer3_global_pool
images/dissertation_v1/ood/sensory_artifact/rectangle_annotation/artifact_000127_01_rectangle_annotation.png,1,sensory_artifact,rectangle_annotation,73.25482940673828,0.21285631286293652,-3.4136038834688756,0.5716666666666667,resnet50_layer3_global_pool
images/dissertation_v1/ood/sensory_artifact/rectangle_annotation/artifact_000128_01_rectangle_annotation.png,1,sensory_artifact,rectangle_annotation,136.32154846191406,0.040989116007450706,-1.5657295167984853,0.7455555555555555,resnet50_layer3_global_pool
images/dissertation_v1/ood/sensory_artifact/rectangle_annotation/artifact_000129_01_rectangle_annotation.png,1,sensory_artifact,rectangle_annotation,102.71609497070312,0.21269602988569625,-1.2878180945358766,0.7044444444444444,resnet50_layer3_global_pool
images/dissertation_v1/ood/sensory_artifact/rectangle_annotation/artifact_000130_01_rectangle_annotation.png,1,sensory_artifact,rectangle_annotation,107.97369384765624,-0.19799749071637704,-2.4072590593313303,0.7166666666666667,resnet50_layer3_global_pool
images/dissertation_v1/ood/sensory_artifact/rectangle_annotation/artifact_000131_01_rectangle_annotation.png,1,sensory_artifact,rectangle_annotation,102.38924407958984,0.8027628997029035,-1.7584200929678764,0.7038888888888889,resnet50_layer3_global_pool
images/dissertation_v1/ood/sensory_artifact/rectangle_annotation/artifact_000132_01_rectangle_annotation.png,1,sensory_artifact,rectangle_annotation,104.95503997802734,-0.8912125864991467,-1.3550712927808775,0.7077777777777777,resnet50_layer3_global_pool
images/dissertation_v1/ood/sensory_artifact/rectangle_annotation/artifact_000133_01_rectangle_annotation.png,1,sensory_artifact,rectangle_annotation,105.34487915039062,-0.3227840898322956,-2.411106814809556,0.7111111111111111,resnet50_layer3_global_pool
images/dissertation_v1/ood/sensory_artifact/rectangle_annotation/artifact_000134_01_rectangle_annotation.png,1,sensory_artifact,rectangle_annotation,98.24634552001952,0.2772282918994303,-2.6679956058026244,0.6972222222222222,resnet50_layer3_global_pool
images/dissertation_v1/ood/sensory_artifact/rectangle_annotation/artifact_000135_01_rectangle_annotation.png,1,sensory_artifact,rectangle_annotation,87.74185180664062,-2.985288409749661,1.7381082666568297,0.6666666666666666,resnet50_layer3_global_pool
images/dissertation_v1/ood/sensory_artifact/rectangle_annotation/artifact_000136_01_rectangle_annotation.png,1,sensory_artifact,rectangle_annotation,90.73890686035156,-2.151096799130045,1.055195526235513,0.6783333333333333,resnet50_layer3_global_pool
images/dissertation_v1/ood/sensory_artifact/rectangle_annotation/artifact_000137_01_rectangle_annotation.png,1,sensory_artifact,rectangle_annotation,101.95063018798828,-1.5624234342721806,0.5833402895391918,0.7027777777777777,resnet50_layer3_global_pool
images/dissertation_v1/ood/sensory_artifact/rectangle_annotation/artifact_000138_01_rectangle_annotation.png,1,sensory_artifact,rectangle_annotation,111.96846771240234,0.5310470885810468,-3.5048292952121844,0.7205555555555555,resnet50_layer3_global_pool
images/dissertation_v1/ood/sensory_artifact/rectangle_annotation/artifact_000139_01_rectangle_annotation.png,1,sensory_artifact,rectangle_annotation,105.39381408691406,0.4094929818706745,-2.4792227018951123,0.7116666666666667,resnet50_layer3_global_pool
images/dissertation_v1/ood/sensory_artifact/rectangle_annotation/artifact_000140_01_rectangle_annotation.png,1,sensory_artifact,rectangle_annotation,80.23638153076172,-0.733010910800888,0.8734845663781863,0.6366666666666667,resnet50_layer3_global_pool
images/dissertation_v1/ood/sensory_artifact/rectangle_annotation/artifact_000141_01_rectangle_annotation.png,1,sensory_artifact,rectangle_annotation,124.01319122314452,1.2689309158482869,-2.875883439231974,0.7316666666666667,resnet50_layer3_global_pool
images/dissertation_v1/ood/sensory_artifact/rectangle_annotation/artifact_000142_01_rectangle_annotation.png,1,sensory_artifact,rectangle_annotation,102.88976287841795,-2.3076475711142006,1.9492701479582573,0.7055555555555556,resnet50_layer3_global_pool
images/dissertation_v1/ood/sensory_artifact/rectangle_annotation/artifact_000143_01_rectangle_annotation.png,1,sensory_artifact,rectangle_annotation,145.34100341796875,1.2036466756202047,-2.1286348204328234,0.7872222222222223,resnet50_layer3_global_pool
images/dissertation_v1/ood/sensory_artifact/rectangle_annotation/artifact_000144_01_rectangle_annotation.png,1,sensory_artifact,rectangle_annotation,87.8690414428711,0.47688217862985477,-2.9273241496131126,0.6677777777777778,resnet50_layer3_global_pool
images/dissertation_v1/ood/sensory_artifact/rectangle_annotation/artifact_000145_01_rectangle_annotation.png,1,sensory_artifact,rectangle_annotation,92.8417739868164,-2.4342669375715276,2.367085725024328,0.6838888888888889,resnet50_layer3_global_pool
images/dissertation_v1/ood/sensory_artifact/rectangle_annotation/artifact_000146_01_rectangle_annotation.png,1,sensory_artifact,rectangle_annotation,123.14950561523438,1.0801859993912581,-2.185762581423259,0.73,resnet50_layer3_global_pool
images/dissertation_v1/ood/sensory_artifact/rectangle_annotation/artifact_000147_01_rectangle_annotation.png,1,sensory_artifact,rectangle_annotation,89.05039978027344,-2.3745584244595284,1.107343567666077,0.675,resnet50_layer3_global_pool
images/dissertation_v1/ood/sensory_artifact/rectangle_annotation/artifact_000148_01_rectangle_annotation.png,1,sensory_artifact,rectangle_annotation,101.38178253173828,-0.6718656316262319,-1.3469941398223302,0.7022222222222222,resnet50_layer3_global_pool
images/dissertation_v1/ood/sensory_artifact/rectangle_annotation/artifact_000149_01_rectangle_annotation.png,1,sensory_artifact,rectangle_annotation,87.5190658569336,0.15607189751815856,-2.8865029796047623,0.665,resnet50_layer3_global_pool
images/dissertation_v1/ood/sensory_artifact/text_watermark/artifact_000000_00_text_watermark.png,1,sensory_artifact,text_watermark,35.40380096435547,-2.1792551058520933,-1.2198351841680994,0.13944444444444445,resnet50_layer3_global_pool
images/dissertation_v1/ood/sensory_artifact/text_watermark/artifact_000001_00_text_watermark.png,1,sensory_artifact,text_watermark,24.61322593688965,-4.327602880528515,2.8700731676196183,0.03,resnet50_layer3_global_pool
images/dissertation_v1/ood/sensory_artifact/text_watermark/artifact_000002_00_text_watermark.png,1,sensory_artifact,text_watermark,32.5224609375,-2.784644675458319,1.4667558767742654,0.11666666666666667,resnet50_layer3_global_pool
images/dissertation_v1/ood/sensory_artifact/text_watermark/artifact_000003_00_text_watermark.png,1,sensory_artifact,text_watermark,24.118263244628903,-4.844655257395628,3.229672671690934,0.025555555555555557,resnet50_layer3_global_pool
images/dissertation_v1/ood/sensory_artifact/text_watermark/artifact_000004_00_text_watermark.png,1,sensory_artifact,text_watermark,34.14101028442383,-0.24692101982254303,-2.1098309138602342,0.13,resnet50_layer3_global_pool
images/dissertation_v1/ood/sensory_artifact/text_watermark/artifact_000005_00_text_watermark.png,1,sensory_artifact,text_watermark,32.612876892089844,-4.902975490183729,3.244282969845854,0.11833333333333333,resnet50_layer3_global_pool
images/dissertation_v1/ood/sensory_artifact/text_watermark/artifact_000006_00_text_watermark.png,1,sensory_artifact,text_watermark,30.110916137695312,-3.2767459723761374,0.7680987410960839,0.09,resnet50_layer3_global_pool
images/dissertation_v1/ood/sensory_artifact/text_watermark/artifact_000007_00_text_watermark.png,1,sensory_artifact,text_watermark,33.209774017333984,-0.2102313235303226,-4.153327973776047,0.12444444444444444,resnet50_layer3_global_pool
images/dissertation_v1/ood/sensory_artifact/text_watermark/artifact_000008_00_text_watermark.png,1,sensory_artifact,text_watermark,29.766258239746094,-0.8081895626225611,-1.7577824391834196,0.085,resnet50_layer3_global_pool
images/dissertation_v1/ood/sensory_artifact/text_watermark/artifact_000009_00_text_watermark.png,1,sensory_artifact,text_watermark,35.91133117675781,-1.6727839358669025,0.9264885254427657,0.14333333333333334,resnet50_layer3_global_pool
images/dissertation_v1/ood/sensory_artifact/text_watermark/artifact_000010_00_text_watermark.png,1,sensory_artifact,text_watermark,34.48951721191406,-3.4862546237038483,2.0749647131816484,0.1322222222222222,resnet50_layer3_global_pool
images/dissertation_v1/ood/sensory_artifact/text_watermark/artifact_000011_00_text_watermark.png,1,sensory_artifact,text_watermark,30.203235626220703,-2.772081949737278,0.7221409495617338,0.09055555555555556,resnet50_layer3_global_pool
images/dissertation_v1/ood/sensory_artifact/text_watermark/artifact_000012_00_text_watermark.png,1,sensory_artifact,text_watermark,29.2393856048584,-0.2380421142967963,-3.013767389301635,0.07888888888888888,resnet50_layer3_global_pool
images/dissertation_v1/ood/sensory_artifact/text_watermark/artifact_000013_00_text_watermark.png,1,sensory_artifact,text_watermark,27.68265724182129,-2.879138309448854,1.500548460690372,0.06222222222222222,resnet50_layer3_global_pool
images/dissertation_v1/ood/sensory_artifact/text_watermark/artifact_000014_00_text_watermark.png,1,sensory_artifact,text_watermark,39.67504501342773,-0.7489076883056172,-0.8729937614176295,0.17722222222222223,resnet50_layer3_global_pool
images/dissertation_v1/ood/sensory_artifact/text_watermark/artifact_000015_00_text_watermark.png,1,sensory_artifact,text_watermark,33.34187698364258,-2.7998466253479957,0.48422615146232906,0.12555555555555556,resnet50_layer3_global_pool
images/dissertation_v1/ood/sensory_artifact/text_watermark/artifact_000016_00_text_watermark.png,1,sensory_artifact,text_watermark,29.950105667114254,-4.267323920379292,2.06230245502408,0.08888888888888889,resnet50_layer3_global_pool
images/dissertation_v1/ood/sensory_artifact/text_watermark/artifact_000017_00_text_watermark.png,1,sensory_artifact,text_watermark,39.091087341308594,0.2942286968238555,-1.4236343589524156,0.16944444444444445,resnet50_layer3_global_pool
images/dissertation_v1/ood/sensory_artifact/text_watermark/artifact_000018_00_text_watermark.png,1,sensory_artifact,text_watermark,41.86735534667969,0.6654062317219599,-1.202693199774149,0.19777777777777777,resnet50_layer3_global_pool
images/dissertation_v1/ood/sensory_artifact/text_watermark/artifact_000019_00_text_watermark.png,1,sensory_artifact,text_watermark,32.73875045776367,-1.0085731773171205,-1.5178152259570201,0.11888888888888889,resnet50_layer3_global_pool
images/dissertation_v1/ood/sensory_artifact/text_watermark/artifact_000020_00_text_watermark.png,1,sensory_artifact,text_watermark,24.7486629486084,-4.015742758175182,2.1755180742533686,0.03277777777777778,resnet50_layer3_global_pool
images/dissertation_v1/ood/sensory_artifact/text_watermark/artifact_000021_00_text_watermark.png,1,sensory_artifact,text_watermark,33.12752914428711,0.03953420146583008,-3.0882388146904267,0.12222222222222222,resnet50_layer3_global_pool
images/dissertation_v1/ood/sensory_artifact/text_watermark/artifact_000022_00_text_watermark.png,1,sensory_artifact,text_watermark,37.27462387084961,-1.9440653998264512,-0.3147745646830393,0.155,resnet50_layer3_global_pool
images/dissertation_v1/ood/sensory_artifact/text_watermark/artifact_000023_00_text_watermark.png,1,sensory_artifact,text_watermark,24.876731872558597,-4.158529992240239,1.4765491751796247,0.034444444444444444,resnet50_layer3_global_pool
images/dissertation_v1/ood/sensory_artifact/text_watermark/artifact_000024_00_text_watermark.png,1,sensory_artifact,text_watermark,22.98873710632324,-4.115972396845784,2.7869798581594027,0.021666666666666667,resnet50_layer3_global_pool
images/dissertation_v1/ood/sensory_artifact/text_watermark/artifact_000025_00_text_watermark.png,1,sensory_artifact,text_watermark,30.662843704223636,-4.051820698775093,2.590845329211878,0.09555555555555556,resnet50_layer3_global_pool
images/dissertation_v1/ood/sensory_artifact/text_watermark/artifact_000026_00_text_watermark.png,1,sensory_artifact,text_watermark,32.56427383422852,-2.817203580988305,0.4338684944185968,0.11722222222222223,resnet50_layer3_global_pool
images/dissertation_v1/ood/sensory_artifact/text_watermark/artifact_000027_00_text_watermark.png,1,sensory_artifact,text_watermark,25.934194564819336,-4.170015821870334,2.1191900758354034,0.041666666666666664,resnet50_layer3_global_pool
images/dissertation_v1/ood/sensory_artifact/text_watermark/artifact_000028_00_text_watermark.png,1,sensory_artifact,text_watermark,31.346359252929688,-0.1898963022631151,-3.9111077392868863,0.10333333333333333,resnet50_layer3_global_pool
images/dissertation_v1/ood/sensory_artifact/text_watermark/artifact_000029_00_text_watermark.png,1,sensory_artifact,text_watermark,24.838571548461918,-4.229597143786335,3.192817972915277,0.03388888888888889,resnet50_layer3_global_pool
images/dissertation_v1/ood/sensory_artifact/text_watermark/artifact_000030_00_text_watermark.png,1,sensory_artifact,text_watermark,39.435768127441406,1.431324208973792,-2.535227277751294,0.17333333333333334,resnet50_layer3_global_pool
images/dissertation_v1/ood/sensory_artifact/text_watermark/artifact_000031_00_text_watermark.png,1,sensory_artifact,text_watermark,31.928842544555664,-0.8943247819890597,-2.5131750515880706,0.1111111111111111,resnet50_layer3_global_pool
images/dissertation_v1/ood/sensory_artifact/text_watermark/artifact_000032_00_text_watermark.png,1,sensory_artifact,text_watermark,32.05723571777344,1.1617629927456516,-4.470970777541218,0.11277777777777778,resnet50_layer3_global_pool
images/dissertation_v1/ood/sensory_artifact/text_watermark/artifact_000033_00_text_watermark.png,1,sensory_artifact,text_watermark,31.313810348510746,-2.2525159844557745,-0.3516988164014564,0.10222222222222223,resnet50_layer3_global_pool
images/dissertation_v1/ood/sensory_artifact/text_watermark/artifact_000034_00_text_watermark.png,1,sensory_artifact,text_watermark,26.809789657592773,-3.753928870522605,1.7503300785471572,0.052222222222222225,resnet50_layer3_global_pool
images/dissertation_v1/ood/sensory_artifact/text_watermark/artifact_000035_00_text_watermark.png,1,sensory_artifact,text_watermark,27.236618041992188,-3.752195004149327,2.4746101290459745,0.057777777777777775,resnet50_layer3_global_pool
images/dissertation_v1/ood/sensory_artifact/text_watermark/artifact_000036_00_text_watermark.png,1,sensory_artifact,text_watermark,28.728647232055664,0.6063410125831207,-4.165528616392185,0.07055555555555555,resnet50_layer3_global_pool
images/dissertation_v1/ood/sensory_artifact/text_watermark/artifact_000037_00_text_watermark.png,1,sensory_artifact,text_watermark,32.77113342285156,-1.1050398643384944,-1.1990139284298558,0.11944444444444445,resnet50_layer3_global_pool
images/dissertation_v1/ood/sensory_artifact/text_watermark/artifact_000038_00_text_watermark.png,1,sensory_artifact,text_watermark,34.23207473754883,-1.3141938583921553,-1.6875068158947113,0.13111111111111112,resnet50_layer3_global_pool
images/dissertation_v1/ood/sensory_artifact/text_watermark/artifact_000039_00_text_watermark.png,1,sensory_artifact,text_watermark,31.67803955078125,-1.0141487418187096,-2.42616708856017,0.10666666666666667,resnet50_layer3_global_pool
images/dissertation_v1/ood/sensory_artifact/text_watermark/artifact_000040_00_text_watermark.png,1,sensory_artifact,text_watermark,40.30112838745117,-3.473717724946336,1.4604544187040287,0.1811111111111111,resnet50_layer3_global_pool
images/dissertation_v1/ood/sensory_artifact/text_watermark/artifact_000041_00_text_watermark.png,1,sensory_artifact,text_watermark,37.49256896972656,-0.6787747846268773,0.49928393451114406,0.15777777777777777,resnet50_layer3_global_pool
images/dissertation_v1/ood/sensory_artifact/text_watermark/artifact_000042_00_text_watermark.png,1,sensory_artifact,text_watermark,28.274747848510746,-4.445846259101446,2.7341664207474974,0.06666666666666667,resnet50_layer3_global_pool
images/dissertation_v1/ood/sensory_artifact/text_watermark/artifact_000043_00_text_watermark.png,1,sensory_artifact,text_watermark,32.105464935302734,-0.2606581677263697,-2.3131208870066433,0.11333333333333333,resnet50_layer3_global_pool
images/dissertation_v1/ood/sensory_artifact/text_watermark/artifact_000044_00_text_watermark.png,1,sensory_artifact,text_watermark,29.162736892700195,-2.7634377674420443,1.2252014685192958,0.07611111111111112,resnet50_layer3_global_pool
images/dissertation_v1/ood/sensory_artifact/text_watermark/artifact_000045_00_text_watermark.png,1,sensory_artifact,text_watermark,36.40361022949219,0.27848515916894157,-3.2646507205467277,0.14777777777777779,resnet50_layer3_global_pool
images/dissertation_v1/ood/sensory_artifact/text_watermark/artifact_000046_00_text_watermark.png,1,sensory_artifact,text_watermark,34.61355209350586,-0.2831522662601779,-1.1543016238864392,0.13333333333333333,resnet50_layer3_global_pool
images/dissertation_v1/ood/sensory_artifact/text_watermark/artifact_000047_00_text_watermark.png,1,sensory_artifact,text_watermark,39.74163055419922,0.4273379030225888,-3.48811492063025,0.17777777777777778,resnet50_layer3_global_pool
images/dissertation_v1/ood/sensory_artifact/text_watermark/artifact_000048_00_text_watermark.png,1,sensory_artifact,text_watermark,31.35469055175781,-4.468571374630079,2.6680445540396893,0.10388888888888889,resnet50_layer3_global_pool
images/dissertation_v1/ood/sensory_artifact/text_watermark/artifact_000049_00_text_watermark.png,1,sensory_artifact,text_watermark,34.92403793334961,-0.7758788274709125,-2.6755841057100462,0.13722222222222222,resnet50_layer3_global_pool
images/dissertation_v1/ood/sensory_artifact/text_watermark/artifact_000050_00_text_watermark.png,1,sensory_artifact,text_watermark,29.05706787109375,-2.632925121779509,1.1874401210195795,0.07444444444444444,resnet50_layer3_global_pool
images/dissertation_v1/ood/sensory_artifact/text_watermark/artifact_000051_00_text_watermark.png,1,sensory_artifact,text_watermark,32.56572723388672,-1.101591570473514,-0.972128867221056,0.11777777777777777,resnet50_layer3_global_pool
images/dissertation_v1/ood/sensory_artifact/text_watermark/artifact_000052_00_text_watermark.png,1,sensory_artifact,text_watermark,39.50741195678711,-0.013461991111807204,-2.6137632101940884,0.17555555555555555,resnet50_layer3_global_pool
images/dissertation_v1/ood/sensory_artifact/text_watermark/artifact_000053_00_text_watermark.png,1,sensory_artifact,text_watermark,43.67740249633789,0.9076306568492504,-3.670606931256659,0.21611111111111111,resnet50_layer3_global_pool
images/dissertation_v1/ood/sensory_artifact/text_watermark/artifact_000054_00_text_watermark.png,1,sensory_artifact,text_watermark,36.90169906616211,-3.5615185935736218,1.8587832470154675,0.15333333333333332,resnet50_layer3_global_pool
images/dissertation_v1/ood/sensory_artifact/text_watermark/artifact_000055_00_text_watermark.png,1,sensory_artifact,text_watermark,31.37587547302246,-4.697570914546986,4.0734405496792805,0.105,resnet50_layer3_global_pool
images/dissertation_v1/ood/sensory_artifact/text_watermark/artifact_000056_00_text_watermark.png,1,sensory_artifact,text_watermark,25.99240493774414,-0.5377571247447113,-2.4980459030543636,0.042222222222222223,resnet50_layer3_global_pool
images/dissertation_v1/ood/sensory_artifact/text_watermark/artifact_000057_00_text_watermark.png,1,sensory_artifact,text_watermark,36.555850982666016,-3.416019239477403,1.895450691408027,0.1511111111111111,resnet50_layer3_global_pool
images/dissertation_v1/ood/sensory_artifact/text_watermark/artifact_000058_00_text_watermark.png,1,sensory_artifact,text_watermark,33.80186080932617,-2.134187426099855,-0.23318809150142858,0.12833333333333333,resnet50_layer3_global_pool
images/dissertation_v1/ood/sensory_artifact/text_watermark/artifact_000059_00_text_watermark.png,1,sensory_artifact,text_watermark,29.926647186279297,4.660050811513798e-05,-3.284833098671075,0.08777777777777777,resnet50_layer3_global_pool
images/dissertation_v1/ood/sensory_artifact/text_watermark/artifact_000060_00_text_watermark.png,1,sensory_artifact,text_watermark,31.56489944458008,0.09053661238780332,-2.839774832636757,0.10611111111111111,resnet50_layer3_global_pool
images/dissertation_v1/ood/sensory_artifact/text_watermark/artifact_000061_00_text_watermark.png,1,sensory_artifact,text_watermark,29.84074592590332,-4.332248253886314,2.4947159564386534,0.08611111111111111,resnet50_layer3_global_pool
images/dissertation_v1/ood/sensory_artifact/text_watermark/artifact_000062_00_text_watermark.png,1,sensory_artifact,text_watermark,34.69786834716797,-1.7381764824284334,-1.2391780472194815,0.13444444444444445,resnet50_layer3_global_pool
images/dissertation_v1/ood/sensory_artifact/text_watermark/artifact_000063_00_text_watermark.png,1,sensory_artifact,text_watermark,25.795095443725582,-4.275736340731808,3.3266082546763878,0.04055555555555555,resnet50_layer3_global_pool
images/dissertation_v1/ood/sensory_artifact/text_watermark/artifact_000064_00_text_watermark.png,1,sensory_artifact,text_watermark,35.677703857421875,-4.378333295315859,3.134606573929173,0.1411111111111111,resnet50_layer3_global_pool
images/dissertation_v1/ood/sensory_artifact/text_watermark/artifact_000065_00_text_watermark.png,1,sensory_artifact,text_watermark,29.154443740844727,-0.4163927450319136,-2.858245586317613,0.07555555555555556,resnet50_layer3_global_pool
images/dissertation_v1/ood/sensory_artifact/text_watermark/artifact_000066_00_text_watermark.png,1,sensory_artifact,text_watermark,28.858980178833008,-1.6827755886488602,-1.27887790672061,0.07222222222222222,resnet50_layer3_global_pool
images/dissertation_v1/ood/sensory_artifact/text_watermark/artifact_000067_00_text_watermark.png,1,sensory_artifact,text_watermark,31.847915649414062,-0.7487360528653982,-2.4507937586813235,0.10944444444444444,resnet50_layer3_global_pool
images/dissertation_v1/ood/sensory_artifact/text_watermark/artifact_000068_00_text_watermark.png,1,sensory_artifact,text_watermark,35.5728759765625,-4.56544979662486,2.724980929022349,0.14055555555555554,resnet50_layer3_global_pool
images/dissertation_v1/ood/sensory_artifact/text_watermark/artifact_000069_00_text_watermark.png,1,sensory_artifact,text_watermark,29.590856552124023,-0.32135581678936,-3.9134833041550383,0.08333333333333333,resnet50_layer3_global_pool
images/dissertation_v1/ood/sensory_artifact/text_watermark/artifact_000070_00_text_watermark.png,1,sensory_artifact,text_watermark,26.809215545654297,-2.461450988342443,0.3324735086913269,0.051666666666666666,resnet50_layer3_global_pool
images/dissertation_v1/ood/sensory_artifact/text_watermark/artifact_000071_00_text_watermark.png,1,sensory_artifact,text_watermark,35.74766540527344,-4.727899407302256,3.549866592821714,0.14166666666666666,resnet50_layer3_global_pool
images/dissertation_v1/ood/sensory_artifact/text_watermark/artifact_000072_00_text_watermark.png,1,sensory_artifact,text_watermark,52.87034225463867,0.6944094294710822,-1.6246636516972424,0.34055555555555556,resnet50_layer3_global_pool
images/dissertation_v1/ood/sensory_artifact/text_watermark/artifact_000073_00_text_watermark.png,1,sensory_artifact,text_watermark,27.20523834228516,0.4027881399044005,-2.972944651143555,0.05722222222222222,resnet50_layer3_global_pool
images/dissertation_v1/ood/sensory_artifact/text_watermark/artifact_000074_00_text_watermark.png,1,sensory_artifact,text_watermark,27.204599380493164,-3.3947245449183696,2.7455391825981073,0.056666666666666664,resnet50_layer3_global_pool
images/dissertation_v1/ood/sensory_artifact/text_watermark/artifact_000075_00_text_watermark.png,1,sensory_artifact,text_watermark,31.975017547607425,-2.6368635879599074,0.2445385102220086,0.11166666666666666,resnet50_layer3_global_pool
images/dissertation_v1/ood/sensory_artifact/text_watermark/artifact_000076_00_text_watermark.png,1,sensory_artifact,text_watermark,26.0012149810791,-3.4884284054533574,2.1020576000103497,0.042777777777777776,resnet50_layer3_global_pool
images/dissertation_v1/ood/sensory_artifact/text_watermark/artifact_000077_00_text_watermark.png,1,sensory_artifact,text_watermark,37.43611907958984,-3.5754757921190152,1.9751206266095485,0.15611111111111112,resnet50_layer3_global_pool
images/dissertation_v1/ood/sensory_artifact/text_watermark/artifact_000078_00_text_watermark.png,1,sensory_artifact,text_watermark,30.4057674407959,-4.079899518836506,2.3381733845758004,0.09277777777777778,resnet50_layer3_global_pool
images/dissertation_v1/ood/sensory_artifact/text_watermark/artifact_000079_00_text_watermark.png,1,sensory_artifact,text_watermark,28.841920852661133,-0.24193394689570227,-2.9028114804670553,0.07111111111111111,resnet50_layer3_global_pool
images/dissertation_v1/ood/sensory_artifact/text_watermark/artifact_000080_00_text_watermark.png,1,sensory_artifact,text_watermark,33.779972076416016,-0.6086056037996944,-1.8093058759164984,0.12777777777777777,resnet50_layer3_global_pool
images/dissertation_v1/ood/sensory_artifact/text_watermark/artifact_000081_00_text_watermark.png,1,sensory_artifact,text_watermark,27.837533950805664,-4.034369801633126,2.0639337481444944,0.06333333333333334,resnet50_layer3_global_pool
images/dissertation_v1/ood/sensory_artifact/text_watermark/artifact_000082_00_text_watermark.png,1,sensory_artifact,text_watermark,38.79241561889648,-3.0438641677833074,2.1509801961195945,0.16666666666666666,resnet50_layer3_global_pool
images/dissertation_v1/ood/sensory_artifact/text_watermark/artifact_000083_00_text_watermark.png,1,sensory_artifact,text_watermark,28.044118881225582,-2.5330418907563232,-0.5249590667915437,0.06444444444444444,resnet50_layer3_global_pool
images/dissertation_v1/ood/sensory_artifact/text_watermark/artifact_000084_00_text_watermark.png,1,sensory_artifact,text_watermark,34.59864044189453,-3.58049841238182,1.872272052187953,0.13277777777777777,resnet50_layer3_global_pool
images/dissertation_v1/ood/sensory_artifact/text_watermark/artifact_000085_00_text_watermark.png,1,sensory_artifact,text_watermark,40.15708541870117,1.1598273581683547,-2.180562953321625,0.17944444444444443,resnet50_layer3_global_pool
images/dissertation_v1/ood/sensory_artifact/text_watermark/artifact_000086_00_text_watermark.png,1,sensory_artifact,text_watermark,31.305421829223636,-0.27953389280441715,-3.616831991028436,0.10111111111111111,resnet50_layer3_global_pool
images/dissertation_v1/ood/sensory_artifact/text_watermark/artifact_000087_00_text_watermark.png,1,sensory_artifact,text_watermark,38.663124084472656,-1.1342537587403685,-1.1084739998580904,0.165,resnet50_layer3_global_pool
images/dissertation_v1/ood/sensory_artifact/text_watermark/artifact_000088_00_text_watermark.png,1,sensory_artifact,text_watermark,27.33238220214844,-0.32630288078997804,-3.1709408485769535,0.059444444444444446,resnet50_layer3_global_pool
images/dissertation_v1/ood/sensory_artifact/text_watermark/artifact_000089_00_text_watermark.png,1,sensory_artifact,text_watermark,32.94107437133789,-0.774986900643501,-1.752835448374783,0.12,resnet50_layer3_global_pool
images/dissertation_v1/ood/sensory_artifact/text_watermark/artifact_000090_00_text_watermark.png,1,sensory_artifact,text_watermark,28.93125343322754,-2.2898978625878446,-0.6851912520134703,0.07388888888888889,resnet50_layer3_global_pool
images/dissertation_v1/ood/sensory_artifact/text_watermark/artifact_000091_00_text_watermark.png,1,sensory_artifact,text_watermark,31.050445556640625,-1.1208324079015812,-1.7885364117243288,0.09888888888888889,resnet50_layer3_global_pool
images/dissertation_v1/ood/sensory_artifact/text_watermark/artifact_000092_00_text_watermark.png,1,sensory_artifact,text_watermark,30.073894500732425,-1.490300502760298,-2.2365461344003266,0.08944444444444444,resnet50_layer3_global_pool
images/dissertation_v1/ood/sensory_artifact/text_watermark/artifact_000093_00_text_watermark.png,1,sensory_artifact,text_watermark,34.04547500610352,0.7479434531703971,-2.297786083265715,0.12944444444444445,resnet50_layer3_global_pool
images/dissertation_v1/ood/sensory_artifact/text_watermark/artifact_000094_00_text_watermark.png,1,sensory_artifact,text_watermark,25.605392456054688,-3.8145917639902533,1.0284712263050533,0.03833333333333333,resnet50_layer3_global_pool
images/dissertation_v1/ood/sensory_artifact/text_watermark/artifact_000095_00_text_watermark.png,1,sensory_artifact,text_watermark,30.37981605529785,-1.1955901367362922,-2.185236519121462,0.09166666666666666,resnet50_layer3_global_pool
images/dissertation_v1/ood/sensory_artifact/text_watermark/artifact_000096_00_text_watermark.png,1,sensory_artifact,text_watermark,40.62294769287109,-0.3189901728490414,-2.3059831845418755,0.18388888888888888,resnet50_layer3_global_pool
images/dissertation_v1/ood/sensory_artifact/text_watermark/artifact_000097_00_text_watermark.png,1,sensory_artifact,text_watermark,31.306764602661133,-2.5321006554455114,-0.7177418503074481,0.10166666666666667,resnet50_layer3_global_pool
images/dissertation_v1/ood/sensory_artifact/text_watermark/artifact_000098_00_text_watermark.png,1,sensory_artifact,text_watermark,33.19829559326172,-1.388132316939731,-1.187720321648735,0.1238888888888889,resnet50_layer3_global_pool
images/dissertation_v1/ood/sensory_artifact/text_watermark/artifact_000099_00_text_watermark.png,1,sensory_artifact,text_watermark,28.2551212310791,-0.5380205521638082,-1.8055975161468023,0.0661111111111111,resnet50_layer3_global_pool
images/dissertation_v1/ood/sensory_artifact/text_watermark/artifact_000100_00_text_watermark.png,1,sensory_artifact,text_watermark,38.4276008605957,0.7527036685267687,-3.433599998229922,0.16333333333333333,resnet50_layer3_global_pool
images/dissertation_v1/ood/sensory_artifact/text_watermark/artifact_000101_00_text_watermark.png,1,sensory_artifact,text_watermark,33.05519104003906,0.3879543756121195,-3.233307695482167,0.12055555555555555,resnet50_layer3_global_pool
images/dissertation_v1/ood/sensory_artifact/text_watermark/artifact_000102_00_text_watermark.png,1,sensory_artifact,text_watermark,35.16289138793945,-3.7108805953473256,1.5263795877384236,0.13777777777777778,resnet50_layer3_global_pool
images/dissertation_v1/ood/sensory_artifact/text_watermark/artifact_000103_00_text_watermark.png,1,sensory_artifact,text_watermark,41.67680740356445,0.2966700532176246,-3.6847159904907,0.1938888888888889,resnet50_layer3_global_pool
images/dissertation_v1/ood/sensory_artifact/text_watermark/artifact_000104_00_text_watermark.png,1,sensory_artifact,text_watermark,34.65766143798828,-1.6098041310098465,-0.13281113262025265,0.1338888888888889,resnet50_layer3_global_pool
images/dissertation_v1/ood/sensory_artifact/text_watermark/artifact_000105_00_text_watermark.png,1,sensory_artifact,text_watermark,30.39413070678711,-3.688823452452445,1.7393694532879702,0.09222222222222222,resnet50_layer3_global_pool
images/dissertation_v1/ood/sensory_artifact/text_watermark/artifact_000106_00_text_watermark.png,1,sensory_artifact,text_watermark,25.05873680114746,0.35467238024625225,-2.949761454250788,0.035,resnet50_layer3_global_pool
images/dissertation_v1/ood/sensory_artifact/text_watermark/artifact_000107_00_text_watermark.png,1,sensory_artifact,text_watermark,33.13698959350586,-0.02972722480795046,-3.6950056262395443,0.12277777777777778,resnet50_layer3_global_pool
images/dissertation_v1/ood/sensory_artifact/text_watermark/artifact_000108_00_text_watermark.png,1,sensory_artifact,text_watermark,38.940338134765625,0.8969039732831661,-3.5057913721920007,0.16777777777777778,resnet50_layer3_global_pool
images/dissertation_v1/ood/sensory_artifact/text_watermark/artifact_000109_00_text_watermark.png,1,sensory_artifact,text_watermark,29.65499687194824,-3.0690582816738585,0.5831152242206432,0.08388888888888889,resnet50_layer3_global_pool
images/dissertation_v1/ood/sensory_artifact/text_watermark/artifact_000110_00_text_watermark.png,1,sensory_artifact,text_watermark,37.46595764160156,-2.367972478407919,0.39682756308373646,0.15666666666666668,resnet50_layer3_global_pool
images/dissertation_v1/ood/sensory_artifact/text_watermark/artifact_000111_00_text_watermark.png,1,sensory_artifact,text_watermark,40.62942886352539,0.7792285727159156,-1.75103829480935,0.18444444444444444,resnet50_layer3_global_pool
images/dissertation_v1/ood/sensory_artifact/text_watermark/artifact_000112_00_text_watermark.png,1,sensory_artifact,text_watermark,37.20674514770508,0.254780539082951,-2.360650884129535,0.15444444444444444,resnet50_layer3_global_pool
images/dissertation_v1/ood/sensory_artifact/text_watermark/artifact_000113_00_text_watermark.png,1,sensory_artifact,text_watermark,26.946382522583008,0.8636848507208811,-4.3668575908196345,0.05333333333333334,resnet50_layer3_global_pool
images/dissertation_v1/ood/sensory_artifact/text_watermark/artifact_000114_00_text_watermark.png,1,sensory_artifact,text_watermark,25.284177780151367,0.343652630589036,-3.137164594700256,0.03722222222222222,resnet50_layer3_global_pool
images/dissertation_v1/ood/sensory_artifact/text_watermark/artifact_000115_00_text_watermark.png,1,sensory_artifact,text_watermark,28.444164276123047,-3.0078518076854857,-0.0461739067701025,0.06722222222222222,resnet50_layer3_global_pool
images/dissertation_v1/ood/sensory_artifact/text_watermark/artifact_000116_00_text_watermark.png,1,sensory_artifact,text_watermark,28.1920223236084,-2.8714850123301776,1.2412190798114793,0.06555555555555556,resnet50_layer3_global_pool
images/dissertation_v1/ood/sensory_artifact/text_watermark/artifact_000117_00_text_watermark.png,1,sensory_artifact,text_watermark,52.44418716430664,1.5117345890153282,-3.195760960025539,0.3338888888888889,resnet50_layer3_global_pool
images/dissertation_v1/ood/sensory_artifact/text_watermark/artifact_000118_00_text_watermark.png,1,sensory_artifact,text_watermark,26.506776809692383,-3.1276538905870215,0.2649929372125407,0.04888888888888889,resnet50_layer3_global_pool
images/dissertation_v1/ood/sensory_artifact/text_watermark/artifact_000119_00_text_watermark.png,1,sensory_artifact,text_watermark,23.74923324584961,-0.16654843401511213,-3.2160899087014685,0.023333333333333334,resnet50_layer3_global_pool
images/dissertation_v1/ood/sensory_artifact/text_watermark/artifact_000120_00_text_watermark.png,1,sensory_artifact,text_watermark,28.71684837341309,-1.2712663796882198,-1.812476681575939,0.07,resnet50_layer3_global_pool
images/dissertation_v1/ood/sensory_artifact/text_watermark/artifact_000121_00_text_watermark.png,1,sensory_artifact,text_watermark,31.18411636352539,-0.44729659947705397,-2.796596592916665,0.10055555555555555,resnet50_layer3_global_pool
images/dissertation_v1/ood/sensory_artifact/text_watermark/artifact_000122_00_text_watermark.png,1,sensory_artifact,text_watermark,29.44257164001465,-4.117296543696257,2.498889403816081,0.0811111111111111,resnet50_layer3_global_pool
images/dissertation_v1/ood/sensory_artifact/text_watermark/artifact_000123_00_text_watermark.png,1,sensory_artifact,text_watermark,27.31734275817871,-4.322006628326901,1.9470981660145226,0.058333333333333334,resnet50_layer3_global_pool
images/dissertation_v1/ood/sensory_artifact/text_watermark/artifact_000124_00_text_watermark.png,1,sensory_artifact,text_watermark,35.888206481933594,-4.759186668591494,3.7857114003528083,0.14277777777777778,resnet50_layer3_global_pool
images/dissertation_v1/ood/sensory_artifact/text_watermark/artifact_000125_00_text_watermark.png,1,sensory_artifact,text_watermark,31.72058486938477,-1.4999098132928061,-1.1272591124987248,0.10833333333333334,resnet50_layer3_global_pool
images/dissertation_v1/ood/sensory_artifact/text_watermark/artifact_000126_00_text_watermark.png,1,sensory_artifact,text_watermark,29.30261993408203,-3.0624040592537027,1.905548625607231,0.07944444444444444,resnet50_layer3_global_pool
images/dissertation_v1/ood/sensory_artifact/text_watermark/artifact_000127_00_text_watermark.png,1,sensory_artifact,text_watermark,36.150146484375,0.3915250572083533,-3.565216274995473,0.14555555555555555,resnet50_layer3_global_pool
images/dissertation_v1/ood/sensory_artifact/text_watermark/artifact_000128_00_text_watermark.png,1,sensory_artifact,text_watermark,25.271774291992188,-0.6595397769714642,-2.4528488601915375,0.03666666666666667,resnet50_layer3_global_pool
images/dissertation_v1/ood/sensory_artifact/text_watermark/artifact_000129_00_text_watermark.png,1,sensory_artifact,text_watermark,39.7552490234375,-0.7152942330722958,-1.7759823930474432,0.17833333333333334,resnet50_layer3_global_pool
images/dissertation_v1/ood/sensory_artifact/text_watermark/artifact_000130_00_text_watermark.png,1,sensory_artifact,text_watermark,28.582176208496094,-0.24351036590172656,-2.910255935572855,0.06888888888888889,resnet50_layer3_global_pool
images/dissertation_v1/ood/sensory_artifact/text_watermark/artifact_000131_00_text_watermark.png,1,sensory_artifact,text_watermark,35.80500793457031,0.1872629261312961,-2.0635506648454442,0.14222222222222222,resnet50_layer3_global_pool
images/dissertation_v1/ood/sensory_artifact/text_watermark/artifact_000132_00_text_watermark.png,1,sensory_artifact,text_watermark,34.83342742919922,-1.4796472422250364,-1.2191785431034023,0.13555555555555557,resnet50_layer3_global_pool
images/dissertation_v1/ood/sensory_artifact/text_watermark/artifact_000133_00_text_watermark.png,1,sensory_artifact,text_watermark,39.2790641784668,-0.8400185296392879,-2.367797785814556,0.1711111111111111,resnet50_layer3_global_pool
images/dissertation_v1/ood/sensory_artifact/text_watermark/artifact_000134_00_text_watermark.png,1,sensory_artifact,text_watermark,24.41645050048828,0.41423879173386996,-3.130267446881728,0.027777777777777776,resnet50_layer3_global_pool
images/dissertation_v1/ood/sensory_artifact/text_watermark/artifact_000135_00_text_watermark.png,1,sensory_artifact,text_watermark,24.47143173217773,-4.221703206076002,2.0577311452324474,0.028333333333333332,resnet50_layer3_global_pool
images/dissertation_v1/ood/sensory_artifact/text_watermark/artifact_000136_00_text_watermark.png,1,sensory_artifact,text_watermark,32.13960647583008,-3.4020980544659647,1.927867910812078,0.115,resnet50_layer3_global_pool
images/dissertation_v1/ood/sensory_artifact/text_watermark/artifact_000137_00_text_watermark.png,1,sensory_artifact,text_watermark,31.873409271240234,-2.4737112353856303,0.5634325449468347,0.11,resnet50_layer3_global_pool
images/dissertation_v1/ood/sensory_artifact/text_watermark/artifact_000138_00_text_watermark.png,1,sensory_artifact,text_watermark,29.188777923583984,0.7663160651793298,-4.182914462802672,0.07777777777777778,resnet50_layer3_global_pool
images/dissertation_v1/ood/sensory_artifact/text_watermark/artifact_000139_00_text_watermark.png,1,sensory_artifact,text_watermark,36.21723556518555,0.19921815714207275,-3.18819018815351,0.14666666666666667,resnet50_layer3_global_pool
images/dissertation_v1/ood/sensory_artifact/text_watermark/artifact_000140_00_text_watermark.png,1,sensory_artifact,text_watermark,42.85955047607422,-1.4523373336067995,1.097647418977041,0.205,resnet50_layer3_global_pool
images/dissertation_v1/ood/sensory_artifact/text_watermark/artifact_000141_00_text_watermark.png,1,sensory_artifact,text_watermark,31.38743019104004,1.1349867579765904,-4.1566344142233405,0.10555555555555556,resnet50_layer3_global_pool
images/dissertation_v1/ood/sensory_artifact/text_watermark/artifact_000142_00_text_watermark.png,1,sensory_artifact,text_watermark,28.860414505004883,-3.7137457750018243,2.4377668634467646,0.07277777777777777,resnet50_layer3_global_pool
images/dissertation_v1/ood/sensory_artifact/text_watermark/artifact_000143_00_text_watermark.png,1,sensory_artifact,text_watermark,35.241668701171875,0.34847530956575556,-2.7185382696979477,0.13833333333333334,resnet50_layer3_global_pool
images/dissertation_v1/ood/sensory_artifact/text_watermark/artifact_000144_00_text_watermark.png,1,sensory_artifact,text_watermark,29.777103424072266,0.2197467006475761,-3.684051436270482,0.08555555555555555,resnet50_layer3_global_pool
images/dissertation_v1/ood/sensory_artifact/text_watermark/artifact_000145_00_text_watermark.png,1,sensory_artifact,text_watermark,30.5723876953125,-3.556910744934737,2.727638401787169,0.09444444444444444,resnet50_layer3_global_pool
images/dissertation_v1/ood/sensory_artifact/text_watermark/artifact_000146_00_text_watermark.png,1,sensory_artifact,text_watermark,28.63109588623047,0.32489372952679985,-3.1942439826343847,0.06944444444444445,resnet50_layer3_global_pool
images/dissertation_v1/ood/sensory_artifact/text_watermark/artifact_000147_00_text_watermark.png,1,sensory_artifact,text_watermark,26.360883712768555,-3.786181882880379,1.8117722040394781,0.04722222222222222,resnet50_layer3_global_pool
images/dissertation_v1/ood/sensory_artifact/text_watermark/artifact_000148_00_text_watermark.png,1,sensory_artifact,text_watermark,36.763404846191406,-1.3422395863574845,-1.386540588014386,0.15222222222222223,resnet50_layer3_global_pool
images/dissertation_v1/ood/sensory_artifact/text_watermark/artifact_000149_00_text_watermark.png,1,sensory_artifact,text_watermark,39.18206405639648,-0.1800836098489895,-3.583102597849481,0.17,resnet50_layer3_global_pool
