image_path,label,ood_type,ood_subtype,score_mahalanobis_feature,prediction_mahalanobis_feature,threshold_mahalanobis_feature,score_patchcore_l3,prediction_patchcore_l3,threshold_patchcore_l3,score_autoencoder,prediction_autoencoder,threshold_autoencoder,score_image_statistics,prediction_image_statistics,threshold_image_statistics,case_type,borderline_margin_mahalanobis,borderline_margin_patchcore_l3
images/dissertation_v1/ood/sensory_artifact/gaussian_noise/artifact_000034_06_gaussian_noise.png,1,sensory_artifact,gaussian_noise,38.63597869873047,1,38.58238201141357,38.90735626220703,1,34.763293457031246,0.0017382648074999,0,0.0017387918487656,1.130746603012085,0,1.7220234692096696,all_methods_correct,0.05359668731689737,4.1440628051757855
images/dissertation_v1/ood/sensory_artifact/text_watermark/artifact_000087_00_text_watermark.png,1,sensory_artifact,text_watermark,38.663124084472656,1,38.58238201141357,38.49459838867188,1,34.763293457031246,0.0005457740626297,0,0.0017387918487656,0.6314437985420227,0,1.7220234692096696,all_methods_correct,0.08074207305908487,3.7313049316406364
images/dissertation_v1/ood/sensory_artifact/text_watermark/artifact_000082_00_text_watermark.png,1,sensory_artifact,text_watermark,38.79241561889648,1,38.58238201141357,38.26969146728516,1,34.763293457031246,0.0007732343510724,0,0.0017387918487656,0.5273839235305786,0,1.7220234692096696,all_methods_correct,0.2100336074829059,3.5063980102539176
images/dissertation_v1/ood/sensory_artifact/text_watermark/artifact_000108_00_text_watermark.png,1,sensory_artifact,text_watermark,38.940338134765625,1,38.58238201141357,44.15130233764648,1,34.763293457031246,0.0004099563229829,0,0.0017387918487656,1.133563756942749,0,1.7220234692096696,all_methods_correct,0.3579561233520536,9.388008880615232
images/dissertation_v1/ood/sensory_artifact/text_watermark/artifact_000017_00_text_watermark.png,1,sensory_artifact,text_watermark,39.091087341308594,1,38.58238201141357,42.533348083496094,1,34.763293457031246,0.0007106005214154,0,0.0017387918487656,0.6826525926589966,0,1.7220234692096696,all_methods_correct,0.5087053298950224,7.770054626464848
images/dissertation_v1/ood/sensory_artifact/text_watermark/artifact_000149_00_text_watermark.png,1,sensory_artifact,text_watermark,39.18206405639648,1,38.58238201141357,40.418113708496094,1,34.763293457031246,0.0005474858335219,0,0.0017387918487656,0.4867584407329559,0,1.7220234692096696,all_methods_correct,0.5996820449829059,5.654820251464848
images/dissertation_v1/ood/sensory_artifact/text_watermark/artifact_000133_00_text_watermark.png,1,sensory_artifact,text_watermark,39.2790641784668,1,38.58238201141357,42.32923126220703,1,34.763293457031246,0.0006355362129397,0,0.0017387918487656,0.6711500883102417,0,1.7220234692096696,all_methods_correct,0.6966821670532255,7.5659378051757855
images/dissertation_v1/ood/sensory_artifact/text_watermark/artifact_000030_00_text_watermark.png,1,sensory_artifact,text_watermark,39.435768127441406,1,38.58238201141357,47.61315155029297,1,34.763293457031246,0.0001310668594669,0,0.0017387918487656,2.435331106185913,1,1.7220234692096696,all_methods_correct,0.8533861160278349,12.849858093261723
images/dissertation_v1/ood/sensory_artifact/gaussian_noise/artifact_000013_06_gaussian_noise.png,1,sensory_artifact,gaussian_noise,39.44176864624024,1,38.58238201141357,38.62565231323242,1,34.763293457031246,0.0018769921734929,1,0.0017387918487656,1.116615891456604,0,1.7220234692096696,all_methods_correct,0.8593866348266701,3.862358856201176
images/dissertation_v1/ood/sensory_artifact/arrow_annotation/artifact_000001_02_arrow_annotation.png,1,sensory_artifact,arrow_annotation,39.48712921142578,1,38.58238201141357,42.19229507446289,1,34.763293457031246,0.0044161668047308,1,0.0017387918487656,0.7766819596290588,0,1.7220234692096696,all_methods_correct,0.9047472000122099,7.429001617431645
images/dissertation_v1/ood/sensory_artifact/text_watermark/artifact_000052_00_text_watermark.png,1,sensory_artifact,text_watermark,39.50741195678711,1,38.58238201141357,37.35945892333984,1,34.763293457031246,0.0006002557929605,0,0.0017387918487656,0.6077620387077332,0,1.7220234692096696,all_methods_correct,0.925029945373538,2.596165466308591
images/dissertation_v1/ood/sensory_artifact/text_watermark/artifact_000014_00_text_watermark.png,1,sensory_artifact,text_watermark,39.67504501342773,1,38.58238201141357,39.7731819152832,1,34.763293457031246,0.0009863999439403,0,0.0017387918487656,0.7526034116744995,0,1.7220234692096696,all_methods_correct,1.092663002014156,5.009888458251957
images/dissertation_v1/ood/sensory_artifact/text_watermark/artifact_000047_00_text_watermark.png,1,sensory_artifact,text_watermark,39.74163055419922,1,38.58238201141357,42.72085952758789,1,34.763293457031246,0.0009796771919354,0,0.0017387918487656,0.6346532106399536,0,1.7220234692096696,all_methods_correct,1.1592485427856474,7.957566070556645
images/dissertation_v1/id/test_synthetic_fallback/id_test_synthetic_fallback_000111.png,0,id,id,37.28927230834961,0,38.58238201141357,31.08201789855957,0,34.763293457031246,0.0011521880514919,0,0.0017387918487656,1.0961198806762695,0,1.7220234692096696,all_methods_correct,1.293109703063962,3.6812755584716754
images/dissertation_v1/ood/sensory_artifact/text_watermark/artifact_000085_00_text_watermark.png,1,sensory_artifact,text_watermark,40.15708541870117,1,38.58238201141357,40.07255935668945,1,34.763293457031246,0.0012275849003344,0,0.0017387918487656,1.082824945449829,0,1.7220234692096696,all_methods_correct,1.5747034072876005,5.309265899658207
images/dissertation_v1/id/test_synthetic_fallback/id_test_synthetic_fallback_000100.png,0,id,id,36.9063606262207,0,38.58238201141357,30.01386070251465,0,34.763293457031246,0.0011650385567918,0,0.0017387918487656,0.8097448348999023,0,1.7220234692096696,all_methods_correct,1.6760213851928683,4.749432754516597
images/dissertation_v1/ood/sensory_artifact/text_watermark/artifact_000040_00_text_watermark.png,1,sensory_artifact,text_watermark,40.30112838745117,1,38.58238201141357,36.88969421386719,1,34.763293457031246,0.0006565286894328,0,0.0017387918487656,0.5407235026359558,0,1.7220234692096696,all_methods_correct,1.7187463760376005,2.1264007568359418
images/dissertation_v1/ood/sensory_artifact/gaussian_noise/artifact_000145_06_gaussian_noise.png,1,sensory_artifact,gaussian_noise,40.51429748535156,1,38.58238201141357,54.91569137573242,1,34.763293457031246,0.0022463994100689,1,0.0017387918487656,1.289724349975586,0,1.7220234692096696,all_methods_correct,1.9319154739379911,20.152397918701176
images/dissertation_v1/ood/sensory_artifact/text_watermark/artifact_000096_00_text_watermark.png,1,sensory_artifact,text_watermark,40.62294769287109,1,38.58238201141357,41.48000717163086,1,34.763293457031246,0.0013342708116397,0,0.0017387918487656,0.6870941519737244,0,1.7220234692096696,all_methods_correct,2.0405656814575153,6.716713714599614
images/dissertation_v1/ood/sensory_artifact/text_watermark/artifact_000111_00_text_watermark.png,1,sensory_artifact,text_watermark,40.62942886352539,1,38.58238201141357,37.14018249511719,1,34.763293457031246,0.00119563867338,0,0.0017387918487656,1.0902544260025024,0,1.7220234692096696,all_methods_correct,2.0470468521118192,2.3768890380859418
images/dissertation_v1/id/test_synthetic_fallback/id_test_synthetic_fallback_000087.png,0,id,id,36.47764205932617,0,38.58238201141357,29.758033752441406,0,34.763293457031246,0.0005253294366411,0,0.0017387918487656,0.6351251006126404,0,1.7220234692096696,all_methods_correct,2.1047399520873995,5.0052597045898395
images/dissertation_v1/ood/sensory_artifact/arrow_annotation/artifact_000075_02_arrow_annotation.png,1,sensory_artifact,arrow_annotation,40.7224006652832,1,38.58238201141357,49.333763122558594,1,34.763293457031246,0.0036296357866376,1,0.0017387918487656,1.4092696905136108,0,1.7220234692096696,all_methods_correct,2.1400186538696317,14.570469665527348
images/dissertation_v1/ood/sensory_artifact/gaussian_noise/artifact_000089_06_gaussian_noise.png,1,sensory_artifact,gaussian_noise,40.92079544067383,1,38.58238201141357,34.901268005371094,1,34.763293457031246,0.0013567573623731,0,0.0017387918487656,1.256961703300476,0,1.7220234692096696,all_methods_correct,2.3384134292602567,0.137974548339848
images/dissertation_v1/id/test_synthetic_fallback/id_test_synthetic_fallback_000014.png,0,id,id,36.04105758666992,0,38.58238201141357,33.01130676269531,0,34.763293457031246,0.0009342924458906,0,0.0017387918487656,0.7508601546287537,0,1.7220234692096696,all_methods_correct,2.5413244247436495,1.7519866943359332
images/dissertation_v1/id/test_synthetic_fallback/id_test_synthetic_fallback_000052.png,0,id,id,36.03375625610352,0,38.58238201141357,32.20904922485352,0,34.763293457031246,0.0005587101913988,0,0.0017387918487656,0.6114567518234253,0,1.7220234692096696,all_methods_correct,2.5486257553100486,2.554244232177723
images/dissertation_v1/id/test_synthetic_fallback/id_test_synthetic_fallback_000045.png,0,id,id,35.50825881958008,0,38.58238201141357,32.87156677246094,0,34.763293457031246,0.0003738157392945,0,0.0017387918487656,1.2473430633544922,0,1.7220234692096696,all_methods_correct,3.0741231918334933,1.8917266845703082
images/dissertation_v1/ood/sensory_artifact/text_watermark/artifact_000103_00_text_watermark.png,1,sensory_artifact,text_watermark,41.67680740356445,1,38.58238201141357,47.361934661865234,1,34.763293457031246,0.0007190532051026,0,0.0017387918487656,0.9247003793716432,0,1.7220234692096696,all_methods_correct,3.0944253921508817,12.598641204833989
images/dissertation_v1/ood/sensory_artifact/text_watermark/artifact_000018_00_text_watermark.png,1,sensory_artifact,text_watermark,41.86735534667969,1,38.58238201141357,40.90058898925781,1,34.763293457031246,0.0009491406963206,0,0.0017387918487656,0.6896437406539917,0,1.7220234692096696,all_methods_correct,3.284973335266116,6.137295532226567
images/dissertation_v1/ood/sensory_artifact/gaussian_noise/artifact_000101_06_gaussian_noise.png,1,sensory_artifact,gaussian_noise,42.00383758544922,1,38.58238201141357,42.86653900146485,1,34.763293457031246,0.0008486565202474,0,0.0017387918487656,0.7953745126724243,0,1.7220234692096696,all_methods_correct,3.4214555740356474,8.103245544433605
images/dissertation_v1/ood/sensory_artifact/gaussian_noise/artifact_000107_06_gaussian_noise.png,1,sensory_artifact,gaussian_noise,42.12990188598633,1,38.58238201141357,36.00508499145508,1,34.763293457031246,0.0010500258067622,0,0.0017387918487656,1.098319172859192,0,1.7220234692096696,all_methods_correct,3.5475198745727567,1.2417915344238324
images/dissertation_v1/id/test_synthetic_fallback/id_test_synthetic_fallback_000124.png,0,id,id,34.91285705566406,0,38.58238201141357,28.707883834838867,0,34.763293457031246,0.0017756707966327,1,0.0017387918487656,1.352279782295227,0,1.7220234692096696,all_methods_correct,3.669524955749509,6.0554096221923785
images/dissertation_v1/id/test_synthetic_fallback/id_test_synthetic_fallback_000085.png,0,id,id,34.86064910888672,0,38.58238201141357,29.950035095214844,0,34.763293457031246,0.0011793683515861,0,0.0017387918487656,1.0888570547103882,0,1.7220234692096696,all_methods_correct,3.7217329025268526,4.813258361816402
images/dissertation_v1/ood/sensory_artifact/arrow_annotation/artifact_000145_02_arrow_annotation.png,1,sensory_artifact,arrow_annotation,42.3895149230957,1,38.58238201141357,51.76995086669922,1,34.763293457031246,0.0051809474825859,1,0.0017387918487656,0.7788531184196472,0,1.7220234692096696,all_methods_correct,3.8071329116821317,17.006657409667973
images/dissertation_v1/id/test_synthetic_fallback/id_test_synthetic_fallback_000064.png,0,id,id,34.77302932739258,0,38.58238201141357,29.77943420410156,0,34.763293457031246,0.0020112283527851,1,0.0017387918487656,2.464249610900879,1,1.7220234692096696,all_methods_correct,3.8093526840209933,4.983859252929687
images/dissertation_v1/ood/sensory_artifact/arrow_annotation/artifact_000044_02_arrow_annotation.png,1,sensory_artifact,arrow_annotation,42.78501510620117,1,38.58238201141357,41.701271057128906,1,34.763293457031246,0.0043034432455897,1,0.0017387918487656,1.0619683265686035,0,1.7220234692096696,all_methods_correct,4.2026330947876005,6.9379776000976605
images/dissertation_v1/ood/sensory_artifact/text_watermark/artifact_000140_00_text_watermark.png,1,sensory_artifact,text_watermark,42.85955047607422,1,38.58238201141357,40.00163269042969,1,34.763293457031246,0.0012242656666785,0,0.0017387918487656,0.5906005501747131,0,1.7220234692096696,all_methods_correct,4.277168464660647,5.238339233398442
images/dissertation_v1/ood/sensory_artifact/gaussian_noise/artifact_000079_06_gaussian_noise.png,1,sensory_artifact,gaussian_noise,42.95151519775391,1,38.58238201141357,40.60210418701172,1,34.763293457031246,0.0014480454847216,0,0.0017387918487656,1.451159954071045,0,1.7220234692096696,all_methods_correct,4.369133186340342,5.838810729980473
images/dissertation_v1/ood/sensory_artifact/gaussian_noise/artifact_000026_06_gaussian_noise.png,1,sensory_artifact,gaussian_noise,43.01896286010742,1,38.58238201141357,35.946815490722656,1,34.763293457031246,0.001104078372009,0,0.0017387918487656,1.6389459371566772,0,1.7220234692096696,all_methods_correct,4.4365808486938505,1.1835220336914105
images/dissertation_v1/ood/sensory_artifact/gaussian_noise/artifact_000074_06_gaussian_noise.png,1,sensory_artifact,gaussian_noise,43.07135391235352,1,38.58238201141357,47.04831314086914,1,34.763293457031246,0.0021169043611735,1,0.0017387918487656,1.2859447002410889,0,1.7220234692096696,all_methods_correct,4.488971900939951,12.285019683837895
images/dissertation_v1/id/test_synthetic_fallback/id_test_synthetic_fallback_000057.png,0,id,id,34.04093170166016,0,38.58238201141357,26.097394943237305,0,34.763293457031246,0.0005189072689972,0,0.0017387918487656,0.9811397790908812,0,1.7220234692096696,all_methods_correct,4.541450309753408,8.665898513793941
images/dissertation_v1/ood/sensory_artifact/blur_artifact/artifact_000030_04_blur_artifact.png,1,sensory_artifact,blur_artifact,43.23615264892578,1,38.58238201141357,41.41707229614258,1,34.763293457031246,4.69936931040138e-05,0,0.0017387918487656,2.443186521530152,1,1.7220234692096696,all_methods_correct,4.65377063751221,6.653778839111332
images/dissertation_v1/id/test_synthetic_fallback/id_test_synthetic_fallback_000093.png,0,id,id,33.68629455566406,0,38.58238201141357,33.278079986572266,0,34.763293457031246,0.0010448459070175,0,0.0017387918487656,0.9043307304382324,0,1.7220234692096696,all_methods_correct,4.896087455749509,1.4852134704589801
images/dissertation_v1/ood/sensory_artifact/gaussian_noise/artifact_000143_06_gaussian_noise.png,1,sensory_artifact,gaussian_noise,43.5024642944336,1,38.58238201141357,37.20608139038086,1,34.763293457031246,0.0010817042784765,0,0.0017387918487656,1.4125447273254397,0,1.7220234692096696,all_methods_correct,4.9200822830200295,2.4427879333496136
images/dissertation_v1/ood/sensory_artifact/text_watermark/artifact_000053_00_text_watermark.png,1,sensory_artifact,text_watermark,43.67740249633789,1,38.58238201141357,40.19207000732422,1,34.763293457031246,0.0003317665250506,0,0.0017387918487656,1.061574935913086,0,1.7220234692096696,all_methods_correct,5.095020484924319,5.428776550292973
images/dissertation_v1/ood/sensory_artifact/gaussian_noise/artifact_000005_06_gaussian_noise.png,1,sensory_artifact,gaussian_noise,43.72078323364258,1,38.58238201141357,42.95879364013672,1,34.763293457031246,0.0016166953137144,0,0.0017387918487656,1.4984216690063477,0,1.7220234692096696,all_methods_correct,5.138401222229007,8.195500183105473
images/dissertation_v1/id/test_synthetic_fallback/id_test_synthetic_fallback_000077.png,0,id,id,33.38230514526367,0,38.58238201141357,29.51736259460449,0,34.763293457031246,0.0006271285237744,0,0.0017387918487656,0.7636671662330627,0,1.7220234692096696,all_methods_correct,5.2000768661498995,5.245930862426757
images/dissertation_v1/id/test_synthetic_fallback/id_test_synthetic_fallback_000080.png,0,id,id,33.36890411376953,0,38.58238201141357,29.390830993652344,0,34.763293457031246,0.0007333904504776,0,0.0017387918487656,0.5755045413970947,0,1.7220234692096696,all_methods_correct,5.21347789764404,5.372462463378902
images/dissertation_v1/ood/sensory_artifact/arrow_annotation/artifact_000029_02_arrow_annotation.png,1,sensory_artifact,arrow_annotation,43.84116744995117,1,38.58238201141357,48.46026992797852,1,34.763293457031246,0.0050249784253537,1,0.0017387918487656,0.7918710708618164,0,1.7220234692096696,all_methods_correct,5.2587854385376005,13.696976470947277
images/dissertation_v1/ood/sensory_artifact/gaussian_noise/artifact_000011_06_gaussian_noise.png,1,sensory_artifact,gaussian_noise,43.86817169189453,1,38.58238201141357,39.152530670166016,1,34.763293457031246,0.0022898134775459,1,0.0017387918487656,1.948966145515442,1,1.7220234692096696,all_methods_correct,5.28578968048096,4.38923721313477
images/dissertation_v1/id/test_synthetic_fallback/id_test_synthetic_fallback_000112.png,0,id,id,33.245052337646484,0,38.58238201141357,28.41974449157715,0,34.763293457031246,0.0004949212889187,0,0.0017387918487656,0.5784508585929871,0,1.7220234692096696,all_methods_correct,5.337329673767087,6.343548965454097
images/dissertation_v1/id/test_synthetic_fallback/id_test_synthetic_fallback_000071.png,0,id,id,33.18800354003906,0,38.58238201141357,29.639747619628903,0,34.763293457031246,0.0018858729163184,1,0.0017387918487656,2.753727912902832,1,1.7220234692096696,all_methods_correct,5.394378471374509,5.123545837402343
images/dissertation_v1/id/test_synthetic_fallback/id_test_synthetic_fallback_000047.png,0,id,id,33.107181549072266,0,38.58238201141357,28.492876052856445,0,34.763293457031246,0.0009381274576298,0,0.0017387918487656,0.6335253715515137,0,1.7220234692096696,all_methods_correct,5.475200462341306,6.2704174041748
images/dissertation_v1/ood/sensory_artifact/gaussian_noise/artifact_000083_06_gaussian_noise.png,1,sensory_artifact,gaussian_noise,44.30741500854492,1,38.58238201141357,35.67572784423828,1,34.763293457031246,0.0012343757553026,0,0.0017387918487656,1.4264013767242432,0,1.7220234692096696,all_methods_correct,5.7250329971313505,0.9124343872070355
images/dissertation_v1/id/test_synthetic_fallback/id_test_synthetic_fallback_000017.png,0,id,id,32.41358184814453,0,38.58238201141357,31.59029197692871,0,34.763293457031246,0.0006529330858029,0,0.0017387918487656,0.6878052949905396,0,1.7220234692096696,all_methods_correct,6.16880016326904,3.173001480102535
images/dissertation_v1/ood/sensory_artifact/gaussian_noise/artifact_000149_06_gaussian_noise.png,1,sensory_artifact,gaussian_noise,44.767616271972656,1,38.58238201141357,37.39697647094727,1,34.763293457031246,0.000874864810612,0,0.0017387918487656,0.6433079242706299,0,1.7220234692096696,all_methods_correct,6.185234260559085,2.633683013916027
images/dissertation_v1/id/test_synthetic_fallback/id_test_synthetic_fallback_000041.png,0,id,id,32.377567291259766,0,38.58238201141357,33.87836837768555,0,34.763293457031246,0.0013986986596137,0,0.0017387918487656,0.8641470670700073,0,1.7220234692096696,all_methods_correct,6.204814720153806,0.8849250793456989
images/dissertation_v1/id/test_synthetic_fallback/id_test_synthetic_fallback_000108.png,0,id,id,32.125423431396484,0,38.58238201141357,28.751293182373047,0,34.763293457031246,0.0003655328182503,0,0.0017387918487656,1.127888321876526,0,1.7220234692096696,all_methods_correct,6.456958580017087,6.012000274658199
images/dissertation_v1/id/test_synthetic_fallback/id_test_synthetic_fallback_000131.png,0,id,id,32.01118850708008,0,38.58238201141357,31.02854347229004,0,34.763293457031246,0.0004329309449531,0,0.0017387918487656,0.7406944036483765,0,1.7220234692096696,all_methods_correct,6.571193504333493,3.7347499847412067
images/dissertation_v1/ood/sensory_artifact/gaussian_noise/artifact_000028_06_gaussian_noise.png,1,sensory_artifact,gaussian_noise,45.23066711425781,1,38.58238201141357,42.850040435791016,1,34.763293457031246,0.0012077232822775,0,0.0017387918487656,1.501308798789978,0,1.7220234692096696,all_methods_correct,6.648285102844241,8.08674697875977
images/dissertation_v1/id/test_synthetic_fallback/id_test_synthetic_fallback_000149.png,0,id,id,31.844358444213867,0,38.58238201141357,31.30073547363281,0,34.763293457031246,0.0005151035147719,0,0.0017387918487656,0.492551326751709,0,1.7220234692096696,all_methods_correct,6.738023567199704,3.462557983398437
images/dissertation_v1/id/test_synthetic_fallback/id_test_synthetic_fallback_000054.png,0,id,id,31.683935165405277,0,38.58238201141357,28.412986755371094,0,34.763293457031246,0.0011409149738028,0,0.0017387918487656,0.5406187772750854,0,1.7220234692096696,all_methods_correct,6.898446846008294,6.350306701660152
images/dissertation_v1/ood/sensory_artifact/border_crop/artifact_000138_05_border_crop.png,1,sensory_artifact,border_crop,45.55500030517578,1,38.58238201141357,35.984588623046875,1,34.763293457031246,0.0007440740591846,0,0.0017387918487656,0.828966498374939,0,1.7220234692096696,all_methods_correct,6.97261829376221,1.2212951660156293
images/dissertation_v1/ood/sensory_artifact/gaussian_noise/artifact_000046_06_gaussian_noise.png,1,sensory_artifact,gaussian_noise,45.681758880615234,1,38.58238201141357,37.02159881591797,1,34.763293457031246,0.0014649612130597,0,0.0017387918487656,1.1109997034072876,0,1.7220234692096696,all_methods_correct,7.099376869201663,2.258305358886723
images/dissertation_v1/ood/sensory_artifact/arrow_annotation/artifact_000055_02_arrow_annotation.png,1,sensory_artifact,arrow_annotation,45.73906707763672,1,38.58238201141357,41.64024353027344,1,34.763293457031246,0.0051349285058677,1,0.0017387918487656,1.2496155500411987,0,1.7220234692096696,all_methods_correct,7.156685066223147,6.876950073242192
images/dissertation_v1/ood/sensory_artifact/blur_artifact/artifact_000123_04_blur_artifact.png,1,sensory_artifact,blur_artifact,45.90215301513672,1,38.58238201141357,35.50537109375,1,34.763293457031246,0.000339032820193,0,0.0017387918487656,0.6925308704376221,0,1.7220234692096696,all_methods_correct,7.319771003723147,0.7420776367187543
images/dissertation_v1/id/test_synthetic_fallback/id_test_synthetic_fallback_000104.png,0,id,id,31.157432556152344,0,38.58238201141357,28.249658584594727,0,34.763293457031246,0.0004705000028479,0,0.0017387918487656,0.9594602584838868,0,1.7220234692096696,all_methods_correct,7.424949455261228,6.513634872436519
images/dissertation_v1/ood/sensory_artifact/arrow_annotation/artifact_000081_02_arrow_annotation.png,1,sensory_artifact,arrow_annotation,46.0372428894043,1,38.58238201141357,48.46443176269531,1,34.763293457031246,0.0048394044861197,1,0.0017387918487656,0.877602219581604,0,1.7220234692096696,all_methods_correct,7.4548608779907255,13.701138305664067
images/dissertation_v1/id/test_synthetic_fallback/id_test_synthetic_fallback_000148.png,0,id,id,31.105941772460938,0,38.58238201141357,28.09376716613769,0,34.763293457031246,0.0009438780834898,0,0.0017387918487656,0.9169126152992249,0,1.7220234692096696,all_methods_correct,7.476440238952634,6.669526290893554
images/dissertation_v1/ood/sensory_artifact/border_crop/artifact_000027_05_border_crop.png,1,sensory_artifact,border_crop,46.08880233764648,1,38.58238201141357,36.46217727661133,1,34.763293457031246,0.0011301807826384,0,0.0017387918487656,1.0681427717208862,0,1.7220234692096696,all_methods_correct,7.506420326232906,1.6988838195800824
images/dissertation_v1/id/test_synthetic_fallback/id_test_synthetic_fallback_000102.png,0,id,id,31.02402114868164,0,38.58238201141357,33.782859802246094,0,34.763293457031246,0.0005075871013104,0,0.0017387918487656,0.9307583570480348,0,1.7220234692096696,all_methods_correct,7.558360862731931,0.980433654785152
images/dissertation_v1/ood/sensory_artifact/gaussian_noise/artifact_000015_06_gaussian_noise.png,1,sensory_artifact,gaussian_noise,46.14439392089844,1,38.58238201141357,35.91153335571289,1,34.763293457031246,0.002283833688125,1,0.0017387918487656,2.0887367725372314,1,1.7220234692096696,all_methods_correct,7.562011909484866,1.1482398986816449
images/dissertation_v1/id/test_synthetic_fallback/id_test_synthetic_fallback_000062.png,0,id,id,30.98442649841309,0,38.58238201141357,26.807910919189453,0,34.763293457031246,0.0006826139870099,0,0.0017387918487656,0.5439039468765259,0,1.7220234692096696,all_methods_correct,7.597955513000482,7.955382537841793
images/dissertation_v1/ood/sensory_artifact/gaussian_noise/artifact_000047_06_gaussian_noise.png,1,sensory_artifact,gaussian_noise,46.306251525878906,1,38.58238201141357,53.3640251159668,1,34.763293457031246,0.0014242163160815,0,0.0017387918487656,1.002366065979004,0,1.7220234692096696,all_methods_correct,7.723869514465335,18.60073165893555
images/dissertation_v1/id/test_synthetic_fallback/id_test_synthetic_fallback_000132.png,0,id,id,30.8272647857666,0,38.58238201141357,29.447284698486328,0,34.763293457031246,0.0008885007700882,0,0.0017387918487656,0.5698660612106323,0,1.7220234692096696,all_methods_correct,7.75511722564697,5.316008758544918
images/dissertation_v1/id/test_synthetic_fallback/id_test_synthetic_fallback_000031.png,0,id,id,30.68084526062012,0,38.58238201141357,27.339418411254883,0,34.763293457031246,0.0010454901494085,0,0.0017387918487656,0.9891136288642884,0,1.7220234692096696,all_methods_correct,7.901536750793451,7.423875045776363
images/dissertation_v1/id/test_synthetic_fallback/id_test_synthetic_fallback_000133.png,0,id,id,30.671703338623047,0,38.58238201141357,26.66570854187012,0,34.763293457031246,0.0005906758015044,0,0.0017387918487656,0.6100025773048401,0,1.7220234692096696,all_methods_correct,7.9106786727905245,8.097584915161125
images/dissertation_v1/id/test_synthetic_fallback/id_test_synthetic_fallback_000022.png,0,id,id,30.634334564208984,0,38.58238201141357,28.06431007385254,0,34.763293457031246,0.0006209720158949,0,0.0017387918487656,0.691098153591156,0,1.7220234692096696,all_methods_correct,7.948047447204587,6.698983383178707
images/dissertation_v1/ood/sensory_artifact/gaussian_noise/artifact_000092_06_gaussian_noise.png,1,sensory_artifact,gaussian_noise,46.56942367553711,1,38.58238201141357,36.51580047607422,1,34.763293457031246,0.0017931627808138,1,0.0017387918487656,1.8918349742889404,1,1.7220234692096696,all_methods_correct,7.987041664123538,1.752507019042973
images/dissertation_v1/id/test_synthetic_fallback/id_test_synthetic_fallback_000139.png,0,id,id,30.56859970092773,0,38.58238201141357,30.56668472290039,0,34.763293457031246,0.0003775409422814,0,0.0017387918487656,0.7411062121391296,0,1.7220234692096696,all_methods_correct,8.01378231048584,4.196608734130855
images/dissertation_v1/id/test_synthetic_fallback/id_test_synthetic_fallback_000068.png,0,id,id,30.550975799560547,0,38.58238201141357,33.12276077270508,0,34.763293457031246,0.0011960554402321,0,0.0017387918487656,0.8474814295768738,0,1.7220234692096696,all_methods_correct,8.031406211853025,1.6405326843261676
images/dissertation_v1/ood/sensory_artifact/border_crop/artifact_000147_05_border_crop.png,1,sensory_artifact,border_crop,46.63572692871094,1,38.58238201141357,35.841609954833984,1,34.763293457031246,0.0008202233584597,0,0.0017387918487656,0.6376416683197021,0,1.7220234692096696,all_methods_correct,8.053344917297366,1.0783164978027386
images/dissertation_v1/ood/sensory_artifact/arrow_annotation/artifact_000025_02_arrow_annotation.png,1,sensory_artifact,arrow_annotation,46.683555603027344,1,38.58238201141357,51.74528503417969,1,34.763293457031246,0.004082981031388,1,0.0017387918487656,0.6521492600440979,0,1.7220234692096696,all_methods_correct,8.101173591613772,16.98199157714844
images/dissertation_v1/ood/sensory_artifact/gaussian_noise/artifact_000050_06_gaussian_noise.png,1,sensory_artifact,gaussian_noise,46.6987419128418,1,38.58238201141357,47.693626403808594,1,34.763293457031246,0.0017562021967023,1,0.0017387918487656,1.2168710231781006,0,1.7220234692096696,all_methods_correct,8.116359901428225,12.930332946777348
images/dissertation_v1/id/test_synthetic_fallback/id_test_synthetic_fallback_000110.png,0,id,id,30.36914825439453,0,38.58238201141357,32.79091262817383,0,34.763293457031246,0.0006465034675784,0,0.0017387918487656,0.431359052658081,0,1.7220234692096696,all_methods_correct,8.21323375701904,1.9723808288574176
images/dissertation_v1/ood/sensory_artifact/arrow_annotation/artifact_000135_02_arrow_annotation.png,1,sensory_artifact,arrow_annotation,46.83906555175781,1,38.58238201141357,55.95890045166016,1,34.763293457031246,0.0046259677037596,1,0.0017387918487656,0.9300918579101562,0,1.7220234692096696,all_methods_correct,8.256683540344241,21.195606994628918
images/dissertation_v1/ood/sensory_artifact/border_crop/artifact_000061_05_border_crop.png,1,sensory_artifact,border_crop,46.9985237121582,1,38.58238201141357,36.2109260559082,1,34.763293457031246,0.0009661488002166,0,0.0017387918487656,0.802229106426239,0,1.7220234692096696,all_methods_correct,8.416141700744632,1.4476325988769574
images/dissertation_v1/ood/sensory_artifact/arrow_annotation/artifact_000034_02_arrow_annotation.png,1,sensory_artifact,arrow_annotation,47.12318801879883,1,38.58238201141357,40.14512252807617,1,34.763293457031246,0.0046403752639889,1,0.0017387918487656,0.8217856287956238,0,1.7220234692096696,all_methods_correct,8.540806007385257,5.381829071044926
images/dissertation_v1/id/test_synthetic_fallback/id_test_synthetic_fallback_000038.png,0,id,id,29.927112579345703,0,38.58238201141357,24.14727783203125,0,34.763293457031246,0.000385594961699,0,0.0017387918487656,0.9825729131698608,0,1.7220234692096696,all_methods_correct,8.655269432067868,10.616015624999996
images/dissertation_v1/id/test_synthetic_fallback/id_test_synthetic_fallback_000010.png,0,id,id,29.8754940032959,0,38.58238201141357,29.52692222595215,0,34.763293457031246,0.0004263708833605,0,0.0017387918487656,0.8593286871910095,0,1.7220234692096696,all_methods_correct,8.706888008117673,5.236371231079097
images/dissertation_v1/id/test_synthetic_fallback/id_test_synthetic_fallback_000037.png,0,id,id,29.85784721374512,0,38.58238201141357,28.137548446655277,0,34.763293457031246,0.0005566840409301,0,0.0017387918487656,0.6697137355804443,0,1.7220234692096696,all_methods_correct,8.72453479766845,6.625745010375969
images/dissertation_v1/ood/sensory_artifact/border_crop/artifact_000105_05_border_crop.png,1,sensory_artifact,border_crop,47.46448516845703,1,38.58238201141357,37.62174224853516,1,34.763293457031246,0.0008775333408266,0,0.0017387918487656,0.9600980281829834,0,1.7220234692096696,all_methods_correct,8.88210315704346,2.8584487915039176
images/dissertation_v1/id/test_synthetic_fallback/id_test_synthetic_fallback_000051.png,0,id,id,29.695144653320312,0,38.58238201141357,27.63267707824707,0,34.763293457031246,0.0008730895351618,0,0.0017387918487656,0.8683249950408936,0,1.7220234692096696,all_methods_correct,8.887237358093259,7.130616378784175
images/dissertation_v1/ood/sensory_artifact/arrow_annotation/artifact_000016_02_arrow_annotation.png,1,sensory_artifact,arrow_annotation,47.50328063964844,1,38.58238201141357,46.11211395263672,1,34.763293457031246,0.0042424625717103,1,0.0017387918487656,0.9024774432182312,0,1.7220234692096696,all_methods_correct,8.920898628234866,11.348820495605473
images/dissertation_v1/ood/sensory_artifact/arrow_annotation/artifact_000018_02_arrow_annotation.png,1,sensory_artifact,arrow_annotation,47.612735748291016,1,38.58238201141357,41.85380172729492,1,34.763293457031246,0.0043711825273931,1,0.0017387918487656,0.8128364086151123,0,1.7220234692096696,all_methods_correct,9.030353736877444,7.090508270263676
images/dissertation_v1/id/test_synthetic_fallback/id_test_synthetic_fallback_000007.png,0,id,id,29.51821517944336,0,38.58238201141357,23.1675968170166,0,34.763293457031246,0.0007059988565742,0,0.0017387918487656,0.4840641319751739,0,1.7220234692096696,all_methods_correct,9.064166831970212,11.595696640014644
images/dissertation_v1/id/test_synthetic_fallback/id_test_synthetic_fallback_000049.png,0,id,id,29.50379753112793,0,38.58238201141357,26.34610939025879,0,34.763293457031246,0.000836503051687,0,0.0017387918487656,0.5683125853538513,0,1.7220234692096696,all_methods_correct,9.078584480285642,8.417184066772457
images/dissertation_v1/id/test_synthetic_fallback/id_test_synthetic_fallback_000075.png,0,id,id,29.457632064819336,0,38.58238201141357,33.03096389770508,0,34.763293457031246,0.0003250139998272,0,0.0017387918487656,1.050199270248413,0,1.7220234692096696,all_methods_correct,9.124749946594235,1.7323295593261676
images/dissertation_v1/ood/sensory_artifact/arrow_annotation/artifact_000027_02_arrow_annotation.png,1,sensory_artifact,arrow_annotation,47.82382583618164,1,38.58238201141357,45.78605270385742,1,34.763293457031246,0.0047917384654283,1,0.0017387918487656,0.9740718007087708,0,1.7220234692096696,all_methods_correct,9.24144382476807,11.022759246826176
images/dissertation_v1/id/test_synthetic_fallback/id_test_synthetic_fallback_000019.png,0,id,id,29.33699607849121,0,38.58238201141357,26.940141677856445,0,34.763293457031246,0.0004810814571101,0,0.0017387918487656,0.9476656317710876,0,1.7220234692096696,all_methods_correct,9.24538593292236,7.8231517791748
images/dissertation_v1/id/test_synthetic_fallback/id_test_synthetic_fallback_000015.png,0,id,id,29.317081451416016,0,38.58238201141357,25.71690559387207,0,34.763293457031246,0.0010209975298494,0,0.0017387918487656,0.876358687877655,0,1.7220234692096696,all_methods_correct,9.265300559997556,9.046387863159175
images/dissertation_v1/ood/sensory_artifact/gaussian_noise/artifact_000002_06_gaussian_noise.png,1,sensory_artifact,gaussian_noise,47.922637939453125,1,38.58238201141357,44.2851791381836,1,34.763293457031246,0.0026763703208416,1,0.0017387918487656,1.864456295967102,1,1.7220234692096696,all_methods_correct,9.340255928039554,9.521885681152355
images/dissertation_v1/id/test_synthetic_fallback/id_test_synthetic_fallback_000127.png,0,id,id,29.20903587341309,0,38.58238201141357,33.639652252197266,0,34.763293457031246,0.0005941076087765,0,0.0017387918487656,1.1252968311309814,0,1.7220234692096696,all_methods_correct,9.373346138000482,1.1236412048339801
images/dissertation_v1/id/test_synthetic_fallback/id_test_synthetic_fallback_000098.png,0,id,id,29.184364318847656,0,38.58238201141357,27.485809326171875,0,34.763293457031246,0.0003474081458989,0,0.0017387918487656,0.7106958627700806,0,1.7220234692096696,all_methods_correct,9.398017692565915,7.277484130859371
images/dissertation_v1/id/test_synthetic_fallback/id_test_synthetic_fallback_000025.png,0,id,id,29.165428161621094,0,38.58238201141357,26.594741821289062,0,34.763293457031246,0.0008529344340786,0,0.0017387918487656,0.985989511013031,0,1.7220234692096696,all_methods_correct,9.416953849792478,8.168551635742183
images/dissertation_v1/id/test_synthetic_fallback/id_test_synthetic_fallback_000032.png,0,id,id,29.08566093444824,0,38.58238201141357,20.492162704467773,0,34.763293457031246,0.0005709936376661,0,0.0017387918487656,0.9878312945365906,0,1.7220234692096696,all_methods_correct,9.496721076965333,14.271130752563472
images/dissertation_v1/id/test_synthetic_fallback/id_test_synthetic_fallback_000043.png,0,id,id,28.874347686767575,0,38.58238201141357,30.732446670532227,0,34.763293457031246,0.0005660831229761,0,0.0017387918487656,0.7267298698425293,0,1.7220234692096696,all_methods_correct,9.708034324645997,4.030846786499019
images/dissertation_v1/id/test_synthetic_fallback/id_test_synthetic_fallback_000089.png,0,id,id,28.85243225097656,0,38.58238201141357,30.949256896972656,0,34.763293457031246,0.0009457486448809,0,0.0017387918487656,1.201017141342163,0,1.7220234692096696,all_methods_correct,9.729949760437012,3.8140365600585895
images/dissertation_v1/ood/sensory_artifact/border_crop/artifact_000033_05_border_crop.png,1,sensory_artifact,border_crop,48.37061309814453,1,38.58238201141357,37.68380355834961,1,34.763293457031246,0.0003219044301658,0,0.0017387918487656,0.8828138709068298,0,1.7220234692096696,all_methods_correct,9.78823108673096,2.9205101013183636
images/dissertation_v1/ood/sensory_artifact/arrow_annotation/artifact_000056_02_arrow_annotation.png,1,sensory_artifact,arrow_annotation,48.457786560058594,1,38.58238201141357,50.2802619934082,1,34.763293457031246,0.0038205150049179,1,0.0017387918487656,1.8663997650146484,1,1.7220234692096696,all_methods_correct,9.875404548645022,15.516968536376957
images/dissertation_v1/ood/sensory_artifact/gaussian_noise/artifact_000035_06_gaussian_noise.png,1,sensory_artifact,gaussian_noise,48.46506881713867,1,38.58238201141357,57.04184341430664,1,34.763293457031246,0.0023258316796272,1,0.0017387918487656,1.8573170900344849,1,1.7220234692096696,all_methods_correct,9.8826868057251,22.278549957275395
images/dissertation_v1/ood/sensory_artifact/arrow_annotation/artifact_000147_02_arrow_annotation.png,1,sensory_artifact,arrow_annotation,48.49029541015625,1,38.58238201141357,45.400089263916016,1,34.763293457031246,0.0046700034290552,1,0.0017387918487656,0.7887908816337585,0,1.7220234692096696,all_methods_correct,9.907913398742679,10.63679580688477
images/dissertation_v1/id/test_synthetic_fallback/id_test_synthetic_fallback_000137.png,0,id,id,28.577861785888672,0,38.58238201141357,24.601531982421875,0,34.763293457031246,0.0006478228024207,0,0.0017387918487656,0.4408895671367645,0,1.7220234692096696,all_methods_correct,10.0045202255249,10.16176147460937
images/dissertation_v1/id/test_synthetic_fallback/id_test_synthetic_fallback_000125.png,0,id,id,28.493446350097656,0,38.58238201141357,27.933330535888672,0,34.763293457031246,0.0011065866565331,0,0.0017387918487656,0.5644242167472839,0,1.7220234692096696,all_methods_correct,10.088935661315915,6.829962921142574
images/dissertation_v1/ood/sensory_artifact/arrow_annotation/artifact_000091_02_arrow_annotation.png,1,sensory_artifact,arrow_annotation,48.77349090576172,1,38.58238201141357,47.56070709228516,1,34.763293457031246,0.004526225849986,1,0.0017387918487656,0.6274084448814392,0,1.7220234692096696,all_methods_correct,10.191108894348147,12.797413635253918
images/dissertation_v1/ood/sensory_artifact/arrow_annotation/artifact_000122_02_arrow_annotation.png,1,sensory_artifact,arrow_annotation,48.99560928344727,1,38.58238201141357,48.92477798461914,1,34.763293457031246,0.0046215811744332,1,0.0017387918487656,0.6965818405151367,0,1.7220234692096696,all_methods_correct,10.413227272033701,14.161484527587895
images/dissertation_v1/ood/sensory_artifact/arrow_annotation/artifact_000131_02_arrow_annotation.png,1,sensory_artifact,arrow_annotation,49.00088882446289,1,38.58238201141357,50.847877502441406,1,34.763293457031246,0.0041994717903435,1,0.0017387918487656,1.2208338975906372,0,1.7220234692096696,all_methods_correct,10.41850681304932,16.08458404541016
images/dissertation_v1/id/test_synthetic_fallback/id_test_synthetic_fallback_000078.png,0,id,id,28.158262252807617,0,38.58238201141357,30.73018264770508,0,34.763293457031246,0.000623399100732,0,0.0017387918487656,0.8286972045898438,0,1.7220234692096696,all_methods_correct,10.424119758605954,4.033110809326164
images/dissertation_v1/id/test_synthetic_fallback/id_test_synthetic_fallback_000016.png,0,id,id,27.968402862548828,0,38.58238201141357,25.507658004760746,0,34.763293457031246,0.0007489131530746,0,0.0017387918487656,0.5179927349090576,0,1.7220234692096696,all_methods_correct,10.613979148864743,9.2556354522705
images/dissertation_v1/ood/sensory_artifact/arrow_annotation/artifact_000006_02_arrow_annotation.png,1,sensory_artifact,arrow_annotation,49.2883186340332,1,38.58238201141357,54.1746711730957,1,34.763293457031246,0.005002845544368,1,0.0017387918487656,0.6235780715942383,0,1.7220234692096696,all_methods_correct,10.705936622619632,19.411377716064457
images/dissertation_v1/ood/sensory_artifact/gaussian_noise/artifact_000067_06_gaussian_noise.png,1,sensory_artifact,gaussian_noise,49.42327880859375,1,38.58238201141357,35.48604202270508,1,34.763293457031246,0.000898657599464,0,0.0017387918487656,1.4113508462905884,0,1.7220234692096696,all_methods_correct,10.840896797180179,0.7227485656738324
images/dissertation_v1/id/test_synthetic_fallback/id_test_synthetic_fallback_000091.png,0,id,id,27.682350158691406,0,38.58238201141357,32.22313690185547,0,34.763293457031246,0.0005909021710976,0,0.0017387918487656,0.4215899407863617,0,1.7220234692096696,all_methods_correct,10.900031852722165,2.540156555175777
images/dissertation_v1/ood/sensory_artifact/jpeg_compression/artifact_000143_07_jpeg_compression.png,1,sensory_artifact,jpeg_compression,49.49641418457031,1,38.58238201141357,35.645172119140625,1,34.763293457031246,0.0008453872287645,0,0.0017387918487656,1.0560293197631836,0,1.7220234692096696,all_methods_correct,10.914032173156741,0.8818786621093793
images/dissertation_v1/ood/sensory_artifact/gaussian_noise/artifact_000097_06_gaussian_noise.png,1,sensory_artifact,gaussian_noise,49.505157470703125,1,38.58238201141357,40.89719009399414,1,34.763293457031246,0.0006603201036341,0,0.0017387918487656,1.3202143907546997,0,1.7220234692096696,all_methods_correct,10.922775459289554,6.133896636962895
images/dissertation_v1/id/test_synthetic_fallback/id_test_synthetic_fallback_000141.png,0,id,id,27.53044319152832,0,38.58238201141357,21.01898193359375,0,34.763293457031246,0.000647984794341,0,0.0017387918487656,0.8499467372894287,0,1.7220234692096696,all_methods_correct,11.051938819885251,13.744311523437496
images/dissertation_v1/id/test_synthetic_fallback/id_test_synthetic_fallback_000055.png,0,id,id,27.524089813232425,0,38.58238201141357,28.741174697875977,0,34.763293457031246,0.0014875000342726,0,0.0017387918487656,1.1402552127838137,0,1.7220234692096696,all_methods_correct,11.058292198181146,6.022118759155269
images/dissertation_v1/ood/sensory_artifact/arrow_annotation/artifact_000094_02_arrow_annotation.png,1,sensory_artifact,arrow_annotation,49.65345001220703,1,38.58238201141357,46.94403839111328,1,34.763293457031246,0.0047347666695714,1,0.0017387918487656,0.7729586362838745,0,1.7220234692096696,all_methods_correct,11.07106800079346,12.180744934082036
images/dissertation_v1/ood/sensory_artifact/arrow_annotation/artifact_000074_02_arrow_annotation.png,1,sensory_artifact,arrow_annotation,49.71188735961914,1,38.58238201141357,56.95690536499024,1,34.763293457031246,0.0052762380801141,1,0.0017387918487656,0.7947866320610046,0,1.7220234692096696,all_methods_correct,11.12950534820557,22.193611907958996
images/dissertation_v1/id/test_synthetic_fallback/id_test_synthetic_fallback_000039.png,0,id,id,27.3416690826416,0,38.58238201141357,28.77327537536621,0,34.763293457031246,0.0011208304204046,0,0.0017387918487656,0.930890679359436,0,1.7220234692096696,all_methods_correct,11.24071292877197,5.990018081665035
images/dissertation_v1/id/test_synthetic_fallback/id_test_synthetic_fallback_000060.png,0,id,id,27.3320255279541,0,38.58238201141357,27.739391326904297,0,34.763293457031246,0.0003386649768799,0,0.0017387918487656,0.7373268604278564,0,1.7220234692096696,all_methods_correct,11.25035648345947,7.023902130126949
images/dissertation_v1/ood/sensory_artifact/arrow_annotation/artifact_000017_02_arrow_annotation.png,1,sensory_artifact,arrow_annotation,49.90549850463867,1,38.58238201141357,44.5359992980957,1,34.763293457031246,0.0042573995888233,1,0.0017387918487656,1.1114662885665894,0,1.7220234692096696,all_methods_correct,11.3231164932251,9.772705841064457
images/dissertation_v1/ood/sensory_artifact/arrow_annotation/artifact_000102_02_arrow_annotation.png,1,sensory_artifact,arrow_annotation,49.90800476074219,1,38.58238201141357,55.65514755249024,1,34.763293457031246,0.0042067822068929,1,0.0017387918487656,1.154175043106079,0,1.7220234692096696,all_methods_correct,11.325622749328616,20.891854095458996
images/dissertation_v1/ood/sensory_artifact/border_crop/artifact_000019_05_border_crop.png,1,sensory_artifact,border_crop,49.90956497192383,1,38.58238201141357,38.23055648803711,1,34.763293457031246,0.0004311437078285,0,0.0017387918487656,0.9789533019065856,0,1.7220234692096696,all_methods_correct,11.327182960510257,3.4672630310058636
images/dissertation_v1/id/test_synthetic_fallback/id_test_synthetic_fallback_000097.png,0,id,id,27.031686782836918,0,38.58238201141357,26.372880935668945,0,34.763293457031246,0.0002005182177526,0,0.0017387918487656,1.2893657684326172,0,1.7220234692096696,all_methods_correct,11.550695228576654,8.3904125213623
images/dissertation_v1/id/test_synthetic_fallback/id_test_synthetic_fallback_000000.png,0,id,id,26.99089813232422,0,38.58238201141357,26.184926986694336,0,34.763293457031246,0.0001536240451969,0,0.0017387918487656,1.3713639974594116,0,1.7220234692096696,all_methods_correct,11.591483879089353,8.57836647033691
images/dissertation_v1/id/test_synthetic_fallback/id_test_synthetic_fallback_000101.png,0,id,id,26.97273063659668,0,38.58238201141357,25.260988235473636,0,34.763293457031246,0.0004619737155735,0,0.0017387918487656,0.698364794254303,0,1.7220234692096696,all_methods_correct,11.609651374816892,9.50230522155761
images/dissertation_v1/id/test_synthetic_fallback/id_test_synthetic_fallback_000028.png,0,id,id,26.956375122070312,0,38.58238201141357,23.607250213623047,0,34.763293457031246,0.0007529316935688,0,0.0017387918487656,3.883925676345825,1,1.7220234692096696,all_methods_correct,11.626006889343259,11.156043243408199
images/dissertation_v1/id/test_synthetic_fallback/id_test_synthetic_fallback_000004.png,0,id,id,26.94935607910156,0,38.58238201141357,29.51788711547852,0,34.763293457031246,0.0010514627210795,0,0.0017387918487656,0.5763183832168579,0,1.7220234692096696,all_methods_correct,11.633025932312012,5.245406341552727
images/dissertation_v1/ood/sensory_artifact/gaussian_noise/artifact_000127_06_gaussian_noise.png,1,sensory_artifact,gaussian_noise,50.2589225769043,1,38.58238201141357,48.08579635620117,1,34.763293457031246,0.00099382258486,0,0.0017387918487656,1.3308173418045044,0,1.7220234692096696,all_methods_correct,11.676540565490725,13.322502899169926
images/dissertation_v1/id/test_synthetic_fallback/id_test_synthetic_fallback_000021.png,0,id,id,26.88397789001465,0,38.58238201141357,30.8126163482666,0,34.763293457031246,0.0002041757106781,0,0.0017387918487656,1.1312255859375,0,1.7220234692096696,all_methods_correct,11.698404121398923,3.950677108764644
images/dissertation_v1/ood/sensory_artifact/blur_artifact/artifact_000127_04_blur_artifact.png,1,sensory_artifact,blur_artifact,50.29438018798828,1,38.58238201141357,34.77799224853516,1,34.763293457031246,0.0002741686475928,0,0.0017387918487656,1.216566562652588,0,1.7220234692096696,all_methods_correct,11.71199817657471,0.014698791503917619
images/dissertation_v1/ood/sensory_artifact/arrow_annotation/artifact_000020_02_arrow_annotation.png,1,sensory_artifact,arrow_annotation,50.40274810791016,1,38.58238201141357,52.42060089111328,1,34.763293457031246,0.0045410194434225,1,0.0017387918487656,0.6742481589317322,0,1.7220234692096696,all_methods_correct,11.820366096496592,17.657307434082036
images/dissertation_v1/id/test_synthetic_fallback/id_test_synthetic_fallback_000121.png,0,id,id,26.75834083557129,0,38.58238201141357,26.41026496887207,0,34.763293457031246,0.0006099092424847,0,0.0017387918487656,0.402875155210495,0,1.7220234692096696,all_methods_correct,11.824041175842282,8.353028488159175
images/dissertation_v1/ood/sensory_artifact/arrow_annotation/artifact_000137_02_arrow_annotation.png,1,sensory_artifact,arrow_annotation,50.42174530029297,1,38.58238201141357,53.94881439208984,1,34.763293457031246,0.0043845516629517,1,0.0017387918487656,0.9213189482688904,0,1.7220234692096696,all_methods_correct,11.839363288879397,19.18552093505859
images/dissertation_v1/id/test_synthetic_fallback/id_test_synthetic_fallback_000008.png,0,id,id,26.72270393371582,0,38.58238201141357,29.367033004760746,0,34.763293457031246,0.0003843065060209,0,0.0017387918487656,0.7815498113632202,0,1.7220234692096696,all_methods_correct,11.859678077697751,5.3962604522705
images/dissertation_v1/ood/sensory_artifact/gaussian_noise/artifact_000052_06_gaussian_noise.png,1,sensory_artifact,gaussian_noise,50.45988082885742,1,38.58238201141357,35.041297912597656,1,34.763293457031246,0.0013746960321441,0,0.0017387918487656,1.4994149208068848,0,1.7220234692096696,all_methods_correct,11.87749881744385,0.2780044555664105
images/dissertation_v1/id/test_synthetic_fallback/id_test_synthetic_fallback_000044.png,0,id,id,26.701913833618164,0,38.58238201141357,26.278024673461918,0,34.763293457031246,0.0008107722969725,0,0.0017387918487656,0.6078354716300964,0,1.7220234692096696,all_methods_correct,11.880468177795407,8.485268783569328
images/dissertation_v1/ood/sensory_artifact/arrow_annotation/artifact_000031_02_arrow_annotation.png,1,sensory_artifact,arrow_annotation,50.49127960205078,1,38.58238201141357,48.56990432739258,1,34.763293457031246,0.0051091006025671,1,0.0017387918487656,1.1475377082824707,0,1.7220234692096696,all_methods_correct,11.90889759063721,13.806610870361332
images/dissertation_v1/ood/sensory_artifact/border_crop/artifact_000009_05_border_crop.png,1,sensory_artifact,border_crop,50.49545669555664,1,38.58238201141357,35.17962646484375,1,34.763293457031246,0.0011188321514055,0,0.0017387918487656,0.715987503528595,0,1.7220234692096696,all_methods_correct,11.91307468414307,0.41633300781250426
images/dissertation_v1/ood/sensory_artifact/arrow_annotation/artifact_000007_02_arrow_annotation.png,1,sensory_artifact,arrow_annotation,50.53042221069336,1,38.58238201141357,55.48343276977539,1,34.763293457031246,0.0042709070257842,1,0.0017387918487656,0.9306647181510924,0,1.7220234692096696,all_methods_correct,11.948040199279788,20.720139312744145
images/dissertation_v1/ood/sensory_artifact/arrow_annotation/artifact_000022_02_arrow_annotation.png,1,sensory_artifact,arrow_annotation,50.54935836791992,1,38.58238201141357,49.96450424194336,1,34.763293457031246,0.0041012917645275,1,0.0017387918487656,0.8839914798736572,0,1.7220234692096696,all_methods_correct,11.96697635650635,15.201210784912114
images/dissertation_v1/id/test_synthetic_fallback/id_test_synthetic_fallback_000026.png,0,id,id,26.61278915405273,0,38.58238201141357,33.539363861083984,0,34.763293457031246,0.0005959613481536,0,0.0017387918487656,1.5969332456588743,0,1.7220234692096696,all_methods_correct,11.96959285736084,1.2239295959472614
images/dissertation_v1/ood/sensory_artifact/arrow_annotation/artifact_000070_02_arrow_annotation.png,1,sensory_artifact,arrow_annotation,50.603397369384766,1,38.58238201141357,51.47623062133789,1,34.763293457031246,0.0044969385489821,1,0.0017387918487656,0.6913779377937317,0,1.7220234692096696,all_methods_correct,12.021015357971194,16.712937164306645
images/dissertation_v1/ood/sensory_artifact/border_crop/artifact_000039_05_border_crop.png,1,sensory_artifact,border_crop,50.61738967895508,1,38.58238201141357,35.94045639038086,1,34.763293457031246,0.0009839558042585,0,0.0017387918487656,1.068972945213318,0,1.7220234692096696,all_methods_correct,12.035007667541507,1.1771629333496136
images/dissertation_v1/id/test_synthetic_fallback/id_test_synthetic_fallback_000066.png,0,id,id,26.48943328857422,0,38.58238201141357,29.586084365844727,0,34.763293457031246,0.0009579741745255,0,0.0017387918487656,0.4687026143074035,0,1.7220234692096696,all_methods_correct,12.092948722839353,5.177209091186519
images/dissertation_v1/id/test_synthetic_fallback/id_test_synthetic_fallback_000123.png,0,id,id,26.392656326293945,0,38.58238201141357,32.444515228271484,0,34.763293457031246,0.0007338494760915,0,0.0017387918487656,0.5763937830924988,0,1.7220234692096696,all_methods_correct,12.189725685119626,2.3187782287597614
images/dissertation_v1/id/test_synthetic_fallback/id_test_synthetic_fallback_000126.png,0,id,id,26.326908111572266,0,38.58238201141357,25.29476547241211,0,34.763293457031246,0.0013299915008246,0,0.0017387918487656,0.540347695350647,0,1.7220234692096696,all_methods_correct,12.255473899841306,9.468527984619136
images/dissertation_v1/id/test_synthetic_fallback/id_test_synthetic_fallback_000042.png,0,id,id,26.26516342163086,0,38.58238201141357,30.905065536499023,0,34.763293457031246,0.0009222491644322,0,0.0017387918487656,1.6786092519760132,0,1.7220234692096696,all_methods_correct,12.317218589782712,3.8582279205322223
images/dissertation_v1/id/test_synthetic_fallback/id_test_synthetic_fallback_000086.png,0,id,id,26.260934829711918,0,38.58238201141357,29.40402030944824,0,34.763293457031246,0.0006578218308277,0,0.0017387918487656,0.9678690433502196,0,1.7220234692096696,all_methods_correct,12.321447181701654,5.359273147583007
images/dissertation_v1/ood/sensory_artifact/arrow_annotation/artifact_000115_02_arrow_annotation.png,1,sensory_artifact,arrow_annotation,50.97350692749024,1,38.58238201141357,46.89886474609375,1,34.763293457031246,0.0042841187678277,1,0.0017387918487656,1.088078498840332,0,1.7220234692096696,all_methods_correct,12.39112491607667,12.135571289062504
images/dissertation_v1/id/test_synthetic_fallback/id_test_synthetic_fallback_000033.png,0,id,id,26.178186416625977,0,38.58238201141357,27.862621307373047,0,34.763293457031246,0.0004255006206221,0,0.0017387918487656,0.7179750204086304,0,1.7220234692096696,all_methods_correct,12.404195594787595,6.900672149658199
images/dissertation_v1/id/test_synthetic_fallback/id_test_synthetic_fallback_000120.png,0,id,id,26.13736343383789,0,38.58238201141357,27.53197288513184,0,34.763293457031246,0.0008222716860473,0,0.0017387918487656,0.643968939781189,0,1.7220234692096696,all_methods_correct,12.44501857757568,7.231320571899406
images/dissertation_v1/id/test_synthetic_fallback/id_test_synthetic_fallback_000059.png,0,id,id,26.128257751464844,0,38.58238201141357,30.85994529724121,0,34.763293457031246,0.000534662103746,0,0.0017387918487656,0.9868005514144896,0,1.7220234692096696,all_methods_correct,12.454124259948728,3.903348159790035
images/dissertation_v1/ood/sensory_artifact/arrow_annotation/artifact_000106_02_arrow_annotation.png,1,sensory_artifact,arrow_annotation,51.06767272949219,1,38.58238201141357,49.3676986694336,1,34.763293457031246,0.0039838352240622,1,0.0017387918487656,2.1770005226135254,1,1.7220234692096696,all_methods_correct,12.485290718078616,14.604405212402355
images/dissertation_v1/id/test_synthetic_fallback/id_test_synthetic_fallback_000048.png,0,id,id,26.05235481262207,0,38.58238201141357,27.265819549560547,0,34.763293457031246,0.0009438283741474,0,0.0017387918487656,1.0496879816055298,0,1.7220234692096696,all_methods_correct,12.530027198791501,7.497473907470699
images/dissertation_v1/ood/sensory_artifact/gaussian_noise/artifact_000128_06_gaussian_noise.png,1,sensory_artifact,gaussian_noise,51.13492584228516,1,38.58238201141357,34.77689743041992,1,34.763293457031246,0.0009568737004883,0,0.0017387918487656,1.5591943264007568,0,1.7220234692096696,all_methods_correct,12.552543830871592,0.013603973388676138
images/dissertation_v1/ood/sensory_artifact/gaussian_noise/artifact_000032_06_gaussian_noise.png,1,sensory_artifact,gaussian_noise,51.16740036010742,1,38.58238201141357,36.73689270019531,1,34.763293457031246,0.0011024334235116,0,0.0017387918487656,1.6517075300216677,0,1.7220234692096696,all_methods_correct,12.58501834869385,1.9735992431640668
images/dissertation_v1/id/test_synthetic_fallback/id_test_synthetic_fallback_000095.png,0,id,id,25.895450592041016,0,38.58238201141357,27.67251968383789,0,34.763293457031246,0.0013028822140768,0,0.0017387918487656,0.7881980538368225,0,1.7220234692096696,all_methods_correct,12.686931419372556,7.090773773193355
images/dissertation_v1/ood/sensory_artifact/arrow_annotation/artifact_000071_02_arrow_annotation.png,1,sensory_artifact,arrow_annotation,51.30270004272461,1,38.58238201141357,48.72407150268555,1,34.763293457031246,0.005073620006442,1,0.0017387918487656,1.848864197731018,1,1.7220234692096696,all_methods_correct,12.720318031311038,13.960778045654301
images/dissertation_v1/ood/sensory_artifact/border_crop/artifact_000123_05_border_crop.png,1,sensory_artifact,border_crop,51.381568908691406,1,38.58238201141357,36.81856918334961,1,34.763293457031246,0.0006526373326778,0,0.0017387918487656,0.750457227230072,0,1.7220234692096696,all_methods_correct,12.799186897277835,2.0552757263183636
images/dissertation_v1/id/test_synthetic_fallback/id_test_synthetic_fallback_000034.png,0,id,id,25.714826583862305,0,38.58238201141357,28.801973342895508,0,34.763293457031246,0.0012520242016762,0,0.0017387918487656,1.0102890729904177,0,1.7220234692096696,all_methods_correct,12.867555427551267,5.961320114135738
images/dissertation_v1/id/test_synthetic_fallback/id_test_synthetic_fallback_000107.png,0,id,id,25.696718215942383,0,38.58238201141357,28.26105308532715,0,34.763293457031246,0.0007084147655405,0,0.0017387918487656,0.7140402793884277,0,1.7220234692096696,all_methods_correct,12.885663795471189,6.502240371704097
images/dissertation_v1/id/test_synthetic_fallback/id_test_synthetic_fallback_000050.png,0,id,id,25.6239013671875,0,38.58238201141357,26.86729621887207,0,34.763293457031246,0.0010212155757471,0,0.0017387918487656,0.4679637551307678,0,1.7220234692096696,all_methods_correct,12.958480644226071,7.895997238159175
images/dissertation_v1/ood/sensory_artifact/gaussian_noise/artifact_000114_06_gaussian_noise.png,1,sensory_artifact,gaussian_noise,51.67858505249024,1,38.58238201141357,38.02458572387695,1,34.763293457031246,0.000515638035722,0,0.0017387918487656,1.443187952041626,0,1.7220234692096696,all_methods_correct,13.09620304107667,3.2612922668457074
images/dissertation_v1/id/test_synthetic_fallback/id_test_synthetic_fallback_000099.png,0,id,id,25.42414283752441,0,38.58238201141357,28.75885391235352,0,34.763293457031246,0.0005940442206338,0,0.0017387918487656,0.406895101070404,0,1.7220234692096696,all_methods_correct,13.15823917388916,6.004439544677727
images/dissertation_v1/ood/sensory_artifact/gaussian_noise/artifact_000108_06_gaussian_noise.png,1,sensory_artifact,gaussian_noise,51.74380111694336,1,38.58238201141357,50.339500427246094,1,34.763293457031246,0.0011699014576151,0,0.0017387918487656,1.9911314249038696,1,1.7220234692096696,all_methods_correct,13.161419105529788,15.576206970214848
images/dissertation_v1/ood/sensory_artifact/arrow_annotation/artifact_000068_02_arrow_annotation.png,1,sensory_artifact,arrow_annotation,51.92981719970703,1,38.58238201141357,45.269649505615234,1,34.763293457031246,0.0049335346557199,1,0.0017387918487656,0.7331812381744385,0,1.7220234692096696,all_methods_correct,13.34743518829346,10.506356048583989
images/dissertation_v1/ood/sensory_artifact/arrow_annotation/artifact_000003_02_arrow_annotation.png,1,sensory_artifact,arrow_annotation,51.98787307739258,1,38.58238201141357,49.56739044189453,1,34.763293457031246,0.0049788882024586,1,0.0017387918487656,1.1131021976470947,0,1.7220234692096696,all_methods_correct,13.405491065979007,14.804096984863286
images/dissertation_v1/id/test_synthetic_fallback/id_test_synthetic_fallback_000067.png,0,id,id,25.142276763916016,0,38.58238201141357,25.980377197265625,0,34.763293457031246,0.0001926506956806,0,0.0017387918487656,0.7983468770980835,0,1.7220234692096696,all_methods_correct,13.440105247497556,8.78291625976562
images/dissertation_v1/id/test_synthetic_fallback/id_test_synthetic_fallback_000109.png,0,id,id,25.14225578308105,0,38.58238201141357,24.557600021362305,0,34.763293457031246,0.0005790012655779,0,0.0017387918487656,1.049591898918152,0,1.7220234692096696,all_methods_correct,13.44012622833252,10.205693435668941
images/dissertation_v1/ood/sensory_artifact/border_crop/artifact_000144_05_border_crop.png,1,sensory_artifact,border_crop,52.02922821044922,1,38.58238201141357,35.40635299682617,1,34.763293457031246,0.0007421391201205,0,0.0017387918487656,1.103379487991333,0,1.7220234692096696,all_methods_correct,13.446846199035647,0.6430595397949261
images/dissertation_v1/ood/sensory_artifact/arrow_annotation/artifact_000066_02_arrow_annotation.png,1,sensory_artifact,arrow_annotation,52.37493133544922,1,38.58238201141357,46.92876052856445,1,34.763293457031246,0.0056935851462185,1,0.0017387918487656,0.7442138195037842,0,1.7220234692096696,all_methods_correct,13.792549324035647,12.165467071533207
images/dissertation_v1/id/test_synthetic_fallback/id_test_synthetic_fallback_000061.png,0,id,id,24.783239364624023,0,38.58238201141357,33.30601501464844,0,34.763293457031246,0.0010125022381544,0,0.0017387918487656,0.7719607949256897,0,1.7220234692096696,all_methods_correct,13.799142646789548,1.4572784423828082
images/dissertation_v1/ood/sensory_artifact/arrow_annotation/artifact_000136_02_arrow_annotation.png,1,sensory_artifact,arrow_annotation,52.423919677734375,1,38.58238201141357,49.37109756469727,1,34.763293457031246,0.0051053990609943,1,0.0017387918487656,0.6855993270874023,0,1.7220234692096696,all_methods_correct,13.841537666320804,14.607804107666027
images/dissertation_v1/id/test_synthetic_fallback/id_test_synthetic_fallback_000096.png,0,id,id,24.74071884155273,0,38.58238201141357,32.59233856201172,0,34.763293457031246,0.0012981632025912,0,0.0017387918487656,0.681422770023346,0,1.7220234692096696,all_methods_correct,13.84166316986084,2.170954895019527
images/dissertation_v1/ood/sensory_artifact/text_watermark/artifact_000117_00_text_watermark.png,1,sensory_artifact,text_watermark,52.44418716430664,1,38.58238201141357,39.004127502441406,1,34.763293457031246,0.0015320098027586,0,0.0017387918487656,0.8171426057815552,0,1.7220234692096696,all_methods_correct,13.86180515289307,4.2408340454101605
images/dissertation_v1/id/test_synthetic_fallback/id_test_synthetic_fallback_000006.png,0,id,id,24.705820083618164,0,38.58238201141357,24.97300720214844,0,34.763293457031246,0.0009586929809302,0,0.0017387918487656,0.5023509860038757,0,1.7220234692096696,all_methods_correct,13.876561927795407,9.790286254882805
images/dissertation_v1/id/test_synthetic_fallback/id_test_synthetic_fallback_000105.png,0,id,id,24.682167053222656,0,38.58238201141357,28.484079360961918,0,34.763293457031246,0.0009409296908415,0,0.0017387918487656,0.7419223785400391,0,1.7220234692096696,all_methods_correct,13.900214958190915,6.279214096069328
images/dissertation_v1/id/test_synthetic_fallback/id_test_synthetic_fallback_000130.png,0,id,id,24.649747848510746,0,38.58238201141357,24.39138984680176,0,34.763293457031246,0.0005053404020145,0,0.0017387918487656,0.4622188806533813,0,1.7220234692096696,all_methods_correct,13.932634162902826,10.371903610229484
images/dissertation_v1/id/test_synthetic_fallback/id_test_synthetic_fallback_000092.png,0,id,id,24.61295890808105,0,38.58238201141357,23.95893859863281,0,34.763293457031246,0.000774226442445,0,0.0017387918487656,0.9213127493858336,0,1.7220234692096696,all_methods_correct,13.96942310333252,10.804354858398437
images/dissertation_v1/id/test_synthetic_fallback/id_test_synthetic_fallback_000070.png,0,id,id,24.50594520568848,0,38.58238201141357,29.345069885253903,0,34.763293457031246,0.0006894961115904,0,0.0017387918487656,0.4307509660720825,0,1.7220234692096696,all_methods_correct,14.076436805725091,5.418223571777343
images/dissertation_v1/ood/sensory_artifact/border_crop/artifact_000143_05_border_crop.png,1,sensory_artifact,border_crop,52.76360702514648,1,38.58238201141357,43.93570327758789,1,34.763293457031246,0.0006460885051637,0,0.0017387918487656,0.7684769630432129,0,1.7220234692096696,all_methods_correct,14.181225013732906,9.172409820556645
images/dissertation_v1/ood/sensory_artifact/arrow_annotation/artifact_000023_02_arrow_annotation.png,1,sensory_artifact,arrow_annotation,52.782676696777344,1,38.58238201141357,56.36513900756836,1,34.763293457031246,0.004852517042309,1,0.0017387918487656,0.7308056950569153,0,1.7220234692096696,all_methods_correct,14.200294685363772,21.601845550537114
images/dissertation_v1/ood/sensory_artifact/gaussian_noise/artifact_000146_06_gaussian_noise.png,1,sensory_artifact,gaussian_noise,52.8276596069336,1,38.58238201141357,37.76510238647461,1,34.763293457031246,0.0008060545660555,0,0.0017387918487656,1.7003358602523804,0,1.7220234692096696,all_methods_correct,14.24527759552003,3.0018089294433636
images/dissertation_v1/ood/sensory_artifact/arrow_annotation/artifact_000011_02_arrow_annotation.png,1,sensory_artifact,arrow_annotation,52.86846923828125,1,38.58238201141357,44.39120101928711,1,34.763293457031246,0.0052756089717149,1,0.0017387918487656,0.703470766544342,0,1.7220234692096696,all_methods_correct,14.286087226867679,9.627907562255864
images/dissertation_v1/id/test_synthetic_fallback/id_test_synthetic_fallback_000115.png,0,id,id,24.295732498168945,0,38.58238201141357,24.960344314575195,0,34.763293457031246,0.000438376358943,0,0.0017387918487656,0.5934135317802429,0,1.7220234692096696,all_methods_correct,14.286649513244626,9.80294914245605
images/dissertation_v1/ood/sensory_artifact/text_watermark/artifact_000072_00_text_watermark.png,1,sensory_artifact,text_watermark,52.87034225463867,1,38.58238201141357,37.2860107421875,1,34.763293457031246,0.0008253493579104,0,0.0017387918487656,1.3301054239273071,0,1.7220234692096696,all_methods_correct,14.2879602432251,2.5227172851562543
images/dissertation_v1/ood/sensory_artifact/border_crop/artifact_000008_05_border_crop.png,1,sensory_artifact,border_crop,52.99072265625,1,38.58238201141357,35.012664794921875,1,34.763293457031246,0.0003494913398753,0,0.0017387918487656,0.9396144151687622,0,1.7220234692096696,all_methods_correct,14.408340644836429,0.24937133789062926
images/dissertation_v1/id/test_synthetic_fallback/id_test_synthetic_fallback_000065.png,0,id,id,24.13717269897461,0,38.58238201141357,27.7568473815918,0,34.763293457031246,0.0008706464432179,0,0.0017387918487656,0.9079756736755372,0,1.7220234692096696,all_methods_correct,14.445209312438962,7.006446075439445
images/dissertation_v1/ood/sensory_artifact/arrow_annotation/artifact_000104_02_arrow_annotation.png,1,sensory_artifact,arrow_annotation,53.08012771606445,1,38.58238201141357,44.6171989440918,1,34.763293457031246,0.0042052380740642,1,0.0017387918487656,0.963523268699646,0,1.7220234692096696,all_methods_correct,14.497745704650882,9.853905487060551
images/dissertation_v1/id/test_synthetic_fallback/id_test_synthetic_fallback_000013.png,0,id,id,24.079532623291016,0,38.58238201141357,28.9582633972168,0,34.763293457031246,0.0013849016977474,0,0.0017387918487656,0.834110677242279,0,1.7220234692096696,all_methods_correct,14.502849388122556,5.805030059814445
images/dissertation_v1/ood/sensory_artifact/arrow_annotation/artifact_000064_02_arrow_annotation.png,1,sensory_artifact,arrow_annotation,53.12891387939453,1,38.58238201141357,37.59606170654297,1,34.763293457031246,0.0052097742445766,1,0.0017387918487656,2.3140602111816406,1,1.7220234692096696,all_methods_correct,14.54653186798096,2.832768249511723
images/dissertation_v1/id/test_synthetic_fallback/id_test_synthetic_fallback_000090.png,0,id,id,23.96160125732422,0,38.58238201141357,27.43149185180664,0,34.763293457031246,0.0005980910500511,0,0.0017387918487656,0.4812164604663849,0,1.7220234692096696,all_methods_correct,14.620780754089353,7.331801605224605
images/dissertation_v1/ood/sensory_artifact/arrow_annotation/artifact_000090_02_arrow_annotation.png,1,sensory_artifact,arrow_annotation,53.30537796020508,1,38.58238201141357,44.98586654663086,1,34.763293457031246,0.0044568749144673,1,0.0017387918487656,0.6966769695281982,0,1.7220234692096696,all_methods_correct,14.722995948791507,10.222573089599614
images/dissertation_v1/id/test_synthetic_fallback/id_test_synthetic_fallback_000069.png,0,id,id,23.85771942138672,0,38.58238201141357,27.49552345275879,0,34.763293457031246,0.0004151943721808,0,0.0017387918487656,0.8179178237915039,0,1.7220234692096696,all_methods_correct,14.724662590026853,7.267770004272457
images/dissertation_v1/ood/sensory_artifact/border_crop/artifact_000115_05_border_crop.png,1,sensory_artifact,border_crop,53.441444396972656,1,38.58238201141357,35.49539566040039,1,34.763293457031246,0.0003950373211409,0,0.0017387918487656,0.9306913614273072,0,1.7220234692096696,all_methods_correct,14.859062385559085,0.7321022033691449
images/dissertation_v1/ood/sensory_artifact/arrow_annotation/artifact_000002_02_arrow_annotation.png,1,sensory_artifact,arrow_annotation,53.48811721801758,1,38.58238201141357,50.08922576904297,1,34.763293457031246,0.0057000122033059,1,0.0017387918487656,0.7341662049293518,0,1.7220234692096696,all_methods_correct,14.905735206604007,15.325932312011723
images/dissertation_v1/id/test_synthetic_fallback/id_test_synthetic_fallback_000083.png,0,id,id,23.64591407775879,0,38.58238201141357,28.293161392211918,0,34.763293457031246,0.0003371738712303,0,0.0017387918487656,0.4480356872081756,0,1.7220234692096696,all_methods_correct,14.936467933654782,6.470132064819328
images/dissertation_v1/ood/sensory_artifact/arrow_annotation/artifact_000130_02_arrow_annotation.png,1,sensory_artifact,arrow_annotation,53.61440658569336,1,38.58238201141357,47.1742057800293,1,34.763293457031246,0.0044087213464081,1,0.0017387918487656,0.8961749076843262,0,1.7220234692096696,all_methods_correct,15.032024574279788,12.410912322998051
images/dissertation_v1/ood/sensory_artifact/border_crop/artifact_000113_05_border_crop.png,1,sensory_artifact,border_crop,53.68325424194336,1,38.58238201141357,39.15743255615234,1,34.763293457031246,0.0003576187591534,0,0.0017387918487656,1.1777336597442627,0,1.7220234692096696,all_methods_correct,15.100872230529788,4.394139099121091
images/dissertation_v1/ood/sensory_artifact/arrow_annotation/artifact_000086_02_arrow_annotation.png,1,sensory_artifact,arrow_annotation,53.70772171020508,1,38.58238201141357,44.2542724609375,1,34.763293457031246,0.0042687752284109,1,0.0017387918487656,1.2566595077514648,0,1.7220234692096696,all_methods_correct,15.125339698791507,9.490979003906254
images/dissertation_v1/ood/sensory_artifact/arrow_annotation/artifact_000004_02_arrow_annotation.png,1,sensory_artifact,arrow_annotation,53.820159912109375,1,38.58238201141357,63.21002197265625,1,34.763293457031246,0.0046201017685234,1,0.0017387918487656,0.8381276726722717,0,1.7220234692096696,all_methods_correct,15.237777900695804,28.446728515625004
images/dissertation_v1/id/test_synthetic_fallback/id_test_synthetic_fallback_000147.png,0,id,id,23.31247901916504,0,38.58238201141357,26.068878173828125,0,34.763293457031246,0.0008970914641395,0,0.0017387918487656,0.5795559883117676,0,1.7220234692096696,all_methods_correct,15.269902992248532,8.69441528320312
images/dissertation_v1/ood/sensory_artifact/border_crop/artifact_000109_05_border_crop.png,1,sensory_artifact,border_crop,53.91869354248047,1,38.58238201141357,39.754486083984375,1,34.763293457031246,0.0005129842902533,0,0.0017387918487656,1.256242752075195,0,1.7220234692096696,all_methods_correct,15.336311531066897,4.991192626953129
images/dissertation_v1/ood/sensory_artifact/arrow_annotation/artifact_000119_02_arrow_annotation.png,1,sensory_artifact,arrow_annotation,53.9328727722168,1,38.58238201141357,44.18686676025391,1,34.763293457031246,0.0046272049658,1,0.0017387918487656,1.0014032125473022,0,1.7220234692096696,all_methods_correct,15.350490760803225,9.423573303222668
images/dissertation_v1/id/test_synthetic_fallback/id_test_synthetic_fallback_000144.png,0,id,id,22.929222106933597,0,38.58238201141357,32.6614990234375,0,34.763293457031246,0.0008837649365887,0,0.0017387918487656,0.9372689723968506,0,1.7220234692096696,all_methods_correct,15.653159904479974,2.1017944335937457
images/dissertation_v1/ood/sensory_artifact/border_crop/artifact_000076_05_border_crop.png,1,sensory_artifact,border_crop,54.26055145263672,1,38.58238201141357,41.36153411865234,1,34.763293457031246,0.0007163027767091,0,0.0017387918487656,1.130048394203186,0,1.7220234692096696,all_methods_correct,15.678169441223147,6.598240661621091
images/dissertation_v1/id/test_synthetic_fallback/id_test_synthetic_fallback_000003.png,0,id,id,22.866056442260746,0,38.58238201141357,30.124574661254883,0,34.763293457031246,0.0011020259698852,0,0.0017387918487656,1.046497106552124,0,1.7220234692096696,all_methods_correct,15.716325569152826,4.638718795776363
images/dissertation_v1/id/test_synthetic_fallback/id_test_synthetic_fallback_000079.png,0,id,id,22.79907989501953,0,38.58238201141357,24.69828987121582,0,34.763293457031246,0.0005412017344497,0,0.0017387918487656,0.6849294900894165,0,1.7220234692096696,all_methods_correct,15.78330211639404,10.065003585815425
images/dissertation_v1/id/test_synthetic_fallback/id_test_synthetic_fallback_000084.png,0,id,id,22.78745460510254,0,38.58238201141357,26.48177528381348,0,34.763293457031246,0.0009133643470704,0,0.0017387918487656,0.9043065309524536,0,1.7220234692096696,all_methods_correct,15.794927406311032,8.281518173217766
images/dissertation_v1/ood/sensory_artifact/arrow_annotation/artifact_000038_02_arrow_annotation.png,1,sensory_artifact,arrow_annotation,54.38616561889648,1,38.58238201141357,46.60305404663086,1,34.763293457031246,0.0044064023531973,1,0.0017387918487656,1.5600262880325315,0,1.7220234692096696,all_methods_correct,15.803783607482906,11.839760589599614
images/dissertation_v1/ood/sensory_artifact/arrow_annotation/artifact_000024_02_arrow_annotation.png,1,sensory_artifact,arrow_annotation,54.53017425537109,1,38.58238201141357,49.48521423339844,1,34.763293457031246,0.0054155369289219,1,0.0017387918487656,0.7595581412315369,0,1.7220234692096696,all_methods_correct,15.947792243957515,14.721920776367192
images/dissertation_v1/id/test_synthetic_fallback/id_test_synthetic_fallback_000011.png,0,id,id,22.60093688964844,0,38.58238201141357,28.168611526489254,0,34.763293457031246,0.0010964124230667,0,0.0017387918487656,0.4891561865806579,0,1.7220234692096696,all_methods_correct,15.98144512176513,6.5946819305419915
images/dissertation_v1/id/test_synthetic_fallback/id_test_synthetic_fallback_000116.png,0,id,id,22.562976837158203,0,38.58238201141357,24.385446548461918,0,34.763293457031246,0.001450614654459,0,0.0017387918487656,0.4310599267482757,0,1.7220234692096696,all_methods_correct,16.01940517425537,10.377846908569328
images/dissertation_v1/id/test_synthetic_fallback/id_test_synthetic_fallback_000094.png,0,id,id,22.517736434936523,0,38.58238201141357,24.64332389831543,0,34.763293457031246,0.0010750737274065,0,0.0017387918487656,0.5923269391059875,0,1.7220234692096696,all_methods_correct,16.064645576477048,10.119969558715816
images/dissertation_v1/ood/sensory_artifact/arrow_annotation/artifact_000013_02_arrow_annotation.png,1,sensory_artifact,arrow_annotation,54.902862548828125,1,38.58238201141357,47.48653030395508,1,34.763293457031246,0.0049756877124309,1,0.0017387918487656,0.767008364200592,0,1.7220234692096696,all_methods_correct,16.320480537414554,12.723236846923832
images/dissertation_v1/ood/sensory_artifact/arrow_annotation/artifact_000051_02_arrow_annotation.png,1,sensory_artifact,arrow_annotation,54.905906677246094,1,38.58238201141357,46.83072662353516,1,34.763293457031246,0.0043888664804399,1,0.0017387918487656,0.8329126834869385,0,1.7220234692096696,all_methods_correct,16.323524665832522,12.067433166503918
images/dissertation_v1/id/test_synthetic_fallback/id_test_synthetic_fallback_000035.png,0,id,id,22.25813102722168,0,38.58238201141357,26.051538467407227,0,34.763293457031246,0.0011189011856913,0,0.0017387918487656,0.5401036143302917,0,1.7220234692096696,all_methods_correct,16.32425098419189,8.71175498962402
images/dissertation_v1/ood/sensory_artifact/gaussian_noise/artifact_000009_06_gaussian_noise.png,1,sensory_artifact,gaussian_noise,54.94413757324219,1,38.58238201141357,37.176605224609375,1,34.763293457031246,0.0024447455070912,1,0.0017387918487656,4.378931522369385,1,1.7220234692096696,all_methods_correct,16.361755561828616,2.4133117675781293
images/dissertation_v1/id/test_synthetic_fallback/id_test_synthetic_fallback_000138.png,0,id,id,22.191452026367188,0,38.58238201141357,17.70030403137207,0,34.763293457031246,0.0008383266394957,0,0.0017387918487656,0.8344858288764954,0,1.7220234692096696,all_methods_correct,16.390929985046384,17.062989425659175
images/dissertation_v1/id/test_synthetic_fallback/id_test_synthetic_fallback_000136.png,0,id,id,22.02312660217285,0,38.58238201141357,26.1739501953125,0,34.763293457031246,0.0010024384828284,0,0.0017387918487656,0.654234766960144,0,1.7220234692096696,all_methods_correct,16.55925540924072,8.589343261718746
images/dissertation_v1/ood/sensory_artifact/arrow_annotation/artifact_000042_02_arrow_annotation.png,1,sensory_artifact,arrow_annotation,55.2115364074707,1,38.58238201141357,51.07179260253906,1,34.763293457031246,0.0049022543244063,1,0.0017387918487656,1.260340929031372,0,1.7220234692096696,all_methods_correct,16.62915439605713,16.308499145507817
images/dissertation_v1/ood/sensory_artifact/arrow_annotation/artifact_000050_02_arrow_annotation.png,1,sensory_artifact,arrow_annotation,55.23452377319336,1,38.58238201141357,47.21099090576172,1,34.763293457031246,0.004949445836246,1,0.0017387918487656,0.7087823748588562,0,1.7220234692096696,all_methods_correct,16.652141761779788,12.447697448730473
images/dissertation_v1/id/test_synthetic_fallback/id_test_synthetic_fallback_000002.png,0,id,id,21.901290893554688,0,38.58238201141357,25.73032760620117,0,34.763293457031246,0.0015800932887941,0,0.0017387918487656,0.5485906600952148,0,1.7220234692096696,all_methods_correct,16.681091117858884,9.032965850830077
images/dissertation_v1/id/test_synthetic_fallback/id_test_synthetic_fallback_000122.png,0,id,id,21.8402042388916,0,38.58238201141357,24.443174362182617,0,34.763293457031246,0.0010837919544428,0,0.0017387918487656,0.6429913640022278,0,1.7220234692096696,all_methods_correct,16.74217777252197,10.320119094848629
images/dissertation_v1/ood/sensory_artifact/gaussian_noise/artifact_000073_06_gaussian_noise.png,1,sensory_artifact,gaussian_noise,55.33266067504883,1,38.58238201141357,36.52426528930664,1,34.763293457031246,0.0007443181821145,0,0.0017387918487656,1.646580457687378,0,1.7220234692096696,all_methods_correct,16.750278663635257,1.7609718322753949
images/dissertation_v1/id/test_synthetic_fallback/id_test_synthetic_fallback_000081.png,0,id,id,21.782398223876957,0,38.58238201141357,24.21434211730957,0,34.763293457031246,0.00140125839971,0,0.0017387918487656,1.272576928138733,0,1.7220234692096696,all_methods_correct,16.799983787536615,10.548951339721675
images/dissertation_v1/ood/sensory_artifact/border_crop/artifact_000066_05_border_crop.png,1,sensory_artifact,border_crop,55.41486740112305,1,38.58238201141357,50.587669372558594,1,34.763293457031246,0.0008152716327458,0,0.0017387918487656,0.9957392811775208,0,1.7220234692096696,all_methods_correct,16.832485389709475,15.824375915527348
images/dissertation_v1/ood/sensory_artifact/arrow_annotation/artifact_000047_02_arrow_annotation.png,1,sensory_artifact,arrow_annotation,55.43689727783203,1,38.58238201141357,45.10985565185547,1,34.763293457031246,0.0048452191986143,1,0.0017387918487656,1.228409767150879,0,1.7220234692096696,all_methods_correct,16.85451526641846,10.346562194824223
images/dissertation_v1/id/test_synthetic_fallback/id_test_synthetic_fallback_000012.png,0,id,id,21.621761322021484,0,38.58238201141357,23.92014503479004,0,34.763293457031246,0.0001883615041151,0,0.0017387918487656,1.015479564666748,0,1.7220234692096696,all_methods_correct,16.960620689392087,10.843148422241207
images/dissertation_v1/id/test_synthetic_fallback/id_test_synthetic_fallback_000074.png,0,id,id,21.610645294189453,0,38.58238201141357,27.582895278930664,0,34.763293457031246,0.0015316151548177,0,0.0017387918487656,0.815578818321228,0,1.7220234692096696,all_methods_correct,16.97173671722412,7.180398178100582
images/dissertation_v1/id/test_synthetic_fallback/id_test_synthetic_fallback_000076.png,0,id,id,21.58700561523437,0,38.58238201141357,29.94092559814453,0,34.763293457031246,0.0008912733173929,0,0.0017387918487656,0.7792974710464478,0,1.7220234692096696,all_methods_correct,16.9953763961792,4.8223678588867145
images/dissertation_v1/ood/sensory_artifact/border_crop/artifact_000020_05_border_crop.png,1,sensory_artifact,border_crop,55.68382263183594,1,38.58238201141357,40.55056381225586,1,34.763293457031246,0.0008434274932369,0,0.0017387918487656,1.0813533067703247,0,1.7220234692096696,all_methods_correct,17.101440620422366,5.787270355224614
images/dissertation_v1/ood/sensory_artifact/arrow_annotation/artifact_000128_02_arrow_annotation.png,1,sensory_artifact,arrow_annotation,55.847434997558594,1,38.58238201141357,51.111454010009766,1,34.763293457031246,0.0042892000637948,1,0.0017387918487656,1.854897379875183,1,1.7220234692096696,all_methods_correct,17.265052986145022,16.34816055297852
images/dissertation_v1/id/test_synthetic_fallback/id_test_synthetic_fallback_000142.png,0,id,id,21.28076934814453,0,38.58238201141357,24.14156723022461,0,34.763293457031246,0.0010631729383021,0,0.0017387918487656,0.7731878161430359,0,1.7220234692096696,all_methods_correct,17.30161266326904,10.621726226806636
images/dissertation_v1/ood/sensory_artifact/arrow_annotation/artifact_000110_02_arrow_annotation.png,1,sensory_artifact,arrow_annotation,55.935394287109375,1,38.58238201141357,44.41302108764648,1,34.763293457031246,0.0049450378865003,1,0.0017387918487656,0.80921471118927,0,1.7220234692096696,all_methods_correct,17.353012275695804,9.649727630615232
images/dissertation_v1/id/test_synthetic_fallback/id_test_synthetic_fallback_000135.png,0,id,id,21.22636985778809,0,38.58238201141357,26.155914306640625,0,34.763293457031246,0.0011167274788022,0,0.0017387918487656,1.087909698486328,0,1.7220234692096696,all_methods_correct,17.356012153625482,8.60737915039062
images/dissertation_v1/ood/sensory_artifact/arrow_annotation/artifact_000121_02_arrow_annotation.png,1,sensory_artifact,arrow_annotation,56.0146484375,1,38.58238201141357,45.50321578979492,1,34.763293457031246,0.0051087099127471,1,0.0017387918487656,0.7297816872596741,0,1.7220234692096696,all_methods_correct,17.43226642608643,10.739922332763676
images/dissertation_v1/id/test_synthetic_fallback/id_test_synthetic_fallback_000027.png,0,id,id,21.114843368530277,0,38.58238201141357,24.311254501342773,0,34.763293457031246,0.0011657287832349,0,0.0017387918487656,1.0491323471069336,0,1.7220234692096696,all_methods_correct,17.467538642883294,10.452038955688472
images/dissertation_v1/id/test_synthetic_fallback/id_test_synthetic_fallback_000020.png,0,id,id,21.11034202575684,0,38.58238201141357,25.97079849243164,0,34.763293457031246,0.0009248565766029,0,0.0017387918487656,0.6052459478378296,0,1.7220234692096696,all_methods_correct,17.472039985656732,8.792494964599605
images/dissertation_v1/ood/sensory_artifact/border_crop/artifact_000031_05_border_crop.png,1,sensory_artifact,border_crop,56.10482406616211,1,38.58238201141357,48.61068344116211,1,34.763293457031246,0.0008682276238687,0,0.0017387918487656,1.1215721368789673,0,1.7220234692096696,all_methods_correct,17.522442054748538,13.847389984130864
images/dissertation_v1/id/test_synthetic_fallback/id_test_synthetic_fallback_000118.png,0,id,id,20.92914581298828,0,38.58238201141357,30.886882781982425,0,34.763293457031246,0.0011230333475396,0,0.0017387918487656,0.6110984086990356,0,1.7220234692096696,all_methods_correct,17.65323619842529,3.8764106750488203
images/dissertation_v1/id/test_synthetic_fallback/id_test_synthetic_fallback_000023.png,0,id,id,20.595577239990234,0,38.58238201141357,25.340696334838867,0,34.763293457031246,0.0011614792747423,0,0.0017387918487656,0.6027345061302185,0,1.7220234692096696,all_methods_correct,17.986804771423337,9.422597122192379
images/dissertation_v1/ood/sensory_artifact/border_crop/artifact_000064_05_border_crop.png,1,sensory_artifact,border_crop,56.65403747558594,1,38.58238201141357,37.93730926513672,1,34.763293457031246,0.0019830239471048,1,0.0017387918487656,2.288424015045166,1,1.7220234692096696,all_methods_correct,18.071655464172366,3.174015808105473
images/dissertation_v1/ood/sensory_artifact/border_crop/artifact_000129_05_border_crop.png,1,sensory_artifact,border_crop,56.74622344970703,1,38.58238201141357,35.2077522277832,1,34.763293457031246,0.0027658767066895,1,0.0017387918487656,0.9017097353935242,0,1.7220234692096696,all_methods_correct,18.16384143829346,0.4444587707519574
images/dissertation_v1/id/test_synthetic_fallback/id_test_synthetic_fallback_000001.png,0,id,id,20.340639114379883,0,38.58238201141357,25.190330505371094,0,34.763293457031246,0.001339727314189,0,0.0017387918487656,0.7669674754142761,0,1.7220234692096696,all_methods_correct,18.24174289703369,9.572962951660152
images/dissertation_v1/ood/sensory_artifact/gaussian_noise/artifact_000113_06_gaussian_noise.png,1,sensory_artifact,gaussian_noise,56.95870971679688,1,38.58238201141357,40.25376510620117,1,34.763293457031246,0.0012320542009547,0,0.0017387918487656,2.0509960651397705,1,1.7220234692096696,all_methods_correct,18.37632770538331,5.490471649169926
images/dissertation_v1/ood/sensory_artifact/gaussian_noise/artifact_000014_06_gaussian_noise.png,1,sensory_artifact,gaussian_noise,57.02972412109375,1,38.58238201141357,35.65509033203125,1,34.763293457031246,0.0021333701442927,1,0.0017387918487656,2.0580899715423584,1,1.7220234692096696,all_methods_correct,18.44734210968018,0.8917968750000043
images/dissertation_v1/id/test_synthetic_fallback/id_test_synthetic_fallback_000063.png,0,id,id,20.13256454467773,0,38.58238201141357,25.277183532714844,0,34.763293457031246,0.0013639879180118,0,0.0017387918487656,0.8135515451431274,0,1.7220234692096696,all_methods_correct,18.44981746673584,9.486109924316402
images/dissertation_v1/ood/sensory_artifact/border_crop/artifact_000082_05_border_crop.png,1,sensory_artifact,border_crop,57.0372200012207,1,38.58238201141357,36.44255065917969,1,34.763293457031246,0.0007200788240879,0,0.0017387918487656,0.6969341039657593,0,1.7220234692096696,all_methods_correct,18.45483798980713,1.6792572021484418
images/dissertation_v1/ood/sensory_artifact/border_crop/artifact_000005_05_border_crop.png,1,sensory_artifact,border_crop,57.19480514526367,1,38.58238201141357,44.644134521484375,1,34.763293457031246,0.0007552523748017,0,0.0017387918487656,1.3826907873153689,0,1.7220234692096696,all_methods_correct,18.6124231338501,9.88084106445313
images/dissertation_v1/ood/sensory_artifact/arrow_annotation/artifact_000149_02_arrow_annotation.png,1,sensory_artifact,arrow_annotation,57.201473236083984,1,38.58238201141357,55.0078125,1,34.763293457031246,0.0044660181738436,1,0.0017387918487656,0.9365257024765016,0,1.7220234692096696,all_methods_correct,18.619091224670413,20.244519042968754
images/dissertation_v1/ood/sensory_artifact/border_crop/artifact_000087_05_border_crop.png,1,sensory_artifact,border_crop,57.23405456542969,1,38.58238201141357,36.19943237304688,1,34.763293457031246,0.0004585504066199,0,0.0017387918487656,0.9328256249427797,0,1.7220234692096696,all_methods_correct,18.651672554016116,1.4361389160156364
images/dissertation_v1/ood/sensory_artifact/border_crop/artifact_000118_05_border_crop.png,1,sensory_artifact,border_crop,57.2365608215332,1,38.58238201141357,56.77438735961914,1,34.763293457031246,0.0009705373668111,0,0.0017387918487656,0.8818125128746033,0,1.7220234692096696,all_methods_correct,18.65417881011963,22.011093902587895
images/dissertation_v1/ood/sensory_artifact/border_crop/artifact_000132_05_border_crop.png,1,sensory_artifact,border_crop,57.27976989746094,1,38.58238201141357,35.139747619628906,1,34.763293457031246,0.0006774062640033,0,0.0017387918487656,0.8285505771636963,0,1.7220234692096696,all_methods_correct,18.697387886047366,0.3764541625976605
images/dissertation_v1/id/test_synthetic_fallback/id_test_synthetic_fallback_000145.png,0,id,id,19.879005432128903,0,38.58238201141357,25.38897132873535,0,34.763293457031246,0.0016212338814511,0,0.0017387918487656,0.8776150345802307,0,1.7220234692096696,all_methods_correct,18.70337657928467,9.374322128295894
images/dissertation_v1/id/test_synthetic_fallback/id_test_synthetic_fallback_000036.png,0,id,id,19.862274169921875,0,38.58238201141357,29.46379852294922,0,34.763293457031246,0.0008959370898082,0,0.0017387918487656,0.7838442325592041,0,1.7220234692096696,all_methods_correct,18.720107841491696,5.299494934082027
images/dissertation_v1/ood/sensory_artifact/border_crop/artifact_000097_05_border_crop.png,1,sensory_artifact,border_crop,57.318450927734375,1,38.58238201141357,72.06227111816406,1,34.763293457031246,0.000180563001777,0,0.0017387918487656,1.4499735832214355,0,1.7220234692096696,all_methods_correct,18.736068916320804,37.29897766113282
images/dissertation_v1/ood/sensory_artifact/arrow_annotation/artifact_000063_02_arrow_annotation.png,1,sensory_artifact,arrow_annotation,57.377220153808594,1,38.58238201141357,39.35440826416016,1,34.763293457031246,0.0054492563940584,1,0.0017387918487656,0.8802611231803894,0,1.7220234692096696,all_methods_correct,18.794838142395022,4.591114807128918
images/dissertation_v1/id/test_synthetic_fallback/id_test_synthetic_fallback_000119.png,0,id,id,19.67524719238281,0,38.58238201141357,25.3840274810791,0,34.763293457031246,0.0006622254732064,0,0.0017387918487656,0.5759660601615906,0,1.7220234692096696,all_methods_correct,18.907134819030762,9.379265975952144
images/dissertation_v1/ood/sensory_artifact/border_crop/artifact_000148_05_border_crop.png,1,sensory_artifact,border_crop,57.6457633972168,1,38.58238201141357,35.321128845214844,1,34.763293457031246,0.0008184045436792,0,0.0017387918487656,1.2454262971878052,0,1.7220234692096696,all_methods_correct,19.063381385803225,0.557835388183598
images/dissertation_v1/ood/sensory_artifact/border_crop/artifact_000126_05_border_crop.png,1,sensory_artifact,border_crop,57.65066146850586,1,38.58238201141357,35.21218490600586,1,34.763293457031246,0.001211384893395,0,0.0017387918487656,1.0323998928070068,0,1.7220234692096696,all_methods_correct,19.068279457092288,0.44889144897461364
images/dissertation_v1/ood/sensory_artifact/arrow_annotation/artifact_000148_02_arrow_annotation.png,1,sensory_artifact,arrow_annotation,57.66858673095703,1,38.58238201141357,56.58592987060547,1,34.763293457031246,0.0048335599713027,1,0.0017387918487656,0.8786935210227966,0,1.7220234692096696,all_methods_correct,19.08620471954346,21.822636413574223
images/dissertation_v1/ood/sensory_artifact/gaussian_noise/artifact_000140_06_gaussian_noise.png,1,sensory_artifact,gaussian_noise,57.71163558959961,1,38.58238201141357,35.81262969970703,1,34.763293457031246,0.0018330856692045,1,0.0017387918487656,1.1628282070159912,0,1.7220234692096696,all_methods_correct,19.129253578186038,1.0493362426757855
images/dissertation_v1/id/test_synthetic_fallback/id_test_synthetic_fallback_000088.png,0,id,id,19.435083389282227,0,38.58238201141357,21.76149177551269,0,34.763293457031246,0.0001883059740066,0,0.0017387918487656,1.058024525642395,0,1.7220234692096696,all_methods_correct,19.147298622131345,13.001801681518554
images/dissertation_v1/ood/sensory_artifact/border_crop/artifact_000090_05_border_crop.png,1,sensory_artifact,border_crop,57.82680130004883,1,38.58238201141357,69.40995025634766,1,34.763293457031246,0.0005425151903182,0,0.0017387918487656,1.0634297132492063,0,1.7220234692096696,all_methods_correct,19.244419288635257,34.64665679931641
images/dissertation_v1/ood/sensory_artifact/border_crop/artifact_000021_05_border_crop.png,1,sensory_artifact,border_crop,57.835391998291016,1,38.58238201141357,67.63652038574219,1,34.763293457031246,0.000162191587151,0,0.0017387918487656,1.2944902181625366,0,1.7220234692096696,all_methods_correct,19.253009986877444,32.87322692871094
images/dissertation_v1/ood/sensory_artifact/arrow_annotation/artifact_000144_02_arrow_annotation.png,1,sensory_artifact,arrow_annotation,57.86595153808594,1,38.58238201141357,44.13938903808594,1,34.763293457031246,0.0051241354085505,1,0.0017387918487656,1.1006447076797483,0,1.7220234692096696,all_methods_correct,19.283569526672366,9.376095581054692
images/dissertation_v1/ood/sensory_artifact/arrow_annotation/artifact_000087_02_arrow_annotation.png,1,sensory_artifact,arrow_annotation,57.88380813598633,1,38.58238201141357,49.73040771484375,1,34.763293457031246,0.0044924635440111,1,0.0017387918487656,0.8737742304801941,0,1.7220234692096696,all_methods_correct,19.301426124572757,14.967114257812504
images/dissertation_v1/ood/sensory_artifact/border_crop/artifact_000069_05_border_crop.png,1,sensory_artifact,border_crop,57.95323181152344,1,38.58238201141357,63.63011932373047,1,34.763293457031246,0.0003533859853632,0,0.0017387918487656,1.0756866931915283,0,1.7220234692096696,all_methods_correct,19.370849800109866,28.866825866699223
images/dissertation_v1/ood/sensory_artifact/arrow_annotation/artifact_000039_02_arrow_annotation.png,1,sensory_artifact,arrow_annotation,58.00436782836914,1,38.58238201141357,52.20756530761719,1,34.763293457031246,0.0048603788018226,1,0.0017387918487656,1.0894720554351809,0,1.7220234692096696,all_methods_correct,19.42198581695557,17.44427185058594
images/dissertation_v1/ood/sensory_artifact/rectangle_annotation/artifact_000009_01_rectangle_annotation.png,1,sensory_artifact,rectangle_annotation,58.04153060913086,1,38.58238201141357,42.38117980957031,1,34.763293457031246,0.0104134874418377,1,0.0017387918487656,0.9518743753433228,0,1.7220234692096696,all_methods_correct,19.459148597717288,7.617886352539067
images/dissertation_v1/id/test_synthetic_fallback/id_test_synthetic_fallback_000024.png,0,id,id,19.11536979675293,0,38.58238201141357,24.406295776367188,0,34.763293457031246,0.0012675387552008,0,0.0017387918487656,0.7829083800315857,0,1.7220234692096696,all_methods_correct,19.46701221466064,10.356997680664058
images/dissertation_v1/ood/sensory_artifact/gaussian_noise/artifact_000000_06_gaussian_noise.png,1,sensory_artifact,gaussian_noise,58.08766555786133,1,38.58238201141357,44.9244270324707,1,34.763293457031246,0.0010394611163064,0,0.0017387918487656,1.8146870136260984,1,1.7220234692096696,all_methods_correct,19.505283546447757,10.161133575439457
images/dissertation_v1/ood/modality_shift/colour_fundus/colour_fundus_000032.png,1,modality_shift,colour_fundus,58.1370735168457,1,38.58238201141357,36.72433853149414,1,34.763293457031246,0.0622531287372112,1,0.0017387918487656,1.2083895206451416,0,1.7220234692096696,all_methods_correct,19.55469150543213,1.9610450744628949
images/dissertation_v1/id/test_synthetic_fallback/id_test_synthetic_fallback_000029.png,0,id,id,19.00044250488281,0,38.58238201141357,27.16143226623535,0,34.763293457031246,0.0014362633228302,0,0.0017387918487656,0.8068007826805115,0,1.7220234692096696,all_methods_correct,19.581939506530762,7.601861190795894
images/dissertation_v1/ood/sensory_artifact/arrow_annotation/artifact_000132_02_arrow_annotation.png,1,sensory_artifact,arrow_annotation,58.17623901367188,1,38.58238201141357,44.95954513549805,1,34.763293457031246,0.0053242845460772,1,0.0017387918487656,0.6927976012229919,0,1.7220234692096696,all_methods_correct,19.59385700225831,10.196251678466801
images/dissertation_v1/ood/modality_shift/colour_fundus/colour_fundus_000042.png,1,modality_shift,colour_fundus,58.18638610839844,1,38.58238201141357,36.591285705566406,1,34.763293457031246,0.0623026601970195,1,0.0017387918487656,1.2022957801818848,0,1.7220234692096696,all_methods_correct,19.604004096984866,1.8279922485351605
images/dissertation_v1/ood/sensory_artifact/border_crop/artifact_000046_05_border_crop.png,1,sensory_artifact,border_crop,58.22255706787109,1,38.58238201141357,39.287879943847656,1,34.763293457031246,0.0008887719595804,0,0.0017387918487656,1.1654542684555054,0,1.7220234692096696,all_methods_correct,19.640175056457515,4.5245864868164105
images/dissertation_v1/ood/sensory_artifact/border_crop/artifact_000042_05_border_crop.png,1,sensory_artifact,border_crop,58.24150085449219,1,38.58238201141357,39.81407165527344,1,34.763293457031246,0.000788668054156,0,0.0017387918487656,1.7343285083770752,1,1.7220234692096696,all_methods_correct,19.659118843078616,5.050778198242192
images/dissertation_v1/ood/sensory_artifact/jpeg_compression/artifact_000009_07_jpeg_compression.png,1,sensory_artifact,jpeg_compression,58.30989837646485,1,38.58238201141357,38.340816497802734,1,34.763293457031246,0.001231382950209,0,0.0017387918487656,0.6511386036872864,0,1.7220234692096696,all_methods_correct,19.72751636505128,3.5775230407714886
images/dissertation_v1/ood/sensory_artifact/arrow_annotation/artifact_000037_02_arrow_annotation.png,1,sensory_artifact,arrow_annotation,58.43059921264648,1,38.58238201141357,47.85088348388672,1,34.763293457031246,0.004862857516855,1,0.0017387918487656,0.9043187499046326,0,1.7220234692096696,all_methods_correct,19.848217201232906,13.087590026855473
images/dissertation_v1/ood/sensory_artifact/arrow_annotation/artifact_000141_02_arrow_annotation.png,1,sensory_artifact,arrow_annotation,58.52592849731445,1,38.58238201141357,47.824466705322266,1,34.763293457031246,0.0053093889728188,1,0.0017387918487656,1.74705171585083,1,1.7220234692096696,all_methods_correct,19.94354648590088,13.06117324829102
images/dissertation_v1/ood/sensory_artifact/border_crop/artifact_000114_05_border_crop.png,1,sensory_artifact,border_crop,58.590309143066406,1,38.58238201141357,39.72078704833984,1,34.763293457031246,7.89804762462154e-05,0,0.0017387918487656,1.7881667613983154,1,1.7220234692096696,all_methods_correct,20.007927131652835,4.957493591308591
images/dissertation_v1/ood/sensory_artifact/border_crop/artifact_000127_05_border_crop.png,1,sensory_artifact,border_crop,58.68040466308594,1,38.58238201141357,71.52204132080078,1,34.763293457031246,0.0005496044759638,0,0.0017387918487656,1.2251152992248535,0,1.7220234692096696,all_methods_correct,20.098022651672366,36.758747863769536
images/dissertation_v1/ood/sensory_artifact/border_crop/artifact_000099_05_border_crop.png,1,sensory_artifact,border_crop,58.75348281860352,1,38.58238201141357,40.587249755859375,1,34.763293457031246,0.0004096923512406,0,0.0017387918487656,0.9804032444953918,0,1.7220234692096696,all_methods_correct,20.17110080718995,5.823956298828129
images/dissertation_v1/ood/sensory_artifact/arrow_annotation/artifact_000095_02_arrow_annotation.png,1,sensory_artifact,arrow_annotation,58.76401519775391,1,38.58238201141357,41.28056335449219,1,34.763293457031246,0.0058666276745498,1,0.0017387918487656,1.001206874847412,0,1.7220234692096696,all_methods_correct,20.181633186340342,6.517269897460942
images/dissertation_v1/id/test_synthetic_fallback/id_test_synthetic_fallback_000113.png,0,id,id,18.33432006835937,0,38.58238201141357,17.59494972229004,0,34.763293457031246,0.0004223560972604,0,0.0017387918487656,1.0228179693222046,0,1.7220234692096696,all_methods_correct,20.2480619430542,17.168343734741207
images/dissertation_v1/id/test_synthetic_fallback/id_test_synthetic_fallback_000128.png,0,id,id,18.28546524047852,0,38.58238201141357,26.01817321777344,0,34.763293457031246,0.0001702328008832,0,0.0017387918487656,1.1437970399856567,0,1.7220234692096696,all_methods_correct,20.296916770935052,8.745120239257805
images/dissertation_v1/ood/sensory_artifact/arrow_annotation/artifact_000125_02_arrow_annotation.png,1,sensory_artifact,arrow_annotation,59.00411224365234,1,38.58238201141357,46.8804931640625,1,34.763293457031246,0.0047898697666823,1,0.0017387918487656,0.689090371131897,0,1.7220234692096696,all_methods_correct,20.421730232238765,12.117199707031254
images/dissertation_v1/ood/sensory_artifact/border_crop/artifact_000015_05_border_crop.png,1,sensory_artifact,border_crop,59.13238525390625,1,38.58238201141357,37.61470031738281,1,34.763293457031246,0.0007882277714088,0,0.0017387918487656,1.1606343984603882,0,1.7220234692096696,all_methods_correct,20.55000324249268,2.8514068603515668
images/dissertation_v1/ood/sensory_artifact/arrow_annotation/artifact_000062_02_arrow_annotation.png,1,sensory_artifact,arrow_annotation,59.16354751586914,1,38.58238201141357,51.7593879699707,1,34.763293457031246,0.0045908158645033,1,0.0017387918487656,0.7053701281547546,0,1.7220234692096696,all_methods_correct,20.58116550445557,16.996094512939457
images/dissertation_v1/ood/sensory_artifact/border_crop/artifact_000001_05_border_crop.png,1,sensory_artifact,border_crop,59.18304061889648,1,38.58238201141357,36.735870361328125,1,34.763293457031246,0.001210204558447,0,0.0017387918487656,1.1647076606750488,0,1.7220234692096696,all_methods_correct,20.600658607482906,1.9725769042968793
images/dissertation_v1/ood/sensory_artifact/arrow_annotation/artifact_000040_02_arrow_annotation.png,1,sensory_artifact,arrow_annotation,59.22358703613281,1,38.58238201141357,55.35982131958008,1,34.763293457031246,0.00491354893893,1,0.0017387918487656,1.0245215892791748,0,1.7220234692096696,all_methods_correct,20.64120502471924,20.596527862548832
images/dissertation_v1/ood/sensory_artifact/arrow_annotation/artifact_000099_02_arrow_annotation.png,1,sensory_artifact,arrow_annotation,59.260345458984375,1,38.58238201141357,47.64231491088867,1,34.763293457031246,0.0057123792357742,1,0.0017387918487656,0.6711626648902893,0,1.7220234692096696,all_methods_correct,20.677963447570804,12.879021453857426
images/dissertation_v1/ood/sensory_artifact/blur_artifact/artifact_000041_04_blur_artifact.png,1,sensory_artifact,blur_artifact,59.306785583496094,1,38.58238201141357,34.998348236083984,1,34.763293457031246,0.0005142122972756,0,0.0017387918487656,0.6889418363571167,0,1.7220234692096696,all_methods_correct,20.724403572082522,0.23505477905273864
images/dissertation_v1/id/test_synthetic_fallback/id_test_synthetic_fallback_000056.png,0,id,id,17.704145431518555,0,38.58238201141357,21.999530792236328,0,34.763293457031246,0.0001622455893084,0,0.0017387918487656,1.1712416410446167,0,1.7220234692096696,all_methods_correct,20.878236579895017,12.763762664794918
images/dissertation_v1/ood/sensory_artifact/arrow_annotation/artifact_000057_02_arrow_annotation.png,1,sensory_artifact,arrow_annotation,59.46123504638672,1,38.58238201141357,43.18016815185547,1,34.763293457031246,0.004573531448841,1,0.0017387918487656,0.8701044321060181,0,1.7220234692096696,all_methods_correct,20.878853034973147,8.416874694824223
images/dissertation_v1/ood/sensory_artifact/border_crop/artifact_000040_05_border_crop.png,1,sensory_artifact,border_crop,59.46523284912109,1,38.58238201141357,36.51216125488281,1,34.763293457031246,0.0004972827737219,0,0.0017387918487656,1.040113091468811,0,1.7220234692096696,all_methods_correct,20.882850837707515,1.7488677978515668
images/dissertation_v1/ood/modality_shift/colour_fundus/colour_fundus_000073.png,1,modality_shift,colour_fundus,59.46750259399414,1,38.58238201141357,37.24571228027344,1,34.763293457031246,0.060762170702219,1,0.0017387918487656,1.221444010734558,0,1.7220234692096696,all_methods_correct,20.88512058258057,2.4824188232421918
images/dissertation_v1/ood/sensory_artifact/arrow_annotation/artifact_000140_02_arrow_annotation.png,1,sensory_artifact,arrow_annotation,59.51958465576172,1,38.58238201141357,39.85910034179688,1,34.763293457031246,0.0053886859677731,1,0.0017387918487656,0.785108208656311,0,1.7220234692096696,all_methods_correct,20.937202644348147,5.095806884765636
images/dissertation_v1/id/test_synthetic_fallback/id_test_synthetic_fallback_000106.png,0,id,id,17.630496978759766,0,38.58238201141357,23.8674259185791,0,34.763293457031246,9.512449469184504e-05,0,0.0017387918487656,1.6833066940307615,0,1.7220234692096696,all_methods_correct,20.951885032653806,10.895867538452144
images/dissertation_v1/ood/sensory_artifact/arrow_annotation/artifact_000127_02_arrow_annotation.png,1,sensory_artifact,arrow_annotation,59.71434020996094,1,38.58238201141357,47.729923248291016,1,34.763293457031246,0.0051875640638172,1,0.0017387918487656,1.4123016595840454,0,1.7220234692096696,all_methods_correct,21.131958198547366,12.96662979125977
images/dissertation_v1/ood/sensory_artifact/border_crop/artifact_000078_05_border_crop.png,1,sensory_artifact,border_crop,59.75972366333008,1,38.58238201141357,40.24917602539063,1,34.763293457031246,0.0005179870058782,0,0.0017387918487656,1.1885638236999512,0,1.7220234692096696,all_methods_correct,21.177341651916507,5.485882568359386
images/dissertation_v1/ood/sensory_artifact/gaussian_noise/artifact_000100_06_gaussian_noise.png,1,sensory_artifact,gaussian_noise,59.87950134277344,1,38.58238201141357,61.63699722290039,1,34.763293457031246,0.0022190657909959,1,0.0017387918487656,1.744945406913757,1,1.7220234692096696,all_methods_correct,21.297119331359866,26.873703765869145
images/dissertation_v1/ood/sensory_artifact/border_crop/artifact_000055_05_border_crop.png,1,sensory_artifact,border_crop,59.87971878051758,1,38.58238201141357,37.91933059692383,1,34.763293457031246,0.0012373640201985,0,0.0017387918487656,1.272730588912964,0,1.7220234692096696,all_methods_correct,21.297336769104007,3.1560371398925824
images/dissertation_v1/ood/sensory_artifact/border_crop/artifact_000131_05_border_crop.png,1,sensory_artifact,border_crop,60.030086517333984,1,38.58238201141357,35.50773239135742,1,34.763293457031246,0.0003800924459937,0,0.0017387918487656,1.0171760320663452,0,1.7220234692096696,all_methods_correct,21.447704505920413,0.7444389343261761
images/dissertation_v1/ood/sensory_artifact/border_crop/artifact_000067_05_border_crop.png,1,sensory_artifact,border_crop,60.11368560791016,1,38.58238201141357,51.59700393676758,1,34.763293457031246,0.000137098802952,0,0.0017387918487656,1.2165145874023438,0,1.7220234692096696,all_methods_correct,21.531303596496592,16.833710479736332
images/dissertation_v1/ood/sensory_artifact/arrow_annotation/artifact_000076_02_arrow_annotation.png,1,sensory_artifact,arrow_annotation,60.13284683227539,1,38.58238201141357,50.541133880615234,1,34.763293457031246,0.0046932366676628,1,0.0017387918487656,0.7404220104217529,0,1.7220234692096696,all_methods_correct,21.55046482086182,15.777840423583989
images/dissertation_v1/ood/sensory_artifact/border_crop/artifact_000088_05_border_crop.png,1,sensory_artifact,border_crop,60.15095138549805,1,38.58238201141357,62.260440826416016,1,34.763293457031246,0.000141274780617,0,0.0017387918487656,1.3148677349090576,0,1.7220234692096696,all_methods_correct,21.568569374084475,27.49714736938477
images/dissertation_v1/ood/sensory_artifact/arrow_annotation/artifact_000061_02_arrow_annotation.png,1,sensory_artifact,arrow_annotation,60.22674560546875,1,38.58238201141357,54.67535018920898,1,34.763293457031246,0.0051756640896201,1,0.0017387918487656,0.7360810041427612,0,1.7220234692096696,all_methods_correct,21.64436359405518,19.91205673217773
images/dissertation_v1/ood/sensory_artifact/arrow_annotation/artifact_000021_02_arrow_annotation.png,1,sensory_artifact,arrow_annotation,60.31974792480469,1,38.58238201141357,44.60447692871094,1,34.763293457031246,0.0050149401649832,1,0.0017387918487656,1.544218897819519,0,1.7220234692096696,all_methods_correct,21.737365913391116,9.841183471679692
images/dissertation_v1/ood/sensory_artifact/arrow_annotation/artifact_000010_02_arrow_annotation.png,1,sensory_artifact,arrow_annotation,60.32357025146485,1,38.58238201141357,44.37093734741211,1,34.763293457031246,0.0050996919162571,1,0.0017387918487656,1.16383159160614,0,1.7220234692096696,all_methods_correct,21.74118824005128,9.607643890380864
images/dissertation_v1/ood/sensory_artifact/arrow_annotation/artifact_000035_02_arrow_annotation.png,1,sensory_artifact,arrow_annotation,60.36155319213867,1,38.58238201141357,44.93342208862305,1,34.763293457031246,0.0051513342186808,1,0.0017387918487656,0.6712642312049866,0,1.7220234692096696,all_methods_correct,21.7791711807251,10.170128631591801
images/dissertation_v1/ood/sensory_artifact/arrow_annotation/artifact_000124_02_arrow_annotation.png,1,sensory_artifact,arrow_annotation,60.425968170166016,1,38.58238201141357,60.95466613769531,1,34.763293457031246,0.0056237294338643,1,0.0017387918487656,1.089857816696167,0,1.7220234692096696,all_methods_correct,21.843586158752444,26.191372680664067
images/dissertation_v1/ood/sensory_artifact/border_crop/artifact_000117_05_border_crop.png,1,sensory_artifact,border_crop,60.44261169433594,1,38.58238201141357,34.78597640991211,1,34.763293457031246,0.0012816636590287,0,0.0017387918487656,0.7488818168640137,0,1.7220234692096696,all_methods_correct,21.860229682922366,0.022682952880863638
images/dissertation_v1/ood/modality_shift/colour_fundus/colour_fundus_000018.png,1,modality_shift,colour_fundus,60.53275680541992,1,38.58238201141357,36.75055313110352,1,34.763293457031246,0.0359260961413383,1,0.0017387918487656,1.0282236337661743,0,1.7220234692096696,all_methods_correct,21.95037479400635,1.987259674072277
images/dissertation_v1/ood/modality_shift/colour_fundus/colour_fundus_000080.png,1,modality_shift,colour_fundus,60.66479110717773,1,38.58238201141357,39.61150741577149,1,34.763293457031246,0.0600466430187225,1,0.0017387918487656,1.0714925527572632,0,1.7220234692096696,all_methods_correct,22.082409095764156,4.848213958740246
images/dissertation_v1/ood/sensory_artifact/arrow_annotation/artifact_000096_02_arrow_annotation.png,1,sensory_artifact,arrow_annotation,60.67097091674805,1,38.58238201141357,49.06184005737305,1,34.763293457031246,0.0054532401263713,1,0.0017387918487656,0.8043017387390137,0,1.7220234692096696,all_methods_correct,22.088588905334475,14.298546600341801
images/dissertation_v1/ood/modality_shift/colour_fundus/colour_fundus_000066.png,1,modality_shift,colour_fundus,60.71370315551758,1,38.58238201141357,40.76560592651367,1,34.763293457031246,0.0419981367886066,1,0.0017387918487656,0.9476791620254515,0,1.7220234692096696,all_methods_correct,22.131321144104007,6.002312469482426
images/dissertation_v1/ood/sensory_artifact/arrow_annotation/artifact_000120_02_arrow_annotation.png,1,sensory_artifact,arrow_annotation,60.78335571289063,1,38.58238201141357,46.61841583251953,1,34.763293457031246,0.0048194117844104,1,0.0017387918487656,0.7747974395751953,0,1.7220234692096696,all_methods_correct,22.20097370147706,11.855122375488286
images/dissertation_v1/ood/sensory_artifact/border_crop/artifact_000085_05_border_crop.png,1,sensory_artifact,border_crop,60.81122970581055,1,38.58238201141357,40.69934844970703,1,34.763293457031246,0.0010182977421209,0,0.0017387918487656,1.3302128314971924,0,1.7220234692096696,all_methods_correct,22.228847694396975,5.9360549926757855
images/dissertation_v1/ood/sensory_artifact/arrow_annotation/artifact_000026_02_arrow_annotation.png,1,sensory_artifact,arrow_annotation,60.823726654052734,1,38.58238201141357,47.95026397705078,1,34.763293457031246,0.0050001610070466,1,0.0017387918487656,1.6321923732757568,0,1.7220234692096696,all_methods_correct,22.241344642639163,13.186970520019536
images/dissertation_v1/ood/sensory_artifact/border_crop/artifact_000030_05_border_crop.png,1,sensory_artifact,border_crop,60.825416564941406,1,38.58238201141357,34.80915451049805,1,34.763293457031246,7.747385097900406e-05,0,0.0017387918487656,2.021549701690674,1,1.7220234692096696,all_methods_correct,22.243034553527835,0.04586105346680114
images/dissertation_v1/ood/sensory_artifact/arrow_annotation/artifact_000123_02_arrow_annotation.png,1,sensory_artifact,arrow_annotation,60.90469741821289,1,38.58238201141357,45.32632446289063,1,34.763293457031246,0.0048403767868876,1,0.0017387918487656,0.7510756254196167,0,1.7220234692096696,all_methods_correct,22.32231540679932,10.563031005859386
images/dissertation_v1/ood/sensory_artifact/blur_artifact/artifact_000143_04_blur_artifact.png,1,sensory_artifact,blur_artifact,60.9089469909668,1,38.58238201141357,36.52190780639648,1,34.763293457031246,0.0001934036117745,0,0.0017387918487656,1.2096846103668213,0,1.7220234692096696,all_methods_correct,22.326564979553225,1.7586143493652315
images/dissertation_v1/ood/modality_shift/colour_fundus/colour_fundus_000009.png,1,modality_shift,colour_fundus,60.98603820800781,1,38.58238201141357,38.55567169189453,1,34.763293457031246,0.0355472937226295,1,0.0017387918487656,0.8236563801765442,0,1.7220234692096696,all_methods_correct,22.40365619659424,3.7923782348632855
images/dissertation_v1/ood/sensory_artifact/border_crop/artifact_000049_05_border_crop.png,1,sensory_artifact,border_crop,61.01116561889648,1,38.58238201141357,43.81660079956055,1,34.763293457031246,0.0006685906555503,0,0.0017387918487656,0.9927561283111572,0,1.7220234692096696,all_methods_correct,22.428783607482906,9.053307342529301
images/dissertation_v1/ood/sensory_artifact/gaussian_noise/artifact_000111_06_gaussian_noise.png,1,sensory_artifact,gaussian_noise,61.12531661987305,1,38.58238201141357,47.63032913208008,1,34.763293457031246,0.0018019074341282,1,0.0017387918487656,1.6185868978500366,0,1.7220234692096696,all_methods_correct,22.542934608459475,12.867035675048832
images/dissertation_v1/id/test_synthetic_fallback/id_test_synthetic_fallback_000146.png,0,id,id,15.989307403564451,0,38.58238201141357,21.5982666015625,0,34.763293457031246,0.0001051131403073,0,0.0017387918487656,1.671866536140442,0,1.7220234692096696,all_methods_correct,22.59307460784912,13.165026855468746
images/dissertation_v1/ood/sensory_artifact/arrow_annotation/artifact_000085_02_arrow_annotation.png,1,sensory_artifact,arrow_annotation,61.38037872314453,1,38.58238201141357,53.13476943969727,1,34.763293457031246,0.0054716658778488,1,0.0017387918487656,1.4275320768356323,0,1.7220234692096696,all_methods_correct,22.79799671173096,18.371475982666027
images/dissertation_v1/ood/sensory_artifact/rectangle_annotation/artifact_000052_01_rectangle_annotation.png,1,sensory_artifact,rectangle_annotation,61.395389556884766,1,38.58238201141357,45.99720764160156,1,34.763293457031246,0.0084716491401195,1,0.0017387918487656,1.2086602449417114,0,1.7220234692096696,all_methods_correct,22.813007545471194,11.233914184570317
images/dissertation_v1/ood/sensory_artifact/arrow_annotation/artifact_000052_02_arrow_annotation.png,1,sensory_artifact,arrow_annotation,61.46819305419922,1,38.58238201141357,44.13068771362305,1,34.763293457031246,0.0048208967782557,1,0.0017387918487656,1.1946629285812378,0,1.7220234692096696,all_methods_correct,22.885811042785647,9.367394256591801
images/dissertation_v1/ood/sensory_artifact/arrow_annotation/artifact_000065_02_arrow_annotation.png,1,sensory_artifact,arrow_annotation,61.47965621948242,1,38.58238201141357,44.65742111206055,1,34.763293457031246,0.0049581211060285,1,0.0017387918487656,1.1021220684051514,0,1.7220234692096696,all_methods_correct,22.89727420806885,9.894127655029301
images/dissertation_v1/ood/sensory_artifact/border_crop/artifact_000006_05_border_crop.png,1,sensory_artifact,border_crop,61.4804801940918,1,38.58238201141357,41.41016006469727,1,34.763293457031246,0.0007632946944795,0,0.0017387918487656,1.095991611480713,0,1.7220234692096696,all_methods_correct,22.898098182678225,6.646866607666027
images/dissertation_v1/id/test_synthetic_fallback/id_test_synthetic_fallback_000134.png,0,id,id,15.47482204437256,0,38.58238201141357,21.55902862548828,0,34.763293457031246,9.976969158742575e-05,0,0.0017387918487656,1.676252007484436,0,1.7220234692096696,all_methods_correct,23.107559967041013,13.204264831542964
images/dissertation_v1/ood/sensory_artifact/border_crop/artifact_000025_05_border_crop.png,1,sensory_artifact,border_crop,61.75764083862305,1,38.58238201141357,39.41246795654297,1,34.763293457031246,0.0007662333082407,0,0.0017387918487656,1.3715314865112305,0,1.7220234692096696,all_methods_correct,23.175258827209475,4.649174499511723
images/dissertation_v1/id/test_synthetic_fallback/id_test_synthetic_fallback_000114.png,0,id,id,15.406550407409668,0,38.58238201141357,19.969844818115234,0,34.763293457031246,9.268478606827556e-05,0,0.0017387918487656,1.690698742866516,0,1.7220234692096696,all_methods_correct,23.175831604003903,14.793448638916011
images/dissertation_v1/id/test_synthetic_fallback/id_test_synthetic_fallback_000073.png,0,id,id,15.39149570465088,0,38.58238201141357,18.703763961791992,0,34.763293457031246,8.508548489771783e-05,0,0.0017387918487656,1.7030141353607178,0,1.7220234692096696,all_methods_correct,23.190886306762692,16.059529495239254
images/dissertation_v1/ood/sensory_artifact/gaussian_noise/artifact_000075_06_gaussian_noise.png,1,sensory_artifact,gaussian_noise,61.82332992553711,1,38.58238201141357,44.032958984375,1,34.763293457031246,0.0011911741457879,0,0.0017387918487656,1.5942838191986084,0,1.7220234692096696,all_methods_correct,23.240947914123538,9.269665527343754
images/dissertation_v1/ood/sensory_artifact/arrow_annotation/artifact_000059_02_arrow_annotation.png,1,sensory_artifact,arrow_annotation,61.96016311645508,1,38.58238201141357,41.80144500732422,1,34.763293457031246,0.0051163043826818,1,0.0017387918487656,1.2085535526275637,0,1.7220234692096696,all_methods_correct,23.377781105041507,7.038151550292973
images/dissertation_v1/ood/sensory_artifact/border_crop/artifact_000029_05_border_crop.png,1,sensory_artifact,border_crop,61.96962738037109,1,38.58238201141357,35.93335723876953,1,34.763293457031246,0.0012394824298098,0,0.0017387918487656,1.1741260290145874,0,1.7220234692096696,all_methods_correct,23.387245368957515,1.1700637817382855
images/dissertation_v1/ood/modality_shift/colour_fundus/colour_fundus_000109.png,1,modality_shift,colour_fundus,62.05475997924805,1,38.58238201141357,37.54551696777344,1,34.763293457031246,0.0485868006944656,1,0.0017387918487656,0.879173755645752,0,1.7220234692096696,all_methods_correct,23.472377967834475,2.7822235107421918
images/dissertation_v1/ood/sensory_artifact/rectangle_annotation/artifact_000029_01_rectangle_annotation.png,1,sensory_artifact,rectangle_annotation,62.1151237487793,1,38.58238201141357,40.481258392333984,1,34.763293457031246,0.0115691041573882,1,0.0017387918487656,0.8198694586753845,0,1.7220234692096696,all_methods_correct,23.532741737365725,5.717964935302739
images/dissertation_v1/ood/sensory_artifact/arrow_annotation/artifact_000012_02_arrow_annotation.png,1,sensory_artifact,arrow_annotation,62.19277572631836,1,38.58238201141357,45.82687759399414,1,34.763293457031246,0.0043219230137765,1,0.0017387918487656,1.7352381944656372,1,1.7220234692096696,all_methods_correct,23.610393714904788,11.063584136962895
images/dissertation_v1/ood/sensory_artifact/arrow_annotation/artifact_000033_02_arrow_annotation.png,1,sensory_artifact,arrow_annotation,62.198612213134766,1,38.58238201141357,43.878299713134766,1,34.763293457031246,0.0048292921856045,1,0.0017387918487656,0.9338381290435792,0,1.7220234692096696,all_methods_correct,23.616230201721194,9.11500625610352
images/dissertation_v1/ood/modality_shift/colour_fundus/colour_fundus_000060.png,1,modality_shift,colour_fundus,62.22020721435547,1,38.58238201141357,37.76826477050781,1,34.763293457031246,0.0326261445879936,1,0.0017387918487656,1.1271910667419434,0,1.7220234692096696,all_methods_correct,23.637825202941897,3.0049713134765668
images/dissertation_v1/ood/sensory_artifact/border_crop/artifact_000063_05_border_crop.png,1,sensory_artifact,border_crop,62.232696533203125,1,38.58238201141357,36.18359756469727,1,34.763293457031246,0.0012233488960191,0,0.0017387918487656,1.188151717185974,0,1.7220234692096696,all_methods_correct,23.650314521789554,1.420304107666027
images/dissertation_v1/ood/sensory_artifact/gaussian_noise/artifact_000030_06_gaussian_noise.png,1,sensory_artifact,gaussian_noise,62.23785018920898,1,38.58238201141357,35.435848236083984,1,34.763293457031246,0.0010874851141124,0,0.0017387918487656,2.249953269958496,1,1.7220234692096696,all_methods_correct,23.655468177795406,0.6725547790527386
images/dissertation_v1/ood/sensory_artifact/arrow_annotation/artifact_000111_02_arrow_annotation.png,1,sensory_artifact,arrow_annotation,62.29635620117188,1,38.58238201141357,54.62448120117188,1,34.763293457031246,0.005526506807655,1,0.0017387918487656,1.2588787078857422,0,1.7220234692096696,all_methods_correct,23.71397418975831,19.861187744140636
images/dissertation_v1/ood/modality_shift/colour_fundus/colour_fundus_000011.png,1,modality_shift,colour_fundus,62.304176330566406,1,38.58238201141357,38.30867767333984,1,34.763293457031246,0.0354276448488235,1,0.0017387918487656,0.752679169178009,0,1.7220234692096696,all_methods_correct,23.721794319152835,3.545384216308591
images/dissertation_v1/ood/modality_shift/colour_fundus/colour_fundus_000097.png,1,modality_shift,colour_fundus,62.30873489379883,1,38.58238201141357,39.1646614074707,1,34.763293457031246,0.032472301274538,1,0.0017387918487656,0.8453008532524109,0,1.7220234692096696,all_methods_correct,23.726352882385257,4.401367950439457
images/dissertation_v1/ood/sensory_artifact/arrow_annotation/artifact_000143_02_arrow_annotation.png,1,sensory_artifact,arrow_annotation,62.32210159301758,1,38.58238201141357,58.88219833374024,1,34.763293457031246,0.0050345789641141,1,0.0017387918487656,1.7074769735336304,0,1.7220234692096696,all_methods_correct,23.739719581604007,24.118904876708996
images/dissertation_v1/ood/sensory_artifact/arrow_annotation/artifact_000032_02_arrow_annotation.png,1,sensory_artifact,arrow_annotation,62.4664192199707,1,38.58238201141357,53.63507461547852,1,34.763293457031246,0.0052567599341273,1,0.0017387918487656,2.096669912338257,1,1.7220234692096696,all_methods_correct,23.88403720855713,18.871781158447277
images/dissertation_v1/ood/sensory_artifact/arrow_annotation/artifact_000043_02_arrow_annotation.png,1,sensory_artifact,arrow_annotation,62.4886589050293,1,38.58238201141357,47.87641525268555,1,34.763293457031246,0.0052478108555078,1,0.0017387918487656,1.0919066667556765,0,1.7220234692096696,all_methods_correct,23.906276893615725,13.113121795654301
images/dissertation_v1/ood/sensory_artifact/border_crop/artifact_000101_05_border_crop.png,1,sensory_artifact,border_crop,62.57468032836914,1,38.58238201141357,77.0399398803711,1,34.763293457031246,0.0004201495612505,0,0.0017387918487656,1.0835785865783691,0,1.7220234692096696,all_methods_correct,23.99229831695557,42.27664642333985
images/dissertation_v1/ood/sensory_artifact/rectangle_annotation/artifact_000051_01_rectangle_annotation.png,1,sensory_artifact,rectangle_annotation,62.66427612304688,1,38.58238201141357,44.97103118896485,1,34.763293457031246,0.0074866903014481,1,0.0017387918487656,0.8204105496406555,0,1.7220234692096696,all_methods_correct,24.08189411163331,10.207737731933605
images/dissertation_v1/ood/sensory_artifact/arrow_annotation/artifact_000030_02_arrow_annotation.png,1,sensory_artifact,arrow_annotation,62.8431396484375,1,38.58238201141357,46.99998092651367,1,34.763293457031246,0.0050058527849614,1,0.0017387918487656,2.5690131187438965,1,1.7220234692096696,all_methods_correct,24.26075763702393,12.236687469482426
images/dissertation_v1/ood/sensory_artifact/blur_artifact/artifact_000082_04_blur_artifact.png,1,sensory_artifact,blur_artifact,62.84372329711914,1,38.58238201141357,36.15211486816406,1,34.763293457031246,0.0002790920552797,0,0.0017387918487656,3.862927436828613,1,1.7220234692096696,all_methods_correct,24.26134128570557,1.3888214111328168
images/dissertation_v1/ood/sensory_artifact/arrow_annotation/artifact_000019_02_arrow_annotation.png,1,sensory_artifact,arrow_annotation,62.86231231689453,1,38.58238201141357,43.01313781738281,1,34.763293457031246,0.0047747171483933,1,0.0017387918487656,1.146528959274292,0,1.7220234692096696,all_methods_correct,24.27993030548096,8.249844360351567
images/dissertation_v1/ood/sensory_artifact/border_crop/artifact_000000_05_border_crop.png,1,sensory_artifact,border_crop,62.89919662475586,1,38.58238201141357,61.77962112426758,1,34.763293457031246,0.0001334243570454,0,0.0017387918487656,1.523475170135498,0,1.7220234692096696,all_methods_correct,24.316814613342288,27.016327667236332
images/dissertation_v1/ood/sensory_artifact/blur_artifact/artifact_000026_04_blur_artifact.png,1,sensory_artifact,blur_artifact,62.95016479492188,1,38.58238201141357,35.404239654541016,1,34.763293457031246,0.0001751289819367,0,0.0017387918487656,1.7116786241531372,0,1.7220234692096696,all_methods_correct,24.36778278350831,0.6409461975097699
images/dissertation_v1/ood/sensory_artifact/arrow_annotation/artifact_000126_02_arrow_annotation.png,1,sensory_artifact,arrow_annotation,63.134220123291016,1,38.58238201141357,54.34082794189453,1,34.763293457031246,0.0063731409609317,1,0.0017387918487656,0.7352806329727173,0,1.7220234692096696,all_methods_correct,24.551838111877444,19.577534484863286
images/dissertation_v1/ood/modality_shift/colour_fundus/colour_fundus_000000.png,1,modality_shift,colour_fundus,63.13766860961914,1,38.58238201141357,42.129825592041016,1,34.763293457031246,0.0522034578025341,1,0.0017387918487656,1.273532152175903,0,1.7220234692096696,all_methods_correct,24.55528659820557,7.36653213500977
images/dissertation_v1/ood/sensory_artifact/rectangle_annotation/artifact_000005_01_rectangle_annotation.png,1,sensory_artifact,rectangle_annotation,63.209075927734375,1,38.58238201141357,45.03986358642578,1,34.763293457031246,0.0119851483032107,1,0.0017387918487656,1.1648540496826172,0,1.7220234692096696,all_methods_correct,24.626693916320804,10.276570129394536
images/dissertation_v1/ood/sensory_artifact/arrow_annotation/artifact_000067_02_arrow_annotation.png,1,sensory_artifact,arrow_annotation,63.37594223022461,1,38.58238201141357,48.644020080566406,1,34.763293457031246,0.0044394480064511,1,0.0017387918487656,1.5531069040298462,0,1.7220234692096696,all_methods_correct,24.793560218811038,13.88072662353516
images/dissertation_v1/ood/sensory_artifact/arrow_annotation/artifact_000014_02_arrow_annotation.png,1,sensory_artifact,arrow_annotation,63.38490676879883,1,38.58238201141357,43.15179061889648,1,34.763293457031246,0.0053979298099875,1,0.0017387918487656,1.233785629272461,0,1.7220234692096696,all_methods_correct,24.802524757385257,8.388497161865232
images/dissertation_v1/ood/sensory_artifact/border_crop/artifact_000017_05_border_crop.png,1,sensory_artifact,border_crop,63.51526641845703,1,38.58238201141357,40.172760009765625,1,34.763293457031246,0.0005443757399916,0,0.0017387918487656,1.0531212091445925,0,1.7220234692096696,all_methods_correct,24.93288440704346,5.409466552734379
images/dissertation_v1/ood/sensory_artifact/rectangle_annotation/artifact_000044_01_rectangle_annotation.png,1,sensory_artifact,rectangle_annotation,63.534706115722656,1,38.58238201141357,39.22441101074219,1,34.763293457031246,0.0119463326409459,1,0.0017387918487656,1.0070744752883911,0,1.7220234692096696,all_methods_correct,24.952324104309085,4.461117553710942
images/dissertation_v1/ood/modality_shift/colour_fundus/colour_fundus_000114.png,1,modality_shift,colour_fundus,63.5366439819336,1,38.58238201141357,38.81856536865234,1,34.763293457031246,0.0362773835659027,1,0.0017387918487656,1.109849214553833,0,1.7220234692096696,all_methods_correct,24.95426197052003,4.055271911621091
images/dissertation_v1/ood/modality_shift/colour_fundus/colour_fundus_000031.png,1,modality_shift,colour_fundus,63.60297775268555,1,38.58238201141357,39.81376647949219,1,34.763293457031246,0.0378312394022941,1,0.0017387918487656,0.9985018968582152,0,1.7220234692096696,all_methods_correct,25.020595741271975,5.050473022460942
images/dissertation_v1/ood/sensory_artifact/border_crop/artifact_000002_05_border_crop.png,1,sensory_artifact,border_crop,63.60838317871094,1,38.58238201141357,35.72126388549805,1,34.763293457031246,0.0012995431898161,0,0.0017387918487656,1.1247183084487915,0,1.7220234692096696,all_methods_correct,25.026001167297366,0.9579704284668011
images/dissertation_v1/ood/modality_shift/colour_fundus/colour_fundus_000112.png,1,modality_shift,colour_fundus,63.60926818847656,1,38.58238201141357,36.55107879638672,1,34.763293457031246,0.0362977348268032,1,0.0017387918487656,1.1152117252349854,0,1.7220234692096696,all_methods_correct,25.02688617706299,1.787785339355473
images/dissertation_v1/ood/modality_shift/colour_fundus/colour_fundus_000113.png,1,modality_shift,colour_fundus,63.75284576416016,1,38.58238201141357,38.08219909667969,1,34.763293457031246,0.0361430905759334,1,0.0017387918487656,1.0068058967590332,0,1.7220234692096696,all_methods_correct,25.170463752746592,3.3189056396484418
images/dissertation_v1/ood/sensory_artifact/border_crop/artifact_000089_05_border_crop.png,1,sensory_artifact,border_crop,63.9213981628418,1,38.58238201141357,36.99176406860352,1,34.763293457031246,0.0007405675132758,0,0.0017387918487656,1.3975664377212524,0,1.7220234692096696,all_methods_correct,25.339016151428225,2.228470611572277
images/dissertation_v1/ood/sensory_artifact/border_crop/artifact_000134_05_border_crop.png,1,sensory_artifact,border_crop,64.06983184814453,1,38.58238201141357,51.1753158569336,1,34.763293457031246,8.078610699158162e-05,0,0.0017387918487656,1.7985343933105469,1,1.7220234692096696,all_methods_correct,25.48744983673096,16.412022399902355
images/dissertation_v1/ood/sensory_artifact/border_crop/artifact_000037_05_border_crop.png,1,sensory_artifact,border_crop,64.08175659179688,1,38.58238201141357,35.404266357421875,1,34.763293457031246,0.000379068456823,0,0.0017387918487656,1.2231007814407349,0,1.7220234692096696,all_methods_correct,25.499374580383304,0.6409729003906293
images/dissertation_v1/ood/sensory_artifact/border_crop/artifact_000038_05_border_crop.png,1,sensory_artifact,border_crop,64.16694641113281,1,38.58238201141357,39.40475845336914,1,34.763293457031246,0.0002555660030338,0,0.0017387918487656,1.2934130430221558,0,1.7220234692096696,all_methods_correct,25.58456439971924,4.641464996337895
images/dissertation_v1/ood/modality_shift/colour_fundus/colour_fundus_000047.png,1,modality_shift,colour_fundus,64.25790405273438,1,38.58238201141357,38.22317886352539,1,34.763293457031246,0.0254952609539031,1,0.0017387918487656,1.0151910781860352,0,1.7220234692096696,all_methods_correct,25.675522041320804,3.459885406494145
images/dissertation_v1/ood/sensory_artifact/border_crop/artifact_000004_05_border_crop.png,1,sensory_artifact,border_crop,64.26091766357422,1,38.58238201141357,38.340450286865234,1,34.763293457031246,0.0007865577354095,0,0.0017387918487656,1.076484203338623,0,1.7220234692096696,all_methods_correct,25.678535652160647,3.5771568298339886
images/dissertation_v1/ood/modality_shift/colour_fundus/colour_fundus_000028.png,1,modality_shift,colour_fundus,64.36911010742188,1,38.58238201141357,38.030033111572266,1,34.763293457031246,0.039440244436264,1,0.0017387918487656,1.0375596284866333,0,1.7220234692096696,all_methods_correct,25.786728096008304,3.26673965454102
images/dissertation_v1/ood/modality_shift/colour_fundus/colour_fundus_000077.png,1,modality_shift,colour_fundus,64.39154815673828,1,38.58238201141357,37.047119140625,1,34.763293457031246,0.0402233637869358,1,0.0017387918487656,0.973177969455719,0,1.7220234692096696,all_methods_correct,25.80916614532471,2.2838256835937543
images/dissertation_v1/ood/sensory_artifact/rectangle_annotation/artifact_000035_01_rectangle_annotation.png,1,sensory_artifact,rectangle_annotation,64.4064712524414,1,38.58238201141357,41.459110260009766,1,34.763293457031246,0.0109573826193809,1,0.0017387918487656,0.6970514059066772,0,1.7220234692096696,all_methods_correct,25.824089241027835,6.69581680297852
images/dissertation_v1/ood/sensory_artifact/border_crop/artifact_000098_05_border_crop.png,1,sensory_artifact,border_crop,64.40652465820312,1,38.58238201141357,73.10881042480469,1,34.763293457031246,0.0003062756150029,0,0.0017387918487656,1.1393393278121948,0,1.7220234692096696,all_methods_correct,25.824142646789554,38.34551696777344
images/dissertation_v1/ood/sensory_artifact/arrow_annotation/artifact_000009_02_arrow_annotation.png,1,sensory_artifact,arrow_annotation,64.42780303955078,1,38.58238201141357,48.179931640625,1,34.763293457031246,0.00619199546054,1,0.0017387918487656,0.9853686094284058,0,1.7220234692096696,all_methods_correct,25.84542102813721,13.416638183593754
images/dissertation_v1/ood/sensory_artifact/arrow_annotation/artifact_000000_02_arrow_annotation.png,1,sensory_artifact,arrow_annotation,64.49531555175781,1,38.58238201141357,56.53242492675781,1,34.763293457031246,0.0054441438987851,1,0.0017387918487656,2.17087197303772,1,1.7220234692096696,all_methods_correct,25.91293354034424,21.769131469726567
images/dissertation_v1/ood/sensory_artifact/arrow_annotation/artifact_000079_02_arrow_annotation.png,1,sensory_artifact,arrow_annotation,64.54801177978516,1,38.58238201141357,45.97848510742188,1,34.763293457031246,0.0045724129304289,1,0.0017387918487656,1.072710633277893,0,1.7220234692096696,all_methods_correct,25.965629768371585,11.215191650390636
images/dissertation_v1/ood/sensory_artifact/arrow_annotation/artifact_000084_02_arrow_annotation.png,1,sensory_artifact,arrow_annotation,64.58132934570312,1,38.58238201141357,48.7493782043457,1,34.763293457031246,0.004688502755016,1,0.0017387918487656,0.8218151926994324,0,1.7220234692096696,all_methods_correct,25.998947334289554,13.986084747314457
images/dissertation_v1/ood/sensory_artifact/arrow_annotation/artifact_000054_02_arrow_annotation.png,1,sensory_artifact,arrow_annotation,64.6304702758789,1,38.58238201141357,42.14850616455078,1,34.763293457031246,0.0054689147509634,1,0.0017387918487656,0.7740477919578552,0,1.7220234692096696,all_methods_correct,26.048088264465335,7.3852127075195355
images/dissertation_v1/ood/modality_shift/colour_fundus/colour_fundus_000078.png,1,modality_shift,colour_fundus,64.65257263183594,1,38.58238201141357,35.29247283935547,1,34.763293457031246,0.0401047840714454,1,0.0017387918487656,0.9011763334274292,0,1.7220234692096696,all_methods_correct,26.070190620422366,0.529179382324223
images/dissertation_v1/ood/modality_shift/colour_fundus/colour_fundus_000117.png,1,modality_shift,colour_fundus,64.77822875976562,1,38.58238201141357,38.20221710205078,1,34.763293457031246,0.0306374002248048,1,0.0017387918487656,1.050363063812256,0,1.7220234692096696,all_methods_correct,26.195846748352054,3.4389236450195355
images/dissertation_v1/ood/modality_shift/colour_fundus/colour_fundus_000115.png,1,modality_shift,colour_fundus,64.87332916259766,1,38.58238201141357,37.45603942871094,1,34.763293457031246,0.030593229457736,1,0.0017387918487656,0.9254946112632751,0,1.7220234692096696,all_methods_correct,26.290947151184085,2.6927459716796918
images/dissertation_v1/ood/sensory_artifact/arrow_annotation/artifact_000093_02_arrow_annotation.png,1,sensory_artifact,arrow_annotation,64.90454864501953,1,38.58238201141357,43.449501037597656,1,34.763293457031246,0.0058895545080304,1,0.0017387918487656,1.1871942281723022,0,1.7220234692096696,all_methods_correct,26.32216663360596,8.68620758056641
images/dissertation_v1/ood/sensory_artifact/arrow_annotation/artifact_000036_02_arrow_annotation.png,1,sensory_artifact,arrow_annotation,64.98575592041016,1,38.58238201141357,52.289398193359375,1,34.763293457031246,0.0054625952616333,1,0.0017387918487656,1.546257734298706,0,1.7220234692096696,all_methods_correct,26.403373908996585,17.52610473632813
images/dissertation_v1/ood/sensory_artifact/gaussian_noise/artifact_000102_06_gaussian_noise.png,1,sensory_artifact,gaussian_noise,64.9869155883789,1,38.58238201141357,55.26273727416992,1,34.763293457031246,0.0013061207719147,0,0.0017387918487656,1.3986241817474363,0,1.7220234692096696,all_methods_correct,26.404533576965335,20.499443817138676
images/dissertation_v1/ood/sensory_artifact/arrow_annotation/artifact_000015_02_arrow_annotation.png,1,sensory_artifact,arrow_annotation,65.00927734375,1,38.58238201141357,43.5057258605957,1,34.763293457031246,0.0054109296761453,1,0.0017387918487656,1.2440859079360962,0,1.7220234692096696,all_methods_correct,26.42689533233643,8.742432403564457
images/dissertation_v1/ood/sensory_artifact/border_crop/artifact_000112_05_border_crop.png,1,sensory_artifact,border_crop,65.04322052001953,1,38.58238201141357,40.347991943359375,1,34.763293457031246,0.0004500692884903,0,0.0017387918487656,0.9908850193023682,0,1.7220234692096696,all_methods_correct,26.46083850860596,5.584698486328129
images/dissertation_v1/ood/modality_shift/colour_fundus/colour_fundus_000055.png,1,modality_shift,colour_fundus,65.14519500732422,1,38.58238201141357,37.86937713623047,1,34.763293457031246,0.0349833220243454,1,0.0017387918487656,1.148622751235962,0,1.7220234692096696,all_methods_correct,26.562812995910647,3.106083679199223
images/dissertation_v1/ood/modality_shift/colour_fundus/colour_fundus_000015.png,1,modality_shift,colour_fundus,65.27806091308594,1,38.58238201141357,39.33099365234375,1,34.763293457031246,0.0343351960182189,1,0.0017387918487656,0.7526159286499023,0,1.7220234692096696,all_methods_correct,26.695678901672366,4.567700195312504
images/dissertation_v1/ood/sensory_artifact/border_crop/artifact_000080_05_border_crop.png,1,sensory_artifact,border_crop,65.29012298583984,1,38.58238201141357,43.03386306762695,1,34.763293457031246,0.0005968484911136,0,0.0017387918487656,1.022076964378357,0,1.7220234692096696,all_methods_correct,26.707740974426272,8.270569610595707
images/dissertation_v1/ood/sensory_artifact/arrow_annotation/artifact_000117_02_arrow_annotation.png,1,sensory_artifact,arrow_annotation,65.32945251464844,1,38.58238201141357,44.01129531860352,1,34.763293457031246,0.0051229363307356,1,0.0017387918487656,1.1814854145050049,0,1.7220234692096696,all_methods_correct,26.747070503234866,9.248001861572277
images/dissertation_v1/ood/sensory_artifact/rectangle_annotation/artifact_000099_01_rectangle_annotation.png,1,sensory_artifact,rectangle_annotation,65.43409729003906,1,38.58238201141357,44.530155181884766,1,34.763293457031246,0.0082192262634634,1,0.0017387918487656,0.6776102781295776,0,1.7220234692096696,all_methods_correct,26.85171527862549,9.76686172485352
images/dissertation_v1/ood/sensory_artifact/border_crop/artifact_000059_05_border_crop.png,1,sensory_artifact,border_crop,65.44208526611328,1,38.58238201141357,47.44784164428711,1,34.763293457031246,0.0004644425935111,0,0.0017387918487656,1.3042858839035034,0,1.7220234692096696,all_methods_correct,26.85970325469971,12.684548187255864
images/dissertation_v1/ood/sensory_artifact/arrow_annotation/artifact_000072_02_arrow_annotation.png,1,sensory_artifact,arrow_annotation,65.5394515991211,1,38.58238201141357,45.90948486328125,1,34.763293457031246,0.0051255524158477,1,0.0017387918487656,1.7592413425445557,1,1.7220234692096696,all_methods_correct,26.957069587707522,11.146191406250004
images/dissertation_v1/ood/modality_shift/colour_fundus/colour_fundus_000168.png,1,modality_shift,colour_fundus,65.58895874023438,1,38.58238201141357,37.29149627685547,1,34.763293457031246,0.0398756079375743,1,0.0017387918487656,1.045355200767517,0,1.7220234692096696,all_methods_correct,27.006576728820804,2.528202819824223
images/dissertation_v1/ood/sensory_artifact/arrow_annotation/artifact_000097_02_arrow_annotation.png,1,sensory_artifact,arrow_annotation,65.60752868652344,1,38.58238201141357,50.04920959472656,1,34.763293457031246,0.0052997358143329,1,0.0017387918487656,2.172068357467652,1,1.7220234692096696,all_methods_correct,27.025146675109866,15.285916137695317
images/dissertation_v1/ood/sensory_artifact/border_crop/artifact_000058_05_border_crop.png,1,sensory_artifact,border_crop,65.61509704589844,1,38.58238201141357,42.36686325073242,1,34.763293457031246,0.0001956032792804,0,0.0017387918487656,1.8040809631347656,1,1.7220234692096696,all_methods_correct,27.032715034484866,7.603569793701176
images/dissertation_v1/ood/sensory_artifact/arrow_annotation/artifact_000078_02_arrow_annotation.png,1,sensory_artifact,arrow_annotation,65.66303253173828,1,38.58238201141357,47.305206298828125,1,34.763293457031246,0.0056085004471242,1,0.0017387918487656,0.9259986877441406,0,1.7220234692096696,all_methods_correct,27.08065052032471,12.54191284179688
images/dissertation_v1/ood/sensory_artifact/rectangle_annotation/artifact_000042_01_rectangle_annotation.png,1,sensory_artifact,rectangle_annotation,65.9661865234375,1,38.58238201141357,45.25115203857422,1,34.763293457031246,0.0105796381831169,1,0.0017387918487656,1.243504285812378,0,1.7220234692096696,all_methods_correct,27.38380451202393,10.487858581542973
images/dissertation_v1/ood/modality_shift/colour_fundus/colour_fundus_000056.png,1,modality_shift,colour_fundus,66.03753662109375,1,38.58238201141357,40.00973510742188,1,34.763293457031246,0.0348110310733318,1,0.0017387918487656,1.1127679347991943,0,1.7220234692096696,all_methods_correct,27.45515460968018,5.246441650390636
images/dissertation_v1/ood/sensory_artifact/gaussian_noise/artifact_000085_06_gaussian_noise.png,1,sensory_artifact,gaussian_noise,66.07243347167969,1,38.58238201141357,41.92161560058594,1,34.763293457031246,0.0015767435543239,0,0.0017387918487656,1.1584619283676147,0,1.7220234692096696,all_methods_correct,27.490051460266116,7.158322143554692
images/dissertation_v1/ood/modality_shift/colour_fundus/colour_fundus_000029.png,1,modality_shift,colour_fundus,66.12117004394531,1,38.58238201141357,41.22222137451172,1,34.763293457031246,0.031003737822175,1,0.0017387918487656,0.90106463432312,0,1.7220234692096696,all_methods_correct,27.53878803253174,6.458927917480473
images/dissertation_v1/ood/modality_shift/colour_fundus/colour_fundus_000035.png,1,modality_shift,colour_fundus,66.15876770019531,1,38.58238201141357,41.977294921875,1,34.763293457031246,0.0475617013871669,1,0.0017387918487656,1.362009048461914,0,1.7220234692096696,all_methods_correct,27.57638568878174,7.214001464843754
images/dissertation_v1/ood/modality_shift/colour_fundus/colour_fundus_000002.png,1,modality_shift,colour_fundus,66.5968246459961,1,38.58238201141357,40.03001022338867,1,34.763293457031246,0.0721218287944793,1,0.0017387918487656,1.6303386688232422,0,1.7220234692096696,all_methods_correct,28.014442634582522,5.266716766357426
images/dissertation_v1/ood/sensory_artifact/border_crop/artifact_000056_05_border_crop.png,1,sensory_artifact,border_crop,66.60362243652344,1,38.58238201141357,66.8939437866211,1,34.763293457031246,0.0001196064913528,0,0.0017387918487656,1.3836920261383057,0,1.7220234692096696,all_methods_correct,28.021240425109866,32.13065032958985
images/dissertation_v1/ood/sensory_artifact/arrow_annotation/artifact_000129_02_arrow_annotation.png,1,sensory_artifact,arrow_annotation,66.62141418457031,1,38.58238201141357,44.46056365966797,1,34.763293457031246,0.0076238275505602,1,0.0017387918487656,1.0456172227859497,0,1.7220234692096696,all_methods_correct,28.03903217315674,9.697270202636723
images/dissertation_v1/ood/sensory_artifact/rectangle_annotation/artifact_000078_01_rectangle_annotation.png,1,sensory_artifact,rectangle_annotation,66.64663696289062,1,38.58238201141357,40.24847412109375,1,34.763293457031246,0.01115592289716,1,0.0017387918487656,0.9007624387741088,0,1.7220234692096696,all_methods_correct,28.064254951477054,5.485180664062504
images/dissertation_v1/ood/sensory_artifact/arrow_annotation/artifact_000107_02_arrow_annotation.png,1,sensory_artifact,arrow_annotation,66.64733123779297,1,38.58238201141357,52.06049728393555,1,34.763293457031246,0.0056080077774822,1,0.0017387918487656,1.555301308631897,0,1.7220234692096696,all_methods_correct,28.064949226379397,17.2972038269043
images/dissertation_v1/ood/modality_shift/colour_fundus/colour_fundus_000030.png,1,modality_shift,colour_fundus,66.7102279663086,1,38.58238201141357,39.37644577026367,1,34.763293457031246,0.0309923160821199,1,0.0017387918487656,1.0764503479003906,0,1.7220234692096696,all_methods_correct,28.127845954895022,4.613152313232426
images/dissertation_v1/ood/sensory_artifact/arrow_annotation/artifact_000139_02_arrow_annotation.png,1,sensory_artifact,arrow_annotation,66.85222625732422,1,38.58238201141357,48.61077880859375,1,34.763293457031246,0.005254044663161,1,0.0017387918487656,1.0564732551574707,0,1.7220234692096696,all_methods_correct,28.269844245910647,13.847485351562504
images/dissertation_v1/ood/sensory_artifact/arrow_annotation/artifact_000048_02_arrow_annotation.png,1,sensory_artifact,arrow_annotation,67.04236602783203,1,38.58238201141357,48.36723327636719,1,34.763293457031246,0.0050520077347755,1,0.0017387918487656,0.8197619318962097,0,1.7220234692096696,all_methods_correct,28.45998401641846,13.603939819335942
images/dissertation_v1/ood/modality_shift/colour_fundus/colour_fundus_000064.png,1,modality_shift,colour_fundus,67.15569305419922,1,38.58238201141357,40.47840118408203,1,34.763293457031246,0.0338062830269336,1,0.0017387918487656,0.9180171489715576,0,1.7220234692096696,all_methods_correct,28.573311042785647,5.7151077270507855
images/dissertation_v1/ood/modality_shift/colour_fundus/colour_fundus_000144.png,1,modality_shift,colour_fundus,67.31748962402344,1,38.58238201141357,38.72113037109375,1,34.763293457031246,0.0911988466978073,1,0.0017387918487656,1.6942086219787598,0,1.7220234692096696,all_methods_correct,28.735107612609866,3.9578369140625043
images/dissertation_v1/ood/sensory_artifact/arrow_annotation/artifact_000142_02_arrow_annotation.png,1,sensory_artifact,arrow_annotation,67.35041046142578,1,38.58238201141357,42.31578826904297,1,34.763293457031246,0.0054604574106633,1,0.0017387918487656,0.6866216063499451,0,1.7220234692096696,all_methods_correct,28.76802845001221,7.552494812011723
images/dissertation_v1/ood/modality_shift/colour_fundus/colour_fundus_000105.png,1,modality_shift,colour_fundus,67.4740219116211,1,38.58238201141357,40.619327545166016,1,34.763293457031246,0.0425858609378337,1,0.0017387918487656,1.0371663570404053,0,1.7220234692096696,all_methods_correct,28.891639900207522,5.85603408813477
images/dissertation_v1/ood/modality_shift/colour_fundus/colour_fundus_000169.png,1,modality_shift,colour_fundus,67.58136749267578,1,38.58238201141357,41.14825439453125,1,34.763293457031246,0.0394855439662933,1,0.0017387918487656,1.0352646112442017,0,1.7220234692096696,all_methods_correct,28.99898548126221,6.384960937500004
images/dissertation_v1/ood/sensory_artifact/arrow_annotation/artifact_000103_02_arrow_annotation.png,1,sensory_artifact,arrow_annotation,67.70408630371094,1,38.58238201141357,51.51060104370117,1,34.763293457031246,0.0051315035670995,1,0.0017387918487656,1.427832007408142,0,1.7220234692096696,all_methods_correct,29.121704292297366,16.747307586669926
images/dissertation_v1/ood/modality_shift/colour_fundus/colour_fundus_000135.png,1,modality_shift,colour_fundus,67.7249755859375,1,38.58238201141357,37.75930404663086,1,34.763293457031246,0.0779283121228218,1,0.0017387918487656,1.3183695077896118,0,1.7220234692096696,all_methods_correct,29.14259357452393,2.9960105895996136
images/dissertation_v1/ood/modality_shift/colour_fundus/colour_fundus_000075.png,1,modality_shift,colour_fundus,67.74212646484375,1,38.58238201141357,41.76021957397461,1,34.763293457031246,0.0483010150492191,1,0.0017387918487656,0.9754440188407898,0,1.7220234692096696,all_methods_correct,29.15974445343018,6.996926116943364
images/dissertation_v1/ood/modality_shift/colour_fundus/colour_fundus_000163.png,1,modality_shift,colour_fundus,67.74454498291016,1,38.58238201141357,40.98458480834961,1,34.763293457031246,0.0399864204227924,1,0.0017387918487656,1.1771997213363647,0,1.7220234692096696,all_methods_correct,29.162162971496585,6.221291351318364
images/dissertation_v1/ood/sensory_artifact/arrow_annotation/artifact_000008_02_arrow_annotation.png,1,sensory_artifact,arrow_annotation,67.88133239746094,1,38.58238201141357,49.10383224487305,1,34.763293457031246,0.0048522902652621,1,0.0017387918487656,1.1475551128387451,0,1.7220234692096696,all_methods_correct,29.298950386047366,14.340538787841801
images/dissertation_v1/ood/modality_shift/colour_fundus/colour_fundus_000061.png,1,modality_shift,colour_fundus,67.92228698730469,1,38.58238201141357,36.634952545166016,1,34.763293457031246,0.0550040565431118,1,0.0017387918487656,1.2056461572647097,0,1.7220234692096696,all_methods_correct,29.339904975891116,1.8716590881347699
images/dissertation_v1/ood/modality_shift/colour_fundus/colour_fundus_000142.png,1,modality_shift,colour_fundus,68.00519561767578,1,38.58238201141357,39.04706954956055,1,34.763293457031246,0.07727961987257,1,0.0017387918487656,1.2893046140670776,0,1.7220234692096696,all_methods_correct,29.42281360626221,4.283776092529301
images/dissertation_v1/ood/modality_shift/colour_fundus/colour_fundus_000164.png,1,modality_shift,colour_fundus,68.15168762207031,1,38.58238201141357,35.07256317138672,1,34.763293457031246,0.0798594504594802,1,0.0017387918487656,1.9516637325286863,1,1.7220234692096696,all_methods_correct,29.56930561065674,0.309269714355473
images/dissertation_v1/ood/modality_shift/colour_fundus/colour_fundus_000110.png,1,modality_shift,colour_fundus,68.44410705566406,1,38.58238201141357,37.14765167236328,1,34.763293457031246,0.0227147135883569,1,0.0017387918487656,0.9756227731704712,0,1.7220234692096696,all_methods_correct,29.86172504425049,2.3843582153320355
images/dissertation_v1/ood/modality_shift/colour_fundus/colour_fundus_000022.png,1,modality_shift,colour_fundus,68.50020599365234,1,38.58238201141357,38.38543701171875,1,34.763293457031246,0.0293838307261466,1,0.0017387918487656,1.058347463607788,0,1.7220234692096696,all_methods_correct,29.917823982238772,3.6221435546875043
images/dissertation_v1/ood/modality_shift/colour_fundus/colour_fundus_000125.png,1,modality_shift,colour_fundus,68.64715576171875,1,38.58238201141357,37.89352798461914,1,34.763293457031246,0.0576405934989452,1,0.0017387918487656,0.9143530130386353,0,1.7220234692096696,all_methods_correct,30.06477375030518,3.130234527587895
images/dissertation_v1/ood/modality_shift/colour_fundus/colour_fundus_000138.png,1,modality_shift,colour_fundus,68.70228576660156,1,38.58238201141357,37.46529769897461,1,34.763293457031246,0.0900297984480857,1,0.0017387918487656,1.720211148262024,0,1.7220234692096696,all_methods_correct,30.11990375518799,2.7020042419433636
images/dissertation_v1/ood/modality_shift/colour_fundus/colour_fundus_000023.png,1,modality_shift,colour_fundus,68.71287536621094,1,38.58238201141357,38.77547836303711,1,34.763293457031246,0.0515406057238578,1,0.0017387918487656,1.4745625257492063,0,1.7220234692096696,all_methods_correct,30.130493354797366,4.012184906005864
images/dissertation_v1/ood/modality_shift/colour_fundus/colour_fundus_000067.png,1,modality_shift,colour_fundus,68.83893585205078,1,38.58238201141357,39.30472946166992,1,34.763293457031246,0.0552726797759532,1,0.0017387918487656,1.2258093357086182,0,1.7220234692096696,all_methods_correct,30.25655384063721,4.541436004638676
images/dissertation_v1/ood/modality_shift/colour_fundus/colour_fundus_000095.png,1,modality_shift,colour_fundus,68.93755340576172,1,38.58238201141357,42.27216720581055,1,34.763293457031246,0.0496653020381927,1,0.0017387918487656,1.5367130041122437,0,1.7220234692096696,all_methods_correct,30.355171394348147,7.508873748779301
images/dissertation_v1/ood/sensory_artifact/arrow_annotation/artifact_000073_02_arrow_annotation.png,1,sensory_artifact,arrow_annotation,69.0155029296875,1,38.58238201141357,50.643333435058594,1,34.763293457031246,0.0046427315101027,1,0.0017387918487656,2.3707499504089355,1,1.7220234692096696,all_methods_correct,30.43312091827393,15.880039978027348
images/dissertation_v1/ood/sensory_artifact/border_crop/artifact_000041_05_border_crop.png,1,sensory_artifact,border_crop,69.026123046875,1,38.58238201141357,45.99692153930664,1,34.763293457031246,0.0010464212391525,0,0.0017387918487656,1.398812770843506,0,1.7220234692096696,all_methods_correct,30.44374103546143,11.233628082275395
images/dissertation_v1/ood/sensory_artifact/arrow_annotation/artifact_000113_02_arrow_annotation.png,1,sensory_artifact,arrow_annotation,69.03325653076172,1,38.58238201141357,51.18878173828125,1,34.763293457031246,0.005785200279206,1,0.0017387918487656,2.381052017211914,1,1.7220234692096696,all_methods_correct,30.450874519348147,16.425488281250004
images/dissertation_v1/ood/modality_shift/colour_fundus/colour_fundus_000051.png,1,modality_shift,colour_fundus,69.06623840332031,1,38.58238201141357,38.9453125,1,34.763293457031246,0.0400258488953113,1,0.0017387918487656,0.9905858635902404,0,1.7220234692096696,all_methods_correct,30.48385639190674,4.182019042968754
images/dissertation_v1/ood/modality_shift/colour_fundus/colour_fundus_000046.png,1,modality_shift,colour_fundus,69.2116928100586,1,38.58238201141357,37.64585113525391,1,34.763293457031246,0.0427874736487865,1,0.0017387918487656,1.093645691871643,0,1.7220234692096696,all_methods_correct,30.629310798645022,2.8825576782226676
images/dissertation_v1/ood/sensory_artifact/rectangle_annotation/artifact_000011_01_rectangle_annotation.png,1,sensory_artifact,rectangle_annotation,69.34901428222656,1,38.58238201141357,38.78634262084961,1,34.763293457031246,0.0119107896462082,1,0.0017387918487656,0.7246058583259583,0,1.7220234692096696,all_methods_correct,30.76663227081299,4.023049163818364
images/dissertation_v1/ood/modality_shift/colour_fundus/colour_fundus_000049.png,1,modality_shift,colour_fundus,69.37538146972656,1,38.58238201141357,37.02887344360352,1,34.763293457031246,0.0312317758798599,1,0.0017387918487656,0.9215498566627502,0,1.7220234692096696,all_methods_correct,30.79299945831299,2.265579986572277
images/dissertation_v1/ood/modality_shift/colour_fundus/colour_fundus_000139.png,1,modality_shift,colour_fundus,69.40982055664062,1,38.58238201141357,40.18596649169922,1,34.763293457031246,0.0596019774675369,1,0.0017387918487656,2.001128911972046,1,1.7220234692096696,all_methods_correct,30.827438545227054,5.422673034667973
images/dissertation_v1/ood/modality_shift/colour_fundus/colour_fundus_000145.png,1,modality_shift,colour_fundus,69.46758270263672,1,38.58238201141357,38.85335159301758,1,34.763293457031246,0.0584150813519954,1,0.0017387918487656,1.0346752405166626,0,1.7220234692096696,all_methods_correct,30.885200691223147,4.090058135986332
images/dissertation_v1/ood/sensory_artifact/border_crop/artifact_000140_05_border_crop.png,1,sensory_artifact,border_crop,69.55597686767578,1,38.58238201141357,38.834991455078125,1,34.763293457031246,0.0010345957707613,0,0.0017387918487656,1.2585774660110474,0,1.7220234692096696,all_methods_correct,30.97359485626221,4.071697998046879
images/dissertation_v1/ood/sensory_artifact/rectangle_annotation/artifact_000006_01_rectangle_annotation.png,1,sensory_artifact,rectangle_annotation,69.56159210205078,1,38.58238201141357,40.94342422485352,1,34.763293457031246,0.0136394584551453,1,0.0017387918487656,0.7147912979125977,0,1.7220234692096696,all_methods_correct,30.97921009063721,6.180130767822277
images/dissertation_v1/ood/modality_shift/colour_fundus/colour_fundus_000019.png,1,modality_shift,colour_fundus,69.6395263671875,1,38.58238201141357,42.67546463012695,1,34.763293457031246,0.0199528578668832,1,0.0017387918487656,0.751573383808136,0,1.7220234692096696,all_methods_correct,31.05714435577393,7.912171173095707
images/dissertation_v1/ood/sensory_artifact/arrow_annotation/artifact_000046_02_arrow_annotation.png,1,sensory_artifact,arrow_annotation,69.65025329589844,1,38.58238201141357,46.91499710083008,1,34.763293457031246,0.0052703428082168,1,0.0017387918487656,1.0910438299179075,0,1.7220234692096696,all_methods_correct,31.067871284484866,12.151703643798832
images/dissertation_v1/ood/sensory_artifact/arrow_annotation/artifact_000041_02_arrow_annotation.png,1,sensory_artifact,arrow_annotation,69.73163604736328,1,38.58238201141357,48.08146667480469,1,34.763293457031246,0.0067218793556094,1,0.0017387918487656,1.1502131223678589,0,1.7220234692096696,all_methods_correct,31.14925403594971,13.318173217773442
images/dissertation_v1/ood/sensory_artifact/border_crop/artifact_000047_05_border_crop.png,1,sensory_artifact,border_crop,69.8071517944336,1,38.58238201141357,77.84795379638672,1,34.763293457031246,0.0008270276011899,0,0.0017387918487656,0.997490406036377,0,1.7220234692096696,all_methods_correct,31.224769783020022,43.08466033935547
images/dissertation_v1/ood/modality_shift/colour_fundus/colour_fundus_000016.png,1,modality_shift,colour_fundus,69.88294219970703,1,38.58238201141357,38.50236511230469,1,34.763293457031246,0.0332009457051754,1,0.0017387918487656,0.8808587193489075,0,1.7220234692096696,all_methods_correct,31.30056018829346,3.7390716552734418
images/dissertation_v1/ood/modality_shift/colour_fundus/colour_fundus_000187.png,1,modality_shift,colour_fundus,69.89994049072266,1,38.58238201141357,36.2121467590332,1,34.763293457031246,0.0865170061588287,1,0.0017387918487656,1.9207861423492432,1,1.7220234692096696,all_methods_correct,31.317558479309085,1.4488533020019574
images/dissertation_v1/ood/sensory_artifact/arrow_annotation/artifact_000077_02_arrow_annotation.png,1,sensory_artifact,arrow_annotation,69.9256820678711,1,38.58238201141357,44.630615234375,1,34.763293457031246,0.0057605025358498,1,0.0017387918487656,1.1836963891983032,0,1.7220234692096696,all_methods_correct,31.343300056457522,9.867321777343754
images/dissertation_v1/ood/modality_shift/colour_fundus/colour_fundus_000122.png,1,modality_shift,colour_fundus,70.07830047607422,1,38.58238201141357,38.992713928222656,1,34.763293457031246,0.075615294277668,1,0.0017387918487656,1.2390375137329102,0,1.7220234692096696,all_methods_correct,31.495918464660647,4.2294204711914105
images/dissertation_v1/ood/sensory_artifact/arrow_annotation/artifact_000108_02_arrow_annotation.png,1,sensory_artifact,arrow_annotation,70.08726501464844,1,38.58238201141357,47.62559127807617,1,34.763293457031246,0.0051498804241418,1,0.0017387918487656,1.6243473291397097,0,1.7220234692096696,all_methods_correct,31.504883003234866,12.862297821044926
images/dissertation_v1/ood/sensory_artifact/arrow_annotation/artifact_000112_02_arrow_annotation.png,1,sensory_artifact,arrow_annotation,70.08883666992188,1,38.58238201141357,39.51187515258789,1,34.763293457031246,0.0055053476244211,1,0.0017387918487656,1.1143133640289309,0,1.7220234692096696,all_methods_correct,31.506454658508304,4.748581695556645
images/dissertation_v1/ood/modality_shift/colour_fundus/colour_fundus_000098.png,1,modality_shift,colour_fundus,70.13286590576172,1,38.58238201141357,37.02350997924805,1,34.763293457031246,0.0646771714091301,1,0.0017387918487656,1.1494742631912231,0,1.7220234692096696,all_methods_correct,31.550483894348147,2.260216522216801
images/dissertation_v1/ood/sensory_artifact/jpeg_compression/artifact_000005_07_jpeg_compression.png,1,sensory_artifact,jpeg_compression,70.21975708007812,1,38.58238201141357,43.05488586425781,1,34.763293457031246,0.0008678011363372,0,0.0017387918487656,1.2554574012756348,0,1.7220234692096696,all_methods_correct,31.637375068664554,8.291592407226567
images/dissertation_v1/ood/sensory_artifact/border_crop/artifact_000141_05_border_crop.png,1,sensory_artifact,border_crop,70.25125122070312,1,38.58238201141357,49.936336517333984,1,34.763293457031246,0.0004139038501307,0,0.0017387918487656,1.2207322120666504,0,1.7220234692096696,all_methods_correct,31.668869209289554,15.173043060302739
images/dissertation_v1/ood/sensory_artifact/arrow_annotation/artifact_000138_02_arrow_annotation.png,1,sensory_artifact,arrow_annotation,70.27668762207031,1,38.58238201141357,48.42091751098633,1,34.763293457031246,0.0059043779037892,1,0.0017387918487656,1.722183108329773,1,1.7220234692096696,all_methods_correct,31.69430561065674,13.657624053955082
images/dissertation_v1/ood/modality_shift/colour_fundus/colour_fundus_000033.png,1,modality_shift,colour_fundus,70.28402709960938,1,38.58238201141357,38.34862518310547,1,34.763293457031246,0.0423911474645137,1,0.0017387918487656,1.328965187072754,0,1.7220234692096696,all_methods_correct,31.701645088195804,3.585331726074223
images/dissertation_v1/ood/modality_shift/colour_fundus/colour_fundus_000034.png,1,modality_shift,colour_fundus,70.45025634765625,1,38.58238201141357,41.309871673583984,1,34.763293457031246,0.0448884256184101,1,0.0017387918487656,1.1858761310577393,0,1.7220234692096696,all_methods_correct,31.86787433624268,6.546578216552739
images/dissertation_v1/ood/modality_shift/colour_fundus/colour_fundus_000182.png,1,modality_shift,colour_fundus,70.45441436767578,1,38.58238201141357,39.6954345703125,1,34.763293457031246,0.0974477156996727,1,0.0017387918487656,2.2920830249786377,1,1.7220234692096696,all_methods_correct,31.87203235626221,4.932141113281254
images/dissertation_v1/ood/sensory_artifact/border_crop/artifact_000032_05_border_crop.png,1,sensory_artifact,border_crop,70.62983703613281,1,38.58238201141357,78.79925537109375,1,34.763293457031246,0.0004346808709669,0,0.0017387918487656,1.2444173097610474,0,1.7220234692096696,all_methods_correct,32.04745502471924,44.035961914062504
images/dissertation_v1/ood/modality_shift/colour_fundus/colour_fundus_000133.png,1,modality_shift,colour_fundus,70.7133560180664,1,38.58238201141357,37.6836051940918,1,34.763293457031246,0.0509861186146736,1,0.0017387918487656,1.1199406385421753,0,1.7220234692096696,all_methods_correct,32.130974006652835,2.920311737060551
images/dissertation_v1/ood/sensory_artifact/arrow_annotation/artifact_000092_02_arrow_annotation.png,1,sensory_artifact,arrow_annotation,70.7165756225586,1,38.58238201141357,45.23468780517578,1,34.763293457031246,0.0059950500726699,1,0.0017387918487656,1.5362790822982788,0,1.7220234692096696,all_methods_correct,32.13419361114502,10.471394348144536
images/dissertation_v1/ood/modality_shift/colour_fundus/colour_fundus_000101.png,1,modality_shift,colour_fundus,70.73351287841797,1,38.58238201141357,39.024295806884766,1,34.763293457031246,0.0708726793527603,1,0.0017387918487656,1.6048481464385986,0,1.7220234692096696,all_methods_correct,32.1511308670044,4.26100234985352
images/dissertation_v1/ood/sensory_artifact/rectangle_annotation/artifact_000104_01_rectangle_annotation.png,1,sensory_artifact,rectangle_annotation,70.8489761352539,1,38.58238201141357,44.65025329589844,1,34.763293457031246,0.0105583313852548,1,0.0017387918487656,0.9535514116287231,0,1.7220234692096696,all_methods_correct,32.266594123840335,9.886959838867192
images/dissertation_v1/ood/sensory_artifact/rectangle_annotation/artifact_000059_01_rectangle_annotation.png,1,sensory_artifact,rectangle_annotation,70.85060119628906,1,38.58238201141357,41.57915496826172,1,34.763293457031246,0.0120245777070522,1,0.0017387918487656,1.153462529182434,0,1.7220234692096696,all_methods_correct,32.26821918487549,6.815861511230473
images/dissertation_v1/ood/sensory_artifact/border_crop/artifact_000072_05_border_crop.png,1,sensory_artifact,border_crop,70.98029327392578,1,38.58238201141357,40.65223693847656,1,34.763293457031246,0.0007009479450061,0,0.0017387918487656,1.5453717708587646,0,1.7220234692096696,all_methods_correct,32.39791126251221,5.888943481445317
images/dissertation_v1/ood/modality_shift/colour_fundus/colour_fundus_000189.png,1,modality_shift,colour_fundus,71.0372543334961,1,38.58238201141357,37.06196594238281,1,34.763293457031246,0.0871847867965698,1,0.0017387918487656,2.0155558586120605,1,1.7220234692096696,all_methods_correct,32.45487232208252,2.2986724853515668
images/dissertation_v1/ood/modality_shift/colour_fundus/colour_fundus_000062.png,1,modality_shift,colour_fundus,71.06001281738281,1,38.58238201141357,38.78673553466797,1,34.763293457031246,0.0619418621063232,1,0.0017387918487656,1.5493627786636353,0,1.7220234692096696,all_methods_correct,32.47763080596924,4.023442077636723
images/dissertation_v1/ood/modality_shift/colour_fundus/colour_fundus_000111.png,1,modality_shift,colour_fundus,71.07439422607422,1,38.58238201141357,36.10078811645508,1,34.763293457031246,0.022438108921051,1,0.0017387918487656,0.9330711364746094,0,1.7220234692096696,all_methods_correct,32.49201221466065,1.3374946594238324
images/dissertation_v1/ood/modality_shift/colour_fundus/colour_fundus_000024.png,1,modality_shift,colour_fundus,71.07926177978516,1,38.58238201141357,43.00338363647461,1,34.763293457031246,0.0515895262360572,1,0.0017387918487656,1.1220303773880005,0,1.7220234692096696,all_methods_correct,32.496879768371585,8.240090179443364
images/dissertation_v1/ood/sensory_artifact/arrow_annotation/artifact_000088_02_arrow_annotation.png,1,sensory_artifact,arrow_annotation,71.17593383789062,1,38.58238201141357,45.86527633666992,1,34.763293457031246,0.0054280310869216,1,0.0017387918487656,1.850117325782776,1,1.7220234692096696,all_methods_correct,32.593551826477054,11.101982879638676
images/dissertation_v1/ood/sensory_artifact/border_crop/artifact_000045_05_border_crop.png,1,sensory_artifact,border_crop,71.25253295898438,1,38.58238201141357,38.81631088256836,1,34.763293457031246,0.0002416585484752,0,0.0017387918487656,1.6234838962554932,0,1.7220234692096696,all_methods_correct,32.670150947570804,4.053017425537114
images/dissertation_v1/ood/modality_shift/colour_fundus/colour_fundus_000084.png,1,modality_shift,colour_fundus,71.38988494873047,1,38.58238201141357,38.46792602539063,1,34.763293457031246,0.0480292104184627,1,0.0017387918487656,1.1214317083358765,0,1.7220234692096696,all_methods_correct,32.8075029373169,3.7046325683593864
images/dissertation_v1/ood/sensory_artifact/rectangle_annotation/artifact_000016_01_rectangle_annotation.png,1,sensory_artifact,rectangle_annotation,71.47266387939453,1,38.58238201141357,45.1702995300293,1,34.763293457031246,0.0132916346192359,1,0.0017387918487656,0.8967304825782776,0,1.7220234692096696,all_methods_correct,32.89028186798096,10.407006072998051
images/dissertation_v1/ood/modality_shift/colour_fundus/colour_fundus_000096.png,1,modality_shift,colour_fundus,71.47623443603516,1,38.58238201141357,37.156776428222656,1,34.763293457031246,0.0646941438317298,1,0.0017387918487656,1.1478146314620972,0,1.7220234692096696,all_methods_correct,32.893852424621585,2.3934829711914105
images/dissertation_v1/ood/modality_shift/colour_fundus/colour_fundus_000069.png,1,modality_shift,colour_fundus,71.56685638427734,1,38.58238201141357,38.25601577758789,1,34.763293457031246,0.0902454331517219,1,0.0017387918487656,1.989949107170105,1,1.7220234692096696,all_methods_correct,32.98447437286377,3.492722320556645
images/dissertation_v1/ood/modality_shift/colour_fundus/colour_fundus_000091.png,1,modality_shift,colour_fundus,71.57475280761719,1,38.58238201141357,39.31795120239258,1,34.763293457031246,0.0733448043465614,1,0.0017387918487656,1.6830575466156006,0,1.7220234692096696,all_methods_correct,32.992370796203616,4.554657745361332
images/dissertation_v1/ood/modality_shift/colour_fundus/colour_fundus_000195.png,1,modality_shift,colour_fundus,71.57833099365234,1,38.58238201141357,36.9658317565918,1,34.763293457031246,0.0974406003952026,1,0.0017387918487656,2.289925098419189,1,1.7220234692096696,all_methods_correct,32.99594898223877,2.202538299560551
images/dissertation_v1/ood/sensory_artifact/arrow_annotation/artifact_000083_02_arrow_annotation.png,1,sensory_artifact,arrow_annotation,71.5927963256836,1,38.58238201141357,44.4355697631836,1,34.763293457031246,0.0053648841567337,1,0.0017387918487656,0.8894121646881104,0,1.7220234692096696,all_methods_correct,33.01041431427002,9.672276306152355
images/dissertation_v1/ood/sensory_artifact/arrow_annotation/artifact_000109_02_arrow_annotation.png,1,sensory_artifact,arrow_annotation,71.59996032714844,1,38.58238201141357,45.75651931762695,1,34.763293457031246,0.0060264761559665,1,0.0017387918487656,1.6416462659835815,0,1.7220234692096696,all_methods_correct,33.017578315734866,10.993225860595707
images/dissertation_v1/ood/sensory_artifact/rectangle_annotation/artifact_000040_01_rectangle_annotation.png,1,sensory_artifact,rectangle_annotation,71.62850189208984,1,38.58238201141357,42.97032165527344,1,34.763293457031246,0.012270382605493,1,0.0017387918487656,1.012425422668457,0,1.7220234692096696,all_methods_correct,33.04611988067627,8.207028198242192
images/dissertation_v1/ood/modality_shift/colour_fundus/colour_fundus_000027.png,1,modality_shift,colour_fundus,71.63056945800781,1,38.58238201141357,38.794376373291016,1,34.763293457031246,0.0355312377214431,1,0.0017387918487656,0.9560481905937196,0,1.7220234692096696,all_methods_correct,33.04818744659424,4.03108291625977
images/dissertation_v1/ood/modality_shift/colour_fundus/colour_fundus_000070.png,1,modality_shift,colour_fundus,71.97013092041016,1,38.58238201141357,35.909725189208984,1,34.763293457031246,0.0890968143939971,1,0.0017387918487656,1.865059733390808,1,1.7220234692096696,all_methods_correct,33.387748908996585,1.1464317321777386
images/dissertation_v1/ood/sensory_artifact/blur_artifact/artifact_000075_04_blur_artifact.png,1,sensory_artifact,blur_artifact,72.00989532470703,1,38.58238201141357,35.404151916503906,1,34.763293457031246,8.931395132094622e-05,0,0.0017387918487656,1.0778844356536863,0,1.7220234692096696,all_methods_correct,33.42751331329346,0.6408584594726605
images/dissertation_v1/ood/sensory_artifact/jpeg_compression/artifact_000041_07_jpeg_compression.png,1,sensory_artifact,jpeg_compression,72.06788635253906,1,38.58238201141357,35.52913284301758,1,34.763293457031246,0.0014153511729091,0,0.0017387918487656,0.8463429808616638,0,1.7220234692096696,all_methods_correct,33.48550434112549,0.7658393859863324
images/dissertation_v1/ood/sensory_artifact/rectangle_annotation/artifact_000110_01_rectangle_annotation.png,1,sensory_artifact,rectangle_annotation,72.2791748046875,1,38.58238201141357,40.1106071472168,1,34.763293457031246,0.0116714145988225,1,0.0017387918487656,0.805110514163971,0,1.7220234692096696,all_methods_correct,33.69679279327393,5.347313690185551
images/dissertation_v1/ood/modality_shift/colour_fundus/colour_fundus_000165.png,1,modality_shift,colour_fundus,72.44496154785156,1,38.58238201141357,37.84413528442383,1,34.763293457031246,0.0499395206570625,1,0.0017387918487656,1.0122792720794678,0,1.7220234692096696,all_methods_correct,33.86257953643799,3.0808418273925824
images/dissertation_v1/ood/modality_shift/colour_fundus/colour_fundus_000085.png,1,modality_shift,colour_fundus,72.49507141113281,1,38.58238201141357,39.92313003540039,1,34.763293457031246,0.0620500072836875,1,0.0017387918487656,1.4038740396499634,0,1.7220234692096696,all_methods_correct,33.91268939971924,5.159836578369145
images/dissertation_v1/ood/modality_shift/colour_fundus/colour_fundus_000108.png,1,modality_shift,colour_fundus,72.58488464355469,1,38.58238201141357,38.00357055664063,1,34.763293457031246,0.0386371538043022,1,0.0017387918487656,0.944306492805481,0,1.7220234692096696,all_methods_correct,34.002502632141116,3.2402770996093864
images/dissertation_v1/ood/modality_shift/colour_fundus/colour_fundus_000140.png,1,modality_shift,colour_fundus,72.62102508544922,1,38.58238201141357,39.592098236083984,1,34.763293457031246,0.0898114740848541,1,0.0017387918487656,1.9650803804397583,1,1.7220234692096696,all_methods_correct,34.03864307403565,4.828804779052739
images/dissertation_v1/ood/modality_shift/colour_fundus/colour_fundus_000094.png,1,modality_shift,colour_fundus,72.71109771728516,1,38.58238201141357,37.59105682373047,1,34.763293457031246,0.0827909186482429,1,0.0017387918487656,1.250020146369934,0,1.7220234692096696,all_methods_correct,34.128715705871585,2.827763366699223
images/dissertation_v1/ood/modality_shift/colour_fundus/colour_fundus_000136.png,1,modality_shift,colour_fundus,72.72452545166016,1,38.58238201141357,35.34861755371094,1,34.763293457031246,0.076454184949398,1,0.0017387918487656,1.513916015625,0,1.7220234692096696,all_methods_correct,34.142143440246585,0.5853240966796918
images/dissertation_v1/ood/sensory_artifact/arrow_annotation/artifact_000005_02_arrow_annotation.png,1,sensory_artifact,arrow_annotation,72.99849700927734,1,38.58238201141357,45.64167404174805,1,34.763293457031246,0.0053827431984245,1,0.0017387918487656,1.213304042816162,0,1.7220234692096696,all_methods_correct,34.41611499786377,10.878380584716801
images/dissertation_v1/ood/modality_shift/colour_fundus/colour_fundus_000143.png,1,modality_shift,colour_fundus,73.02115631103516,1,38.58238201141357,36.70259094238281,1,34.763293457031246,0.0952482670545578,1,0.0017387918487656,2.083590269088745,1,1.7220234692096696,all_methods_correct,34.438774299621585,1.9392974853515668
images/dissertation_v1/ood/modality_shift/colour_fundus/colour_fundus_000186.png,1,modality_shift,colour_fundus,73.11074829101562,1,38.58238201141357,37.761024475097656,1,34.763293457031246,0.0629667267203331,1,0.0017387918487656,1.5896179676055908,0,1.7220234692096696,all_methods_correct,34.528366279602054,2.9977310180664105
images/dissertation_v1/ood/sensory_artifact/arrow_annotation/artifact_000101_02_arrow_annotation.png,1,sensory_artifact,arrow_annotation,73.24520111083984,1,38.58238201141357,46.48176956176758,1,34.763293457031246,0.0061023286543786,1,0.0017387918487656,1.1627686023712158,0,1.7220234692096696,all_methods_correct,34.66281909942627,11.718476104736332
images/dissertation_v1/ood/modality_shift/colour_fundus/colour_fundus_000082.png,1,modality_shift,colour_fundus,73.24678802490234,1,38.58238201141357,34.82157897949219,1,34.763293457031246,0.0384581834077835,1,0.0017387918487656,0.9745848178863524,0,1.7220234692096696,all_methods_correct,34.66440601348877,0.05828552246094176
images/dissertation_v1/ood/sensory_artifact/rectangle_annotation/artifact_000127_01_rectangle_annotation.png,1,sensory_artifact,rectangle_annotation,73.25482940673828,1,38.58238201141357,46.10059356689453,1,34.763293457031246,0.0081496154889464,1,0.0017387918487656,1.4685633182525637,0,1.7220234692096696,all_methods_correct,34.67244739532471,11.337300109863286
images/dissertation_v1/ood/modality_shift/colour_fundus/colour_fundus_000012.png,1,modality_shift,colour_fundus,73.36697387695312,1,38.58238201141357,46.367923736572266,1,34.763293457031246,0.0633999928832054,1,0.0017387918487656,1.5891202688217163,0,1.7220234692096696,all_methods_correct,34.784591865539554,11.60463027954102
images/dissertation_v1/ood/modality_shift/colour_fundus/colour_fundus_000006.png,1,modality_shift,colour_fundus,73.42411804199219,1,38.58238201141357,39.38399887084961,1,34.763293457031246,0.0341293066740036,1,0.0017387918487656,1.105522871017456,0,1.7220234692096696,all_methods_correct,34.841736030578616,4.620705413818364
images/dissertation_v1/ood/sensory_artifact/blur_artifact/artifact_000014_04_blur_artifact.png,1,sensory_artifact,blur_artifact,73.54325103759766,1,38.58238201141357,37.36806869506836,1,34.763293457031246,0.0002336693723918,0,0.0017387918487656,0.8896079659461975,0,1.7220234692096696,all_methods_correct,34.960869026184085,2.6047752380371136
images/dissertation_v1/ood/sensory_artifact/rectangle_annotation/artifact_000090_01_rectangle_annotation.png,1,sensory_artifact,rectangle_annotation,73.5872802734375,1,38.58238201141357,44.978477478027344,1,34.763293457031246,0.0115596959367394,1,0.0017387918487656,0.6848953366279602,0,1.7220234692096696,all_methods_correct,35.00489826202393,10.215184020996098
images/dissertation_v1/ood/modality_shift/colour_fundus/colour_fundus_000128.png,1,modality_shift,colour_fundus,73.59394836425781,1,38.58238201141357,40.05417251586914,1,34.763293457031246,0.0845381841063499,1,0.0017387918487656,1.915010690689087,1,1.7220234692096696,all_methods_correct,35.01156635284424,5.290879058837895
images/dissertation_v1/ood/modality_shift/colour_fundus/colour_fundus_000170.png,1,modality_shift,colour_fundus,73.70746612548828,1,38.58238201141357,35.64326095581055,1,34.763293457031246,0.0722724348306655,1,0.0017387918487656,2.066037654876709,1,1.7220234692096696,all_methods_correct,35.12508411407471,0.8799674987793011
images/dissertation_v1/ood/modality_shift/colour_fundus/colour_fundus_000093.png,1,modality_shift,colour_fundus,73.80792999267578,1,38.58238201141357,39.097049713134766,1,34.763293457031246,0.0650546252727508,1,0.0017387918487656,1.5707104206085205,0,1.7220234692096696,all_methods_correct,35.22554798126221,4.33375625610352
images/dissertation_v1/ood/modality_shift/colour_fundus/colour_fundus_000068.png,1,modality_shift,colour_fundus,73.86625671386719,1,38.58238201141357,44.197021484375,1,34.763293457031246,0.0606886409223079,1,0.0017387918487656,1.4155460596084597,0,1.7220234692096696,all_methods_correct,35.283874702453616,9.433728027343754
images/dissertation_v1/ood/sensory_artifact/arrow_annotation/artifact_000089_02_arrow_annotation.png,1,sensory_artifact,arrow_annotation,73.92058563232422,1,38.58238201141357,46.36922073364258,1,34.763293457031246,0.0064888568595051,1,0.0017387918487656,1.5145306587219238,0,1.7220234692096696,all_methods_correct,35.33820362091065,11.605927276611332
images/dissertation_v1/ood/sensory_artifact/arrow_annotation/artifact_000069_02_arrow_annotation.png,1,sensory_artifact,arrow_annotation,74.06461334228516,1,38.58238201141357,47.43408584594727,1,34.763293457031246,0.0054380283690989,1,0.0017387918487656,1.23958420753479,0,1.7220234692096696,all_methods_correct,35.482231330871585,12.670792388916027
images/dissertation_v1/ood/sensory_artifact/arrow_annotation/artifact_000146_02_arrow_annotation.png,1,sensory_artifact,arrow_annotation,74.08981323242188,1,38.58238201141357,48.36300659179688,1,34.763293457031246,0.0054059596732258,1,0.0017387918487656,2.2713634967803955,1,1.7220234692096696,all_methods_correct,35.507431221008304,13.599713134765636
images/dissertation_v1/ood/modality_shift/colour_fundus/colour_fundus_000053.png,1,modality_shift,colour_fundus,74.11003112792969,1,38.58238201141357,42.951297760009766,1,34.763293457031246,0.0544992946088314,1,0.0017387918487656,1.3916726112365725,0,1.7220234692096696,all_methods_correct,35.527649116516116,8.18800430297852
images/dissertation_v1/ood/modality_shift/colour_fundus/colour_fundus_000086.png,1,modality_shift,colour_fundus,74.11821746826172,1,38.58238201141357,40.36316680908203,1,34.763293457031246,0.0573985762894153,1,0.0017387918487656,1.510149359703064,0,1.7220234692096696,all_methods_correct,35.53583545684815,5.5998733520507855
images/dissertation_v1/ood/modality_shift/colour_fundus/colour_fundus_000003.png,1,modality_shift,colour_fundus,74.14937591552734,1,38.58238201141357,38.631866455078125,1,34.763293457031246,0.0706224888563156,1,0.0017387918487656,1.5409154891967771,0,1.7220234692096696,all_methods_correct,35.56699390411377,3.8685729980468793
images/dissertation_v1/ood/sensory_artifact/arrow_annotation/artifact_000134_02_arrow_annotation.png,1,sensory_artifact,arrow_annotation,74.213623046875,1,38.58238201141357,51.53845977783203,1,34.763293457031246,0.0051920381374657,1,0.0017387918487656,2.254947662353516,1,1.7220234692096696,all_methods_correct,35.63124103546143,16.775166320800786
images/dissertation_v1/ood/modality_shift/colour_fundus/colour_fundus_000185.png,1,modality_shift,colour_fundus,74.21916961669922,1,38.58238201141357,37.209774017333984,1,34.763293457031246,0.0627973228693008,1,0.0017387918487656,1.5796117782592771,0,1.7220234692096696,all_methods_correct,35.63678760528565,2.4464805603027386
images/dissertation_v1/ood/sensory_artifact/rectangle_annotation/artifact_000083_01_rectangle_annotation.png,1,sensory_artifact,rectangle_annotation,74.2889175415039,1,38.58238201141357,45.50107192993164,1,34.763293457031246,0.012680847197771,1,0.0017387918487656,0.8666038513183594,0,1.7220234692096696,all_methods_correct,35.706535530090335,10.737778472900395
images/dissertation_v1/ood/modality_shift/colour_fundus/colour_fundus_000118.png,1,modality_shift,colour_fundus,74.4254150390625,1,38.58238201141357,37.614105224609375,1,34.763293457031246,0.025460161268711,1,0.0017387918487656,0.8258479833602905,0,1.7220234692096696,all_methods_correct,35.84303302764893,2.8508117675781293
images/dissertation_v1/ood/sensory_artifact/arrow_annotation/artifact_000053_02_arrow_annotation.png,1,sensory_artifact,arrow_annotation,74.4287109375,1,38.58238201141357,48.55435180664063,1,34.763293457031246,0.0059371856041252,1,0.0017387918487656,1.7574741840362549,1,1.7220234692096696,all_methods_correct,35.84632892608643,13.791058349609386
images/dissertation_v1/ood/modality_shift/colour_fundus/colour_fundus_000076.png,1,modality_shift,colour_fundus,74.44963073730469,1,38.58238201141357,38.656925201416016,1,34.763293457031246,0.0438476875424385,1,0.0017387918487656,0.971689522266388,0,1.7220234692096696,all_methods_correct,35.867248725891116,3.89363174438477
images/dissertation_v1/ood/modality_shift/colour_fundus/colour_fundus_000124.png,1,modality_shift,colour_fundus,74.49630737304688,1,38.58238201141357,38.7989501953125,1,34.763293457031246,0.0771828293800354,1,0.0017387918487656,1.9713478088378904,1,1.7220234692096696,all_methods_correct,35.913925361633304,4.035656738281254
images/dissertation_v1/ood/sensory_artifact/rectangle_annotation/artifact_000088_01_rectangle_annotation.png,1,sensory_artifact,rectangle_annotation,74.56208801269531,1,38.58238201141357,47.61197280883789,1,34.763293457031246,0.0078289881348609,1,0.0017387918487656,1.812568187713623,1,1.7220234692096696,all_methods_correct,35.97970600128174,12.848679351806645
images/dissertation_v1/ood/modality_shift/colour_fundus/colour_fundus_000119.png,1,modality_shift,colour_fundus,74.5718765258789,1,38.58238201141357,37.85052490234375,1,34.763293457031246,0.025374386459589,1,0.0017387918487656,0.8505130410194397,0,1.7220234692096696,all_methods_correct,35.989494514465335,3.0872314453125043
images/dissertation_v1/ood/modality_shift/colour_fundus/colour_fundus_000039.png,1,modality_shift,colour_fundus,74.60498809814453,1,38.58238201141357,39.57291412353516,1,34.763293457031246,0.0308796428143978,1,0.0017387918487656,1.0786911249160769,0,1.7220234692096696,all_methods_correct,36.02260608673096,4.809620666503918
images/dissertation_v1/ood/modality_shift/colour_fundus/colour_fundus_000166.png,1,modality_shift,colour_fundus,74.62580108642578,1,38.58238201141357,42.08730316162109,1,34.763293457031246,0.0502967946231365,1,0.0017387918487656,1.153234362602234,0,1.7220234692096696,all_methods_correct,36.04341907501221,7.324009704589841
images/dissertation_v1/ood/sensory_artifact/arrow_annotation/artifact_000080_02_arrow_annotation.png,1,sensory_artifact,arrow_annotation,74.62806701660156,1,38.58238201141357,49.638797760009766,1,34.763293457031246,0.005443780682981,1,0.0017387918487656,1.0732485055923462,0,1.7220234692096696,all_methods_correct,36.04568500518799,14.87550430297852
images/dissertation_v1/ood/sensory_artifact/border_crop/artifact_000106_05_border_crop.png,1,sensory_artifact,border_crop,74.6490707397461,1,38.58238201141357,54.214263916015625,1,34.763293457031246,7.724956230958924e-05,0,0.0017387918487656,1.839875340461731,1,1.7220234692096696,all_methods_correct,36.06668872833252,19.45097045898438
images/dissertation_v1/ood/modality_shift/colour_fundus/colour_fundus_000120.png,1,modality_shift,colour_fundus,74.74552154541016,1,38.58238201141357,36.02231979370117,1,34.763293457031246,0.0252855289727449,1,0.0017387918487656,0.769044041633606,0,1.7220234692096696,all_methods_correct,36.163139533996585,1.2590263366699261
images/dissertation_v1/ood/sensory_artifact/arrow_annotation/artifact_000082_02_arrow_annotation.png,1,sensory_artifact,arrow_annotation,74.7969741821289,1,38.58238201141357,44.79124450683594,1,34.763293457031246,0.0061222095973789,1,0.0017387918487656,1.0091787576675415,0,1.7220234692096696,all_methods_correct,36.214592170715335,10.027951049804692
images/dissertation_v1/ood/modality_shift/colour_fundus/colour_fundus_000083.png,1,modality_shift,colour_fundus,74.86629486083984,1,38.58238201141357,35.017860412597656,1,34.763293457031246,0.0422632507979869,1,0.0017387918487656,1.013866305351257,0,1.7220234692096696,all_methods_correct,36.28391284942627,0.2545669555664105
images/dissertation_v1/ood/modality_shift/colour_fundus/colour_fundus_000090.png,1,modality_shift,colour_fundus,74.89210510253906,1,38.58238201141357,37.51813125610352,1,34.763293457031246,0.068776860833168,1,0.0017387918487656,1.5605158805847168,0,1.7220234692096696,all_methods_correct,36.30972309112549,2.754837799072277
images/dissertation_v1/ood/modality_shift/colour_fundus/colour_fundus_000004.png,1,modality_shift,colour_fundus,74.95671844482422,1,38.58238201141357,37.26000213623047,1,34.763293457031246,0.0697745159268379,1,0.0017387918487656,1.4842625856399536,0,1.7220234692096696,all_methods_correct,36.37433643341065,2.496708679199223
images/dissertation_v1/ood/sensory_artifact/rectangle_annotation/artifact_000116_01_rectangle_annotation.png,1,sensory_artifact,rectangle_annotation,75.01342010498047,1,38.58238201141357,43.1661376953125,1,34.763293457031246,0.0157050434499979,1,0.0017387918487656,0.7728499174118042,0,1.7220234692096696,all_methods_correct,36.4310380935669,8.402844238281254
images/dissertation_v1/ood/sensory_artifact/arrow_annotation/artifact_000098_02_arrow_annotation.png,1,sensory_artifact,arrow_annotation,75.09165954589844,1,38.58238201141357,44.07191467285156,1,34.763293457031246,0.0051158824935555,1,0.0017387918487656,0.9957804083824158,0,1.7220234692096696,all_methods_correct,36.509277534484866,9.308621215820317
images/dissertation_v1/ood/modality_shift/colour_fundus/colour_fundus_000194.png,1,modality_shift,colour_fundus,75.37622833251953,1,38.58238201141357,40.8276481628418,1,34.763293457031246,0.0744613260030746,1,0.0017387918487656,1.573676586151123,0,1.7220234692096696,all_methods_correct,36.79384632110596,6.064354705810551
images/dissertation_v1/ood/modality_shift/colour_fundus/colour_fundus_000045.png,1,modality_shift,colour_fundus,75.58551025390625,1,38.58238201141357,41.989219665527344,1,34.763293457031246,0.0472647100687027,1,0.0017387918487656,1.2717009782791138,0,1.7220234692096696,all_methods_correct,37.00312824249268,7.225926208496098
images/dissertation_v1/ood/modality_shift/colour_fundus/colour_fundus_000005.png,1,modality_shift,colour_fundus,75.63793182373047,1,38.58238201141357,38.10215759277344,1,34.763293457031246,0.0705543234944343,1,0.0017387918487656,1.5399409532546997,0,1.7220234692096696,all_methods_correct,37.0555498123169,3.3388641357421918
images/dissertation_v1/ood/modality_shift/colour_fundus/colour_fundus_000044.png,1,modality_shift,colour_fundus,75.64458465576172,1,38.58238201141357,38.6415901184082,1,34.763293457031246,0.0477978698909282,1,0.0017387918487656,1.3398412466049194,0,1.7220234692096696,all_methods_correct,37.06220264434815,3.8782966613769574
images/dissertation_v1/ood/sensory_artifact/rectangle_annotation/artifact_000057_01_rectangle_annotation.png,1,sensory_artifact,rectangle_annotation,75.6578598022461,1,38.58238201141357,40.9599723815918,1,34.763293457031246,0.0113524990156292,1,0.0017387918487656,0.8232738375663757,0,1.7220234692096696,all_methods_correct,37.07547779083252,6.196678924560551
images/dissertation_v1/ood/sensory_artifact/arrow_annotation/artifact_000100_02_arrow_annotation.png,1,sensory_artifact,arrow_annotation,75.66943359375,1,38.58238201141357,46.33288192749024,1,34.763293457031246,0.005835857708007,1,0.0017387918487656,1.1729912757873535,0,1.7220234692096696,all_methods_correct,37.08705158233643,11.569588470458996
images/dissertation_v1/ood/sensory_artifact/blur_artifact/artifact_000102_04_blur_artifact.png,1,sensory_artifact,blur_artifact,75.73662567138672,1,38.58238201141357,35.16011428833008,1,34.763293457031246,9.874801617115736e-05,0,0.0017387918487656,1.024097204208374,0,1.7220234692096696,all_methods_correct,37.15424365997315,0.3968208312988324
images/dissertation_v1/ood/sensory_artifact/rectangle_annotation/artifact_000109_01_rectangle_annotation.png,1,sensory_artifact,rectangle_annotation,75.75448608398438,1,38.58238201141357,44.57296752929688,1,34.763293457031246,0.0103852022439241,1,0.0017387918487656,1.5726162195205688,0,1.7220234692096696,all_methods_correct,37.172104072570804,9.809674072265636
images/dissertation_v1/ood/modality_shift/colour_fundus/colour_fundus_000100.png,1,modality_shift,colour_fundus,75.89389038085938,1,38.58238201141357,42.58126449584961,1,34.763293457031246,0.0251502376049757,1,0.0017387918487656,1.3684223890304563,0,1.7220234692096696,all_methods_correct,37.311508369445804,7.817971038818364
images/dissertation_v1/ood/modality_shift/colour_fundus/colour_fundus_000161.png,1,modality_shift,colour_fundus,75.93549346923828,1,38.58238201141357,35.61630630493164,1,34.763293457031246,0.0923453494906425,1,0.0017387918487656,2.012990713119507,1,1.7220234692096696,all_methods_correct,37.35311145782471,0.8530128479003949
images/dissertation_v1/ood/sensory_artifact/jpeg_compression/artifact_000117_07_jpeg_compression.png,1,sensory_artifact,jpeg_compression,76.16615295410156,1,38.58238201141357,36.08338928222656,1,34.763293457031246,0.0015138037269935,0,0.0017387918487656,0.8127048015594482,0,1.7220234692096696,all_methods_correct,37.58377094268799,1.3200958251953168
images/dissertation_v1/ood/modality_shift/colour_fundus/colour_fundus_000153.png,1,modality_shift,colour_fundus,76.27289581298828,1,38.58238201141357,41.50141143798828,1,34.763293457031246,0.0723654255270958,1,0.0017387918487656,1.629150629043579,0,1.7220234692096696,all_methods_correct,37.69051380157471,6.7381179809570355
images/dissertation_v1/ood/modality_shift/colour_fundus/colour_fundus_000172.png,1,modality_shift,colour_fundus,76.29794311523438,1,38.58238201141357,37.73241424560547,1,34.763293457031246,0.0924079045653343,1,0.0017387918487656,2.01355242729187,1,1.7220234692096696,all_methods_correct,37.715561103820804,2.969120788574223
images/dissertation_v1/ood/sensory_artifact/rectangle_annotation/artifact_000063_01_rectangle_annotation.png,1,sensory_artifact,rectangle_annotation,76.34542846679688,1,38.58238201141357,38.65696716308594,1,34.763293457031246,0.0139828640967607,1,0.0017387918487656,0.8815087080001831,0,1.7220234692096696,all_methods_correct,37.763046455383304,3.8936737060546918
images/dissertation_v1/ood/sensory_artifact/arrow_annotation/artifact_000116_02_arrow_annotation.png,1,sensory_artifact,arrow_annotation,76.39714813232422,1,38.58238201141357,44.42132568359375,1,34.763293457031246,0.0074691139161586,1,0.0017387918487656,0.7960116863250732,0,1.7220234692096696,all_methods_correct,37.81476612091065,9.658032226562504
images/dissertation_v1/ood/modality_shift/colour_fundus/colour_fundus_000180.png,1,modality_shift,colour_fundus,76.41521453857422,1,38.58238201141357,37.04655075073242,1,34.763293457031246,0.0933636501431465,1,0.0017387918487656,2.1316442489624023,1,1.7220234692096696,all_methods_correct,37.83283252716065,2.283257293701176
images/dissertation_v1/ood/modality_shift/colour_fundus/colour_fundus_000123.png,1,modality_shift,colour_fundus,76.47486877441406,1,38.58238201141357,36.52138900756836,1,34.763293457031246,0.0990694239735603,1,0.0017387918487656,2.352907419204712,1,1.7220234692096696,all_methods_correct,37.89248676300049,1.7580955505371136
images/dissertation_v1/ood/modality_shift/colour_fundus/colour_fundus_000007.png,1,modality_shift,colour_fundus,76.48847961425781,1,38.58238201141357,36.90648651123047,1,34.763293457031246,0.0636024698615074,1,0.0017387918487656,1.6810998916625977,0,1.7220234692096696,all_methods_correct,37.90609760284424,2.143193054199223
images/dissertation_v1/ood/modality_shift/colour_fundus/colour_fundus_000036.png,1,modality_shift,colour_fundus,76.5457763671875,1,38.58238201141357,38.69597625732422,1,34.763293457031246,0.0425595454871654,1,0.0017387918487656,1.3269798755645752,0,1.7220234692096696,all_methods_correct,37.96339435577393,3.932682800292973
images/dissertation_v1/ood/modality_shift/colour_fundus/colour_fundus_000156.png,1,modality_shift,colour_fundus,76.59012603759766,1,38.58238201141357,36.18581771850586,1,34.763293457031246,0.0716878250241279,1,0.0017387918487656,1.6559876203536987,0,1.7220234692096696,all_methods_correct,38.007744026184085,1.4225242614746136
images/dissertation_v1/ood/modality_shift/colour_fundus/colour_fundus_000155.png,1,modality_shift,colour_fundus,76.66488647460938,1,38.58238201141357,34.81998443603516,1,34.763293457031246,0.1050514578819274,1,0.0017387918487656,2.4343318939208984,1,1.7220234692096696,all_methods_correct,38.082504463195804,0.05669097900391762
images/dissertation_v1/ood/sensory_artifact/arrow_annotation/artifact_000028_02_arrow_annotation.png,1,sensory_artifact,arrow_annotation,76.8185806274414,1,38.58238201141357,46.53247833251953,1,34.763293457031246,0.0062986598350107,1,0.0017387918487656,1.6288682222366333,0,1.7220234692096696,all_methods_correct,38.236198616027835,11.769184875488286
images/dissertation_v1/ood/modality_shift/colour_fundus/colour_fundus_000040.png,1,modality_shift,colour_fundus,76.91614532470703,1,38.58238201141357,39.67170715332031,1,34.763293457031246,0.0315233543515205,1,0.0017387918487656,0.97659432888031,0,1.7220234692096696,all_methods_correct,38.33376331329346,4.908413696289067
images/dissertation_v1/ood/modality_shift/colour_fundus/colour_fundus_000177.png,1,modality_shift,colour_fundus,76.92147064208984,1,38.58238201141357,37.24940872192383,1,34.763293457031246,0.0933563336730003,1,0.0017387918487656,2.130553722381592,1,1.7220234692096696,all_methods_correct,38.33908863067627,2.4861152648925824
images/dissertation_v1/ood/modality_shift/colour_fundus/colour_fundus_000184.png,1,modality_shift,colour_fundus,77.13146209716797,1,38.58238201141357,34.82509994506836,1,34.763293457031246,0.0729919970035553,1,0.0017387918487656,1.6616092920303345,0,1.7220234692096696,all_methods_correct,38.5490800857544,0.06180648803711364
images/dissertation_v1/ood/modality_shift/colour_fundus/colour_fundus_000104.png,1,modality_shift,colour_fundus,77.29476928710938,1,38.58238201141357,40.24271011352539,1,34.763293457031246,0.0285584479570388,1,0.0017387918487656,1.0029441118240356,0,1.7220234692096696,all_methods_correct,38.712387275695804,5.479416656494145
images/dissertation_v1/ood/modality_shift/colour_fundus/colour_fundus_000081.png,1,modality_shift,colour_fundus,77.32719421386719,1,38.58238201141357,36.56975936889648,1,34.763293457031246,0.0405575111508369,1,0.0017387918487656,0.9969318509101868,0,1.7220234692096696,all_methods_correct,38.744812202453616,1.8064659118652315
images/dissertation_v1/ood/sensory_artifact/arrow_annotation/artifact_000060_02_arrow_annotation.png,1,sensory_artifact,arrow_annotation,77.33273315429688,1,38.58238201141357,46.801902770996094,1,34.763293457031246,0.0051042335107922,1,0.0017387918487656,1.1665430068969729,0,1.7220234692096696,all_methods_correct,38.750351142883304,12.038609313964848
images/dissertation_v1/ood/sensory_artifact/rectangle_annotation/artifact_000037_01_rectangle_annotation.png,1,sensory_artifact,rectangle_annotation,77.40647888183594,1,38.58238201141357,41.21917343139648,1,34.763293457031246,0.0136133404448628,1,0.0017387918487656,0.9650508761405944,0,1.7220234692096696,all_methods_correct,38.824096870422366,6.4558799743652315
images/dissertation_v1/ood/modality_shift/colour_fundus/colour_fundus_000043.png,1,modality_shift,colour_fundus,77.43090057373047,1,38.58238201141357,37.61367416381836,1,34.763293457031246,0.031443677842617,1,0.0017387918487656,0.9790289402008056,0,1.7220234692096696,all_methods_correct,38.8485185623169,2.8503807067871136
images/dissertation_v1/ood/modality_shift/colour_fundus/colour_fundus_000025.png,1,modality_shift,colour_fundus,77.53565979003906,1,38.58238201141357,37.73204040527344,1,34.763293457031246,0.0355819277465343,1,0.0017387918487656,1.0914901494979858,0,1.7220234692096696,all_methods_correct,38.95327777862549,2.9687469482421918
images/dissertation_v1/ood/sensory_artifact/arrow_annotation/artifact_000105_02_arrow_annotation.png,1,sensory_artifact,arrow_annotation,77.7183837890625,1,38.58238201141357,46.43193817138672,1,34.763293457031246,0.0050466563552618,1,0.0017387918487656,0.8647324442863464,0,1.7220234692096696,all_methods_correct,39.13600177764893,11.668644714355473
images/dissertation_v1/ood/modality_shift/colour_fundus/colour_fundus_000190.png,1,modality_shift,colour_fundus,77.73705291748047,1,38.58238201141357,35.32670211791992,1,34.763293457031246,0.0726200118660926,1,0.0017387918487656,1.641424536705017,0,1.7220234692096696,all_methods_correct,39.1546709060669,0.5634086608886761
images/dissertation_v1/ood/sensory_artifact/arrow_annotation/artifact_000118_02_arrow_annotation.png,1,sensory_artifact,arrow_annotation,77.76227569580078,1,38.58238201141357,48.0415267944336,1,34.763293457031246,0.0064415531232953,1,0.0017387918487656,1.106571078300476,0,1.7220234692096696,all_methods_correct,39.17989368438721,13.278233337402355
images/dissertation_v1/ood/modality_shift/colour_fundus/colour_fundus_000126.png,1,modality_shift,colour_fundus,77.81961822509766,1,38.58238201141357,36.43883514404297,1,34.763293457031246,0.0962761417031288,1,0.0017387918487656,2.244868755340576,1,1.7220234692096696,all_methods_correct,39.237236213684085,1.675541687011723
images/dissertation_v1/ood/modality_shift/colour_fundus/colour_fundus_000141.png,1,modality_shift,colour_fundus,77.98017883300781,1,38.58238201141357,36.46857452392578,1,34.763293457031246,0.1079951599240303,1,0.0017387918487656,2.46712589263916,1,1.7220234692096696,all_methods_correct,39.39779682159424,1.7052810668945355
images/dissertation_v1/ood/sensory_artifact/rectangle_annotation/artifact_000024_01_rectangle_annotation.png,1,sensory_artifact,rectangle_annotation,78.14154815673828,1,38.58238201141357,42.86881256103516,1,34.763293457031246,0.0133288372308015,1,0.0017387918487656,0.784203290939331,0,1.7220234692096696,all_methods_correct,39.55916614532471,8.105519104003918
images/dissertation_v1/ood/modality_shift/colour_fundus/colour_fundus_000150.png,1,modality_shift,colour_fundus,78.23173522949219,1,38.58238201141357,35.43536758422852,1,34.763293457031246,0.1051211357116699,1,0.0017387918487656,2.4353621006011963,1,1.7220234692096696,all_methods_correct,39.649353218078616,0.672074127197277
images/dissertation_v1/ood/sensory_artifact/arrow_annotation/artifact_000114_02_arrow_annotation.png,1,sensory_artifact,arrow_annotation,78.26520538330078,1,38.58238201141357,46.63882827758789,1,34.763293457031246,0.0055285515263676,1,0.0017387918487656,2.266817092895508,1,1.7220234692096696,all_methods_correct,39.68282337188721,11.875534820556645
images/dissertation_v1/ood/modality_shift/colour_fundus/colour_fundus_000147.png,1,modality_shift,colour_fundus,78.41798400878906,1,38.58238201141357,35.12947082519531,1,34.763293457031246,0.0895949229598045,1,0.0017387918487656,2.3028926849365234,1,1.7220234692096696,all_methods_correct,39.83560199737549,0.36617736816406676
images/dissertation_v1/ood/modality_shift/colour_fundus/colour_fundus_000026.png,1,modality_shift,colour_fundus,78.50106811523438,1,38.58238201141357,40.96651077270508,1,34.763293457031246,0.0354125052690506,1,0.0017387918487656,1.0303075313568115,0,1.7220234692096696,all_methods_correct,39.918686103820804,6.203217315673832
images/dissertation_v1/ood/modality_shift/colour_fundus/colour_fundus_000174.png,1,modality_shift,colour_fundus,78.50247955322266,1,38.58238201141357,38.83967208862305,1,34.763293457031246,0.0785119459033012,1,0.0017387918487656,1.8970599174499512,1,1.7220234692096696,all_methods_correct,39.920097541809085,4.076378631591801
images/dissertation_v1/ood/modality_shift/colour_fundus/colour_fundus_000152.png,1,modality_shift,colour_fundus,78.7110595703125,1,38.58238201141357,36.13733673095703,1,34.763293457031246,0.0895431637763977,1,0.0017387918487656,2.3041059970855717,1,1.7220234692096696,all_methods_correct,40.12867755889893,1.3740432739257855
images/dissertation_v1/ood/sensory_artifact/rectangle_annotation/artifact_000107_01_rectangle_annotation.png,1,sensory_artifact,rectangle_annotation,78.77127075195312,1,38.58238201141357,45.673118591308594,1,34.763293457031246,0.00931600574404,1,0.0017387918487656,1.5526031255722046,0,1.7220234692096696,all_methods_correct,40.188888740539554,10.909825134277348
images/dissertation_v1/ood/modality_shift/colour_fundus/colour_fundus_000178.png,1,modality_shift,colour_fundus,78.80860900878906,1,38.58238201141357,35.66959762573242,1,34.763293457031246,0.0890394300222396,1,0.0017387918487656,2.22324275970459,1,1.7220234692096696,all_methods_correct,40.22622699737549,0.9063041687011761
images/dissertation_v1/ood/modality_shift/colour_fundus/colour_fundus_000041.png,1,modality_shift,colour_fundus,78.89512634277344,1,38.58238201141357,37.07845306396485,1,34.763293457031246,0.0313794612884521,1,0.0017387918487656,0.8279573321342468,0,1.7220234692096696,all_methods_correct,40.312744331359866,2.315159606933605
images/dissertation_v1/ood/modality_shift/colour_fundus/colour_fundus_000127.png,1,modality_shift,colour_fundus,79.08380889892578,1,38.58238201141357,40.05816268920898,1,34.763293457031246,0.0797273442149162,1,0.0017387918487656,1.8335106372833248,1,1.7220234692096696,all_methods_correct,40.50142688751221,5.2948692321777315
images/dissertation_v1/ood/sensory_artifact/rectangle_annotation/artifact_000125_01_rectangle_annotation.png,1,sensory_artifact,rectangle_annotation,79.20924377441406,1,38.58238201141357,39.34051513671875,1,34.763293457031246,0.0101388227194547,1,0.0017387918487656,0.7108964323997498,0,1.7220234692096696,all_methods_correct,40.62686176300049,4.577221679687504
images/dissertation_v1/ood/sensory_artifact/rectangle_annotation/artifact_000023_01_rectangle_annotation.png,1,sensory_artifact,rectangle_annotation,79.35539245605469,1,38.58238201141357,46.27132797241211,1,34.763293457031246,0.0162267424166202,1,0.0017387918487656,0.8056748509407043,0,1.7220234692096696,all_methods_correct,40.773010444641116,11.508034515380864
images/dissertation_v1/ood/sensory_artifact/rectangle_annotation/artifact_000048_01_rectangle_annotation.png,1,sensory_artifact,rectangle_annotation,79.55270385742188,1,38.58238201141357,39.3961296081543,1,34.763293457031246,0.0150990402325987,1,0.0017387918487656,0.8087660670280457,0,1.7220234692096696,all_methods_correct,40.970321846008304,4.632836151123051
images/dissertation_v1/ood/sensory_artifact/rectangle_annotation/artifact_000003_01_rectangle_annotation.png,1,sensory_artifact,rectangle_annotation,79.6034927368164,1,38.58238201141357,41.17237854003906,1,34.763293457031246,0.0180728025734424,1,0.0017387918487656,1.1016404628753662,0,1.7220234692096696,all_methods_correct,41.021110725402835,6.409085083007817
images/dissertation_v1/ood/modality_shift/colour_fundus/colour_fundus_000173.png,1,modality_shift,colour_fundus,79.84498596191406,1,38.58238201141357,39.77613067626953,1,34.763293457031246,0.0833540186285972,1,0.0017387918487656,2.195329189300537,1,1.7220234692096696,all_methods_correct,41.26260395050049,5.0128372192382855
images/dissertation_v1/ood/sensory_artifact/rectangle_annotation/artifact_000094_01_rectangle_annotation.png,1,sensory_artifact,rectangle_annotation,79.91202545166016,1,38.58238201141357,41.20100402832031,1,34.763293457031246,0.0177756492048501,1,0.0017387918487656,0.8809340000152588,0,1.7220234692096696,all_methods_correct,41.329643440246585,6.437710571289067
images/dissertation_v1/ood/sensory_artifact/blur_artifact/artifact_000144_04_blur_artifact.png,1,sensory_artifact,blur_artifact,80.19459533691406,1,38.58238201141357,42.19696044921875,1,34.763293457031246,0.0001590609317645,0,0.0017387918487656,1.022208571434021,0,1.7220234692096696,all_methods_correct,41.61221332550049,7.433666992187504
images/dissertation_v1/ood/sensory_artifact/rectangle_annotation/artifact_000115_01_rectangle_annotation.png,1,sensory_artifact,rectangle_annotation,80.2331314086914,1,38.58238201141357,42.3386116027832,1,34.763293457031246,0.0143100563436746,1,0.0017387918487656,1.0399409532546997,0,1.7220234692096696,all_methods_correct,41.650749397277835,7.575318145751957
images/dissertation_v1/ood/sensory_artifact/rectangle_annotation/artifact_000140_01_rectangle_annotation.png,1,sensory_artifact,rectangle_annotation,80.23638153076172,1,38.58238201141357,44.95137786865234,1,34.763293457031246,0.0163630116730928,1,0.0017387918487656,0.9022446870803832,0,1.7220234692096696,all_methods_correct,41.65399951934815,10.188084411621091
images/dissertation_v1/ood/sensory_artifact/arrow_annotation/artifact_000058_02_arrow_annotation.png,1,sensory_artifact,arrow_annotation,80.35053253173828,1,38.58238201141357,50.79589080810547,1,34.763293457031246,0.0058993655256927,1,0.0017387918487656,1.5982249975204468,0,1.7220234692096696,all_methods_correct,41.76815052032471,16.032597351074223
images/dissertation_v1/ood/sensory_artifact/rectangle_annotation/artifact_000068_01_rectangle_annotation.png,1,sensory_artifact,rectangle_annotation,80.40281677246094,1,38.58238201141357,41.736934661865234,1,34.763293457031246,0.0167618412524461,1,0.0017387918487656,0.765133261680603,0,1.7220234692096696,all_methods_correct,41.820434761047366,6.973641204833989
images/dissertation_v1/ood/sensory_artifact/rectangle_annotation/artifact_000122_01_rectangle_annotation.png,1,sensory_artifact,rectangle_annotation,80.4394302368164,1,38.58238201141357,44.85249710083008,1,34.763293457031246,0.0114768519997596,1,0.0017387918487656,0.7235170006752014,0,1.7220234692096696,all_methods_correct,41.857048225402835,10.089203643798832
images/dissertation_v1/ood/sensory_artifact/rectangle_annotation/artifact_000041_01_rectangle_annotation.png,1,sensory_artifact,rectangle_annotation,80.57129669189453,1,38.58238201141357,43.90843200683594,1,34.763293457031246,0.0127436034381389,1,0.0017387918487656,1.1245137453079224,0,1.7220234692096696,all_methods_correct,41.98891468048096,9.145138549804692
images/dissertation_v1/ood/sensory_artifact/rectangle_annotation/artifact_000001_01_rectangle_annotation.png,1,sensory_artifact,rectangle_annotation,80.67683410644531,1,38.58238201141357,37.21818923950195,1,34.763293457031246,0.0180331151932477,1,0.0017387918487656,0.8571074604988098,0,1.7220234692096696,all_methods_correct,42.09445209503174,2.4548957824707074
images/dissertation_v1/ood/sensory_artifact/rectangle_annotation/artifact_000091_01_rectangle_annotation.png,1,sensory_artifact,rectangle_annotation,80.82845306396484,1,38.58238201141357,41.16288757324219,1,34.763293457031246,0.0102696269750595,1,0.0017387918487656,0.6235615611076355,0,1.7220234692096696,all_methods_correct,42.24607105255127,6.399594116210942
images/dissertation_v1/ood/modality_shift/colour_fundus/colour_fundus_000197.png,1,modality_shift,colour_fundus,80.897705078125,1,38.58238201141357,39.88901519775391,1,34.763293457031246,0.0698834508657455,1,0.0017387918487656,1.7283951044082642,1,1.7220234692096696,all_methods_correct,42.31532306671143,5.125721740722668
images/dissertation_v1/ood/modality_shift/colour_fundus/colour_fundus_000198.png,1,modality_shift,colour_fundus,81.2286605834961,1,38.58238201141357,34.99653625488281,1,34.763293457031246,0.0746798887848854,1,0.0017387918487656,2.122953414916992,1,1.7220234692096696,all_methods_correct,42.64627857208252,0.23324279785156676
images/dissertation_v1/ood/sensory_artifact/blur_artifact/artifact_000089_04_blur_artifact.png,1,sensory_artifact,blur_artifact,81.81243133544922,1,38.58238201141357,38.1203498840332,1,34.763293457031246,0.0001631350460229,0,0.0017387918487656,1.2560725212097168,0,1.7220234692096696,all_methods_correct,43.23004932403565,3.3570564270019574
images/dissertation_v1/ood/sensory_artifact/arrow_annotation/artifact_000049_02_arrow_annotation.png,1,sensory_artifact,arrow_annotation,82.10704803466797,1,38.58238201141357,45.40835571289063,1,34.763293457031246,0.005598388146609,1,0.0017387918487656,0.7980080246925354,0,1.7220234692096696,all_methods_correct,43.5246660232544,10.645062255859386
images/dissertation_v1/ood/sensory_artifact/arrow_annotation/artifact_000133_02_arrow_annotation.png,1,sensory_artifact,arrow_annotation,82.21900177001953,1,38.58238201141357,44.7199592590332,1,34.763293457031246,0.0063244183547794,1,0.0017387918487656,1.3641318082809448,0,1.7220234692096696,all_methods_correct,43.63661975860596,9.956665802001957
images/dissertation_v1/ood/sensory_artifact/arrow_annotation/artifact_000045_02_arrow_annotation.png,1,sensory_artifact,arrow_annotation,82.59248352050781,1,38.58238201141357,45.51969909667969,1,34.763293457031246,0.0056889760307967,1,0.0017387918487656,1.6986708641052246,0,1.7220234692096696,all_methods_correct,44.01010150909424,10.756405639648442
images/dissertation_v1/ood/sensory_artifact/rectangle_annotation/artifact_000050_01_rectangle_annotation.png,1,sensory_artifact,rectangle_annotation,83.74725341796875,1,38.58238201141357,43.88507080078125,1,34.763293457031246,0.0166113767772912,1,0.0017387918487656,0.8193230032920837,0,1.7220234692096696,all_methods_correct,45.16487140655518,9.121777343750004
images/dissertation_v1/ood/sensory_artifact/rectangle_annotation/artifact_000002_01_rectangle_annotation.png,1,sensory_artifact,rectangle_annotation,83.8050308227539,1,38.58238201141357,41.12830352783203,1,34.763293457031246,0.0182228218764066,1,0.0017387918487656,0.8377002477645874,0,1.7220234692096696,all_methods_correct,45.222648811340335,6.3650100708007855
images/dissertation_v1/ood/sensory_artifact/rectangle_annotation/artifact_000020_01_rectangle_annotation.png,1,sensory_artifact,rectangle_annotation,84.1917953491211,1,38.58238201141357,42.48045349121094,1,34.763293457031246,0.0159487854689359,1,0.0017387918487656,0.7317790389060974,0,1.7220234692096696,all_methods_correct,45.60941333770752,7.717160034179692
images/dissertation_v1/ood/sensory_artifact/rectangle_annotation/artifact_000008_01_rectangle_annotation.png,1,sensory_artifact,rectangle_annotation,84.20391845703125,1,38.58238201141357,45.78875350952149,1,34.763293457031246,0.0147123597562313,1,0.0017387918487656,1.1664258241653442,0,1.7220234692096696,all_methods_correct,45.62153644561768,11.025460052490246
images/dissertation_v1/ood/sensory_artifact/rectangle_annotation/artifact_000033_01_rectangle_annotation.png,1,sensory_artifact,rectangle_annotation,84.35336303710938,1,38.58238201141357,45.701934814453125,1,34.763293457031246,0.0172167643904685,1,0.0017387918487656,0.8889766335487366,0,1.7220234692096696,all_methods_correct,45.770981025695804,10.93864135742188
images/dissertation_v1/ood/sensory_artifact/rectangle_annotation/artifact_000007_01_rectangle_annotation.png,1,sensory_artifact,rectangle_annotation,84.50008392333984,1,38.58238201141357,47.46197891235352,1,34.763293457031246,0.0147558022290468,1,0.0017387918487656,0.9330171942710876,0,1.7220234692096696,all_methods_correct,45.91770191192627,12.698685455322277
images/dissertation_v1/ood/sensory_artifact/rectangle_annotation/artifact_000055_01_rectangle_annotation.png,1,sensory_artifact,rectangle_annotation,84.63882446289062,1,38.58238201141357,46.6015853881836,1,34.763293457031246,0.0207626819610595,1,0.0017387918487656,1.2780191898345947,0,1.7220234692096696,all_methods_correct,46.056442451477054,11.838291931152355
images/dissertation_v1/ood/sensory_artifact/jpeg_compression/artifact_000026_07_jpeg_compression.png,1,sensory_artifact,jpeg_compression,84.72943115234375,1,38.58238201141357,36.058876037597656,1,34.763293457031246,0.0005840166704729,0,0.0017387918487656,1.6291050910949707,0,1.7220234692096696,all_methods_correct,46.14704914093018,1.2955825805664105
images/dissertation_v1/ood/sensory_artifact/jpeg_compression/artifact_000082_07_jpeg_compression.png,1,sensory_artifact,jpeg_compression,84.83121490478516,1,38.58238201141357,34.822139739990234,1,34.763293457031246,0.000737170164939,0,0.0017387918487656,0.5694001913070679,0,1.7220234692096696,all_methods_correct,46.248832893371585,0.05884628295898864
images/dissertation_v1/ood/sensory_artifact/rectangle_annotation/artifact_000026_01_rectangle_annotation.png,1,sensory_artifact,rectangle_annotation,84.83678436279297,1,38.58238201141357,43.78058624267578,1,34.763293457031246,0.0142609793692827,1,0.0017387918487656,1.5726921558380127,0,1.7220234692096696,all_methods_correct,46.2544023513794,9.017292785644536
images/dissertation_v1/ood/sensory_artifact/rectangle_annotation/artifact_000101_01_rectangle_annotation.png,1,sensory_artifact,rectangle_annotation,85.25868225097656,1,38.58238201141357,47.93442535400391,1,34.763293457031246,0.012400516308844,1,0.0017387918487656,1.161088466644287,0,1.7220234692096696,all_methods_correct,46.67630023956299,13.171131896972668
images/dissertation_v1/ood/sensory_artifact/rectangle_annotation/artifact_000071_01_rectangle_annotation.png,1,sensory_artifact,rectangle_annotation,85.66583251953125,1,38.58238201141357,42.60858917236328,1,34.763293457031246,0.0167834684252738,1,0.0017387918487656,1.824321746826172,1,1.7220234692096696,all_methods_correct,47.08345050811768,7.8452957153320355
images/dissertation_v1/ood/sensory_artifact/blur_artifact/artifact_000009_04_blur_artifact.png,1,sensory_artifact,blur_artifact,85.72634887695312,1,38.58238201141357,35.69102478027344,1,34.763293457031246,0.0002669963578227,0,0.0017387918487656,3.882770538330078,1,1.7220234692096696,all_methods_correct,47.143966865539554,0.9277313232421918
images/dissertation_v1/ood/sensory_artifact/rectangle_annotation/artifact_000054_01_rectangle_annotation.png,1,sensory_artifact,rectangle_annotation,86.16038513183594,1,38.58238201141357,41.3629035949707,1,34.763293457031246,0.0184275638312101,1,0.0017387918487656,0.8126295208930969,0,1.7220234692096696,all_methods_correct,47.578003120422366,6.599610137939457
images/dissertation_v1/ood/sensory_artifact/rectangle_annotation/artifact_000074_01_rectangle_annotation.png,1,sensory_artifact,rectangle_annotation,86.18305206298828,1,38.58238201141357,43.02201461791992,1,34.763293457031246,0.0152574684470891,1,0.0017387918487656,0.9089930653572084,0,1.7220234692096696,all_methods_correct,47.60067005157471,8.258721160888676
images/dissertation_v1/ood/sensory_artifact/rectangle_annotation/artifact_000084_01_rectangle_annotation.png,1,sensory_artifact,rectangle_annotation,86.99726104736328,1,38.58238201141357,42.8822021484375,1,34.763293457031246,0.0180234462022781,1,0.0017387918487656,0.8756408095359802,0,1.7220234692096696,all_methods_correct,48.41487903594971,8.118908691406254
images/dissertation_v1/ood/sensory_artifact/rectangle_annotation/artifact_000062_01_rectangle_annotation.png,1,sensory_artifact,rectangle_annotation,87.1169662475586,1,38.58238201141357,42.150390625,1,34.763293457031246,0.0120162470266222,1,0.0017387918487656,0.7276402115821838,0,1.7220234692096696,all_methods_correct,48.53458423614502,7.387097167968754
images/dissertation_v1/ood/sensory_artifact/rectangle_annotation/artifact_000105_01_rectangle_annotation.png,1,sensory_artifact,rectangle_annotation,87.46146392822266,1,38.58238201141357,40.24217987060547,1,34.763293457031246,0.0176535435020923,1,0.0017387918487656,0.954382300376892,0,1.7220234692096696,all_methods_correct,48.879081916809085,5.478886413574223
images/dissertation_v1/ood/sensory_artifact/rectangle_annotation/artifact_000149_01_rectangle_annotation.png,1,sensory_artifact,rectangle_annotation,87.5190658569336,1,38.58238201141357,44.54564666748047,1,34.763293457031246,0.0158988554030656,1,0.0017387918487656,1.0187621116638184,0,1.7220234692096696,all_methods_correct,48.93668384552002,9.782353210449223
images/dissertation_v1/ood/sensory_artifact/rectangle_annotation/artifact_000021_01_rectangle_annotation.png,1,sensory_artifact,rectangle_annotation,87.64432525634766,1,38.58238201141357,44.16730499267578,1,34.763293457031246,0.0146474624052643,1,0.0017387918487656,1.4748510122299194,0,1.7220234692096696,all_methods_correct,49.061943244934085,9.404011535644536
images/dissertation_v1/ood/sensory_artifact/rectangle_annotation/artifact_000135_01_rectangle_annotation.png,1,sensory_artifact,rectangle_annotation,87.74185180664062,1,38.58238201141357,44.58977127075195,1,34.763293457031246,0.0142744397744536,1,0.0017387918487656,0.9647860527038574,0,1.7220234692096696,all_methods_correct,49.159469795227054,9.826477813720707
images/dissertation_v1/ood/sensory_artifact/rectangle_annotation/artifact_000080_01_rectangle_annotation.png,1,sensory_artifact,rectangle_annotation,87.85903930664062,1,38.58238201141357,45.80679702758789,1,34.763293457031246,0.0130083626136183,1,0.0017387918487656,1.0603312253952026,0,1.7220234692096696,all_methods_correct,49.276657295227054,11.043503570556645
images/dissertation_v1/ood/sensory_artifact/rectangle_annotation/artifact_000144_01_rectangle_annotation.png,1,sensory_artifact,rectangle_annotation,87.8690414428711,1,38.58238201141357,45.72998809814453,1,34.763293457031246,0.0176910609006881,1,0.0017387918487656,1.104928731918335,0,1.7220234692096696,all_methods_correct,49.28665943145752,10.966694641113286
images/dissertation_v1/ood/sensory_artifact/rectangle_annotation/artifact_000124_01_rectangle_annotation.png,1,sensory_artifact,rectangle_annotation,88.16297149658203,1,38.58238201141357,39.86458587646485,1,34.763293457031246,0.0161351859569549,1,0.0017387918487656,1.0770529508590698,0,1.7220234692096696,all_methods_correct,49.58058948516846,5.101292419433605
images/dissertation_v1/ood/sensory_artifact/rectangle_annotation/artifact_000019_01_rectangle_annotation.png,1,sensory_artifact,rectangle_annotation,88.20787811279297,1,38.58238201141357,46.29682540893555,1,34.763293457031246,0.0182268340140581,1,0.0017387918487656,1.0889294147491455,0,1.7220234692096696,all_methods_correct,49.6254961013794,11.533531951904301
images/dissertation_v1/ood/modality_shift/colour_fundus/colour_fundus_000158.png,1,modality_shift,colour_fundus,88.29974365234375,1,38.58238201141357,42.77505111694336,1,34.763293457031246,0.0865404829382896,1,0.0017387918487656,1.6436268091201782,0,1.7220234692096696,all_methods_correct,49.71736164093018,8.011757659912114
images/dissertation_v1/ood/sensory_artifact/rectangle_annotation/artifact_000022_01_rectangle_annotation.png,1,sensory_artifact,rectangle_annotation,88.34603118896484,1,38.58238201141357,46.962772369384766,1,34.763293457031246,0.0141751151531934,1,0.0017387918487656,0.9499239325523376,0,1.7220234692096696,all_methods_correct,49.76364917755127,12.19947891235352
images/dissertation_v1/ood/sensory_artifact/rectangle_annotation/artifact_000095_01_rectangle_annotation.png,1,sensory_artifact,rectangle_annotation,88.43916320800781,1,38.58238201141357,49.17264175415039,1,34.763293457031246,0.0184895023703575,1,0.0017387918487656,1.0641058683395386,0,1.7220234692096696,all_methods_correct,49.85678119659424,14.409348297119145
images/dissertation_v1/ood/sensory_artifact/rectangle_annotation/artifact_000079_01_rectangle_annotation.png,1,sensory_artifact,rectangle_annotation,88.59066009521484,1,38.58238201141357,44.91255187988281,1,34.763293457031246,0.0167411360889673,1,0.0017387918487656,1.0448627471923828,0,1.7220234692096696,all_methods_correct,50.00827808380127,10.149258422851567
images/dissertation_v1/ood/modality_shift/colour_fundus/colour_fundus_000148.png,1,modality_shift,colour_fundus,88.67912292480469,1,38.58238201141357,43.56704330444336,1,34.763293457031246,0.0716689378023147,1,0.0017387918487656,1.3263957500457764,0,1.7220234692096696,all_methods_correct,50.096740913391116,8.803749847412114
images/dissertation_v1/ood/sensory_artifact/rectangle_annotation/artifact_000004_01_rectangle_annotation.png,1,sensory_artifact,rectangle_annotation,88.89369201660156,1,38.58238201141357,42.853477478027344,1,34.763293457031246,0.0164690669625997,1,0.0017387918487656,0.9261710047721864,0,1.7220234692096696,all_methods_correct,50.31131000518799,8.090184020996098
images/dissertation_v1/ood/sensory_artifact/rectangle_annotation/artifact_000098_01_rectangle_annotation.png,1,sensory_artifact,rectangle_annotation,89.04851531982422,1,38.58238201141357,42.31915283203125,1,34.763293457031246,0.0187229104340076,1,0.0017387918487656,0.925470769405365,0,1.7220234692096696,all_methods_correct,50.46613330841065,7.555859375000004
images/dissertation_v1/ood/sensory_artifact/rectangle_annotation/artifact_000147_01_rectangle_annotation.png,1,sensory_artifact,rectangle_annotation,89.05039978027344,1,38.58238201141357,42.34749984741211,1,34.763293457031246,0.0200623143464326,1,0.0017387918487656,0.8576856255531311,0,1.7220234692096696,all_methods_correct,50.468017768859866,7.584206390380864
images/dissertation_v1/ood/sensory_artifact/rectangle_annotation/artifact_000015_01_rectangle_annotation.png,1,sensory_artifact,rectangle_annotation,89.4489974975586,1,38.58238201141357,37.05830764770508,1,34.763293457031246,0.02167166210711,1,0.0017387918487656,1.262243390083313,0,1.7220234692096696,all_methods_correct,50.86661548614502,2.2950141906738324
images/dissertation_v1/ood/sensory_artifact/rectangle_annotation/artifact_000136_01_rectangle_annotation.png,1,sensory_artifact,rectangle_annotation,90.73890686035156,1,38.58238201141357,42.77525329589844,1,34.763293457031246,0.0176055692136287,1,0.0017387918487656,0.7643287181854248,0,1.7220234692096696,all_methods_correct,52.15652484893799,8.011959838867192
images/dissertation_v1/ood/sensory_artifact/rectangle_annotation/artifact_000082_01_rectangle_annotation.png,1,sensory_artifact,rectangle_annotation,92.01350402832033,1,38.58238201141357,45.94536590576172,1,34.763293457031246,0.0174049604684114,1,0.0017387918487656,0.9999013543128968,0,1.7220234692096696,all_methods_correct,53.431122016906755,11.182072448730473
images/dissertation_v1/ood/sensory_artifact/rectangle_annotation/artifact_000111_01_rectangle_annotation.png,1,sensory_artifact,rectangle_annotation,92.1891860961914,1,38.58238201141357,45.08249282836914,1,34.763293457031246,0.0150361713021993,1,0.0017387918487656,1.3547228574752808,0,1.7220234692096696,all_methods_correct,53.606804084777835,10.319199371337895
images/dissertation_v1/ood/sensory_artifact/rectangle_annotation/artifact_000014_01_rectangle_annotation.png,1,sensory_artifact,rectangle_annotation,92.51375579833984,1,38.58238201141357,50.60415649414063,1,34.763293457031246,0.01841601729393,1,0.0017387918487656,1.2259758710861206,0,1.7220234692096696,all_methods_correct,53.93137378692627,15.840863037109386
images/dissertation_v1/ood/modality_shift/colour_fundus/colour_fundus_000154.png,1,modality_shift,colour_fundus,92.72164154052734,1,38.58238201141357,43.56939697265625,1,34.763293457031246,0.0717802494764328,1,0.0017387918487656,1.3259456157684326,0,1.7220234692096696,all_methods_correct,54.13925952911377,8.806103515625004
images/dissertation_v1/ood/sensory_artifact/rectangle_annotation/artifact_000145_01_rectangle_annotation.png,1,sensory_artifact,rectangle_annotation,92.8417739868164,1,38.58238201141357,47.173583984375,1,34.763293457031246,0.0180363953113555,1,0.0017387918487656,0.9339831471443176,0,1.7220234692096696,all_methods_correct,54.259391975402835,12.410290527343754
images/dissertation_v1/ood/sensory_artifact/rectangle_annotation/artifact_000120_01_rectangle_annotation.png,1,sensory_artifact,rectangle_annotation,92.92516326904295,1,38.58238201141357,44.6162223815918,1,34.763293457031246,0.0133685255423188,1,0.0017387918487656,0.7822901606559753,0,1.7220234692096696,all_methods_correct,54.34278125762938,9.852928924560551
images/dissertation_v1/ood/sensory_artifact/rectangle_annotation/artifact_000034_01_rectangle_annotation.png,1,sensory_artifact,rectangle_annotation,93.04966735839844,1,38.58238201141357,38.23971176147461,1,34.763293457031246,0.0146952522918581,1,0.0017387918487656,0.8823176026344299,0,1.7220234692096696,all_methods_correct,54.467285346984866,3.4764183044433636
images/dissertation_v1/ood/sensory_artifact/rectangle_annotation/artifact_000076_01_rectangle_annotation.png,1,sensory_artifact,rectangle_annotation,93.11489868164062,1,38.58238201141357,46.25342178344727,1,34.763293457031246,0.0199649948626756,1,0.0017387918487656,0.8254825472831726,0,1.7220234692096696,all_methods_correct,54.532516670227054,11.490128326416027
images/dissertation_v1/ood/sensory_artifact/rectangle_annotation/artifact_000060_01_rectangle_annotation.png,1,sensory_artifact,rectangle_annotation,93.14640808105467,1,38.58238201141357,43.45058441162109,1,34.763293457031246,0.0167507082223892,1,0.0017387918487656,1.11489999294281,0,1.7220234692096696,all_methods_correct,54.5640260696411,8.687290954589841
images/dissertation_v1/ood/sensory_artifact/rectangle_annotation/artifact_000027_01_rectangle_annotation.png,1,sensory_artifact,rectangle_annotation,93.27791595458984,1,38.58238201141357,45.04620361328125,1,34.763293457031246,0.0164732746779918,1,0.0017387918487656,0.9584315419197084,0,1.7220234692096696,all_methods_correct,54.69553394317627,10.282910156250004
images/dissertation_v1/ood/sensory_artifact/rectangle_annotation/artifact_000047_01_rectangle_annotation.png,1,sensory_artifact,rectangle_annotation,93.42786407470705,1,38.58238201141357,41.720096588134766,1,34.763293457031246,0.0135660171508789,1,0.0017387918487656,1.2687548398971558,0,1.7220234692096696,all_methods_correct,54.845482063293474,6.95680313110352
images/dissertation_v1/ood/sensory_artifact/blur_artifact/artifact_000093_04_blur_artifact.png,1,sensory_artifact,blur_artifact,93.5619125366211,1,38.58238201141357,36.340110778808594,1,34.763293457031246,0.0002271615667268,0,0.0017387918487656,0.97050940990448,0,1.7220234692096696,all_methods_correct,54.97953052520752,1.576817321777348
images/dissertation_v1/ood/sensory_artifact/rectangle_annotation/artifact_000087_01_rectangle_annotation.png,1,sensory_artifact,rectangle_annotation,93.80322265625,1,38.58238201141357,46.06304168701172,1,34.763293457031246,0.0149560132995247,1,0.0017387918487656,0.8325337171554565,0,1.7220234692096696,all_methods_correct,55.22084064483643,11.299748229980473
images/dissertation_v1/ood/sensory_artifact/rectangle_annotation/artifact_000013_01_rectangle_annotation.png,1,sensory_artifact,rectangle_annotation,94.28416442871094,1,38.58238201141357,41.13379287719727,1,34.763293457031246,0.0198224913328886,1,0.0017387918487656,0.9081499576568604,0,1.7220234692096696,all_methods_correct,55.701782417297366,6.370499420166027
images/dissertation_v1/ood/sensory_artifact/rectangle_annotation/artifact_000117_01_rectangle_annotation.png,1,sensory_artifact,rectangle_annotation,94.96453094482422,1,38.58238201141357,39.99761199951172,1,34.763293457031246,0.0167837124317884,1,0.0017387918487656,1.2215179204940796,0,1.7220234692096696,all_methods_correct,56.38214893341065,5.234318542480473
images/dissertation_v1/ood/sensory_artifact/rectangle_annotation/artifact_000072_01_rectangle_annotation.png,1,sensory_artifact,rectangle_annotation,95.54833984375,1,38.58238201141357,45.75178909301758,1,34.763293457031246,0.0115901967510581,1,0.0017387918487656,1.6998939514160156,0,1.7220234692096696,all_methods_correct,56.96595783233643,10.988495635986332
images/dissertation_v1/ood/sensory_artifact/rectangle_annotation/artifact_000064_01_rectangle_annotation.png,1,sensory_artifact,rectangle_annotation,95.7223892211914,1,38.58238201141357,47.75052261352539,1,34.763293457031246,0.0204635579138994,1,0.0017387918487656,2.24772572517395,1,1.7220234692096696,all_methods_correct,57.140007209777835,12.987229156494145
images/dissertation_v1/ood/modality_shift/colour_fundus/colour_fundus_000191.png,1,modality_shift,colour_fundus,96.28070831298828,1,38.58238201141357,38.70809173583984,1,34.763293457031246,0.0680482238531112,1,0.0017387918487656,2.006474733352661,1,1.7220234692096696,all_methods_correct,57.69832630157471,3.944798278808591
images/dissertation_v1/ood/sensory_artifact/rectangle_annotation/artifact_000121_01_rectangle_annotation.png,1,sensory_artifact,rectangle_annotation,96.29584503173828,1,38.58238201141357,47.80645751953125,1,34.763293457031246,0.016429528594017,1,0.0017387918487656,0.7581813931465149,0,1.7220234692096696,all_methods_correct,57.71346302032471,13.043164062500004
images/dissertation_v1/ood/sensory_artifact/rectangle_annotation/artifact_000102_01_rectangle_annotation.png,1,sensory_artifact,rectangle_annotation,97.00972747802734,1,38.58238201141357,46.40411758422852,1,34.763293457031246,0.0137617895379662,1,0.0017387918487656,1.2048866748809814,0,1.7220234692096696,all_methods_correct,58.42734546661377,11.640824127197277
images/dissertation_v1/ood/sensory_artifact/rectangle_annotation/artifact_000103_01_rectangle_annotation.png,1,sensory_artifact,rectangle_annotation,97.39114379882812,1,38.58238201141357,43.18198776245117,1,34.763293457031246,0.0132762910798192,1,0.0017387918487656,1.4075682163238523,0,1.7220234692096696,all_methods_correct,58.808761787414554,8.418694305419926
images/dissertation_v1/ood/sensory_artifact/blur_artifact/artifact_000005_04_blur_artifact.png,1,sensory_artifact,blur_artifact,97.9651336669922,1,38.58238201141357,35.8691291809082,1,34.763293457031246,0.0001704893657006,0,0.0017387918487656,1.3569436073303225,0,1.7220234692096696,all_methods_correct,59.38275165557863,1.1058357238769574
images/dissertation_v1/ood/sensory_artifact/rectangle_annotation/artifact_000134_01_rectangle_annotation.png,1,sensory_artifact,rectangle_annotation,98.24634552001952,1,38.58238201141357,43.38842391967773,1,34.763293457031246,0.010261695832014,1,0.0017387918487656,2.143434524536133,1,1.7220234692096696,all_methods_correct,59.663963508605946,8.625130462646482
images/dissertation_v1/ood/sensory_artifact/rectangle_annotation/artifact_000025_01_rectangle_annotation.png,1,sensory_artifact,rectangle_annotation,99.56736755371094,1,38.58238201141357,44.009727478027344,1,34.763293457031246,0.0158954355865716,1,0.0017387918487656,0.7371910810470581,0,1.7220234692096696,all_methods_correct,60.984985542297366,9.246434020996098
images/dissertation_v1/ood/sensory_artifact/rectangle_annotation/artifact_000123_01_rectangle_annotation.png,1,sensory_artifact,rectangle_annotation,100.3985824584961,1,38.58238201141357,45.35512924194336,1,34.763293457031246,0.0194636061787605,1,0.0017387918487656,0.775303840637207,0,1.7220234692096696,all_methods_correct,61.81620044708252,10.591835784912114
images/dissertation_v1/ood/sensory_artifact/rectangle_annotation/artifact_000086_01_rectangle_annotation.png,1,sensory_artifact,rectangle_annotation,100.59266662597656,1,38.58238201141357,44.04265213012695,1,34.763293457031246,0.0147772496566176,1,0.0017387918487656,1.269217610359192,0,1.7220234692096696,all_methods_correct,62.01028461456299,9.279358673095707
images/dissertation_v1/ood/sensory_artifact/rectangle_annotation/artifact_000126_01_rectangle_annotation.png,1,sensory_artifact,rectangle_annotation,100.68404388427734,1,38.58238201141357,46.15492630004883,1,34.763293457031246,0.0203479882329702,1,0.0017387918487656,0.8322170972824097,0,1.7220234692096696,all_methods_correct,62.10166187286377,11.391632843017582
images/dissertation_v1/ood/sensory_artifact/rectangle_annotation/artifact_000089_01_rectangle_annotation.png,1,sensory_artifact,rectangle_annotation,100.8788833618164,1,38.58238201141357,43.4333610534668,1,34.763293457031246,0.0200880821794271,1,0.0017387918487656,1.4530344009399414,0,1.7220234692096696,all_methods_correct,62.296501350402835,8.670067596435551
images/dissertation_v1/ood/sensory_artifact/rectangle_annotation/artifact_000148_01_rectangle_annotation.png,1,sensory_artifact,rectangle_annotation,101.38178253173828,1,38.58238201141357,39.97118377685547,1,34.763293457031246,0.0170042756944894,1,0.0017387918487656,0.8963714241981506,0,1.7220234692096696,all_methods_correct,62.79940052032471,5.207890319824223
images/dissertation_v1/ood/sensory_artifact/rectangle_annotation/artifact_000137_01_rectangle_annotation.png,1,sensory_artifact,rectangle_annotation,101.95063018798828,1,38.58238201141357,45.638668060302734,1,34.763293457031246,0.0193379465490579,1,0.0017387918487656,0.9484214186668396,0,1.7220234692096696,all_methods_correct,63.36824817657471,10.875374603271489
images/dissertation_v1/ood/sensory_artifact/rectangle_annotation/artifact_000081_01_rectangle_annotation.png,1,sensory_artifact,rectangle_annotation,102.00977325439452,1,38.58238201141357,38.6180419921875,1,34.763293457031246,0.0191642120480537,1,0.0017387918487656,0.9803171753883362,0,1.7220234692096696,all_methods_correct,63.427391242980946,3.8547485351562543
images/dissertation_v1/ood/sensory_artifact/rectangle_annotation/artifact_000131_01_rectangle_annotation.png,1,sensory_artifact,rectangle_annotation,102.38924407958984,1,38.58238201141357,45.41488265991211,1,34.763293457031246,0.0170455891638994,1,0.0017387918487656,1.206181287765503,0,1.7220234692096696,all_methods_correct,63.80686206817627,10.651589202880864
images/dissertation_v1/ood/sensory_artifact/rectangle_annotation/artifact_000129_01_rectangle_annotation.png,1,sensory_artifact,rectangle_annotation,102.71609497070312,1,38.58238201141357,41.1748275756836,1,34.763293457031246,0.021560775116086,1,0.0017387918487656,1.1470028162002563,0,1.7220234692096696,all_methods_correct,64.13371295928955,6.411534118652355
images/dissertation_v1/ood/sensory_artifact/rectangle_annotation/artifact_000142_01_rectangle_annotation.png,1,sensory_artifact,rectangle_annotation,102.88976287841795,1,38.58238201141357,39.729270935058594,1,34.763293457031246,0.0182080715894699,1,0.0017387918487656,0.8045318126678467,0,1.7220234692096696,all_methods_correct,64.30738086700438,4.965977478027348
images/dissertation_v1/ood/sensory_artifact/rectangle_annotation/artifact_000100_01_rectangle_annotation.png,1,sensory_artifact,rectangle_annotation,103.70684051513672,1,38.58238201141357,40.04777908325195,1,34.763293457031246,0.0183038786053657,1,0.0017387918487656,1.259004831314087,0,1.7220234692096696,all_methods_correct,65.12445850372315,5.284485626220707
images/dissertation_v1/ood/sensory_artifact/rectangle_annotation/artifact_000010_01_rectangle_annotation.png,1,sensory_artifact,rectangle_annotation,103.95633697509766,1,38.58238201141357,44.65694427490234,1,34.763293457031246,0.0179305896162986,1,0.0017387918487656,1.1213051080703735,0,1.7220234692096696,all_methods_correct,65.37395496368408,9.893650817871091
images/dissertation_v1/ood/sensory_artifact/rectangle_annotation/artifact_000132_01_rectangle_annotation.png,1,sensory_artifact,rectangle_annotation,104.95503997802734,1,38.58238201141357,44.39567947387695,1,34.763293457031246,0.0155297331511974,1,0.0017387918487656,0.7242634892463684,0,1.7220234692096696,all_methods_correct,66.37265796661377,9.632386016845707
images/dissertation_v1/ood/sensory_artifact/rectangle_annotation/artifact_000056_01_rectangle_annotation.png,1,sensory_artifact,rectangle_annotation,105.1214370727539,1,38.58238201141357,42.27848815917969,1,34.763293457031246,0.0122550036758184,1,0.0017387918487656,1.798077940940857,1,1.7220234692096696,all_methods_correct,66.53905506134033,7.515194702148442
images/dissertation_v1/ood/sensory_artifact/blur_artifact/artifact_000117_04_blur_artifact.png,1,sensory_artifact,blur_artifact,105.16211700439452,1,38.58238201141357,38.11860275268555,1,34.763293457031246,0.0002472452470101,0,0.0017387918487656,1.0910894870758057,0,1.7220234692096696,all_methods_correct,66.57973499298095,3.355309295654301
images/dissertation_v1/ood/sensory_artifact/rectangle_annotation/artifact_000070_01_rectangle_annotation.png,1,sensory_artifact,rectangle_annotation,105.16313934326172,1,38.58238201141357,47.97736740112305,1,34.763293457031246,0.0173970628529787,1,0.0017387918487656,0.7383659482002258,0,1.7220234692096696,all_methods_correct,66.58075733184815,13.214073944091801
images/dissertation_v1/ood/sensory_artifact/rectangle_annotation/artifact_000061_01_rectangle_annotation.png,1,sensory_artifact,rectangle_annotation,105.24344635009766,1,38.58238201141357,40.81793212890625,1,34.763293457031246,0.0165780242532491,1,0.0017387918487656,0.7714347243309021,0,1.7220234692096696,all_methods_correct,66.66106433868408,6.054638671875004
images/dissertation_v1/ood/sensory_artifact/rectangle_annotation/artifact_000133_01_rectangle_annotation.png,1,sensory_artifact,rectangle_annotation,105.34487915039062,1,38.58238201141357,42.54939651489258,1,34.763293457031246,0.0153352711349725,1,0.0017387918487656,1.3476556539535522,0,1.7220234692096696,all_methods_correct,66.76249713897705,7.786103057861332
images/dissertation_v1/ood/sensory_artifact/rectangle_annotation/artifact_000139_01_rectangle_annotation.png,1,sensory_artifact,rectangle_annotation,105.39381408691406,1,38.58238201141357,46.452823638916016,1,34.763293457031246,0.0169704612344503,1,0.0017387918487656,1.0994364023208618,0,1.7220234692096696,all_methods_correct,66.81143207550049,11.68953018188477
images/dissertation_v1/ood/sensory_artifact/rectangle_annotation/artifact_000031_01_rectangle_annotation.png,1,sensory_artifact,rectangle_annotation,105.72576904296876,1,38.58238201141357,50.63484191894531,1,34.763293457031246,0.019473161548376,1,0.0017387918487656,1.2067230939865112,0,1.7220234692096696,all_methods_correct,67.14338703155519,15.871548461914067
images/dissertation_v1/ood/modality_shift/colour_fundus/colour_fundus_000159.png,1,modality_shift,colour_fundus,106.62574005126952,1,38.58238201141357,38.93037796020508,1,34.763293457031246,0.050361692905426,1,0.0017387918487656,0.9462193846702576,0,1.7220234692096696,all_methods_correct,68.04335803985595,4.167084503173832
images/dissertation_v1/ood/sensory_artifact/rectangle_annotation/artifact_000096_01_rectangle_annotation.png,1,sensory_artifact,rectangle_annotation,106.7246551513672,1,38.58238201141357,39.57208633422852,1,34.763293457031246,0.0206721033900976,1,0.0017387918487656,0.8917510509490967,0,1.7220234692096696,all_methods_correct,68.14227313995363,4.808792877197277
images/dissertation_v1/ood/sensory_artifact/rectangle_annotation/artifact_000118_01_rectangle_annotation.png,1,sensory_artifact,rectangle_annotation,106.96061706542967,1,38.58238201141357,40.38663101196289,1,34.763293457031246,0.0228642635047435,1,0.0017387918487656,1.144741415977478,0,1.7220234692096696,all_methods_correct,68.3782350540161,5.623337554931645
images/dissertation_v1/ood/sensory_artifact/rectangle_annotation/artifact_000092_01_rectangle_annotation.png,1,sensory_artifact,rectangle_annotation,107.22398376464844,1,38.58238201141357,42.83070755004883,1,34.763293457031246,0.0171181671321392,1,0.0017387918487656,1.5071547031402588,0,1.7220234692096696,all_methods_correct,68.64160175323487,8.067414093017582
images/dissertation_v1/ood/sensory_artifact/rectangle_annotation/artifact_000106_01_rectangle_annotation.png,1,sensory_artifact,rectangle_annotation,107.34759521484376,1,38.58238201141357,50.57284927368164,1,34.763293457031246,0.0124357677996158,1,0.0017387918487656,2.1846377849578857,1,1.7220234692096696,all_methods_correct,68.76521320343019,15.809555816650395
images/dissertation_v1/ood/sensory_artifact/rectangle_annotation/artifact_000053_01_rectangle_annotation.png,1,sensory_artifact,rectangle_annotation,107.66407775878906,1,38.58238201141357,43.31758117675781,1,34.763293457031246,0.0131203522905707,1,0.0017387918487656,1.6888444423675537,0,1.7220234692096696,all_methods_correct,69.08169574737549,8.554287719726567
images/dissertation_v1/ood/sensory_artifact/rectangle_annotation/artifact_000075_01_rectangle_annotation.png,1,sensory_artifact,rectangle_annotation,107.6679916381836,1,38.58238201141357,46.62876892089844,1,34.763293457031246,0.0159098152071237,1,0.0017387918487656,1.3971836566925049,0,1.7220234692096696,all_methods_correct,69.08560962677002,11.865475463867192
images/dissertation_v1/ood/sensory_artifact/rectangle_annotation/artifact_000130_01_rectangle_annotation.png,1,sensory_artifact,rectangle_annotation,107.97369384765624,1,38.58238201141357,45.59657287597656,1,34.763293457031246,0.0158756524324417,1,0.0017387918487656,0.9236267805099488,0,1.7220234692096696,all_methods_correct,69.39131183624266,10.833279418945317
images/dissertation_v1/ood/sensory_artifact/rectangle_annotation/artifact_000049_01_rectangle_annotation.png,1,sensory_artifact,rectangle_annotation,108.16172790527344,1,38.58238201141357,45.70997619628906,1,34.763293457031246,0.0179609134793281,1,0.0017387918487656,0.8067633509635925,0,1.7220234692096696,all_methods_correct,69.57934589385987,10.946682739257817
images/dissertation_v1/ood/sensory_artifact/rectangle_annotation/artifact_000038_01_rectangle_annotation.png,1,sensory_artifact,rectangle_annotation,110.53106689453124,1,38.58238201141357,42.93576049804688,1,34.763293457031246,0.0158541835844516,1,0.0017387918487656,1.495148539543152,0,1.7220234692096696,all_methods_correct,71.94868488311766,8.172467041015636
images/dissertation_v1/ood/sensory_artifact/rectangle_annotation/artifact_000077_01_rectangle_annotation.png,1,sensory_artifact,rectangle_annotation,111.07012939453124,1,38.58238201141357,40.585243225097656,1,34.763293457031246,0.020268453285098,1,0.0017387918487656,1.1874243021011353,0,1.7220234692096696,all_methods_correct,72.48774738311766,5.8219497680664105
images/dissertation_v1/ood/sensory_artifact/rectangle_annotation/artifact_000032_01_rectangle_annotation.png,1,sensory_artifact,rectangle_annotation,111.62195587158205,1,38.58238201141357,45.82097244262695,1,34.763293457031246,0.013949541375041,1,0.0017387918487656,2.092890739440918,1,1.7220234692096696,all_methods_correct,73.03957386016847,11.057678985595707
images/dissertation_v1/ood/sensory_artifact/rectangle_annotation/artifact_000138_01_rectangle_annotation.png,1,sensory_artifact,rectangle_annotation,111.96846771240234,1,38.58238201141357,46.48881530761719,1,34.763293457031246,0.0138189662247896,1,0.0017387918487656,1.663392424583435,0,1.7220234692096696,all_methods_correct,73.38608570098877,11.725521850585942
images/dissertation_v1/ood/sensory_artifact/rectangle_annotation/artifact_000066_01_rectangle_annotation.png,1,sensory_artifact,rectangle_annotation,112.53479766845705,1,38.58238201141357,42.509307861328125,1,34.763293457031246,0.0194032415747642,1,0.0017387918487656,0.8834713697433472,0,1.7220234692096696,all_methods_correct,73.95241565704347,7.746014404296879
images/dissertation_v1/ood/sensory_artifact/rectangle_annotation/artifact_000119_01_rectangle_annotation.png,1,sensory_artifact,rectangle_annotation,112.6041488647461,1,38.58238201141357,50.56574630737305,1,34.763293457031246,0.0208799727261066,1,0.0017387918487656,1.0185463428497314,0,1.7220234692096696,all_methods_correct,74.02176685333252,15.802452850341801
images/dissertation_v1/ood/sensory_artifact/rectangle_annotation/artifact_000018_01_rectangle_annotation.png,1,sensory_artifact,rectangle_annotation,112.81171417236328,1,38.58238201141357,44.13409805297852,1,34.763293457031246,0.0166241656988859,1,0.0017387918487656,0.8688390254974365,0,1.7220234692096696,all_methods_correct,74.22933216094971,9.370804595947277
images/dissertation_v1/ood/sensory_artifact/rectangle_annotation/artifact_000112_01_rectangle_annotation.png,1,sensory_artifact,rectangle_annotation,113.45530700683594,1,38.58238201141357,38.59132385253906,1,34.763293457031246,0.0205269157886505,1,0.0017387918487656,1.1353135108947754,0,1.7220234692096696,all_methods_correct,74.87292499542237,3.8280303955078168
images/dissertation_v1/ood/sensory_artifact/rectangle_annotation/artifact_000065_01_rectangle_annotation.png,1,sensory_artifact,rectangle_annotation,114.93293762207033,1,38.58238201141357,45.43610382080078,1,34.763293457031246,0.0202376451343297,1,0.0017387918487656,1.148131251335144,0,1.7220234692096696,all_methods_correct,76.35055561065676,10.672810363769536
images/dissertation_v1/ood/modality_shift/colour_fundus/colour_fundus_000132.png,1,modality_shift,colour_fundus,115.48731994628906,1,38.58238201141357,42.89866256713867,1,34.763293457031246,0.0629651993513107,1,0.0017387918487656,1.118290662765503,0,1.7220234692096696,all_methods_correct,76.90493793487549,8.135369110107426
images/dissertation_v1/ood/sensory_artifact/rectangle_annotation/artifact_000058_01_rectangle_annotation.png,1,sensory_artifact,rectangle_annotation,115.58425903320312,1,38.58238201141357,48.45112609863281,1,34.763293457031246,0.0164071954786777,1,0.0017387918487656,1.6311205625534058,0,1.7220234692096696,all_methods_correct,77.00187702178955,13.687832641601567
images/dissertation_v1/ood/sensory_artifact/rectangle_annotation/artifact_000046_01_rectangle_annotation.png,1,sensory_artifact,rectangle_annotation,116.8969497680664,1,38.58238201141357,39.887020111083984,1,34.763293457031246,0.0180951934307813,1,0.0017387918487656,1.1373088359832764,0,1.7220234692096696,all_methods_correct,78.31456775665283,5.123726654052739
images/dissertation_v1/ood/sensory_artifact/rectangle_annotation/artifact_000039_01_rectangle_annotation.png,1,sensory_artifact,rectangle_annotation,117.38455200195312,1,38.58238201141357,47.197147369384766,1,34.763293457031246,0.0199249237775802,1,0.0017387918487656,1.1334222555160522,0,1.7220234692096696,all_methods_correct,78.80216999053955,12.43385391235352
images/dissertation_v1/ood/sensory_artifact/rectangle_annotation/artifact_000045_01_rectangle_annotation.png,1,sensory_artifact,rectangle_annotation,118.34890747070312,1,38.58238201141357,48.31181716918945,1,34.763293457031246,0.0150778861716389,1,0.0017387918487656,1.6199620962142944,0,1.7220234692096696,all_methods_correct,79.76652545928955,13.548523712158207
images/dissertation_v1/ood/sensory_artifact/rectangle_annotation/artifact_000069_01_rectangle_annotation.png,1,sensory_artifact,rectangle_annotation,119.86668395996094,1,38.58238201141357,43.02024459838867,1,34.763293457031246,0.0170482229441404,1,0.0017387918487656,1.2625178098678589,0,1.7220234692096696,all_methods_correct,81.28430194854737,8.256951141357426
images/dissertation_v1/ood/sensory_artifact/rectangle_annotation/artifact_000043_01_rectangle_annotation.png,1,sensory_artifact,rectangle_annotation,122.23387908935548,1,38.58238201141357,44.07732009887695,1,34.763293457031246,0.0226445067673921,1,0.0017387918487656,1.1349773406982422,0,1.7220234692096696,all_methods_correct,83.65149707794191,9.314026641845707
images/dissertation_v1/ood/sensory_artifact/rectangle_annotation/artifact_000028_01_rectangle_annotation.png,1,sensory_artifact,rectangle_annotation,122.41570281982422,1,38.58238201141357,46.55766677856445,1,34.763293457031246,0.015367416664958,1,0.0017387918487656,1.606329083442688,0,1.7220234692096696,all_methods_correct,83.83332080841065,11.794373321533207
images/dissertation_v1/ood/sensory_artifact/composite_layout/artifact_000050_03_composite_layout.png,1,sensory_artifact,composite_layout,123.13865661621094,1,38.58238201141357,41.56914520263672,1,34.763293457031246,0.0025971189606934,1,0.0017387918487656,1.4623708724975586,0,1.7220234692096696,all_methods_correct,84.55627460479737,6.805851745605473
images/dissertation_v1/ood/sensory_artifact/rectangle_annotation/artifact_000146_01_rectangle_annotation.png,1,sensory_artifact,rectangle_annotation,123.14950561523438,1,38.58238201141357,46.86362457275391,1,34.763293457031246,0.0160485971719026,1,0.0017387918487656,2.1974573135375977,1,1.7220234692096696,all_methods_correct,84.5671236038208,12.100331115722668
images/dissertation_v1/ood/sensory_artifact/jpeg_compression/artifact_000139_07_jpeg_compression.png,1,sensory_artifact,jpeg_compression,123.54139709472656,1,38.58238201141357,36.43572235107422,1,34.763293457031246,0.0003670559672173,0,0.0017387918487656,0.7880572080612183,0,1.7220234692096696,all_methods_correct,84.95901508331299,1.672428894042973
images/dissertation_v1/ood/sensory_artifact/composite_layout/artifact_000002_03_composite_layout.png,1,sensory_artifact,composite_layout,123.8673095703125,1,38.58238201141357,44.13305282592773,1,34.763293457031246,0.0031354599632322,1,0.0017387918487656,1.5218381881713867,0,1.7220234692096696,all_methods_correct,85.28492755889893,9.369759368896482
images/dissertation_v1/ood/sensory_artifact/rectangle_annotation/artifact_000141_01_rectangle_annotation.png,1,sensory_artifact,rectangle_annotation,124.01319122314452,1,38.58238201141357,46.80315399169922,1,34.763293457031246,0.0193582940846681,1,0.0017387918487656,1.7762850522994995,1,1.7220234692096696,all_methods_correct,85.43080921173095,12.039860534667973
images/dissertation_v1/ood/sensory_artifact/rectangle_annotation/artifact_000093_01_rectangle_annotation.png,1,sensory_artifact,rectangle_annotation,125.6090087890625,1,38.58238201141357,43.54684448242188,1,34.763293457031246,0.0193082019686698,1,0.0017387918487656,1.1834427118301392,0,1.7220234692096696,all_methods_correct,87.02662677764893,8.783551025390636
images/dissertation_v1/ood/sensory_artifact/composite_layout/artifact_000013_03_composite_layout.png,1,sensory_artifact,composite_layout,126.45816802978516,1,38.58238201141357,41.210426330566406,1,34.763293457031246,0.0030148909427225,1,0.0017387918487656,1.78663969039917,1,1.7220234692096696,all_methods_correct,87.87578601837158,6.4471328735351605
images/dissertation_v1/ood/sensory_artifact/composite_layout/artifact_000108_03_composite_layout.png,1,sensory_artifact,composite_layout,126.93840789794922,1,38.58238201141357,44.85358047485352,1,34.763293457031246,0.0020970951300114,1,0.0017387918487656,2.0184364318847656,1,1.7220234692096696,all_methods_correct,88.35602588653565,10.090287017822277
images/dissertation_v1/ood/sensory_artifact/composite_layout/artifact_000147_03_composite_layout.png,1,sensory_artifact,composite_layout,126.99430084228516,1,38.58238201141357,41.94439315795898,1,34.763293457031246,0.0024116705171763,1,0.0017387918487656,1.5904686450958252,0,1.7220234692096696,all_methods_correct,88.41191883087158,7.1810997009277315
images/dissertation_v1/ood/sensory_artifact/rectangle_annotation/artifact_000012_01_rectangle_annotation.png,1,sensory_artifact,rectangle_annotation,128.0289306640625,1,38.58238201141357,44.43876647949219,1,34.763293457031246,0.0169506724923849,1,0.0017387918487656,1.6553566455841064,0,1.7220234692096696,all_methods_correct,89.44654865264893,9.675473022460942
images/dissertation_v1/ood/sensory_artifact/rectangle_annotation/artifact_000067_01_rectangle_annotation.png,1,sensory_artifact,rectangle_annotation,128.58392333984375,1,38.58238201141357,42.42295455932617,1,34.763293457031246,0.0177579466253519,1,0.0017387918487656,1.534133791923523,0,1.7220234692096696,all_methods_correct,90.00154132843018,7.659661102294926
images/dissertation_v1/ood/sensory_artifact/composite_layout/artifact_000034_03_composite_layout.png,1,sensory_artifact,composite_layout,130.15252685546875,1,38.58238201141357,42.85630416870117,1,34.763293457031246,0.0027566845528781,1,0.0017387918487656,1.8696143627166748,1,1.7220234692096696,all_methods_correct,91.57014484405518,8.093010711669926
images/dissertation_v1/ood/sensory_artifact/composite_layout/artifact_000116_03_composite_layout.png,1,sensory_artifact,composite_layout,130.2462921142578,1,38.58238201141357,43.630001068115234,1,34.763293457031246,0.0030057479161769,1,0.0017387918487656,1.5039726495742798,0,1.7220234692096696,all_methods_correct,91.66391010284424,8.866707611083989
images/dissertation_v1/ood/sensory_artifact/rectangle_annotation/artifact_000073_01_rectangle_annotation.png,1,sensory_artifact,rectangle_annotation,130.38648986816406,1,38.58238201141357,45.55223083496094,1,34.763293457031246,0.0141704799607396,1,0.0017387918487656,2.332782030105591,1,1.7220234692096696,all_methods_correct,91.80410785675049,10.788937377929692
images/dissertation_v1/ood/sensory_artifact/rectangle_annotation/artifact_000036_01_rectangle_annotation.png,1,sensory_artifact,rectangle_annotation,130.5697479248047,1,38.58238201141357,35.91261672973633,1,34.763293457031246,0.0195897221565246,1,0.0017387918487656,1.5809019804000854,0,1.7220234692096696,all_methods_correct,91.98736591339112,1.1493232727050824
images/dissertation_v1/ood/sensory_artifact/composite_layout/artifact_000136_03_composite_layout.png,1,sensory_artifact,composite_layout,132.24191284179688,1,38.58238201141357,44.31775665283203,1,34.763293457031246,0.0027851532213389,1,0.0017387918487656,1.6682435274124146,0,1.7220234692096696,all_methods_correct,93.6595308303833,9.554463195800786
images/dissertation_v1/ood/sensory_artifact/composite_layout/artifact_000126_03_composite_layout.png,1,sensory_artifact,composite_layout,132.5221710205078,1,38.58238201141357,44.03243255615234,1,34.763293457031246,0.002900093095377,1,0.0017387918487656,1.518092393875122,0,1.7220234692096696,all_methods_correct,93.93978900909424,9.269139099121091
images/dissertation_v1/ood/sensory_artifact/rectangle_annotation/artifact_000017_01_rectangle_annotation.png,1,sensory_artifact,rectangle_annotation,133.306640625,1,38.58238201141357,42.47497177124024,1,34.763293457031246,0.0205322261899709,1,0.0017387918487656,1.0985172986984253,0,1.7220234692096696,all_methods_correct,94.72425861358643,7.711678314208996
images/dissertation_v1/ood/sensory_artifact/composite_layout/artifact_000143_03_composite_layout.png,1,sensory_artifact,composite_layout,133.64578247070312,1,38.58238201141357,43.86397933959961,1,34.763293457031246,0.0020519832614809,1,0.0017387918487656,2.364166736602783,1,1.7220234692096696,all_methods_correct,95.06340045928955,9.100685882568364
images/dissertation_v1/ood/sensory_artifact/composite_layout/artifact_000101_03_composite_layout.png,1,sensory_artifact,composite_layout,133.89967346191406,1,38.58238201141357,44.45828628540039,1,34.763293457031246,0.0022435418795794,1,0.0017387918487656,1.5480365753173828,0,1.7220234692096696,all_methods_correct,95.31729145050049,9.694992828369145
images/dissertation_v1/ood/sensory_artifact/rectangle_annotation/artifact_000000_01_rectangle_annotation.png,1,sensory_artifact,rectangle_annotation,134.3726806640625,1,38.58238201141357,42.21184539794922,1,34.763293457031246,0.0170633848756551,1,0.0017387918487656,2.1023218631744385,1,1.7220234692096696,all_methods_correct,95.79029865264893,7.448551940917973
images/dissertation_v1/ood/sensory_artifact/composite_layout/artifact_000045_03_composite_layout.png,1,sensory_artifact,composite_layout,134.88804626464844,1,38.58238201141357,41.44417190551758,1,34.763293457031246,0.0021345999557524,1,0.0017387918487656,1.9379730224609373,1,1.7220234692096696,all_methods_correct,96.30566425323487,6.680878448486332
images/dissertation_v1/ood/sensory_artifact/composite_layout/artifact_000122_03_composite_layout.png,1,sensory_artifact,composite_layout,135.28604125976562,1,38.58238201141357,43.34849548339844,1,34.763293457031246,0.0027538109570741,1,0.0017387918487656,1.621970772743225,0,1.7220234692096696,all_methods_correct,96.70365924835205,8.585202026367192
images/dissertation_v1/ood/sensory_artifact/composite_layout/artifact_000139_03_composite_layout.png,1,sensory_artifact,composite_layout,135.85325622558594,1,38.58238201141357,43.440311431884766,1,34.763293457031246,0.0022544243838638,1,0.0017387918487656,1.4728268384933472,0,1.7220234692096696,all_methods_correct,97.27087421417237,8.67701797485352
images/dissertation_v1/ood/modality_shift/oct_screenshot/oct_screenshot_000191.png,1,modality_shift,oct_screenshot,136.0225372314453,1,38.58238201141357,40.0902214050293,1,34.763293457031246,0.0037556688766926,1,0.0017387918487656,1.4117491245269775,0,1.7220234692096696,all_methods_correct,97.44015522003174,5.326927947998051
images/dissertation_v1/ood/modality_shift/oct_screenshot/oct_screenshot_000195.png,1,modality_shift,oct_screenshot,136.16119384765625,1,38.58238201141357,40.29840087890625,1,34.763293457031246,0.003179783700034,1,0.0017387918487656,1.5641876459121704,0,1.7220234692096696,all_methods_correct,97.57881183624268,5.535107421875004
images/dissertation_v1/ood/sensory_artifact/composite_layout/artifact_000133_03_composite_layout.png,1,sensory_artifact,composite_layout,136.23085021972656,1,38.58238201141357,44.06040954589844,1,34.763293457031246,0.0023215210530906,1,0.0017387918487656,1.621666431427002,0,1.7220234692096696,all_methods_correct,97.64846820831299,9.297116088867192
images/dissertation_v1/ood/sensory_artifact/composite_layout/artifact_000022_03_composite_layout.png,1,sensory_artifact,composite_layout,136.31594848632812,1,38.58238201141357,43.00244140625,1,34.763293457031246,0.002347003435716,1,0.0017387918487656,1.6375588178634644,0,1.7220234692096696,all_methods_correct,97.73356647491455,8.239147949218754
images/dissertation_v1/ood/sensory_artifact/rectangle_annotation/artifact_000128_01_rectangle_annotation.png,1,sensory_artifact,rectangle_annotation,136.32154846191406,1,38.58238201141357,43.58537292480469,1,34.763293457031246,0.0207636374980211,1,0.0017387918487656,1.7997136116027832,1,1.7220234692096696,all_methods_correct,97.73916645050049,8.822079467773442
images/dissertation_v1/ood/sensory_artifact/composite_layout/artifact_000001_03_composite_layout.png,1,sensory_artifact,composite_layout,136.47430419921875,1,38.58238201141357,43.020416259765625,1,34.763293457031246,0.0029178808908909,1,0.0017387918487656,1.694704294204712,0,1.7220234692096696,all_methods_correct,97.89192218780518,8.25712280273438
images/dissertation_v1/ood/sensory_artifact/composite_layout/artifact_000044_03_composite_layout.png,1,sensory_artifact,composite_layout,137.1459503173828,1,38.58238201141357,41.377742767333984,1,34.763293457031246,0.0025080435443669,1,0.0017387918487656,1.57540762424469,0,1.7220234692096696,all_methods_correct,98.56356830596924,6.614449310302739
images/dissertation_v1/ood/modality_shift/oct_screenshot/oct_screenshot_000081.png,1,modality_shift,oct_screenshot,137.6840362548828,1,38.58238201141357,54.638160705566406,1,34.763293457031246,0.0017147287726402,0,0.0017387918487656,2.0537281036376958,1,1.7220234692096696,all_methods_correct,99.10165424346924,19.87486724853516
images/dissertation_v1/ood/sensory_artifact/composite_layout/artifact_000027_03_composite_layout.png,1,sensory_artifact,composite_layout,137.9723663330078,1,38.58238201141357,43.9288330078125,1,34.763293457031246,0.0026786241214722,1,0.0017387918487656,1.8911107778549197,1,1.7220234692096696,all_methods_correct,99.38998432159424,9.165539550781254
images/dissertation_v1/ood/modality_shift/oct_screenshot/oct_screenshot_000186.png,1,modality_shift,oct_screenshot,138.0371551513672,1,38.58238201141357,40.07586669921875,1,34.763293457031246,0.0030200714245438,1,0.0017387918487656,1.4915592670440674,0,1.7220234692096696,all_methods_correct,99.45477313995362,5.312573242187504
images/dissertation_v1/ood/modality_shift/oct_screenshot/oct_screenshot_000147.png,1,modality_shift,oct_screenshot,138.0464630126953,1,38.58238201141357,60.12357711791992,1,34.763293457031246,0.0053258291445672,1,0.0017387918487656,2.066391944885254,1,1.7220234692096696,all_methods_correct,99.46408100128174,25.360283660888676
images/dissertation_v1/ood/sensory_artifact/composite_layout/artifact_000024_03_composite_layout.png,1,sensory_artifact,composite_layout,138.22837829589844,1,38.58238201141357,42.83223342895508,1,34.763293457031246,0.0029178881086409,1,0.0017387918487656,1.711022973060608,0,1.7220234692096696,all_methods_correct,99.64599628448487,8.068939971923832
images/dissertation_v1/ood/sensory_artifact/composite_layout/artifact_000070_03_composite_layout.png,1,sensory_artifact,composite_layout,138.50831604003906,1,38.58238201141357,42.54782485961914,1,34.763293457031246,0.0023419701028615,1,0.0017387918487656,1.565540075302124,0,1.7220234692096696,all_methods_correct,99.92593402862549,7.784531402587895
images/dissertation_v1/ood/modality_shift/oct_screenshot/oct_screenshot_000148.png,1,modality_shift,oct_screenshot,138.5452117919922,1,38.58238201141357,57.96131896972656,1,34.763293457031246,0.0057431505993008,1,0.0017387918487656,2.1889455318450928,1,1.7220234692096696,all_methods_correct,99.96282978057862,23.198025512695317
images/dissertation_v1/ood/sensory_artifact/composite_layout/artifact_000030_03_composite_layout.png,1,sensory_artifact,composite_layout,138.6222686767578,1,38.58238201141357,42.03158950805664,1,34.763293457031246,0.0018454222008585,1,0.0017387918487656,2.847673177719116,1,1.7220234692096696,all_methods_correct,100.03988666534424,7.268296051025395
images/dissertation_v1/ood/modality_shift/oct_screenshot/oct_screenshot_000082.png,1,modality_shift,oct_screenshot,138.88966369628906,1,38.58238201141357,69.4971694946289,1,34.763293457031246,0.0017163867596536,0,0.0017387918487656,2.0515146255493164,1,1.7220234692096696,all_methods_correct,100.30728168487549,34.73387603759766
images/dissertation_v1/ood/sensory_artifact/composite_layout/artifact_000020_03_composite_layout.png,1,sensory_artifact,composite_layout,138.98899841308594,1,38.58238201141357,42.850074768066406,1,34.763293457031246,0.0026595329400151,1,0.0017387918487656,1.6089125871658323,0,1.7220234692096696,all_methods_correct,100.40661640167237,8.08678131103516
images/dissertation_v1/ood/modality_shift/oct_screenshot/oct_screenshot_000172.png,1,modality_shift,oct_screenshot,139.09446716308594,1,38.58238201141357,69.73677825927734,1,34.763293457031246,0.0046370862983167,1,0.0017387918487656,2.022014617919922,1,1.7220234692096696,all_methods_correct,100.51208515167237,34.9734848022461
images/dissertation_v1/ood/sensory_artifact/composite_layout/artifact_000057_03_composite_layout.png,1,sensory_artifact,composite_layout,139.31166076660156,1,38.58238201141357,43.900333404541016,1,34.763293457031246,0.0022274402435868,1,0.0017387918487656,1.8664743900299072,1,1.7220234692096696,all_methods_correct,100.72927875518799,9.13703994750977
images/dissertation_v1/ood/sensory_artifact/composite_layout/artifact_000038_03_composite_layout.png,1,sensory_artifact,composite_layout,139.31227111816406,1,38.58238201141357,42.447547912597656,1,34.763293457031246,0.0020745149813592,1,0.0017387918487656,1.819076657295227,1,1.7220234692096696,all_methods_correct,100.72988910675049,7.6842544555664105
images/dissertation_v1/ood/sensory_artifact/composite_layout/artifact_000104_03_composite_layout.png,1,sensory_artifact,composite_layout,139.3770294189453,1,38.58238201141357,44.07270431518555,1,34.763293457031246,0.0022464755456894,1,0.0017387918487656,1.6609501838684082,0,1.7220234692096696,all_methods_correct,100.79464740753174,9.309410858154301
images/dissertation_v1/ood/sensory_artifact/composite_layout/artifact_000137_03_composite_layout.png,1,sensory_artifact,composite_layout,139.44651794433594,1,38.58238201141357,42.8169059753418,1,34.763293457031246,0.002451284090057,1,0.0017387918487656,1.4880657196044922,0,1.7220234692096696,all_methods_correct,100.86413593292237,8.053612518310551
images/dissertation_v1/ood/sensory_artifact/composite_layout/artifact_000083_03_composite_layout.png,1,sensory_artifact,composite_layout,139.51333618164062,1,38.58238201141357,42.70808792114258,1,34.763293457031246,0.0021200326737016,1,0.0017387918487656,1.4956544637680054,0,1.7220234692096696,all_methods_correct,100.93095417022705,7.944794464111332
images/dissertation_v1/ood/modality_shift/oct_screenshot/oct_screenshot_000079.png,1,modality_shift,oct_screenshot,139.92323303222656,1,38.58238201141357,62.80426788330078,1,34.763293457031246,0.0016163066029548,0,0.0017387918487656,2.1291894912719727,1,1.7220234692096696,all_methods_correct,101.34085102081299,28.040974426269536
images/dissertation_v1/ood/modality_shift/oct_screenshot/oct_screenshot_000155.png,1,modality_shift,oct_screenshot,139.96942138671875,1,38.58238201141357,47.24131774902344,1,34.763293457031246,0.0062041394412517,1,0.0017387918487656,2.5071582794189453,1,1.7220234692096696,all_methods_correct,101.38703937530518,12.478024291992192
images/dissertation_v1/ood/sensory_artifact/composite_layout/artifact_000063_03_composite_layout.png,1,sensory_artifact,composite_layout,139.97035217285156,1,38.58238201141357,42.56138229370117,1,34.763293457031246,0.0030168583616614,1,0.0017387918487656,1.7336671352386477,1,1.7220234692096696,all_methods_correct,101.38797016143799,7.798088836669926
images/dissertation_v1/ood/sensory_artifact/composite_layout/artifact_000135_03_composite_layout.png,1,sensory_artifact,composite_layout,140.06243896484375,1,38.58238201141357,42.649559020996094,1,34.763293457031246,0.0026085907593369,1,0.0017387918487656,1.971701741218567,1,1.7220234692096696,all_methods_correct,101.48005695343018,7.886265563964848
images/dissertation_v1/ood/modality_shift/oct_screenshot/oct_screenshot_000198.png,1,modality_shift,oct_screenshot,140.28077697753906,1,38.58238201141357,46.21214294433594,1,34.763293457031246,0.0019202439580112,1,0.0017387918487656,1.280929684638977,0,1.7220234692096696,all_methods_correct,101.69839496612549,11.448849487304692
images/dissertation_v1/ood/modality_shift/oct_screenshot/oct_screenshot_000069.png,1,modality_shift,oct_screenshot,140.4565887451172,1,38.58238201141357,73.55966186523438,1,34.763293457031246,0.0017064578132703,0,0.0017387918487656,2.208867311477661,1,1.7220234692096696,all_methods_correct,101.87420673370362,38.79636840820313
images/dissertation_v1/ood/sensory_artifact/composite_layout/artifact_000142_03_composite_layout.png,1,sensory_artifact,composite_layout,140.6915740966797,1,38.58238201141357,41.74275588989258,1,34.763293457031246,0.0027005495503544,1,0.0017387918487656,1.7324782609939575,1,1.7220234692096696,all_methods_correct,102.10919208526612,6.979462432861332
images/dissertation_v1/ood/modality_shift/oct_screenshot/oct_screenshot_000150.png,1,modality_shift,oct_screenshot,140.83543395996094,1,38.58238201141357,44.48979187011719,1,34.763293457031246,0.0060142851434648,1,0.0017387918487656,2.5358827114105225,1,1.7220234692096696,all_methods_correct,102.25305194854737,9.726498413085942
images/dissertation_v1/ood/modality_shift/oct_screenshot/oct_screenshot_000177.png,1,modality_shift,oct_screenshot,141.43551635742188,1,38.58238201141357,63.21233367919922,1,34.763293457031246,0.0034268202725797,1,0.0017387918487656,1.588190674781799,0,1.7220234692096696,all_methods_correct,102.8531343460083,28.449040222167973
images/dissertation_v1/ood/sensory_artifact/composite_layout/artifact_000125_03_composite_layout.png,1,sensory_artifact,composite_layout,141.49990844726562,1,38.58238201141357,44.92893600463867,1,34.763293457031246,0.0027954131364822,1,0.0017387918487656,1.6190813779830933,0,1.7220234692096696,all_methods_correct,102.91752643585205,10.165642547607426
images/dissertation_v1/ood/modality_shift/oct_screenshot/oct_screenshot_000185.png,1,modality_shift,oct_screenshot,141.66665649414062,1,38.58238201141357,38.94117736816406,1,34.763293457031246,0.0033071301877498,1,0.0017387918487656,1.8445806503295896,1,1.7220234692096696,all_methods_correct,103.08427448272705,4.177883911132817
images/dissertation_v1/ood/sensory_artifact/rectangle_annotation/artifact_000085_01_rectangle_annotation.png,1,sensory_artifact,rectangle_annotation,141.6894989013672,1,38.58238201141357,42.42375183105469,1,34.763293457031246,0.0224593318998813,1,0.0017387918487656,1.4406263828277588,0,1.7220234692096696,all_methods_correct,103.10711688995362,7.660458374023442
images/dissertation_v1/ood/modality_shift/oct_screenshot/oct_screenshot_000100.png,1,modality_shift,oct_screenshot,141.70802307128906,1,38.58238201141357,40.04805755615234,1,34.763293457031246,0.0019691255874931,1,0.0017387918487656,1.625085711479187,0,1.7220234692096696,all_methods_correct,103.12564105987549,5.284764099121091
images/dissertation_v1/ood/sensory_artifact/rectangle_annotation/artifact_000108_01_rectangle_annotation.png,1,sensory_artifact,rectangle_annotation,141.81573486328125,1,38.58238201141357,47.2454719543457,1,34.763293457031246,0.0186929106712341,1,0.0017387918487656,1.5756382942199707,0,1.7220234692096696,all_methods_correct,103.23335285186768,12.482178497314457
images/dissertation_v1/ood/sensory_artifact/composite_layout/artifact_000011_03_composite_layout.png,1,sensory_artifact,composite_layout,141.88778686523438,1,38.58238201141357,42.307762145996094,1,34.763293457031246,0.002602654043585,1,0.0017387918487656,1.608123540878296,0,1.7220234692096696,all_methods_correct,103.3054048538208,7.544468688964848
images/dissertation_v1/ood/sensory_artifact/composite_layout/artifact_000035_03_composite_layout.png,1,sensory_artifact,composite_layout,141.92813110351562,1,38.58238201141357,42.66789245605469,1,34.763293457031246,0.0027075903490185,1,0.0017387918487656,1.5856211185455322,0,1.7220234692096696,all_methods_correct,103.34574909210205,7.904598999023442
images/dissertation_v1/ood/modality_shift/oct_screenshot/oct_screenshot_000174.png,1,modality_shift,oct_screenshot,142.00851440429688,1,38.58238201141357,71.45756530761719,1,34.763293457031246,0.0034080792684108,1,0.0017387918487656,1.889208436012268,1,1.7220234692096696,all_methods_correct,103.4261323928833,36.69427185058594
images/dissertation_v1/ood/sensory_artifact/composite_layout/artifact_000029_03_composite_layout.png,1,sensory_artifact,composite_layout,142.06112670898438,1,38.58238201141357,42.86465072631836,1,34.763293457031246,0.0030816104263067,1,0.0017387918487656,1.724412202835083,1,1.7220234692096696,all_methods_correct,103.4787446975708,8.101357269287114
images/dissertation_v1/ood/sensory_artifact/composite_layout/artifact_000098_03_composite_layout.png,1,sensory_artifact,composite_layout,142.08816528320312,1,38.58238201141357,44.04040145874024,1,34.763293457031246,0.0021226597018539,1,0.0017387918487656,1.6341605186462402,0,1.7220234692096696,all_methods_correct,103.50578327178955,9.277108001708996
images/dissertation_v1/ood/modality_shift/oct_screenshot/oct_screenshot_000156.png,1,modality_shift,oct_screenshot,142.18138122558594,1,38.58238201141357,42.30025863647461,1,34.763293457031246,0.0061048837378621,1,0.0017387918487656,2.689805269241333,1,1.7220234692096696,all_methods_correct,103.59899921417237,7.536965179443364
images/dissertation_v1/ood/modality_shift/oct_screenshot/oct_screenshot_000194.png,1,modality_shift,oct_screenshot,142.2011260986328,1,38.58238201141357,39.93876266479492,1,34.763293457031246,0.0032096439972519,1,0.0017387918487656,1.844334363937378,1,1.7220234692096696,all_methods_correct,103.61874408721924,5.175469207763676
images/dissertation_v1/ood/modality_shift/oct_screenshot/oct_screenshot_000080.png,1,modality_shift,oct_screenshot,142.2525177001953,1,38.58238201141357,74.07481384277344,1,34.763293457031246,0.0016075086314231,0,0.0017387918487656,2.12821626663208,1,1.7220234692096696,all_methods_correct,103.67013568878174,39.31152038574219
images/dissertation_v1/ood/sensory_artifact/rectangle_annotation/artifact_000030_01_rectangle_annotation.png,1,sensory_artifact,rectangle_annotation,142.44403076171875,1,38.58238201141357,51.658145904541016,1,34.763293457031246,0.018860887736082,1,0.0017387918487656,2.399968147277832,1,1.7220234692096696,all_methods_correct,103.86164875030518,16.89485244750977
images/dissertation_v1/ood/modality_shift/oct_screenshot/oct_screenshot_000098.png,1,modality_shift,oct_screenshot,142.5550079345703,1,38.58238201141357,41.09293365478516,1,34.763293457031246,0.0020253788679838,1,0.0017387918487656,1.680053949356079,0,1.7220234692096696,all_methods_correct,103.97262592315674,6.329640197753918
images/dissertation_v1/ood/modality_shift/oct_screenshot/oct_screenshot_000189.png,1,modality_shift,oct_screenshot,142.59320068359375,1,38.58238201141357,40.36100769042969,1,34.763293457031246,0.0036531204823404,1,0.0017387918487656,1.6226853132247925,0,1.7220234692096696,all_methods_correct,104.01081867218018,5.597714233398442
images/dissertation_v1/ood/modality_shift/oct_screenshot/oct_screenshot_000041.png,1,modality_shift,oct_screenshot,142.82394409179688,1,38.58238201141357,44.70251083374024,1,34.763293457031246,0.001748651266098,1,0.0017387918487656,2.461269855499268,1,1.7220234692096696,all_methods_correct,104.2415620803833,9.939217376708996
images/dissertation_v1/ood/sensory_artifact/composite_layout/artifact_000132_03_composite_layout.png,1,sensory_artifact,composite_layout,142.96527099609375,1,38.58238201141357,45.10399627685547,1,34.763293457031246,0.0026717616710811,1,0.0017387918487656,4.144523620605469,1,1.7220234692096696,all_methods_correct,104.38288898468018,10.340702819824223
images/dissertation_v1/ood/sensory_artifact/composite_layout/artifact_000062_03_composite_layout.png,1,sensory_artifact,composite_layout,142.97067260742188,1,38.58238201141357,44.15786743164063,1,34.763293457031246,0.0023806013632565,1,0.0017387918487656,1.624548316001892,0,1.7220234692096696,all_methods_correct,104.3882905960083,9.394573974609386
images/dissertation_v1/ood/sensory_artifact/composite_layout/artifact_000121_03_composite_layout.png,1,sensory_artifact,composite_layout,143.1669158935547,1,38.58238201141357,41.48269271850586,1,34.763293457031246,0.0024897756520658,1,0.0017387918487656,1.590303897857666,0,1.7220234692096696,all_methods_correct,104.58453388214112,6.719399261474614
images/dissertation_v1/ood/sensory_artifact/composite_layout/artifact_000130_03_composite_layout.png,1,sensory_artifact,composite_layout,143.24429321289062,1,38.58238201141357,42.25933074951172,1,34.763293457031246,0.0023177410475909,1,0.0017387918487656,1.5956493616104126,0,1.7220234692096696,all_methods_correct,104.66191120147705,7.496037292480473
images/dissertation_v1/ood/modality_shift/oct_screenshot/oct_screenshot_000090.png,1,modality_shift,oct_screenshot,143.25450134277344,1,38.58238201141357,46.74408721923828,1,34.763293457031246,0.0017535738879814,1,0.0017387918487656,2.1469762325286865,1,1.7220234692096696,all_methods_correct,104.67211933135987,11.980793762207036
images/dissertation_v1/ood/modality_shift/oct_screenshot/oct_screenshot_000051.png,1,modality_shift,oct_screenshot,143.55361938476562,1,38.58238201141357,67.77244567871094,1,34.763293457031246,0.0015969701344147,0,0.0017387918487656,2.276895761489868,1,1.7220234692096696,all_methods_correct,104.97123737335205,33.00915222167969
images/dissertation_v1/ood/modality_shift/oct_screenshot/oct_screenshot_000083.png,1,modality_shift,oct_screenshot,143.7704620361328,1,38.58238201141357,67.54676055908203,1,34.763293457031246,0.0017164094606414,0,0.0017387918487656,2.092874526977539,1,1.7220234692096696,all_methods_correct,105.18808002471924,32.783467102050786
images/dissertation_v1/ood/modality_shift/oct_screenshot/oct_screenshot_000126.png,1,modality_shift,oct_screenshot,143.8219757080078,1,38.58238201141357,40.19786834716797,1,34.763293457031246,0.0020165164023637,1,0.0017387918487656,1.6744160652160645,0,1.7220234692096696,all_methods_correct,105.23959369659424,5.434574890136723
images/dissertation_v1/ood/modality_shift/oct_screenshot/oct_screenshot_000153.png,1,modality_shift,oct_screenshot,143.8696746826172,1,38.58238201141357,59.52643585205078,1,34.763293457031246,0.0045789228752255,1,0.0017387918487656,2.00032639503479,1,1.7220234692096696,all_methods_correct,105.28729267120362,24.763142395019536
images/dissertation_v1/ood/sensory_artifact/composite_layout/artifact_000138_03_composite_layout.png,1,sensory_artifact,composite_layout,143.9079132080078,1,38.58238201141357,44.06595993041992,1,34.763293457031246,0.00209476868622,1,0.0017387918487656,4.282451152801514,1,1.7220234692096696,all_methods_correct,105.32553119659424,9.302666473388676
images/dissertation_v1/ood/sensory_artifact/composite_layout/artifact_000066_03_composite_layout.png,1,sensory_artifact,composite_layout,143.93600463867188,1,38.58238201141357,43.96967697143555,1,34.763293457031246,0.0024121713358908,1,0.0017387918487656,1.54721200466156,0,1.7220234692096696,all_methods_correct,105.3536226272583,9.206383514404301
images/dissertation_v1/ood/modality_shift/oct_screenshot/oct_screenshot_000187.png,1,modality_shift,oct_screenshot,143.9691925048828,1,38.58238201141357,40.4901123046875,1,34.763293457031246,0.0032547882292419,1,0.0017387918487656,1.8316386938095093,1,1.7220234692096696,all_methods_correct,105.38681049346924,5.726818847656254
images/dissertation_v1/ood/modality_shift/oct_screenshot/oct_screenshot_000042.png,1,modality_shift,oct_screenshot,144.0352325439453,1,38.58238201141357,44.14472198486328,1,34.763293457031246,0.0018474932294338,1,0.0017387918487656,2.2957987785339355,1,1.7220234692096696,all_methods_correct,105.45285053253174,9.381428527832036
images/dissertation_v1/ood/modality_shift/oct_screenshot/oct_screenshot_000135.png,1,modality_shift,oct_screenshot,144.05052185058594,1,38.58238201141357,40.0671272277832,1,34.763293457031246,0.002090279944241,1,0.0017387918487656,1.998836636543274,1,1.7220234692096696,all_methods_correct,105.46813983917237,5.303833770751957
images/dissertation_v1/ood/sensory_artifact/composite_layout/artifact_000058_03_composite_layout.png,1,sensory_artifact,composite_layout,144.09414672851562,1,38.58238201141357,41.532962799072266,1,34.763293457031246,0.0021480852738022,1,0.0017387918487656,1.7413207292556765,1,1.7220234692096696,all_methods_correct,105.51176471710205,6.76966934204102
images/dissertation_v1/ood/modality_shift/oct_screenshot/oct_screenshot_000144.png,1,modality_shift,oct_screenshot,144.15794372558594,1,38.58238201141357,40.21781539916992,1,34.763293457031246,0.002018668456003,1,0.0017387918487656,1.739366054534912,1,1.7220234692096696,all_methods_correct,105.57556171417237,5.454521942138676
images/dissertation_v1/ood/modality_shift/oct_screenshot/oct_screenshot_000078.png,1,modality_shift,oct_screenshot,144.23263549804688,1,38.58238201141357,52.22396469116211,1,34.763293457031246,0.0017452631145715,1,0.0017387918487656,2.1642661094665527,1,1.7220234692096696,all_methods_correct,105.6502534866333,17.460671234130864
images/dissertation_v1/ood/modality_shift/oct_screenshot/oct_screenshot_000095.png,1,modality_shift,oct_screenshot,144.32627868652344,1,38.58238201141357,39.96181106567383,1,34.763293457031246,0.001753891352564,1,0.0017387918487656,2.1311795711517334,1,1.7220234692096696,all_methods_correct,105.74389667510987,5.198517608642582
images/dissertation_v1/ood/sensory_artifact/composite_layout/artifact_000000_03_composite_layout.png,1,sensory_artifact,composite_layout,144.52377319335938,1,38.58238201141357,40.37189483642578,1,34.763293457031246,0.0019553583115339,1,0.0017387918487656,2.3523941040039062,1,1.7220234692096696,all_methods_correct,105.9413911819458,5.6086013793945355
images/dissertation_v1/ood/sensory_artifact/rectangle_annotation/artifact_000097_01_rectangle_annotation.png,1,sensory_artifact,rectangle_annotation,144.6815643310547,1,38.58238201141357,44.599857330322266,1,34.763293457031246,0.0213349089026451,1,0.0017387918487656,2.100045919418335,1,1.7220234692096696,all_methods_correct,106.09918231964112,9.83656387329102
images/dissertation_v1/ood/sensory_artifact/composite_layout/artifact_000090_03_composite_layout.png,1,sensory_artifact,composite_layout,144.71347045898438,1,38.58238201141357,44.71971893310547,1,34.763293457031246,0.0022809419315308,1,0.0017387918487656,1.5696803331375122,0,1.7220234692096696,all_methods_correct,106.1310884475708,9.956425476074223
images/dissertation_v1/ood/modality_shift/oct_screenshot/oct_screenshot_000096.png,1,modality_shift,oct_screenshot,144.79359436035156,1,38.58238201141357,43.74979782104492,1,34.763293457031246,0.0017729226965457,1,0.0017387918487656,2.0853404998779297,1,1.7220234692096696,all_methods_correct,106.21121234893799,8.986504364013676
images/dissertation_v1/ood/sensory_artifact/composite_layout/artifact_000006_03_composite_layout.png,1,sensory_artifact,composite_layout,144.87864685058594,1,38.58238201141357,42.117431640625,1,34.763293457031246,0.0024598136078566,1,0.0017387918487656,1.6427292823791504,0,1.7220234692096696,all_methods_correct,106.29626483917237,7.354138183593754
images/dissertation_v1/ood/modality_shift/oct_screenshot/oct_screenshot_000197.png,1,modality_shift,oct_screenshot,144.96017456054688,1,38.58238201141357,41.20709609985352,1,34.763293457031246,0.0019136957125738,1,0.0017387918487656,1.2613604068756104,0,1.7220234692096696,all_methods_correct,106.3777925491333,6.443802642822277
images/dissertation_v1/ood/modality_shift/oct_screenshot/oct_screenshot_000125.png,1,modality_shift,oct_screenshot,145.0137176513672,1,38.58238201141357,47.42537307739258,1,34.763293457031246,0.0019672464113682,1,0.0017387918487656,1.742652416229248,1,1.7220234692096696,all_methods_correct,106.43133563995362,12.662079620361332
images/dissertation_v1/ood/sensory_artifact/composite_layout/artifact_000079_03_composite_layout.png,1,sensory_artifact,composite_layout,145.13311767578125,1,38.58238201141357,45.43844985961914,1,34.763293457031246,0.0024173019919544,1,0.0017387918487656,1.622333288192749,0,1.7220234692096696,all_methods_correct,106.55073566436768,10.675156402587895
images/dissertation_v1/ood/modality_shift/oct_screenshot/oct_screenshot_000184.png,1,modality_shift,oct_screenshot,145.180908203125,1,38.58238201141357,49.96551513671875,1,34.763293457031246,0.0033130361698567,1,0.0017387918487656,1.7604326009750366,1,1.7220234692096696,all_methods_correct,106.59852619171143,15.202221679687504
images/dissertation_v1/ood/sensory_artifact/composite_layout/artifact_000087_03_composite_layout.png,1,sensory_artifact,composite_layout,145.25486755371094,1,38.58238201141357,44.46500778198242,1,34.763293457031246,0.0023628517519682,1,0.0017387918487656,1.570683479309082,0,1.7220234692096696,all_methods_correct,106.67248554229737,9.701714324951176
images/dissertation_v1/ood/modality_shift/oct_screenshot/oct_screenshot_000031.png,1,modality_shift,oct_screenshot,145.28781127929688,1,38.58238201141357,44.74126815795898,1,34.763293457031246,0.0017574033699929,1,0.0017387918487656,2.504936695098877,1,1.7220234692096696,all_methods_correct,106.7054292678833,9.977974700927732
images/dissertation_v1/ood/modality_shift/oct_screenshot/oct_screenshot_000154.png,1,modality_shift,oct_screenshot,145.3021240234375,1,38.58238201141357,52.12960052490234,1,34.763293457031246,0.0056491210125386,1,0.0017387918487656,2.322059631347656,1,1.7220234692096696,all_methods_correct,106.71974201202393,17.36630706787109
images/dissertation_v1/ood/sensory_artifact/rectangle_annotation/artifact_000143_01_rectangle_annotation.png,1,sensory_artifact,rectangle_annotation,145.34100341796875,1,38.58238201141357,41.1451530456543,1,34.763293457031246,0.0245980024337768,1,0.0017387918487656,1.7546910047531128,1,1.7220234692096696,all_methods_correct,106.75862140655518,6.381859588623051
images/dissertation_v1/ood/sensory_artifact/composite_layout/artifact_000127_03_composite_layout.png,1,sensory_artifact,composite_layout,145.3681182861328,1,38.58238201141357,44.21665954589844,1,34.763293457031246,0.0023504893761128,1,0.0017387918487656,1.8308945894241333,1,1.7220234692096696,all_methods_correct,106.78573627471924,9.453366088867192
images/dissertation_v1/ood/modality_shift/oct_screenshot/oct_screenshot_000124.png,1,modality_shift,oct_screenshot,145.3856201171875,1,38.58238201141357,40.304969787597656,1,34.763293457031246,0.0020986304152756,1,0.0017387918487656,1.7138984203338623,0,1.7220234692096696,all_methods_correct,106.80323810577393,5.5416763305664105
images/dissertation_v1/ood/modality_shift/oct_screenshot/oct_screenshot_000027.png,1,modality_shift,oct_screenshot,145.39065551757812,1,38.58238201141357,43.752716064453125,1,34.763293457031246,0.0018987047951668,1,0.0017387918487656,2.3505029678344727,1,1.7220234692096696,all_methods_correct,106.80827350616455,8.98942260742188
images/dissertation_v1/ood/sensory_artifact/composite_layout/artifact_000084_03_composite_layout.png,1,sensory_artifact,composite_layout,145.4342498779297,1,38.58238201141357,41.81383895874024,1,34.763293457031246,0.0025196601636707,1,0.0017387918487656,1.8208097219467163,1,1.7220234692096696,all_methods_correct,106.85186786651612,7.050545501708996
images/dissertation_v1/ood/modality_shift/oct_screenshot/oct_screenshot_000173.png,1,modality_shift,oct_screenshot,145.57888793945312,1,38.58238201141357,57.52761459350586,1,34.763293457031246,0.0032763315830379,1,0.0017387918487656,1.8575924634933472,1,1.7220234692096696,all_methods_correct,106.99650592803955,22.764321136474614
images/dissertation_v1/ood/sensory_artifact/composite_layout/artifact_000089_03_composite_layout.png,1,sensory_artifact,composite_layout,145.6339111328125,1,38.58238201141357,45.03877639770508,1,34.763293457031246,0.0024593144189566,1,0.0017387918487656,1.8722785711288448,1,1.7220234692096696,all_methods_correct,107.05152912139893,10.275482940673832
images/dissertation_v1/ood/modality_shift/oct_screenshot/oct_screenshot_000152.png,1,modality_shift,oct_screenshot,145.792236328125,1,38.58238201141357,50.52823638916016,1,34.763293457031246,0.0050207921303808,1,0.0017387918487656,2.1944470405578613,1,1.7220234692096696,all_methods_correct,107.20985431671143,15.764942932128918
images/dissertation_v1/ood/modality_shift/oct_screenshot/oct_screenshot_000166.png,1,modality_shift,oct_screenshot,145.93099975585938,1,38.58238201141357,51.11354064941406,1,34.763293457031246,0.0046321866102516,1,0.0017387918487656,2.0162360668182373,1,1.7220234692096696,all_methods_correct,107.3486177444458,16.350247192382817
images/dissertation_v1/ood/sensory_artifact/composite_layout/artifact_000026_03_composite_layout.png,1,sensory_artifact,composite_layout,145.9420166015625,1,38.58238201141357,41.84941101074219,1,34.763293457031246,0.0024026741739362,1,0.0017387918487656,2.189184665679932,1,1.7220234692096696,all_methods_correct,107.35963459014893,7.086117553710942
images/dissertation_v1/ood/modality_shift/oct_screenshot/oct_screenshot_000190.png,1,modality_shift,oct_screenshot,146.04087829589844,1,38.58238201141357,40.131614685058594,1,34.763293457031246,0.0035494905896484,1,0.0017387918487656,1.58686363697052,0,1.7220234692096696,all_methods_correct,107.45849628448487,5.368321228027348
images/dissertation_v1/ood/sensory_artifact/composite_layout/artifact_000099_03_composite_layout.png,1,sensory_artifact,composite_layout,146.18406677246094,1,38.58238201141357,45.669700622558594,1,34.763293457031246,0.0024311889428645,1,0.0017387918487656,1.5438833236694336,0,1.7220234692096696,all_methods_correct,107.60168476104737,10.906407165527348
images/dissertation_v1/ood/modality_shift/oct_screenshot/oct_screenshot_000146.png,1,modality_shift,oct_screenshot,146.4019775390625,1,38.58238201141357,40.82284927368164,1,34.763293457031246,0.0020245315972715,1,0.0017387918487656,1.8396666049957275,1,1.7220234692096696,all_methods_correct,107.81959552764893,6.059555816650395
images/dissertation_v1/ood/modality_shift/oct_screenshot/oct_screenshot_000140.png,1,modality_shift,oct_screenshot,146.5367431640625,1,38.58238201141357,40.62151336669922,1,34.763293457031246,0.0022158520296216,1,0.0017387918487656,1.725376009941101,1,1.7220234692096696,all_methods_correct,107.95436115264893,5.858219909667973
images/dissertation_v1/ood/sensory_artifact/composite_layout/artifact_000096_03_composite_layout.png,1,sensory_artifact,composite_layout,146.59747314453125,1,38.58238201141357,46.18568420410156,1,34.763293457031246,0.0032414863817393,1,0.0017387918487656,1.7039177417755127,0,1.7220234692096696,all_methods_correct,108.01509113311768,11.422390747070317
images/dissertation_v1/ood/modality_shift/oct_screenshot/oct_screenshot_000097.png,1,modality_shift,oct_screenshot,146.69212341308594,1,38.58238201141357,40.68473815917969,1,34.763293457031246,0.0017946296138688,1,0.0017387918487656,2.129056930541992,1,1.7220234692096696,all_methods_correct,108.10974140167237,5.921444702148442
images/dissertation_v1/ood/sensory_artifact/composite_layout/artifact_000097_03_composite_layout.png,1,sensory_artifact,composite_layout,146.81842041015625,1,38.58238201141357,41.62290954589844,1,34.763293457031246,0.0019665032159537,1,0.0017387918487656,2.2118351459503174,1,1.7220234692096696,all_methods_correct,108.23603839874268,6.859616088867192
images/dissertation_v1/ood/sensory_artifact/composite_layout/artifact_000042_03_composite_layout.png,1,sensory_artifact,composite_layout,146.84353637695312,1,38.58238201141357,42.9401741027832,1,34.763293457031246,0.0026799507904797,1,0.0017387918487656,2.1123592853546143,1,1.7220234692096696,all_methods_correct,108.26115436553955,8.176880645751957
images/dissertation_v1/ood/modality_shift/oct_screenshot/oct_screenshot_000068.png,1,modality_shift,oct_screenshot,146.86158752441406,1,38.58238201141357,67.37638854980469,1,34.763293457031246,0.0016748863272368,0,0.0017387918487656,2.2063114643096924,1,1.7220234692096696,all_methods_correct,108.27920551300049,32.61309509277344
images/dissertation_v1/ood/modality_shift/oct_screenshot/oct_screenshot_000122.png,1,modality_shift,oct_screenshot,146.8896026611328,1,38.58238201141357,42.59944152832031,1,34.763293457031246,0.0020856896881014,1,0.0017387918487656,1.726720094680786,1,1.7220234692096696,all_methods_correct,108.30722064971924,7.836148071289067
images/dissertation_v1/ood/sensory_artifact/composite_layout/artifact_000080_03_composite_layout.png,1,sensory_artifact,composite_layout,146.8948516845703,1,38.58238201141357,42.95155715942383,1,34.763293457031246,0.0025749111082404,1,0.0017387918487656,1.5284240245819092,0,1.7220234692096696,all_methods_correct,108.31246967315674,8.188263702392582
images/dissertation_v1/ood/modality_shift/oct_screenshot/oct_screenshot_000053.png,1,modality_shift,oct_screenshot,146.9241180419922,1,38.58238201141357,60.274452209472656,1,34.763293457031246,0.0016821767203509,0,0.0017387918487656,2.2964820861816406,1,1.7220234692096696,all_methods_correct,108.34173603057862,25.51115875244141
images/dissertation_v1/ood/sensory_artifact/composite_layout/artifact_000074_03_composite_layout.png,1,sensory_artifact,composite_layout,146.96987915039062,1,38.58238201141357,43.13273239135742,1,34.763293457031246,0.0030119426082819,1,0.0017387918487656,1.747708082199097,1,1.7220234692096696,all_methods_correct,108.38749713897705,8.369438934326176
images/dissertation_v1/ood/modality_shift/oct_screenshot/oct_screenshot_000168.png,1,modality_shift,oct_screenshot,147.1611785888672,1,38.58238201141357,69.63179779052734,1,34.763293457031246,0.0040620923973619,1,0.0017387918487656,2.212896585464477,1,1.7220234692096696,all_methods_correct,108.57879657745362,34.8685043334961
images/dissertation_v1/ood/modality_shift/oct_screenshot/oct_screenshot_000047.png,1,modality_shift,oct_screenshot,147.1736297607422,1,38.58238201141357,42.83293533325195,1,34.763293457031246,0.001942736795172,1,0.0017387918487656,2.265836238861084,1,1.7220234692096696,all_methods_correct,108.59124774932862,8.069641876220707
images/dissertation_v1/ood/modality_shift/oct_screenshot/oct_screenshot_000046.png,1,modality_shift,oct_screenshot,147.18809509277344,1,38.58238201141357,43.3394660949707,1,34.763293457031246,0.0019900593906641,1,0.0017387918487656,2.1892361640930176,1,1.7220234692096696,all_methods_correct,108.60571308135987,8.576172637939457
images/dissertation_v1/ood/modality_shift/oct_screenshot/oct_screenshot_000165.png,1,modality_shift,oct_screenshot,147.4473876953125,1,38.58238201141357,66.98828887939453,1,34.763293457031246,0.0049393917433917,1,0.0017387918487656,2.128372430801392,1,1.7220234692096696,all_methods_correct,108.86500568389893,32.224995422363286
images/dissertation_v1/ood/modality_shift/oct_screenshot/oct_screenshot_000141.png,1,modality_shift,oct_screenshot,147.57058715820312,1,38.58238201141357,40.021095275878906,1,34.763293457031246,0.0022075141314417,1,0.0017387918487656,1.7312120199203491,1,1.7220234692096696,all_methods_correct,108.98820514678955,5.2578018188476605
images/dissertation_v1/ood/sensory_artifact/jpeg_compression/artifact_000075_07_jpeg_compression.png,1,sensory_artifact,jpeg_compression,147.616455078125,1,38.58238201141357,36.25429534912109,1,34.763293457031246,0.0003025952319148,0,0.0017387918487656,1.1999342441558838,0,1.7220234692096696,all_methods_correct,109.03407306671143,1.491001892089841
images/dissertation_v1/ood/modality_shift/oct_screenshot/oct_screenshot_000139.png,1,modality_shift,oct_screenshot,147.66734313964844,1,38.58238201141357,40.33318710327149,1,34.763293457031246,0.0022179570514708,1,0.0017387918487656,1.7135599851608276,0,1.7220234692096696,all_methods_correct,109.08496112823487,5.569893646240246
images/dissertation_v1/ood/sensory_artifact/composite_layout/artifact_000115_03_composite_layout.png,1,sensory_artifact,composite_layout,147.67022705078125,1,38.58238201141357,42.821659088134766,1,34.763293457031246,0.0020416209008544,1,0.0017387918487656,1.5724378824234009,0,1.7220234692096696,all_methods_correct,109.08784503936768,8.05836563110352
images/dissertation_v1/ood/modality_shift/oct_screenshot/oct_screenshot_000044.png,1,modality_shift,oct_screenshot,147.79364013671875,1,38.58238201141357,44.78216171264648,1,34.763293457031246,0.0018380043329671,1,0.0017387918487656,2.2912850379943848,1,1.7220234692096696,all_methods_correct,109.21125812530518,10.018868255615232
images/dissertation_v1/ood/modality_shift/oct_screenshot/oct_screenshot_000075.png,1,modality_shift,oct_screenshot,147.83314514160156,1,38.58238201141357,68.73047637939453,1,34.763293457031246,0.0016344664618372,0,0.0017387918487656,2.1917381286621094,1,1.7220234692096696,all_methods_correct,109.25076313018799,33.967182922363286
images/dissertation_v1/ood/modality_shift/oct_screenshot/oct_screenshot_000015.png,1,modality_shift,oct_screenshot,147.92274475097656,1,38.58238201141357,44.37331008911133,1,34.763293457031246,0.0019141447264701,1,0.0017387918487656,2.112278699874878,1,1.7220234692096696,all_methods_correct,109.34036273956299,9.610016632080082
images/dissertation_v1/ood/sensory_artifact/composite_layout/artifact_000068_03_composite_layout.png,1,sensory_artifact,composite_layout,147.93753051757812,1,38.58238201141357,44.01617813110352,1,34.763293457031246,0.0026441337540745,1,0.0017387918487656,1.838870644569397,1,1.7220234692096696,all_methods_correct,109.35514850616455,9.252884674072277
images/dissertation_v1/ood/modality_shift/oct_screenshot/oct_screenshot_000093.png,1,modality_shift,oct_screenshot,147.98988342285156,1,38.58238201141357,41.719818115234375,1,34.763293457031246,0.0017536074155941,1,0.0017387918487656,2.039853811264038,1,1.7220234692096696,all_methods_correct,109.40750141143799,6.956524658203129
images/dissertation_v1/ood/modality_shift/oct_screenshot/oct_screenshot_000032.png,1,modality_shift,oct_screenshot,148.01251220703125,1,38.58238201141357,44.24045944213867,1,34.763293457031246,0.0016773618990555,0,0.0017387918487656,2.5807254314422607,1,1.7220234692096696,all_methods_correct,109.43013019561768,9.477165985107426
images/dissertation_v1/ood/sensory_artifact/composite_layout/artifact_000145_03_composite_layout.png,1,sensory_artifact,composite_layout,148.01536560058594,1,38.58238201141357,43.80915451049805,1,34.763293457031246,0.0031921197660267,1,0.0017387918487656,1.7326616048812866,1,1.7220234692096696,all_methods_correct,109.43298358917237,9.045861053466801
images/dissertation_v1/ood/modality_shift/oct_screenshot/oct_screenshot_000023.png,1,modality_shift,oct_screenshot,148.04983520507812,1,38.58238201141357,44.40249633789063,1,34.763293457031246,0.0017853496829047,1,0.0017387918487656,2.2856595516204834,1,1.7220234692096696,all_methods_correct,109.46745319366455,9.639202880859386
images/dissertation_v1/ood/modality_shift/oct_screenshot/oct_screenshot_000043.png,1,modality_shift,oct_screenshot,148.10507202148438,1,38.58238201141357,44.4034423828125,1,34.763293457031246,0.0016958919586613,0,0.0017387918487656,2.5284948348999023,1,1.7220234692096696,all_methods_correct,109.5226900100708,9.640148925781254
images/dissertation_v1/ood/modality_shift/oct_screenshot/oct_screenshot_000070.png,1,modality_shift,oct_screenshot,148.10765075683594,1,38.58238201141357,70.00188446044922,1,34.763293457031246,0.0016857234295457,0,0.0017387918487656,2.1987669467926025,1,1.7220234692096696,all_methods_correct,109.52526874542237,35.23859100341797
images/dissertation_v1/ood/modality_shift/oct_screenshot/oct_screenshot_000169.png,1,modality_shift,oct_screenshot,148.16461181640625,1,38.58238201141357,71.01065826416016,1,34.763293457031246,0.0038630662020295,1,0.0017387918487656,2.0962131023406982,1,1.7220234692096696,all_methods_correct,109.58222980499268,36.24736480712891
images/dissertation_v1/ood/modality_shift/oct_screenshot/oct_screenshot_000182.png,1,modality_shift,oct_screenshot,148.28367614746094,1,38.58238201141357,58.20258331298828,1,34.763293457031246,0.0039202137850224,1,0.0017387918487656,1.9783130884170528,1,1.7220234692096696,all_methods_correct,109.70129413604737,23.439289855957036
images/dissertation_v1/ood/sensory_artifact/composite_layout/artifact_000040_03_composite_layout.png,1,sensory_artifact,composite_layout,148.2837677001953,1,38.58238201141357,42.82164764404297,1,34.763293457031246,0.0024627402890473,1,0.0017387918487656,1.5108778476715088,0,1.7220234692096696,all_methods_correct,109.70138568878174,8.058354187011723
images/dissertation_v1/ood/sensory_artifact/composite_layout/artifact_000033_03_composite_layout.png,1,sensory_artifact,composite_layout,148.29249572753906,1,38.58238201141357,43.04069137573242,1,34.763293457031246,0.0021591794211417,1,0.0017387918487656,1.6708022356033323,0,1.7220234692096696,all_methods_correct,109.71011371612549,8.277397918701176
images/dissertation_v1/ood/sensory_artifact/composite_layout/artifact_000037_03_composite_layout.png,1,sensory_artifact,composite_layout,148.48922729492188,1,38.58238201141357,45.434207916259766,1,34.763293457031246,0.0022939061746001,1,0.0017387918487656,1.6605169773101809,0,1.7220234692096696,all_methods_correct,109.9068452835083,10.67091445922852
images/dissertation_v1/ood/sensory_artifact/composite_layout/artifact_000018_03_composite_layout.png,1,sensory_artifact,composite_layout,148.84161376953125,1,38.58238201141357,45.352333068847656,1,34.763293457031246,0.0027342450339347,1,0.0017387918487656,1.8275737762451167,1,1.7220234692096696,all_methods_correct,110.25923175811768,10.58903961181641
images/dissertation_v1/ood/sensory_artifact/composite_layout/artifact_000082_03_composite_layout.png,1,sensory_artifact,composite_layout,148.86410522460938,1,38.58238201141357,42.238399505615234,1,34.763293457031246,0.0024963973555713,1,0.0017387918487656,4.102255344390869,1,1.7220234692096696,all_methods_correct,110.2817232131958,7.475106048583989
images/dissertation_v1/ood/modality_shift/oct_screenshot/oct_screenshot_000127.png,1,modality_shift,oct_screenshot,148.9413299560547,1,38.58238201141357,47.37815475463867,1,34.763293457031246,0.0019457340240478,1,0.0017387918487656,1.7115333080291748,0,1.7220234692096696,all_methods_correct,110.35894794464112,12.614861297607426
images/dissertation_v1/ood/modality_shift/oct_screenshot/oct_screenshot_000033.png,1,modality_shift,oct_screenshot,148.9457244873047,1,38.58238201141357,44.29155349731445,1,34.763293457031246,0.0017903788248077,1,0.0017387918487656,2.413887023925781,1,1.7220234692096696,all_methods_correct,110.36334247589112,9.528260040283207
images/dissertation_v1/ood/modality_shift/oct_screenshot/oct_screenshot_000145.png,1,modality_shift,oct_screenshot,149.02081298828125,1,38.58238201141357,40.39390182495117,1,34.763293457031246,0.0022044072393327,1,0.0017387918487656,1.7038389444351196,0,1.7220234692096696,all_methods_correct,110.43843097686768,5.630608367919926
images/dissertation_v1/ood/sensory_artifact/composite_layout/artifact_000119_03_composite_layout.png,1,sensory_artifact,composite_layout,149.06629943847656,1,38.58238201141357,45.46009826660156,1,34.763293457031246,0.0025218732189387,1,0.0017387918487656,1.5755093097686768,0,1.7220234692096696,all_methods_correct,110.48391742706299,10.696804809570317
images/dissertation_v1/ood/modality_shift/oct_screenshot/oct_screenshot_000110.png,1,modality_shift,oct_screenshot,149.1066436767578,1,38.58238201141357,40.35073852539063,1,34.763293457031246,0.0022118194028735,1,0.0017387918487656,1.599205732345581,0,1.7220234692096696,all_methods_correct,110.52426166534424,5.587445068359386
images/dissertation_v1/ood/sensory_artifact/composite_layout/artifact_000028_03_composite_layout.png,1,sensory_artifact,composite_layout,149.13658142089844,1,38.58238201141357,44.14556121826172,1,34.763293457031246,0.0020740372128784,1,0.0017387918487656,4.248270988464356,1,1.7220234692096696,all_methods_correct,110.55419940948487,9.382267761230473
images/dissertation_v1/ood/modality_shift/oct_screenshot/oct_screenshot_000076.png,1,modality_shift,oct_screenshot,149.2266845703125,1,38.58238201141357,53.0797233581543,1,34.763293457031246,0.0016220641555264,0,0.0017387918487656,2.2415218353271484,1,1.7220234692096696,all_methods_correct,110.64430255889893,18.31642990112305
images/dissertation_v1/ood/modality_shift/oct_screenshot/oct_screenshot_000091.png,1,modality_shift,oct_screenshot,149.279541015625,1,38.58238201141357,41.9925651550293,1,34.763293457031246,0.0017415096517652,1,0.0017387918487656,2.13437819480896,1,1.7220234692096696,all_methods_correct,110.69715900421143,7.229271697998051
images/dissertation_v1/ood/modality_shift/oct_screenshot/oct_screenshot_000123.png,1,modality_shift,oct_screenshot,149.38397216796875,1,38.58238201141357,40.26845169067383,1,34.763293457031246,0.0018531756941229,1,0.0017387918487656,1.9388846158981323,1,1.7220234692096696,all_methods_correct,110.80159015655518,5.505158233642582
images/dissertation_v1/ood/modality_shift/oct_screenshot/oct_screenshot_000067.png,1,modality_shift,oct_screenshot,149.42820739746094,1,38.58238201141357,53.17398834228516,1,34.763293457031246,0.001687531825155,0,0.0017387918487656,2.248250722885132,1,1.7220234692096696,all_methods_correct,110.84582538604737,18.410694885253918
images/dissertation_v1/ood/modality_shift/oct_screenshot/oct_screenshot_000115.png,1,modality_shift,oct_screenshot,149.45106506347656,1,38.58238201141357,39.91231536865234,1,34.763293457031246,0.0019741645082831,1,0.0017387918487656,1.876565098762512,1,1.7220234692096696,all_methods_correct,110.86868305206299,5.149021911621091
images/dissertation_v1/ood/modality_shift/oct_screenshot/oct_screenshot_000104.png,1,modality_shift,oct_screenshot,149.4742889404297,1,38.58238201141357,40.08949661254883,1,34.763293457031246,0.0020559199620038,1,0.0017387918487656,1.621861457824707,0,1.7220234692096696,all_methods_correct,110.89190692901612,5.326203155517582
images/dissertation_v1/ood/modality_shift/oct_screenshot/oct_screenshot_000034.png,1,modality_shift,oct_screenshot,149.65780639648438,1,38.58238201141357,44.16917419433594,1,34.763293457031246,0.001812677597627,1,0.0017387918487656,2.4347097873687744,1,1.7220234692096696,all_methods_correct,111.0754243850708,9.405880737304692
images/dissertation_v1/ood/modality_shift/oct_screenshot/oct_screenshot_000170.png,1,modality_shift,oct_screenshot,149.7174072265625,1,38.58238201141357,63.29844284057617,1,34.763293457031246,0.002897375728935,1,0.0017387918487656,1.870488405227661,1,1.7220234692096696,all_methods_correct,111.13502521514893,28.535149383544926
images/dissertation_v1/ood/modality_shift/oct_screenshot/oct_screenshot_000056.png,1,modality_shift,oct_screenshot,149.77337646484375,1,38.58238201141357,63.75150680541992,1,34.763293457031246,0.0017088913591578,0,0.0017387918487656,2.233740329742432,1,1.7220234692096696,all_methods_correct,111.19099445343018,28.988213348388676
images/dissertation_v1/ood/modality_shift/oct_screenshot/oct_screenshot_000178.png,1,modality_shift,oct_screenshot,149.80726623535156,1,38.58238201141357,68.37532806396484,1,34.763293457031246,0.0033330076839774,1,0.0017387918487656,1.6970158815383911,0,1.7220234692096696,all_methods_correct,111.22488422393799,33.6120346069336
images/dissertation_v1/ood/modality_shift/oct_screenshot/oct_screenshot_000085.png,1,modality_shift,oct_screenshot,149.8606719970703,1,38.58238201141357,58.28374099731445,1,34.763293457031246,0.0016674153739586,0,0.0017387918487656,2.030308485031128,1,1.7220234692096696,all_methods_correct,111.27828998565674,23.520447540283207
images/dissertation_v1/ood/sensory_artifact/composite_layout/artifact_000107_03_composite_layout.png,1,sensory_artifact,composite_layout,149.89988708496094,1,38.58238201141357,43.97013092041016,1,34.763293457031246,0.0021046448964625,1,0.0017387918487656,1.8338738679885864,1,1.7220234692096696,all_methods_correct,111.31750507354737,9.206837463378918
images/dissertation_v1/ood/modality_shift/oct_screenshot/oct_screenshot_000120.png,1,modality_shift,oct_screenshot,149.90402221679688,1,38.58238201141357,41.08542251586914,1,34.763293457031246,0.001832872396335,1,0.0017387918487656,1.9116966724395752,1,1.7220234692096696,all_methods_correct,111.3216402053833,6.322129058837895
images/dissertation_v1/ood/sensory_artifact/composite_layout/artifact_000073_03_composite_layout.png,1,sensory_artifact,composite_layout,149.9780731201172,1,38.58238201141357,41.636112213134766,1,34.763293457031246,0.0019199897069483,1,0.0017387918487656,2.499055862426758,1,1.7220234692096696,all_methods_correct,111.39569110870362,6.87281875610352
images/dissertation_v1/ood/sensory_artifact/composite_layout/artifact_000054_03_composite_layout.png,1,sensory_artifact,composite_layout,150.01278686523438,1,38.58238201141357,42.46866226196289,1,34.763293457031246,0.0025439311284571,1,0.0017387918487656,1.5847755670547483,0,1.7220234692096696,all_methods_correct,111.4304048538208,7.705368804931645
images/dissertation_v1/ood/modality_shift/oct_screenshot/oct_screenshot_000108.png,1,modality_shift,oct_screenshot,150.10858154296875,1,38.58238201141357,39.96821975708008,1,34.763293457031246,0.0020573807414621,1,0.0017387918487656,1.5849357843399048,0,1.7220234692096696,all_methods_correct,111.52619953155518,5.204926300048832
images/dissertation_v1/ood/sensory_artifact/composite_layout/artifact_000118_03_composite_layout.png,1,sensory_artifact,composite_layout,150.1382293701172,1,38.58238201141357,43.731143951416016,1,34.763293457031246,0.0024219746701419,1,0.0017387918487656,1.573712706565857,0,1.7220234692096696,all_methods_correct,111.55584735870362,8.96785049438477
images/dissertation_v1/ood/modality_shift/oct_screenshot/oct_screenshot_000028.png,1,modality_shift,oct_screenshot,150.17718505859375,1,38.58238201141357,43.63896560668945,1,34.763293457031246,0.0018797348020598,1,0.0017387918487656,2.343449115753174,1,1.7220234692096696,all_methods_correct,111.59480304718018,8.875672149658207
images/dissertation_v1/ood/modality_shift/oct_screenshot/oct_screenshot_000162.png,1,modality_shift,oct_screenshot,150.2989501953125,1,38.58238201141357,48.25423812866211,1,34.763293457031246,0.0056220307014882,1,0.0017387918487656,2.148222684860229,1,1.7220234692096696,all_methods_correct,111.71656818389893,13.490944671630864
images/dissertation_v1/ood/sensory_artifact/composite_layout/artifact_000120_03_composite_layout.png,1,sensory_artifact,composite_layout,150.35556030273438,1,38.58238201141357,45.91656494140625,1,34.763293457031246,0.0024996611755341,1,0.0017387918487656,1.6461933851242063,0,1.7220234692096696,all_methods_correct,111.7731782913208,11.153271484375004
images/dissertation_v1/ood/modality_shift/oct_screenshot/oct_screenshot_000163.png,1,modality_shift,oct_screenshot,150.3806610107422,1,38.58238201141357,57.71188354492188,1,34.763293457031246,0.0048312712460756,1,0.0017387918487656,2.4351418018341064,1,1.7220234692096696,all_methods_correct,111.79827899932862,22.948590087890636
images/dissertation_v1/ood/modality_shift/oct_screenshot/oct_screenshot_000094.png,1,modality_shift,oct_screenshot,150.43618774414062,1,38.58238201141357,41.96096420288086,1,34.763293457031246,0.0017122292192652,0,0.0017387918487656,2.1533899307250977,1,1.7220234692096696,all_methods_correct,111.85380573272705,7.197670745849614
images/dissertation_v1/ood/modality_shift/oct_screenshot/oct_screenshot_000128.png,1,modality_shift,oct_screenshot,150.43820190429688,1,38.58238201141357,67.97689819335938,1,34.763293457031246,0.0019996252376586,1,0.0017387918487656,1.7561626434326172,1,1.7220234692096696,all_methods_correct,111.8558198928833,33.21360473632813
images/dissertation_v1/ood/modality_shift/oct_screenshot/oct_screenshot_000119.png,1,modality_shift,oct_screenshot,150.446533203125,1,38.58238201141357,59.40234756469727,1,34.763293457031246,0.002034478355199,1,0.0017387918487656,1.7752132415771484,1,1.7220234692096696,all_methods_correct,111.86415119171143,24.639054107666027
images/dissertation_v1/ood/modality_shift/oct_screenshot/oct_screenshot_000036.png,1,modality_shift,oct_screenshot,150.49195861816406,1,38.58238201141357,44.60976409912109,1,34.763293457031246,0.0017115493537858,0,0.0017387918487656,2.331336975097656,1,1.7220234692096696,all_methods_correct,111.90957660675049,9.846470642089841
images/dissertation_v1/ood/modality_shift/oct_screenshot/oct_screenshot_000035.png,1,modality_shift,oct_screenshot,150.54408264160156,1,38.58238201141357,44.42680740356445,1,34.763293457031246,0.0017154342494904,0,0.0017387918487656,2.516986608505249,1,1.7220234692096696,all_methods_correct,111.96170063018799,9.663513946533207
images/dissertation_v1/ood/modality_shift/oct_screenshot/oct_screenshot_000073.png,1,modality_shift,oct_screenshot,150.5591278076172,1,38.58238201141357,53.14352035522461,1,34.763293457031246,0.0017386401304975,0,0.0017387918487656,2.188062191009521,1,1.7220234692096696,all_methods_correct,111.97674579620362,18.380226898193364
images/dissertation_v1/ood/modality_shift/oct_screenshot/oct_screenshot_000084.png,1,modality_shift,oct_screenshot,150.90541076660156,1,38.58238201141357,54.70452499389648,1,34.763293457031246,0.001701375702396,0,0.0017387918487656,2.0494143962860107,1,1.7220234692096696,all_methods_correct,112.32302875518799,19.94123153686523
images/dissertation_v1/ood/modality_shift/oct_screenshot/oct_screenshot_000005.png,1,modality_shift,oct_screenshot,150.9103546142578,1,38.58238201141357,42.86803436279297,1,34.763293457031246,0.0020049544982612,1,0.0017387918487656,1.9948127269744875,1,1.7220234692096696,all_methods_correct,112.32797260284424,8.104740905761723
images/dissertation_v1/ood/modality_shift/oct_screenshot/oct_screenshot_000161.png,1,modality_shift,oct_screenshot,150.92282104492188,1,38.58238201141357,67.20626068115234,1,34.763293457031246,0.0070455214008688,1,0.0017387918487656,2.420736312866211,1,1.7220234692096696,all_methods_correct,112.3404390335083,32.4429672241211
images/dissertation_v1/ood/modality_shift/oct_screenshot/oct_screenshot_000109.png,1,modality_shift,oct_screenshot,150.92593383789062,1,38.58238201141357,39.535919189453125,1,34.763293457031246,0.0022282158024609,1,0.0017387918487656,1.5477691888809204,0,1.7220234692096696,all_methods_correct,112.34355182647705,4.772625732421879
images/dissertation_v1/ood/sensory_artifact/composite_layout/artifact_000061_03_composite_layout.png,1,sensory_artifact,composite_layout,150.9952392578125,1,38.58238201141357,44.02254867553711,1,34.763293457031246,0.0025932195130735,1,0.0017387918487656,1.7526777982711792,1,1.7220234692096696,all_methods_correct,112.41285724639893,9.259255218505864
images/dissertation_v1/ood/sensory_artifact/composite_layout/artifact_000103_03_composite_layout.png,1,sensory_artifact,composite_layout,150.99754333496094,1,38.58238201141357,45.44221878051758,1,34.763293457031246,0.0022648877929896,1,0.0017387918487656,1.6864516735076904,0,1.7220234692096696,all_methods_correct,112.41516132354737,10.678925323486332
images/dissertation_v1/ood/modality_shift/oct_screenshot/oct_screenshot_000003.png,1,modality_shift,oct_screenshot,151.0094451904297,1,38.58238201141357,44.76033020019531,1,34.763293457031246,0.0018157649319618,1,0.0017387918487656,2.0914976596832275,1,1.7220234692096696,all_methods_correct,112.42706317901612,9.997036743164067
images/dissertation_v1/ood/modality_shift/oct_screenshot/oct_screenshot_000022.png,1,modality_shift,oct_screenshot,151.0131072998047,1,38.58238201141357,43.98857879638672,1,34.763293457031246,0.0018024888122454,1,0.0017387918487656,2.281839370727539,1,1.7220234692096696,all_methods_correct,112.43072528839112,9.225285339355473
images/dissertation_v1/ood/modality_shift/oct_screenshot/oct_screenshot_000016.png,1,modality_shift,oct_screenshot,151.03602600097656,1,38.58238201141357,44.87188720703125,1,34.763293457031246,0.0017450345912948,1,0.0017387918487656,2.4166719913482666,1,1.7220234692096696,all_methods_correct,112.45364398956299,10.108593750000004
images/dissertation_v1/ood/sensory_artifact/composite_layout/artifact_000060_03_composite_layout.png,1,sensory_artifact,composite_layout,151.1282958984375,1,38.58238201141357,43.88038635253906,1,34.763293457031246,0.0021350588649511,1,0.0017387918487656,1.5629295110702517,0,1.7220234692096696,all_methods_correct,112.54591388702393,9.117092895507817
images/dissertation_v1/ood/modality_shift/oct_screenshot/oct_screenshot_000132.png,1,modality_shift,oct_screenshot,151.1607666015625,1,38.58238201141357,40.004676818847656,1,34.763293457031246,0.0024072774685919,1,0.0017387918487656,1.6644914150238037,0,1.7220234692096696,all_methods_correct,112.57838459014893,5.2413833618164105
images/dissertation_v1/ood/modality_shift/oct_screenshot/oct_screenshot_000180.png,1,modality_shift,oct_screenshot,151.3153533935547,1,38.58238201141357,56.59037399291992,1,34.763293457031246,0.0028849511872977,1,0.0017387918487656,1.6982653141021729,0,1.7220234692096696,all_methods_correct,112.73297138214112,21.827080535888676
images/dissertation_v1/ood/sensory_artifact/composite_layout/artifact_000092_03_composite_layout.png,1,sensory_artifact,composite_layout,151.32455444335938,1,38.58238201141357,43.12799835205078,1,34.763293457031246,0.0021722323726862,1,0.0017387918487656,1.8212827444076536,1,1.7220234692096696,all_methods_correct,112.7421724319458,8.364704895019536
images/dissertation_v1/ood/sensory_artifact/composite_layout/artifact_000047_03_composite_layout.png,1,sensory_artifact,composite_layout,151.40280151367188,1,38.58238201141357,44.46584701538086,1,34.763293457031246,0.0026663760654628,1,0.0017387918487656,1.2609553337097168,0,1.7220234692096696,all_methods_correct,112.8204195022583,9.702553558349614
images/dissertation_v1/ood/modality_shift/oct_screenshot/oct_screenshot_000137.png,1,modality_shift,oct_screenshot,151.43594360351562,1,38.58238201141357,40.28603363037109,1,34.763293457031246,0.0020392204169183,1,0.0017387918487656,1.8896347284317017,1,1.7220234692096696,all_methods_correct,112.85356159210205,5.522740173339841
images/dissertation_v1/ood/sensory_artifact/composite_layout/artifact_000128_03_composite_layout.png,1,sensory_artifact,composite_layout,151.45765686035156,1,38.58238201141357,42.89606857299805,1,34.763293457031246,0.0019351200899109,1,0.0017387918487656,1.983130693435669,1,1.7220234692096696,all_methods_correct,112.87527484893799,8.132775115966801
images/dissertation_v1/ood/modality_shift/oct_screenshot/oct_screenshot_000158.png,1,modality_shift,oct_screenshot,151.47352600097656,1,38.58238201141357,70.7957763671875,1,34.763293457031246,0.0058155953884124,1,0.0017387918487656,2.1895627975463867,1,1.7220234692096696,all_methods_correct,112.89114398956299,36.032482910156254
images/dissertation_v1/ood/sensory_artifact/composite_layout/artifact_000003_03_composite_layout.png,1,sensory_artifact,composite_layout,151.5558624267578,1,38.58238201141357,43.78377151489258,1,34.763293457031246,0.002546839416027,1,0.0017387918487656,2.0723471641540527,1,1.7220234692096696,all_methods_correct,112.97348041534424,9.020478057861332
images/dissertation_v1/ood/sensory_artifact/composite_layout/artifact_000015_03_composite_layout.png,1,sensory_artifact,composite_layout,151.66702270507812,1,38.58238201141357,43.5644645690918,1,34.763293457031246,0.0023486202117055,1,0.0017387918487656,1.7004644870758057,0,1.7220234692096696,all_methods_correct,113.08464069366455,8.801171112060551
images/dissertation_v1/ood/modality_shift/oct_screenshot/oct_screenshot_000025.png,1,modality_shift,oct_screenshot,151.69842529296875,1,38.58238201141357,44.37934875488281,1,34.763293457031246,0.0016993064200505,0,0.0017387918487656,2.4925971031188965,1,1.7220234692096696,all_methods_correct,113.11604328155518,9.616055297851567
images/dissertation_v1/ood/sensory_artifact/composite_layout/artifact_000113_03_composite_layout.png,1,sensory_artifact,composite_layout,151.71652221679688,1,38.58238201141357,42.462364196777344,1,34.763293457031246,0.0020062383264303,1,0.0017387918487656,2.4495859146118164,1,1.7220234692096696,all_methods_correct,113.1341402053833,7.699070739746098
images/dissertation_v1/ood/modality_shift/oct_screenshot/oct_screenshot_000040.png,1,modality_shift,oct_screenshot,151.83082580566406,1,38.58238201141357,44.392372131347656,1,34.763293457031246,0.0017508844612166,1,0.0017387918487656,2.519586563110352,1,1.7220234692096696,all_methods_correct,113.24844379425049,9.62907867431641
images/dissertation_v1/ood/modality_shift/oct_screenshot/oct_screenshot_000077.png,1,modality_shift,oct_screenshot,151.89682006835938,1,38.58238201141357,56.45803451538086,1,34.763293457031246,0.0016724903834983,0,0.0017387918487656,2.2582974433898926,1,1.7220234692096696,all_methods_correct,113.3144380569458,21.694741058349614
images/dissertation_v1/ood/modality_shift/oct_screenshot/oct_screenshot_000045.png,1,modality_shift,oct_screenshot,152.0050506591797,1,38.58238201141357,43.57331848144531,1,34.763293457031246,0.0020523611456155,1,0.0017387918487656,2.1190404891967773,1,1.7220234692096696,all_methods_correct,113.42266864776612,8.810025024414067
images/dissertation_v1/ood/sensory_artifact/composite_layout/artifact_000091_03_composite_layout.png,1,sensory_artifact,composite_layout,152.02001953125,1,38.58238201141357,44.10149765014648,1,34.763293457031246,0.0022830618545413,1,0.0017387918487656,1.557058572769165,0,1.7220234692096696,all_methods_correct,113.43763751983643,9.338204193115232
images/dissertation_v1/ood/sensory_artifact/composite_layout/artifact_000077_03_composite_layout.png,1,sensory_artifact,composite_layout,152.02542114257812,1,38.58238201141357,44.68816375732422,1,34.763293457031246,0.0025616709608584,1,0.0017387918487656,1.6390173435211182,0,1.7220234692096696,all_methods_correct,113.44303913116455,9.924870300292973
images/dissertation_v1/ood/modality_shift/oct_screenshot/oct_screenshot_000019.png,1,modality_shift,oct_screenshot,152.16543579101562,1,38.58238201141357,44.180885314941406,1,34.763293457031246,0.0017642332240939,1,0.0017387918487656,2.410276174545288,1,1.7220234692096696,all_methods_correct,113.58305377960205,9.41759185791016
images/dissertation_v1/ood/modality_shift/oct_screenshot/oct_screenshot_000062.png,1,modality_shift,oct_screenshot,152.2423553466797,1,38.58238201141357,78.7982406616211,1,34.763293457031246,0.0017471204046159,1,0.0017387918487656,2.2179605960845947,1,1.7220234692096696,all_methods_correct,113.65997333526612,44.03494720458985
images/dissertation_v1/ood/modality_shift/oct_screenshot/oct_screenshot_000138.png,1,modality_shift,oct_screenshot,152.26373291015625,1,38.58238201141357,40.12127685546875,1,34.763293457031246,0.0022068822290748,1,0.0017387918487656,1.7454956769943235,1,1.7220234692096696,all_methods_correct,113.68135089874268,5.357983398437504
images/dissertation_v1/ood/sensory_artifact/composite_layout/artifact_000008_03_composite_layout.png,1,sensory_artifact,composite_layout,152.2738494873047,1,38.58238201141357,43.68334197998047,1,34.763293457031246,0.002189669990912,1,0.0017387918487656,1.635242223739624,0,1.7220234692096696,all_methods_correct,113.69146747589112,8.920048522949223
images/dissertation_v1/ood/sensory_artifact/composite_layout/artifact_000019_03_composite_layout.png,1,sensory_artifact,composite_layout,152.3804473876953,1,38.58238201141357,45.62932586669922,1,34.763293457031246,0.0022458033636212,1,0.0017387918487656,1.785570502281189,1,1.7220234692096696,all_methods_correct,113.79806537628174,10.866032409667973
images/dissertation_v1/ood/sensory_artifact/composite_layout/artifact_000076_03_composite_layout.png,1,sensory_artifact,composite_layout,152.39932250976562,1,38.58238201141357,39.08930206298828,1,34.763293457031246,0.0024509122595191,1,0.0017387918487656,1.6855621337890625,0,1.7220234692096696,all_methods_correct,113.81694049835205,4.3260086059570355
images/dissertation_v1/ood/modality_shift/oct_screenshot/oct_screenshot_000061.png,1,modality_shift,oct_screenshot,152.40806579589844,1,38.58238201141357,67.4106216430664,1,34.763293457031246,0.0016821614699438,0,0.0017387918487656,2.2853004932403564,1,1.7220234692096696,all_methods_correct,113.82568378448487,32.64732818603516
images/dissertation_v1/ood/modality_shift/oct_screenshot/oct_screenshot_000011.png,1,modality_shift,oct_screenshot,152.48715209960938,1,38.58238201141357,44.01179504394531,1,34.763293457031246,0.0018201946513727,1,0.0017387918487656,2.2225048542022705,1,1.7220234692096696,all_methods_correct,113.9047700881958,9.248501586914067
images/dissertation_v1/ood/sensory_artifact/composite_layout/artifact_000124_03_composite_layout.png,1,sensory_artifact,composite_layout,152.53329467773438,1,38.58238201141357,45.09717559814453,1,34.763293457031246,0.0033073041122406,1,0.0017387918487656,2.100996494293213,1,1.7220234692096696,all_methods_correct,113.9509126663208,10.333882141113286
images/dissertation_v1/ood/sensory_artifact/composite_layout/artifact_000014_03_composite_layout.png,1,sensory_artifact,composite_layout,152.5400390625,1,38.58238201141357,47.55001831054688,1,34.763293457031246,0.0027206693775951,1,0.0017387918487656,1.6609917879104614,0,1.7220234692096696,all_methods_correct,113.95765705108643,12.786724853515636
images/dissertation_v1/ood/modality_shift/oct_screenshot/oct_screenshot_000030.png,1,modality_shift,oct_screenshot,152.54220581054688,1,38.58238201141357,44.03799057006836,1,34.763293457031246,0.0018196406308561,1,0.0017387918487656,2.3796093463897705,1,1.7220234692096696,all_methods_correct,113.9598237991333,9.274697113037114
images/dissertation_v1/ood/modality_shift/oct_screenshot/oct_screenshot_000143.png,1,modality_shift,oct_screenshot,152.60391235351562,1,38.58238201141357,40.02488708496094,1,34.763293457031246,0.0022358552087098,1,0.0017387918487656,1.6446168422698977,0,1.7220234692096696,all_methods_correct,114.02153034210205,5.261593627929692
images/dissertation_v1/ood/sensory_artifact/composite_layout/artifact_000065_03_composite_layout.png,1,sensory_artifact,composite_layout,152.64866638183594,1,38.58238201141357,43.92407989501953,1,34.763293457031246,0.0026960009709,1,0.0017387918487656,1.669340968132019,0,1.7220234692096696,all_methods_correct,114.06628437042237,9.160786437988286
images/dissertation_v1/ood/sensory_artifact/composite_layout/artifact_000032_03_composite_layout.png,1,sensory_artifact,composite_layout,152.6952667236328,1,38.58238201141357,43.469425201416016,1,34.763293457031246,0.0020628869533538,1,0.0017387918487656,2.293761968612671,1,1.7220234692096696,all_methods_correct,114.11288471221924,8.70613174438477
images/dissertation_v1/ood/modality_shift/oct_screenshot/oct_screenshot_000117.png,1,modality_shift,oct_screenshot,152.71995544433594,1,38.58238201141357,43.6639518737793,1,34.763293457031246,0.0018337640212848,1,0.0017387918487656,1.9907599687576292,1,1.7220234692096696,all_methods_correct,114.13757343292237,8.900658416748051
images/dissertation_v1/ood/modality_shift/oct_screenshot/oct_screenshot_000086.png,1,modality_shift,oct_screenshot,152.76622009277344,1,38.58238201141357,41.3257942199707,1,34.763293457031246,0.0017649928340688,1,0.0017387918487656,2.103843688964844,1,1.7220234692096696,all_methods_correct,114.18383808135987,6.562500762939457
images/dissertation_v1/ood/sensory_artifact/composite_layout/artifact_000023_03_composite_layout.png,1,sensory_artifact,composite_layout,152.76922607421875,1,38.58238201141357,43.67991638183594,1,34.763293457031246,0.0025146559346467,1,0.0017387918487656,1.5932999849319458,0,1.7220234692096696,all_methods_correct,114.18684406280518,8.916622924804692
images/dissertation_v1/ood/sensory_artifact/composite_layout/artifact_000056_03_composite_layout.png,1,sensory_artifact,composite_layout,152.77720642089844,1,38.58238201141357,42.59860229492188,1,34.763293457031246,0.0019335148390382,1,0.0017387918487656,1.978760004043579,1,1.7220234692096696,all_methods_correct,114.19482440948487,7.835308837890636
images/dissertation_v1/ood/modality_shift/oct_screenshot/oct_screenshot_000066.png,1,modality_shift,oct_screenshot,152.8371124267578,1,38.58238201141357,41.46606063842773,1,34.763293457031246,0.0017485965508967,1,0.0017387918487656,2.2229504585266118,1,1.7220234692096696,all_methods_correct,114.25473041534424,6.7027671813964815
images/dissertation_v1/ood/modality_shift/oct_screenshot/oct_screenshot_000111.png,1,modality_shift,oct_screenshot,152.88050842285156,1,38.58238201141357,41.914852142333984,1,34.763293457031246,0.0021646691020578,1,0.0017387918487656,1.6472654342651367,0,1.7220234692096696,all_methods_correct,114.29812641143799,7.151558685302739
images/dissertation_v1/ood/modality_shift/oct_screenshot/oct_screenshot_000136.png,1,modality_shift,oct_screenshot,152.9742889404297,1,38.58238201141357,39.85010528564453,1,34.763293457031246,0.0020404257811605,1,0.0017387918487656,1.9125760793685915,1,1.7220234692096696,all_methods_correct,114.39190692901612,5.0868118286132855
images/dissertation_v1/ood/modality_shift/oct_screenshot/oct_screenshot_000142.png,1,modality_shift,oct_screenshot,152.99960327148438,1,38.58238201141357,40.23412704467773,1,34.763293457031246,0.0022011862602084,1,0.0017387918487656,1.72635018825531,1,1.7220234692096696,all_methods_correct,114.4172212600708,5.4708335876464815
images/dissertation_v1/ood/sensory_artifact/composite_layout/artifact_000025_03_composite_layout.png,1,sensory_artifact,composite_layout,153.0285186767578,1,38.58238201141357,41.9727897644043,1,34.763293457031246,0.002516740001738,1,0.0017387918487656,2.0289409160614014,1,1.7220234692096696,all_methods_correct,114.44613666534424,7.209496307373051
images/dissertation_v1/ood/modality_shift/oct_screenshot/oct_screenshot_000065.png,1,modality_shift,oct_screenshot,153.0797576904297,1,38.58238201141357,51.27259063720703,1,34.763293457031246,0.0017150463536381,0,0.0017387918487656,2.222170114517212,1,1.7220234692096696,all_methods_correct,114.49737567901612,16.509297180175786
images/dissertation_v1/ood/sensory_artifact/composite_layout/artifact_000141_03_composite_layout.png,1,sensory_artifact,composite_layout,153.20782470703125,1,38.58238201141357,44.20388412475586,1,34.763293457031246,0.0020579376723617,1,0.0017387918487656,1.8763902187347408,1,1.7220234692096696,all_methods_correct,114.62544269561768,9.440590667724614
images/dissertation_v1/ood/sensory_artifact/composite_layout/artifact_000129_03_composite_layout.png,1,sensory_artifact,composite_layout,153.23284912109375,1,38.58238201141357,45.53730392456055,1,34.763293457031246,0.0045011169277131,1,0.0017387918487656,1.7363024950027466,1,1.7220234692096696,all_methods_correct,114.65046710968018,10.774010467529301
images/dissertation_v1/ood/modality_shift/oct_screenshot/oct_screenshot_000101.png,1,modality_shift,oct_screenshot,153.31312561035156,1,38.58238201141357,40.79096603393555,1,34.763293457031246,0.0020009870640933,1,0.0017387918487656,1.5959241390228271,0,1.7220234692096696,all_methods_correct,114.73074359893799,6.027672576904301
images/dissertation_v1/ood/sensory_artifact/composite_layout/artifact_000007_03_composite_layout.png,1,sensory_artifact,composite_layout,153.33811950683594,1,38.58238201141357,43.95327377319336,1,34.763293457031246,0.0022788965143263,1,0.0017387918487656,1.5689879655838013,0,1.7220234692096696,all_methods_correct,114.75573749542237,9.189980316162114
images/dissertation_v1/ood/modality_shift/oct_screenshot/oct_screenshot_000159.png,1,modality_shift,oct_screenshot,153.4737548828125,1,38.58238201141357,58.23154830932617,1,34.763293457031246,0.0061249434947967,1,0.0017387918487656,2.1995773315429688,1,1.7220234692096696,all_methods_correct,114.89137287139893,23.468254852294926
images/dissertation_v1/ood/modality_shift/oct_screenshot/oct_screenshot_000026.png,1,modality_shift,oct_screenshot,153.52069091796875,1,38.58238201141357,45.484405517578125,1,34.763293457031246,0.0016004333738237,0,0.0017387918487656,2.647817373275757,1,1.7220234692096696,all_methods_correct,114.93830890655518,10.72111206054688
images/dissertation_v1/ood/sensory_artifact/composite_layout/artifact_000012_03_composite_layout.png,1,sensory_artifact,composite_layout,153.5270233154297,1,38.58238201141357,43.73736572265625,1,34.763293457031246,0.0019359763246029,1,0.0017387918487656,1.8715558052062988,1,1.7220234692096696,all_methods_correct,114.94464130401612,8.974072265625004
images/dissertation_v1/ood/sensory_artifact/composite_layout/artifact_000100_03_composite_layout.png,1,sensory_artifact,composite_layout,153.5851287841797,1,38.58238201141357,42.4012336730957,1,34.763293457031246,0.0030419819522649,1,0.0017387918487656,1.09137761592865,0,1.7220234692096696,all_methods_correct,115.00274677276612,7.637940216064457
images/dissertation_v1/ood/modality_shift/oct_screenshot/oct_screenshot_000164.png,1,modality_shift,oct_screenshot,153.7194366455078,1,38.58238201141357,64.85973358154297,1,34.763293457031246,0.0052790688350796,1,0.0017387918487656,2.173349380493164,1,1.7220234692096696,all_methods_correct,115.13705463409424,30.096440124511723
images/dissertation_v1/ood/sensory_artifact/composite_layout/artifact_000048_03_composite_layout.png,1,sensory_artifact,composite_layout,153.7209930419922,1,38.58238201141357,42.902618408203125,1,34.763293457031246,0.0025498068425804,1,0.0017387918487656,2.1083731651306152,1,1.7220234692096696,all_methods_correct,115.13861103057862,8.13932495117188
images/dissertation_v1/ood/modality_shift/oct_screenshot/oct_screenshot_000060.png,1,modality_shift,oct_screenshot,153.83425903320312,1,38.58238201141357,63.89463806152344,1,34.763293457031246,0.0018113632686436,1,0.0017387918487656,2.241663694381714,1,1.7220234692096696,all_methods_correct,115.25187702178955,29.13134460449219
images/dissertation_v1/ood/modality_shift/oct_screenshot/oct_screenshot_000105.png,1,modality_shift,oct_screenshot,153.84791564941406,1,38.58238201141357,40.32121658325195,1,34.763293457031246,0.002063023392111,1,0.0017387918487656,1.684333086013794,0,1.7220234692096696,all_methods_correct,115.26553363800049,5.557923126220707
images/dissertation_v1/ood/modality_shift/oct_screenshot/oct_screenshot_000049.png,1,modality_shift,oct_screenshot,153.89801025390625,1,38.58238201141357,60.38895034790039,1,34.763293457031246,0.0015581318875774,0,0.0017387918487656,2.3309531211853027,1,1.7220234692096696,all_methods_correct,115.31562824249268,25.625656890869145
images/dissertation_v1/ood/sensory_artifact/composite_layout/artifact_000088_03_composite_layout.png,1,sensory_artifact,composite_layout,153.97190856933594,1,38.58238201141357,43.19612503051758,1,34.763293457031246,0.0019641299732029,1,0.0017387918487656,1.942707061767578,1,1.7220234692096696,all_methods_correct,115.38952655792237,8.432831573486332
images/dissertation_v1/ood/modality_shift/oct_screenshot/oct_screenshot_000002.png,1,modality_shift,oct_screenshot,154.1945037841797,1,38.58238201141357,44.700469970703125,1,34.763293457031246,0.0016801392193883,0,0.0017387918487656,2.3002076148986816,1,1.7220234692096696,all_methods_correct,115.61212177276612,9.93717651367188
images/dissertation_v1/ood/sensory_artifact/composite_layout/artifact_000109_03_composite_layout.png,1,sensory_artifact,composite_layout,154.19815063476562,1,38.58238201141357,43.22206878662109,1,34.763293457031246,0.0022023469209671,1,0.0017387918487656,1.8707313537597656,1,1.7220234692096696,all_methods_correct,115.61576862335205,8.458775329589841
images/dissertation_v1/ood/modality_shift/oct_screenshot/oct_screenshot_000039.png,1,modality_shift,oct_screenshot,154.25794982910156,1,38.58238201141357,42.40349578857422,1,34.763293457031246,0.0017847607377916,1,0.0017387918487656,2.354201078414917,1,1.7220234692096696,all_methods_correct,115.67556781768799,7.640202331542973
images/dissertation_v1/ood/modality_shift/oct_screenshot/oct_screenshot_000113.png,1,modality_shift,oct_screenshot,154.31558227539062,1,38.58238201141357,40.76289749145508,1,34.763293457031246,0.0022170883603394,1,0.0017387918487656,1.683739423751831,0,1.7220234692096696,all_methods_correct,115.73320026397705,5.999604034423832
images/dissertation_v1/ood/sensory_artifact/composite_layout/artifact_000106_03_composite_layout.png,1,sensory_artifact,composite_layout,154.32948303222656,1,38.58238201141357,41.329681396484375,1,34.763293457031246,0.0019075536401942,1,0.0017387918487656,2.4985969066619877,1,1.7220234692096696,all_methods_correct,115.74710102081299,6.566387939453129
images/dissertation_v1/ood/sensory_artifact/composite_layout/artifact_000036_03_composite_layout.png,1,sensory_artifact,composite_layout,154.34555053710938,1,38.58238201141357,43.45596694946289,1,34.763293457031246,0.0020962064154446,1,0.0017387918487656,1.831315755844116,1,1.7220234692096696,all_methods_correct,115.7631685256958,8.692673492431645
images/dissertation_v1/ood/modality_shift/oct_screenshot/oct_screenshot_000064.png,1,modality_shift,oct_screenshot,154.34854125976562,1,38.58238201141357,43.83779144287109,1,34.763293457031246,0.0017476686043664,1,0.0017387918487656,2.217205286026001,1,1.7220234692096696,all_methods_correct,115.76615924835205,9.074497985839841
images/dissertation_v1/ood/sensory_artifact/composite_layout/artifact_000094_03_composite_layout.png,1,sensory_artifact,composite_layout,154.35325622558594,1,38.58238201141357,43.5545654296875,1,34.763293457031246,0.0024097487330436,1,0.0017387918487656,1.6001293659210205,0,1.7220234692096696,all_methods_correct,115.77087421417237,8.791271972656254
images/dissertation_v1/ood/sensory_artifact/composite_layout/artifact_000134_03_composite_layout.png,1,sensory_artifact,composite_layout,154.37086486816406,1,38.58238201141357,41.36736679077149,1,34.763293457031246,0.0019222781993448,1,0.0017387918487656,2.484808921813965,1,1.7220234692096696,all_methods_correct,115.78848285675049,6.604073333740246
images/dissertation_v1/ood/sensory_artifact/composite_layout/artifact_000114_03_composite_layout.png,1,sensory_artifact,composite_layout,154.39773559570312,1,38.58238201141357,41.037723541259766,1,34.763293457031246,0.0019073425792157,1,0.0017387918487656,2.5820767879486084,1,1.7220234692096696,all_methods_correct,115.81535358428955,6.27443008422852
images/dissertation_v1/ood/modality_shift/oct_screenshot/oct_screenshot_000024.png,1,modality_shift,oct_screenshot,154.4445343017578,1,38.58238201141357,42.97401809692383,1,34.763293457031246,0.0017914676573127,1,0.0017387918487656,2.321542501449585,1,1.7220234692096696,all_methods_correct,115.86215229034424,8.210724639892582
images/dissertation_v1/ood/modality_shift/oct_screenshot/oct_screenshot_000012.png,1,modality_shift,oct_screenshot,154.7522735595703,1,38.58238201141357,43.67494583129883,1,34.763293457031246,0.0018295350018888,1,0.0017387918487656,2.2134621143341064,1,1.7220234692096696,all_methods_correct,116.16989154815674,8.911652374267582
images/dissertation_v1/ood/sensory_artifact/composite_layout/artifact_000005_03_composite_layout.png,1,sensory_artifact,composite_layout,154.83755493164062,1,38.58238201141357,43.18302917480469,1,34.763293457031246,0.002539835171774,1,0.0017387918487656,1.9477753639221191,1,1.7220234692096696,all_methods_correct,116.25517292022705,8.419735717773442
images/dissertation_v1/ood/modality_shift/oct_screenshot/oct_screenshot_000029.png,1,modality_shift,oct_screenshot,154.84149169921875,1,38.58238201141357,44.52923583984375,1,34.763293457031246,0.0018370279576629,1,0.0017387918487656,2.4285833835601807,1,1.7220234692096696,all_methods_correct,116.25910968780518,9.765942382812504
images/dissertation_v1/ood/sensory_artifact/composite_layout/artifact_000081_03_composite_layout.png,1,sensory_artifact,composite_layout,154.889404296875,1,38.58238201141357,43.00151824951172,1,34.763293457031246,0.0028955976013094,1,0.0017387918487656,2.104606866836548,1,1.7220234692096696,all_methods_correct,116.30702228546143,8.238224792480473
images/dissertation_v1/ood/sensory_artifact/composite_layout/artifact_000149_03_composite_layout.png,1,sensory_artifact,composite_layout,155.02207946777344,1,38.58238201141357,44.63923645019531,1,34.763293457031246,0.0023311858531087,1,0.0017387918487656,1.5397536754608154,0,1.7220234692096696,all_methods_correct,116.43969745635987,9.875942993164067
images/dissertation_v1/ood/modality_shift/oct_screenshot/oct_screenshot_000118.png,1,modality_shift,oct_screenshot,155.07241821289062,1,38.58238201141357,40.24399185180664,1,34.763293457031246,0.0019863035995513,1,0.0017387918487656,1.7582935094833374,1,1.7220234692096696,all_methods_correct,116.49003620147705,5.480698394775395
images/dissertation_v1/ood/modality_shift/oct_screenshot/oct_screenshot_000018.png,1,modality_shift,oct_screenshot,155.11610412597656,1,38.58238201141357,43.92879104614258,1,34.763293457031246,0.0018664937233552,1,0.0017387918487656,2.218832969665528,1,1.7220234692096696,all_methods_correct,116.53372211456299,9.165497589111332
images/dissertation_v1/ood/modality_shift/oct_screenshot/oct_screenshot_000000.png,1,modality_shift,oct_screenshot,155.1853485107422,1,38.58238201141357,44.11999130249024,1,34.763293457031246,0.0015012485673651,0,0.0017387918487656,2.432976007461548,1,1.7220234692096696,all_methods_correct,116.60296649932862,9.356697845458996
images/dissertation_v1/ood/modality_shift/oct_screenshot/oct_screenshot_000007.png,1,modality_shift,oct_screenshot,155.44473266601562,1,38.58238201141357,43.742286682128906,1,34.763293457031246,0.001911740284413,1,0.0017387918487656,1.971570372581482,1,1.7220234692096696,all_methods_correct,116.86235065460205,8.97899322509766
images/dissertation_v1/ood/sensory_artifact/composite_layout/artifact_000086_03_composite_layout.png,1,sensory_artifact,composite_layout,155.50144958496094,1,38.58238201141357,43.85202407836914,1,34.763293457031246,0.0023861504159867,1,0.0017387918487656,1.7185884714126587,0,1.7220234692096696,all_methods_correct,116.91906757354737,9.088730621337895
images/dissertation_v1/ood/modality_shift/oct_screenshot/oct_screenshot_000004.png,1,modality_shift,oct_screenshot,155.5529022216797,1,38.58238201141357,43.791297912597656,1,34.763293457031246,0.0018340847454965,1,0.0017387918487656,2.107112407684326,1,1.7220234692096696,all_methods_correct,116.97052021026612,9.02800445556641
images/dissertation_v1/ood/sensory_artifact/composite_layout/artifact_000009_03_composite_layout.png,1,sensory_artifact,composite_layout,155.70361328125,1,38.58238201141357,42.11972427368164,1,34.763293457031246,0.00300411041826,1,0.0017387918487656,4.318696975708008,1,1.7220234692096696,all_methods_correct,117.12123126983643,7.356430816650395
images/dissertation_v1/ood/modality_shift/oct_screenshot/oct_screenshot_000114.png,1,modality_shift,oct_screenshot,155.74993896484375,1,38.58238201141357,40.711727142333984,1,34.763293457031246,0.0024114300031214,1,0.0017387918487656,1.615854024887085,0,1.7220234692096696,all_methods_correct,117.16755695343018,5.948433685302739
images/dissertation_v1/ood/sensory_artifact/composite_layout/artifact_000095_03_composite_layout.png,1,sensory_artifact,composite_layout,155.84942626953125,1,38.58238201141357,44.8846321105957,1,34.763293457031246,0.0030027846805751,1,0.0017387918487656,1.702788472175598,0,1.7220234692096696,all_methods_correct,117.26704425811768,10.121338653564457
images/dissertation_v1/ood/sensory_artifact/composite_layout/artifact_000146_03_composite_layout.png,1,sensory_artifact,composite_layout,155.9430389404297,1,38.58238201141357,41.393062591552734,1,34.763293457031246,0.0019131278386339,1,0.0017387918487656,2.619307279586792,1,1.7220234692096696,all_methods_correct,117.36065692901612,6.629769134521489
images/dissertation_v1/ood/sensory_artifact/composite_layout/artifact_000051_03_composite_layout.png,1,sensory_artifact,composite_layout,156.0055389404297,1,38.58238201141357,45.78665542602539,1,34.763293457031246,0.0027346545830368,1,0.0017387918487656,1.826183795928955,1,1.7220234692096696,all_methods_correct,117.42315692901612,11.023361968994145
images/dissertation_v1/ood/sensory_artifact/composite_layout/artifact_000053_03_composite_layout.png,1,sensory_artifact,composite_layout,156.0942840576172,1,38.58238201141357,45.12797164916992,1,34.763293457031246,0.0021319033112376,1,0.0017387918487656,1.877665400505066,1,1.7220234692096696,all_methods_correct,117.51190204620362,10.364678192138676
images/dissertation_v1/ood/sensory_artifact/composite_layout/artifact_000043_03_composite_layout.png,1,sensory_artifact,composite_layout,156.28240966796875,1,38.58238201141357,44.74046325683594,1,34.763293457031246,0.0023080082610249,1,0.0017387918487656,1.6484798192977903,0,1.7220234692096696,all_methods_correct,117.70002765655518,9.977169799804692
images/dissertation_v1/ood/modality_shift/oct_screenshot/oct_screenshot_000055.png,1,modality_shift,oct_screenshot,156.99380493164062,1,38.58238201141357,58.99452972412109,1,34.763293457031246,0.0016485180240124,0,0.0017387918487656,2.230454921722412,1,1.7220234692096696,all_methods_correct,118.41142292022705,24.23123626708984
images/dissertation_v1/ood/sensory_artifact/composite_layout/artifact_000148_03_composite_layout.png,1,sensory_artifact,composite_layout,157.3716278076172,1,38.58238201141357,46.84536361694336,1,34.763293457031246,0.0028290578629821,1,0.0017387918487656,1.8184016942977903,1,1.7220234692096696,all_methods_correct,118.78924579620362,12.082070159912114
images/dissertation_v1/ood/modality_shift/oct_screenshot/oct_screenshot_000112.png,1,modality_shift,oct_screenshot,157.59317016601562,1,38.58238201141357,44.511993408203125,1,34.763293457031246,0.0023018217179924,1,0.0017387918487656,1.6096965074539185,0,1.7220234692096696,all_methods_correct,119.01078815460205,9.74869995117188
images/dissertation_v1/ood/sensory_artifact/composite_layout/artifact_000021_03_composite_layout.png,1,sensory_artifact,composite_layout,157.7192840576172,1,38.58238201141357,44.49443054199219,1,34.763293457031246,0.0020514535717666,1,0.0017387918487656,1.820890069007873,1,1.7220234692096696,all_methods_correct,119.13690204620362,9.731137084960942
images/dissertation_v1/ood/sensory_artifact/composite_layout/artifact_000144_03_composite_layout.png,1,sensory_artifact,composite_layout,157.81126403808594,1,38.58238201141357,44.04472351074219,1,34.763293457031246,0.0025350500363856,1,0.0017387918487656,1.727145075798035,1,1.7220234692096696,all_methods_correct,119.22888202667237,9.281430053710942
images/dissertation_v1/ood/sensory_artifact/rectangle_annotation/artifact_000113_01_rectangle_annotation.png,1,sensory_artifact,rectangle_annotation,157.90545654296875,1,38.58238201141357,42.9300651550293,1,34.763293457031246,0.0230789612978696,1,0.0017387918487656,2.3196375370025635,1,1.7220234692096696,all_methods_correct,119.32307453155518,8.166771697998051
images/dissertation_v1/ood/sensory_artifact/composite_layout/artifact_000004_03_composite_layout.png,1,sensory_artifact,composite_layout,157.9600067138672,1,38.58238201141357,43.352046966552734,1,34.763293457031246,0.0029416885226964,1,0.0017387918487656,1.563774585723877,0,1.7220234692096696,all_methods_correct,119.37762470245362,8.588753509521489
images/dissertation_v1/ood/sensory_artifact/rectangle_annotation/artifact_000114_01_rectangle_annotation.png,1,sensory_artifact,rectangle_annotation,158.25682067871094,1,38.58238201141357,44.19498825073242,1,34.763293457031246,0.0205689445137977,1,0.0017387918487656,2.168644666671753,1,1.7220234692096696,all_methods_correct,119.67443866729737,9.431694793701176
images/dissertation_v1/ood/modality_shift/oct_screenshot/oct_screenshot_000010.png,1,modality_shift,oct_screenshot,158.4584503173828,1,38.58238201141357,44.46349334716797,1,34.763293457031246,0.0019307931652292,1,0.0017387918487656,1.9605141878128047,1,1.7220234692096696,all_methods_correct,119.87606830596924,9.700199890136723
images/dissertation_v1/ood/modality_shift/oct_screenshot/oct_screenshot_000133.png,1,modality_shift,oct_screenshot,159.20059204101562,1,38.58238201141357,40.16774368286133,1,34.763293457031246,0.0024181194603443,1,0.0017387918487656,1.6882295608520508,0,1.7220234692096696,all_methods_correct,120.61821002960205,5.404450225830082
images/dissertation_v1/ood/modality_shift/oct_screenshot/oct_screenshot_000038.png,1,modality_shift,oct_screenshot,159.26805114746094,1,38.58238201141357,45.109169006347656,1,34.763293457031246,0.0018718546489253,1,0.0017387918487656,2.3708245754241943,1,1.7220234692096696,all_methods_correct,120.68566913604737,10.34587554931641
images/dissertation_v1/ood/sensory_artifact/composite_layout/artifact_000055_03_composite_layout.png,1,sensory_artifact,composite_layout,159.6115264892578,1,38.58238201141357,43.17572784423828,1,34.763293457031246,0.0027146015781909,1,0.0017387918487656,1.9748289585113523,1,1.7220234692096696,all_methods_correct,121.02914447784424,8.412434387207036
images/dissertation_v1/ood/sensory_artifact/composite_layout/artifact_000064_03_composite_layout.png,1,sensory_artifact,composite_layout,159.75547790527344,1,38.58238201141357,44.22394943237305,1,34.763293457031246,0.0037667553406208,1,0.0017387918487656,2.8920278549194336,1,1.7220234692096696,all_methods_correct,121.17309589385987,9.460655975341801
images/dissertation_v1/ood/sensory_artifact/composite_layout/artifact_000052_03_composite_layout.png,1,sensory_artifact,composite_layout,159.84510803222656,1,38.58238201141357,46.23126602172852,1,34.763293457031246,0.0023841732181608,1,0.0017387918487656,1.5115416049957275,0,1.7220234692096696,all_methods_correct,121.26272602081299,11.467972564697277
images/dissertation_v1/ood/modality_shift/oct_screenshot/oct_screenshot_000006.png,1,modality_shift,oct_screenshot,159.92568969726562,1,38.58238201141357,44.46565246582031,1,34.763293457031246,0.00185013609007,1,0.0017387918487656,1.9801281690597532,1,1.7220234692096696,all_methods_correct,121.34330768585205,9.702359008789067
images/dissertation_v1/ood/sensory_artifact/composite_layout/artifact_000075_03_composite_layout.png,1,sensory_artifact,composite_layout,159.99984741210938,1,38.58238201141357,41.91313552856445,1,34.763293457031246,0.0022306081373244,1,0.0017387918487656,1.6833176612854004,0,1.7220234692096696,all_methods_correct,121.4174654006958,7.149842071533207
images/dissertation_v1/ood/sensory_artifact/composite_layout/artifact_000059_03_composite_layout.png,1,sensory_artifact,composite_layout,160.06396484375,1,38.58238201141357,43.54237747192383,1,34.763293457031246,0.0023280296009033,1,0.0017387918487656,1.7443413734436035,1,1.7220234692096696,all_methods_correct,121.48158283233643,8.779084014892582
images/dissertation_v1/ood/sensory_artifact/composite_layout/artifact_000105_03_composite_layout.png,1,sensory_artifact,composite_layout,160.5125274658203,1,38.58238201141357,40.936824798583984,1,34.763293457031246,0.0025219011586159,1,0.0017387918487656,1.5488321781158447,0,1.7220234692096696,all_methods_correct,121.93014545440674,6.173531341552739
images/dissertation_v1/ood/sensory_artifact/composite_layout/artifact_000111_03_composite_layout.png,1,sensory_artifact,composite_layout,160.64984130859375,1,38.58238201141357,43.119388580322266,1,34.763293457031246,0.0032393299043178,1,0.0017387918487656,1.6518831253051758,0,1.7220234692096696,all_methods_correct,122.06745929718018,8.35609512329102
images/dissertation_v1/ood/sensory_artifact/composite_layout/artifact_000078_03_composite_layout.png,1,sensory_artifact,composite_layout,160.71044921875,1,38.58238201141357,41.64873123168945,1,34.763293457031246,0.0021966286003589,1,0.0017387918487656,1.563912034034729,0,1.7220234692096696,all_methods_correct,122.12806720733643,6.885437774658207
images/dissertation_v1/ood/sensory_artifact/composite_layout/artifact_000031_03_composite_layout.png,1,sensory_artifact,composite_layout,161.21742248535156,1,38.58238201141357,44.979400634765625,1,34.763293457031246,0.0029120170511305,1,0.0017387918487656,1.790186882019043,1,1.7220234692096696,all_methods_correct,122.63504047393799,10.21610717773438
images/dissertation_v1/ood/sensory_artifact/composite_layout/artifact_000049_03_composite_layout.png,1,sensory_artifact,composite_layout,161.2653045654297,1,38.58238201141357,45.18685150146485,1,34.763293457031246,0.0025225181598216,1,0.0017387918487656,1.6219723224639893,0,1.7220234692096696,all_methods_correct,122.68292255401612,10.423558044433605
images/dissertation_v1/ood/sensory_artifact/composite_layout/artifact_000071_03_composite_layout.png,1,sensory_artifact,composite_layout,161.32505798339844,1,38.58238201141357,43.90480041503906,1,34.763293457031246,0.0036586737260222,1,0.0017387918487656,3.092625617980957,1,1.7220234692096696,all_methods_correct,122.74267597198487,9.141506958007817
images/dissertation_v1/ood/modality_shift/oct_screenshot/oct_screenshot_000009.png,1,modality_shift,oct_screenshot,161.54562377929688,1,38.58238201141357,45.880104064941406,1,34.763293457031246,0.0019035607110708,1,0.0017387918487656,2.016303777694702,1,1.7220234692096696,all_methods_correct,122.9632417678833,11.11681060791016
images/dissertation_v1/ood/sensory_artifact/composite_layout/artifact_000039_03_composite_layout.png,1,sensory_artifact,composite_layout,162.04420471191406,1,38.58238201141357,46.062896728515625,1,34.763293457031246,0.0029135076329112,1,0.0017387918487656,1.727299690246582,1,1.7220234692096696,all_methods_correct,123.46182270050049,11.29960327148438
images/dissertation_v1/ood/sensory_artifact/composite_layout/artifact_000010_03_composite_layout.png,1,sensory_artifact,composite_layout,162.23782348632812,1,38.58238201141357,41.88156127929688,1,34.763293457031246,0.0021518296562135,1,0.0017387918487656,1.5933231115341189,0,1.7220234692096696,all_methods_correct,123.65544147491455,7.118267822265636
images/dissertation_v1/ood/sensory_artifact/composite_layout/artifact_000093_03_composite_layout.png,1,sensory_artifact,composite_layout,162.2608184814453,1,38.58238201141357,44.72343063354492,1,34.763293457031246,0.0030701125506311,1,0.0017387918487656,1.692839741706848,0,1.7220234692096696,all_methods_correct,123.67843647003174,9.960137176513676
images/dissertation_v1/ood/sensory_artifact/composite_layout/artifact_000067_03_composite_layout.png,1,sensory_artifact,composite_layout,162.71640014648438,1,38.58238201141357,44.35289764404297,1,34.763293457031246,0.0019855492282658,1,0.0017387918487656,1.783474326133728,1,1.7220234692096696,all_methods_correct,124.1340181350708,9.589604187011723
images/dissertation_v1/ood/sensory_artifact/composite_layout/artifact_000117_03_composite_layout.png,1,sensory_artifact,composite_layout,162.76748657226562,1,38.58238201141357,45.541934967041016,1,34.763293457031246,0.0029728722292929,1,0.0017387918487656,1.895965337753296,1,1.7220234692096696,all_methods_correct,124.18510456085205,10.77864151000977
images/dissertation_v1/ood/sensory_artifact/composite_layout/artifact_000041_03_composite_layout.png,1,sensory_artifact,composite_layout,162.79690551757812,1,38.58238201141357,44.99971771240234,1,34.763293457031246,0.0032021605875343,1,0.0017387918487656,1.5698463916778564,0,1.7220234692096696,all_methods_correct,124.21452350616455,10.236424255371091
images/dissertation_v1/ood/sensory_artifact/composite_layout/artifact_000072_03_composite_layout.png,1,sensory_artifact,composite_layout,163.19866943359375,1,38.58238201141357,41.91703414916992,1,34.763293457031246,0.0027774826157838,1,0.0017387918487656,1.6809505224227903,0,1.7220234692096696,all_methods_correct,124.61628742218018,7.153740692138676
images/dissertation_v1/ood/sensory_artifact/composite_layout/artifact_000123_03_composite_layout.png,1,sensory_artifact,composite_layout,165.29818725585938,1,38.58238201141357,42.306739807128906,1,34.763293457031246,0.0024556482676416,1,0.0017387918487656,1.5984256267547607,0,1.7220234692096696,all_methods_correct,126.7158052444458,7.5434463500976605
images/dissertation_v1/ood/sensory_artifact/composite_layout/artifact_000085_03_composite_layout.png,1,sensory_artifact,composite_layout,165.30636596679688,1,38.58238201141357,42.48218536376953,1,34.763293457031246,0.0032766484655439,1,0.0017387918487656,1.4707741737365725,0,1.7220234692096696,all_methods_correct,126.7239839553833,7.7188919067382855
images/dissertation_v1/ood/sensory_artifact/composite_layout/artifact_000102_03_composite_layout.png,1,sensory_artifact,composite_layout,165.8971405029297,1,38.58238201141357,39.276458740234375,1,34.763293457031246,0.0022399246226996,1,0.0017387918487656,1.362761616706848,0,1.7220234692096696,all_methods_correct,127.31475849151612,4.513165283203129
images/dissertation_v1/ood/sensory_artifact/composite_layout/artifact_000110_03_composite_layout.png,1,sensory_artifact,composite_layout,166.08721923828125,1,38.58238201141357,43.171852111816406,1,34.763293457031246,0.0022736669052392,1,0.0017387918487656,1.5219401121139526,0,1.7220234692096696,all_methods_correct,127.50483722686768,8.40855865478516
images/dissertation_v1/ood/sensory_artifact/composite_layout/artifact_000016_03_composite_layout.png,1,sensory_artifact,composite_layout,166.5737762451172,1,38.58238201141357,41.981563568115234,1,34.763293457031246,0.0023203406017273,1,0.0017387918487656,1.5270841121673584,0,1.7220234692096696,all_methods_correct,127.99139423370362,7.218270111083989
images/dissertation_v1/ood/sensory_artifact/composite_layout/artifact_000112_03_composite_layout.png,1,sensory_artifact,composite_layout,167.17324829101562,1,38.58238201141357,47.26133346557617,1,34.763293457031246,0.002371511189267,1,0.0017387918487656,1.5939885377883911,0,1.7220234692096696,all_methods_correct,128.59086627960204,12.498040008544926
images/dissertation_v1/ood/sensory_artifact/composite_layout/artifact_000069_03_composite_layout.png,1,sensory_artifact,composite_layout,167.5358123779297,1,38.58238201141357,45.14473724365234,1,34.763293457031246,0.0021488566417247,1,0.0017387918487656,1.626351237297058,0,1.7220234692096696,all_methods_correct,128.9534303665161,10.381443786621091
images/dissertation_v1/ood/sensory_artifact/jpeg_compression/artifact_000058_07_jpeg_compression.png,1,sensory_artifact,jpeg_compression,171.05587768554688,1,38.58238201141357,35.7451171875,1,34.763293457031246,0.0002209186350228,0,0.0017387918487656,1.2545210123062134,0,1.7220234692096696,all_methods_correct,132.4734956741333,0.9818237304687543
images/dissertation_v1/ood/sensory_artifact/composite_layout/artifact_000140_03_composite_layout.png,1,sensory_artifact,composite_layout,171.119873046875,1,38.58238201141357,38.80616760253906,1,34.763293457031246,0.0029130924958735,1,0.0017387918487656,1.89584755897522,1,1.7220234692096696,all_methods_correct,132.53749103546141,4.042874145507817
images/dissertation_v1/ood/sensory_artifact/composite_layout/artifact_000046_03_composite_layout.png,1,sensory_artifact,composite_layout,175.38218688964844,1,38.58238201141357,43.45952224731445,1,34.763293457031246,0.0034307322930544,1,0.0017387918487656,1.7470738887786863,1,1.7220234692096696,all_methods_correct,136.79980487823485,8.696228790283207
images/dissertation_v1/ood/sensory_artifact/composite_layout/artifact_000131_03_composite_layout.png,1,sensory_artifact,composite_layout,177.7327880859375,1,38.58238201141357,47.6543197631836,1,34.763293457031246,0.0023728453088551,1,0.0017387918487656,1.6628674268722534,0,1.7220234692096696,all_methods_correct,139.15040607452391,12.891026306152355
images/dissertation_v1/ood/sensory_artifact/composite_layout/artifact_000017_03_composite_layout.png,1,sensory_artifact,composite_layout,181.4884490966797,1,38.58238201141357,46.48093032836914,1,34.763293457031246,0.002624120330438,1,0.0017387918487656,1.629697561264038,0,1.7220234692096696,all_methods_correct,142.9060670852661,11.717636871337895
images/dissertation_v1/ood/sensory_artifact/jpeg_compression/artifact_000030_07_jpeg_compression.png,1,sensory_artifact,jpeg_compression,205.19161987304688,1,38.58238201141357,46.30014801025391,1,34.763293457031246,5.77678729314357e-05,0,0.0017387918487656,3.08123779296875,1,1.7220234692096696,all_methods_correct,166.6092378616333,11.536854553222668
images/dissertation_v1/ood/semantic_outlier/cifar10_natural/cifar10_natural_000323.png,1,semantic_outlier,cifar10_natural,217.7309417724609,1,38.58238201141357,72.04330444335938,1,34.763293457031246,0.0126971146091818,1,0.0017387918487656,34.54915237426758,1,1.7220234692096696,all_methods_correct,179.14855976104735,37.28001098632813
images/dissertation_v1/ood/semantic_outlier/cifar10_natural/cifar10_natural_000113.png,1,semantic_outlier,cifar10_natural,218.74722290039065,1,38.58238201141357,78.71820831298828,1,34.763293457031246,0.0094717144966125,1,0.0017387918487656,26.96678924560547,1,1.7220234692096696,all_methods_correct,180.1648408889771,43.954914855957036
images/dissertation_v1/ood/semantic_outlier/cifar10_natural/cifar10_natural_000154.png,1,semantic_outlier,cifar10_natural,220.89779663085935,1,38.58238201141357,75.19990539550781,1,34.763293457031246,0.0109296105802059,1,0.0017387918487656,30.7515869140625,1,1.7220234692096696,all_methods_correct,182.3154146194458,40.43661193847657
images/dissertation_v1/ood/semantic_outlier/cifar10_natural/cifar10_natural_000185.png,1,semantic_outlier,cifar10_natural,236.2076110839844,1,38.58238201141357,74.35575103759766,1,34.763293457031246,0.0064257960766553,1,0.0017387918487656,15.62783908843994,1,1.7220234692096696,all_methods_correct,197.62522907257085,39.59245758056641
images/dissertation_v1/ood/semantic_outlier/cifar10_natural/cifar10_natural_000391.png,1,semantic_outlier,cifar10_natural,239.4128570556641,1,38.58238201141357,70.17974853515625,1,34.763293457031246,0.0659276768565177,1,0.0017387918487656,23.169116973876957,1,1.7220234692096696,all_methods_correct,200.83047504425053,35.416455078125004
images/dissertation_v1/ood/semantic_outlier/cifar10_natural/cifar10_natural_000356.png,1,semantic_outlier,cifar10_natural,244.0306701660156,1,38.58238201141357,70.34855651855469,1,34.763293457031246,0.0143351182341575,1,0.0017387918487656,107.11756134033205,1,1.7220234692096696,all_methods_correct,205.44828815460204,35.58526306152344
images/dissertation_v1/ood/semantic_outlier/cifar10_natural/cifar10_natural_000072.png,1,semantic_outlier,cifar10_natural,246.5240936279297,1,38.58238201141357,67.5302963256836,1,34.763293457031246,0.0016821854515001,0,0.0017387918487656,72.73885345458984,1,1.7220234692096696,all_methods_correct,207.9417116165161,32.76700286865235
images/dissertation_v1/ood/semantic_outlier/cifar10_natural/cifar10_natural_000025.png,1,semantic_outlier,cifar10_natural,246.93003845214844,1,38.58238201141357,42.95444488525391,1,34.763293457031246,0.0111600430682301,1,0.0017387918487656,38.35330581665039,1,1.7220234692096696,all_methods_correct,208.34765644073485,8.191151428222668
images/dissertation_v1/ood/semantic_outlier/cifar10_natural/cifar10_natural_000140.png,1,semantic_outlier,cifar10_natural,247.49798583984372,1,38.58238201141357,55.701263427734375,1,34.763293457031246,0.0015325765125453,0,0.0017387918487656,233.2866668701172,1,1.7220234692096696,all_methods_correct,208.91560382843016,20.93796997070313
images/dissertation_v1/ood/semantic_outlier/cifar10_natural/cifar10_natural_000238.png,1,semantic_outlier,cifar10_natural,249.6166076660156,1,38.58238201141357,49.17448043823242,1,34.763293457031246,0.0145479217171669,1,0.0017387918487656,5.247949600219727,1,1.7220234692096696,all_methods_correct,211.03422565460204,14.411186981201176
images/dissertation_v1/ood/semantic_outlier/cifar10_natural/cifar10_natural_000332.png,1,semantic_outlier,cifar10_natural,249.83041381835935,1,38.58238201141357,39.18974685668945,1,34.763293457031246,0.0042992145754396,1,0.0017387918487656,110.93418884277344,1,1.7220234692096696,all_methods_correct,211.2480318069458,4.426453399658207
images/dissertation_v1/ood/semantic_outlier/cifar10_natural/cifar10_natural_000075.png,1,semantic_outlier,cifar10_natural,250.5526428222656,1,38.58238201141357,75.64767456054688,1,34.763293457031246,0.0108973542228341,1,0.0017387918487656,3.1170010566711426,1,1.7220234692096696,all_methods_correct,211.97026081085204,40.88438110351563
images/dissertation_v1/ood/semantic_outlier/cifar10_natural/cifar10_natural_000180.png,1,semantic_outlier,cifar10_natural,252.7801513671875,1,38.58238201141357,41.5167236328125,1,34.763293457031246,0.0019469208782538,1,0.0017387918487656,95.76441955566406,1,1.7220234692096696,all_methods_correct,214.19776935577391,6.753430175781254
images/dissertation_v1/ood/semantic_outlier/cifar10_natural/cifar10_natural_000094.png,1,semantic_outlier,cifar10_natural,254.2242889404297,1,38.58238201141357,43.742034912109375,1,34.763293457031246,0.0017128742765635,0,0.0017387918487656,137.69422912597656,1,1.7220234692096696,all_methods_correct,215.6419069290161,8.97874145507813
images/dissertation_v1/ood/semantic_outlier/cifar10_natural/cifar10_natural_000227.png,1,semantic_outlier,cifar10_natural,254.80862426757807,1,38.58238201141357,53.55024719238281,1,34.763293457031246,0.0046964855864644,1,0.0017387918487656,88.06238555908203,1,1.7220234692096696,all_methods_correct,216.22624225616448,18.786953735351567
images/dissertation_v1/ood/semantic_outlier/cifar10_natural/cifar10_natural_000322.png,1,semantic_outlier,cifar10_natural,256.9900207519531,1,38.58238201141357,63.18583679199219,1,34.763293457031246,0.0145859876647591,1,0.0017387918487656,2.252187967300415,1,1.7220234692096696,all_methods_correct,218.40763874053954,28.42254333496094
images/dissertation_v1/ood/semantic_outlier/cifar10_natural/cifar10_natural_000073.png,1,semantic_outlier,cifar10_natural,257.1645202636719,1,38.58238201141357,64.15299224853516,1,34.763293457031246,0.0042138374410569,1,0.0017387918487656,30.74610710144043,1,1.7220234692096696,all_methods_correct,218.5821382522583,29.38969879150391
images/dissertation_v1/ood/semantic_outlier/cifar10_natural/cifar10_natural_000494.png,1,semantic_outlier,cifar10_natural,258.9759826660156,1,38.58238201141357,63.54418182373047,1,34.763293457031246,0.0060327099636197,1,0.0017387918487656,26.93842315673828,1,1.7220234692096696,all_methods_correct,220.39360065460204,28.780888366699223
images/dissertation_v1/ood/semantic_outlier/cifar10_natural/cifar10_natural_000352.png,1,semantic_outlier,cifar10_natural,259.1422119140625,1,38.58238201141357,84.7704849243164,1,34.763293457031246,0.0028873770497739,1,0.0017387918487656,61.28950119018555,1,1.7220234692096696,all_methods_correct,220.55982990264891,50.00719146728516
images/dissertation_v1/ood/semantic_outlier/cifar10_natural/cifar10_natural_000495.png,1,semantic_outlier,cifar10_natural,259.2088623046875,1,38.58238201141357,74.97147369384766,1,34.763293457031246,0.0116689801216125,1,0.0017387918487656,110.95445251464844,1,1.7220234692096696,all_methods_correct,220.62648029327391,40.20818023681641
images/dissertation_v1/ood/semantic_outlier/cifar10_natural/cifar10_natural_000194.png,1,semantic_outlier,cifar10_natural,259.4811706542969,1,38.58238201141357,51.69511032104492,1,34.763293457031246,0.0137206651270389,1,0.0017387918487656,57.43368148803711,1,1.7220234692096696,all_methods_correct,220.8987886428833,16.931816864013676
images/dissertation_v1/ood/semantic_outlier/cifar10_natural/cifar10_natural_000409.png,1,semantic_outlier,cifar10_natural,260.06817626953125,1,38.58238201141357,60.25491714477539,1,34.763293457031246,0.0061629312112927,1,0.0017387918487656,114.78944396972656,1,1.7220234692096696,all_methods_correct,221.48579425811766,25.491623687744145
images/dissertation_v1/ood/semantic_outlier/cifar10_natural/cifar10_natural_000304.png,1,semantic_outlier,cifar10_natural,261.0443420410156,1,38.58238201141357,68.16040802001953,1,34.763293457031246,0.0019156686030328,1,0.0017387918487656,156.81532287597656,1,1.7220234692096696,all_methods_correct,222.46196002960204,33.397114562988286
images/dissertation_v1/ood/semantic_outlier/cifar10_natural/cifar10_natural_000055.png,1,semantic_outlier,cifar10_natural,261.50701904296875,1,38.58238201141357,40.680809020996094,1,34.763293457031246,0.0008307273965328,0,0.0017387918487656,27.10678482055664,1,1.7220234692096696,all_methods_correct,222.92463703155516,5.917515563964848
images/dissertation_v1/ood/semantic_outlier/cifar10_natural/cifar10_natural_000450.png,1,semantic_outlier,cifar10_natural,262.04168701171875,1,38.58238201141357,44.13374710083008,1,34.763293457031246,0.0160045251250267,1,0.0017387918487656,3.112012386322021,1,1.7220234692096696,all_methods_correct,223.45930500030516,9.370453643798832
images/dissertation_v1/ood/semantic_outlier/cifar10_natural/cifar10_natural_000173.png,1,semantic_outlier,cifar10_natural,262.2418212890625,1,38.58238201141357,77.9365005493164,1,34.763293457031246,0.0107226502150297,1,0.0017387918487656,2.997939109802246,1,1.7220234692096696,all_methods_correct,223.65943927764891,43.17320709228516
images/dissertation_v1/ood/semantic_outlier/cifar10_natural/cifar10_natural_000077.png,1,semantic_outlier,cifar10_natural,263.97674560546875,1,38.58238201141357,37.57255935668945,1,34.763293457031246,0.0020589670166373,1,0.0017387918487656,34.53866958618164,1,1.7220234692096696,all_methods_correct,225.39436359405516,2.8092658996582074
images/dissertation_v1/ood/semantic_outlier/cifar10_natural/cifar10_natural_000247.png,1,semantic_outlier,cifar10_natural,264.0658874511719,1,38.58238201141357,57.82330703735352,1,34.763293457031246,0.0015279826475307,0,0.0017387918487656,4.677561283111572,1,1.7220234692096696,all_methods_correct,225.4835054397583,23.060013580322277
images/dissertation_v1/ood/semantic_outlier/cifar10_natural/cifar10_natural_000470.png,1,semantic_outlier,cifar10_natural,264.6025695800781,1,38.58238201141357,39.086029052734375,1,34.763293457031246,0.0023319320753216,1,0.0017387918487656,7.973778247833252,1,1.7220234692096696,all_methods_correct,226.02018756866454,4.322735595703129
images/dissertation_v1/ood/semantic_outlier/cifar10_natural/cifar10_natural_000046.png,1,semantic_outlier,cifar10_natural,264.9428405761719,1,38.58238201141357,36.8292236328125,1,34.763293457031246,0.0071885697543621,1,0.0017387918487656,30.73017692565918,1,1.7220234692096696,all_methods_correct,226.3604585647583,2.0659301757812543
images/dissertation_v1/ood/semantic_outlier/cifar10_natural/cifar10_natural_000153.png,1,semantic_outlier,cifar10_natural,265.91363525390625,1,38.58238201141357,43.65753173828125,1,34.763293457031246,0.0009434393723495,0,0.0017387918487656,8.845120429992676,1,1.7220234692096696,all_methods_correct,227.33125324249266,8.894238281250004
images/dissertation_v1/ood/semantic_outlier/cifar10_natural/cifar10_natural_000086.png,1,semantic_outlier,cifar10_natural,267.1116638183594,1,38.58238201141357,45.37745666503906,1,34.763293457031246,0.0125623978674411,1,0.0017387918487656,4.683807373046875,1,1.7220234692096696,all_methods_correct,228.5292818069458,10.614163208007817
images/dissertation_v1/ood/semantic_outlier/cifar10_natural/cifar10_natural_000253.png,1,semantic_outlier,cifar10_natural,267.471435546875,1,38.58238201141357,66.72030639648438,1,34.763293457031246,0.0215761419385671,1,0.0017387918487656,15.579782485961914,1,1.7220234692096696,all_methods_correct,228.88905353546141,31.95701293945313
images/dissertation_v1/ood/semantic_outlier/cifar10_natural/cifar10_natural_000093.png,1,semantic_outlier,cifar10_natural,268.1131591796875,1,38.58238201141357,36.23915100097656,1,34.763293457031246,0.0058012572117149,1,0.0017387918487656,3.0430428981781006,1,1.7220234692096696,all_methods_correct,229.53077716827391,1.4758575439453168
images/dissertation_v1/ood/semantic_outlier/cifar10_natural/cifar10_natural_000406.png,1,semantic_outlier,cifar10_natural,269.8503112792969,1,38.58238201141357,61.29330825805664,1,34.763293457031246,0.0342313721776008,1,0.0017387918487656,3.382496118545532,1,1.7220234692096696,all_methods_correct,231.2679292678833,26.530014801025395
images/dissertation_v1/ood/semantic_outlier/cifar10_natural/cifar10_natural_000030.png,1,semantic_outlier,cifar10_natural,270.1534729003906,1,38.58238201141357,36.41489791870117,1,34.763293457031246,0.0084757041186094,1,0.0017387918487656,2.908059597015381,1,1.7220234692096696,all_methods_correct,231.57109088897704,1.6516044616699261
images/dissertation_v1/ood/semantic_outlier/cifar10_natural/cifar10_natural_000000.png,1,semantic_outlier,cifar10_natural,270.2132873535156,1,38.58238201141357,43.30099487304688,1,34.763293457031246,0.0166308376938104,1,0.0017387918487656,49.79601287841797,1,1.7220234692096696,all_methods_correct,231.63090534210204,8.537701416015636
images/dissertation_v1/ood/semantic_outlier/cifar10_natural/cifar10_natural_000497.png,1,semantic_outlier,cifar10_natural,270.2170715332031,1,38.58238201141357,67.23533630371094,1,34.763293457031246,0.0305227544158697,1,0.0017387918487656,5.037171840667725,1,1.7220234692096696,all_methods_correct,231.63468952178954,32.47204284667969
images/dissertation_v1/ood/semantic_outlier/cifar10_natural/cifar10_natural_000015.png,1,semantic_outlier,cifar10_natural,270.2354431152344,1,38.58238201141357,39.98992919921875,1,34.763293457031246,0.0087330862879753,1,0.0017387918487656,3.0039150714874268,1,1.7220234692096696,all_methods_correct,231.6530611038208,5.226635742187504
images/dissertation_v1/ood/semantic_outlier/cifar10_natural/cifar10_natural_000057.png,1,semantic_outlier,cifar10_natural,270.3440856933594,1,38.58238201141357,44.163822174072266,1,34.763293457031246,0.0033355050254613,1,0.0017387918487656,1.3098108768463137,0,1.7220234692096696,all_methods_correct,231.7617036819458,9.40052871704102
images/dissertation_v1/ood/semantic_outlier/cifar10_natural/cifar10_natural_000262.png,1,semantic_outlier,cifar10_natural,271.2167053222656,1,38.58238201141357,57.38909149169922,1,34.763293457031246,0.0004857595195062,0,0.0017387918487656,42.161746978759766,1,1.7220234692096696,all_methods_correct,232.63432331085204,22.625798034667973
images/dissertation_v1/ood/semantic_outlier/cifar10_natural/cifar10_natural_000479.png,1,semantic_outlier,cifar10_natural,272.3070983886719,1,38.58238201141357,41.24081802368164,1,34.763293457031246,0.0038899555802345,1,0.0017387918487656,15.613128662109377,1,1.7220234692096696,all_methods_correct,233.7247163772583,6.477524566650395
images/dissertation_v1/ood/semantic_outlier/cifar10_natural/cifar10_natural_000438.png,1,semantic_outlier,cifar10_natural,272.9302062988281,1,38.58238201141357,40.24439239501953,1,34.763293457031246,0.0126008167862892,1,0.0017387918487656,26.919607162475582,1,1.7220234692096696,all_methods_correct,234.34782428741454,5.4810989379882855
images/dissertation_v1/ood/semantic_outlier/cifar10_natural/cifar10_natural_000084.png,1,semantic_outlier,cifar10_natural,273.1038513183594,1,38.58238201141357,45.20645904541016,1,34.763293457031246,0.0029337699525058,1,0.0017387918487656,72.78494262695312,1,1.7220234692096696,all_methods_correct,234.5214693069458,10.443165588378918
images/dissertation_v1/ood/semantic_outlier/cifar10_natural/cifar10_natural_000491.png,1,semantic_outlier,cifar10_natural,273.5346984863281,1,38.58238201141357,67.27595520019531,1,34.763293457031246,0.0017918164376169,1,0.0017387918487656,3.79630970954895,1,1.7220234692096696,all_methods_correct,234.95231647491454,32.51266174316407
images/dissertation_v1/ood/semantic_outlier/cifar10_natural/cifar10_natural_000321.png,1,semantic_outlier,cifar10_natural,274.362548828125,1,38.58238201141357,64.86455535888672,1,34.763293457031246,0.0073684784583747,1,0.0017387918487656,133.8706817626953,1,1.7220234692096696,all_methods_correct,235.78016681671141,30.101261901855473
images/dissertation_v1/ood/semantic_outlier/cifar10_natural/cifar10_natural_000331.png,1,semantic_outlier,cifar10_natural,274.920654296875,1,38.58238201141357,64.25714111328125,1,34.763293457031246,0.0035499026998877,1,0.0017387918487656,65.11026000976562,1,1.7220234692096696,all_methods_correct,236.33827228546141,29.493847656250004
images/dissertation_v1/ood/semantic_outlier/cifar10_natural/cifar10_natural_000017.png,1,semantic_outlier,cifar10_natural,275.2208251953125,1,38.58238201141357,48.69856643676758,1,34.763293457031246,0.0063416245393455,1,0.0017387918487656,76.55575561523438,1,1.7220234692096696,all_methods_correct,236.63844318389891,13.935272979736332
images/dissertation_v1/ood/semantic_outlier/cifar10_natural/cifar10_natural_000312.png,1,semantic_outlier,cifar10_natural,275.2340393066406,1,38.58238201141357,59.95276641845703,1,34.763293457031246,0.000938878278248,0,0.0017387918487656,160.6546173095703,1,1.7220234692096696,all_methods_correct,236.65165729522704,25.189472961425786
images/dissertation_v1/ood/semantic_outlier/cifar10_natural/cifar10_natural_000374.png,1,semantic_outlier,cifar10_natural,275.8410339355469,1,38.58238201141357,42.04743957519531,1,34.763293457031246,0.0322687029838562,1,0.0017387918487656,2.786585092544556,1,1.7220234692096696,all_methods_correct,237.2586519241333,7.284146118164067
images/dissertation_v1/ood/semantic_outlier/cifar10_natural/cifar10_natural_000182.png,1,semantic_outlier,cifar10_natural,275.8824157714844,1,38.58238201141357,42.17098617553711,1,34.763293457031246,0.0208957400172948,1,0.0017387918487656,3.13576340675354,1,1.7220234692096696,all_methods_correct,237.3000337600708,7.407692718505864
images/dissertation_v1/ood/semantic_outlier/cifar10_natural/cifar10_natural_000266.png,1,semantic_outlier,cifar10_natural,276.01690673828125,1,38.58238201141357,40.15744400024414,1,34.763293457031246,0.0023068292066454,1,0.0017387918487656,133.8753662109375,1,1.7220234692096696,all_methods_correct,237.43452472686766,5.394150543212895
images/dissertation_v1/ood/semantic_outlier/cifar10_natural/cifar10_natural_000155.png,1,semantic_outlier,cifar10_natural,276.2861022949219,1,38.58238201141357,55.93499374389648,1,34.763293457031246,0.0042968587949872,1,0.0017387918487656,34.530303955078125,1,1.7220234692096696,all_methods_correct,237.7037202835083,21.17170028686523
images/dissertation_v1/ood/semantic_outlier/cifar10_natural/cifar10_natural_000408.png,1,semantic_outlier,cifar10_natural,276.3692626953125,1,38.58238201141357,68.72627258300781,1,34.763293457031246,0.0107320072129368,1,0.0017387918487656,168.28916931152344,1,1.7220234692096696,all_methods_correct,237.78688068389891,33.96297912597657
images/dissertation_v1/ood/semantic_outlier/cifar10_natural/cifar10_natural_000131.png,1,semantic_outlier,cifar10_natural,276.4403991699219,1,38.58238201141357,52.07478713989258,1,34.763293457031246,0.002655315445736,1,0.0017387918487656,12.022130966186523,1,1.7220234692096696,all_methods_correct,237.8580171585083,17.311493682861332
images/dissertation_v1/ood/semantic_outlier/cifar10_natural/cifar10_natural_000362.png,1,semantic_outlier,cifar10_natural,276.5450744628906,1,38.58238201141357,57.24871063232422,1,34.763293457031246,0.0071157054044306,1,0.0017387918487656,72.72571563720703,1,1.7220234692096696,all_methods_correct,237.96269245147704,22.485417175292973
images/dissertation_v1/ood/semantic_outlier/cifar10_natural/cifar10_natural_000336.png,1,semantic_outlier,cifar10_natural,276.83428955078125,1,38.58238201141357,42.460880279541016,1,34.763293457031246,0.0039900573901832,1,0.0017387918487656,30.73252487182617,1,1.7220234692096696,all_methods_correct,238.25190753936766,7.69758682250977
images/dissertation_v1/ood/semantic_outlier/cifar10_natural/cifar10_natural_000410.png,1,semantic_outlier,cifar10_natural,277.047119140625,1,38.58238201141357,41.535640716552734,1,34.763293457031246,0.016397051513195,1,0.0017387918487656,30.74503898620605,1,1.7220234692096696,all_methods_correct,238.46473712921141,6.772347259521489
images/dissertation_v1/ood/semantic_outlier/cifar10_natural/cifar10_natural_000341.png,1,semantic_outlier,cifar10_natural,277.3643493652344,1,38.58238201141357,41.16529083251953,1,34.763293457031246,0.0098796244710683,1,0.0017387918487656,11.859742164611816,1,1.7220234692096696,all_methods_correct,238.7819673538208,6.4019973754882855
images/dissertation_v1/ood/semantic_outlier/cifar10_natural/cifar10_natural_000483.png,1,semantic_outlier,cifar10_natural,277.72393798828125,1,38.58238201141357,48.14158248901367,1,34.763293457031246,0.0011935433140024,0,0.0017387918487656,99.46742248535156,1,1.7220234692096696,all_methods_correct,239.14155597686766,13.378289031982426
images/dissertation_v1/ood/semantic_outlier/cifar10_natural/cifar10_natural_000384.png,1,semantic_outlier,cifar10_natural,277.9018249511719,1,38.58238201141357,38.525047302246094,1,34.763293457031246,0.0085097579285502,1,0.0017387918487656,15.586933135986328,1,1.7220234692096696,all_methods_correct,239.3194429397583,3.761753845214848
images/dissertation_v1/ood/semantic_outlier/cifar10_natural/cifar10_natural_000018.png,1,semantic_outlier,cifar10_natural,278.44683837890625,1,38.58238201141357,77.76493072509766,1,34.763293457031246,0.002926264423877,1,0.0017387918487656,3.8574514389038086,1,1.7220234692096696,all_methods_correct,239.86445636749266,43.00163726806641
images/dissertation_v1/ood/semantic_outlier/cifar10_natural/cifar10_natural_000176.png,1,semantic_outlier,cifar10_natural,279.0352478027344,1,38.58238201141357,46.0103874206543,1,34.763293457031246,0.0435150489211082,1,0.0017387918487656,19.3629150390625,1,1.7220234692096696,all_methods_correct,240.4528657913208,11.247093963623051
images/dissertation_v1/ood/semantic_outlier/cifar10_natural/cifar10_natural_000316.png,1,semantic_outlier,cifar10_natural,280.2257080078125,1,38.58238201141357,38.47234344482422,1,34.763293457031246,0.0013868591049686,0,0.0017387918487656,149.16354370117188,1,1.7220234692096696,all_methods_correct,241.64332599639891,3.709049987792973
images/dissertation_v1/ood/semantic_outlier/cifar10_natural/cifar10_natural_000485.png,1,semantic_outlier,cifar10_natural,280.5000305175781,1,38.58238201141357,81.62097930908203,1,34.763293457031246,0.0027392916381359,1,0.0017387918487656,30.7596492767334,1,1.7220234692096696,all_methods_correct,241.91764850616454,46.857685852050786
images/dissertation_v1/ood/semantic_outlier/cifar10_natural/cifar10_natural_000031.png,1,semantic_outlier,cifar10_natural,281.1131591796875,1,38.58238201141357,63.601318359375,1,34.763293457031246,0.0077866078354418,1,0.0017387918487656,118.5808563232422,1,1.7220234692096696,all_methods_correct,242.53077716827391,28.838024902343754
images/dissertation_v1/ood/semantic_outlier/cifar10_natural/cifar10_natural_000265.png,1,semantic_outlier,cifar10_natural,281.489501953125,1,38.58238201141357,75.88721466064453,1,34.763293457031246,0.0043220734223723,1,0.0017387918487656,38.43997573852539,1,1.7220234692096696,all_methods_correct,242.90711994171141,41.123921203613286
images/dissertation_v1/ood/semantic_outlier/cifar10_natural/cifar10_natural_000022.png,1,semantic_outlier,cifar10_natural,281.5166015625,1,38.58238201141357,74.77444458007812,1,34.763293457031246,0.0125439055263996,1,0.0017387918487656,80.35527038574219,1,1.7220234692096696,all_methods_correct,242.93421955108641,40.01115112304688
images/dissertation_v1/ood/semantic_outlier/cifar10_natural/cifar10_natural_000101.png,1,semantic_outlier,cifar10_natural,281.7969970703125,1,38.58238201141357,72.9208755493164,1,34.763293457031246,0.0058115017600357,1,0.0017387918487656,160.63748168945312,1,1.7220234692096696,all_methods_correct,243.21461505889891,38.15758209228516
images/dissertation_v1/ood/semantic_outlier/cifar10_natural/cifar10_natural_000249.png,1,semantic_outlier,cifar10_natural,282.1553039550781,1,38.58238201141357,46.98222732543945,1,34.763293457031246,0.0040887831710278,1,0.0017387918487656,19.284093856811523,1,1.7220234692096696,all_methods_correct,243.57292194366454,12.218933868408207
images/dissertation_v1/ood/semantic_outlier/cifar10_natural/cifar10_natural_000475.png,1,semantic_outlier,cifar10_natural,282.2193603515625,1,38.58238201141357,52.484169006347656,1,34.763293457031246,0.00456616980955,1,0.0017387918487656,107.11296081542967,1,1.7220234692096696,all_methods_correct,243.63697834014891,17.72087554931641
images/dissertation_v1/ood/semantic_outlier/cifar10_natural/cifar10_natural_000126.png,1,semantic_outlier,cifar10_natural,282.69970703125,1,38.58238201141357,66.80862426757812,1,34.763293457031246,0.0047558038495481,1,0.0017387918487656,95.64642333984376,1,1.7220234692096696,all_methods_correct,244.11732501983641,32.04533081054688
images/dissertation_v1/ood/semantic_outlier/cifar10_natural/cifar10_natural_000069.png,1,semantic_outlier,cifar10_natural,283.1293334960937,1,38.58238201141357,39.80851745605469,1,34.763293457031246,0.0037202916573733,1,0.0017387918487656,53.62604522705078,1,1.7220234692096696,all_methods_correct,244.5469514846801,5.045223999023442
images/dissertation_v1/ood/semantic_outlier/cifar10_natural/cifar10_natural_000082.png,1,semantic_outlier,cifar10_natural,283.23974609375,1,38.58238201141357,52.78873062133789,1,34.763293457031246,0.0152651453390717,1,0.0017387918487656,61.25153732299805,1,1.7220234692096696,all_methods_correct,244.65736408233641,18.025437164306645
images/dissertation_v1/ood/semantic_outlier/cifar10_natural/cifar10_natural_000320.png,1,semantic_outlier,cifar10_natural,284.258056640625,1,38.58238201141357,59.16219329833984,1,34.763293457031246,0.0026567413005977,1,0.0017387918487656,57.446556091308594,1,1.7220234692096696,all_methods_correct,245.67567462921141,24.39889984130859
images/dissertation_v1/ood/semantic_outlier/cifar10_natural/cifar10_natural_000019.png,1,semantic_outlier,cifar10_natural,285.0528259277344,1,38.58238201141357,36.90972137451172,1,34.763293457031246,0.0109989838674664,1,0.0017387918487656,91.81900024414062,1,1.7220234692096696,all_methods_correct,246.4704439163208,2.146427917480473
images/dissertation_v1/ood/semantic_outlier/cifar10_natural/cifar10_natural_000347.png,1,semantic_outlier,cifar10_natural,285.68182373046875,1,38.58238201141357,36.00788497924805,1,34.763293457031246,0.036683440208435,1,0.0017387918487656,65.0760269165039,1,1.7220234692096696,all_methods_correct,247.09944171905516,1.2445915222168011
images/dissertation_v1/ood/semantic_outlier/cifar10_natural/cifar10_natural_000124.png,1,semantic_outlier,cifar10_natural,285.7276306152344,1,38.58238201141357,37.14366912841797,1,34.763293457031246,0.0062688593752682,1,0.0017387918487656,126.2355499267578,1,1.7220234692096696,all_methods_correct,247.1452486038208,2.380375671386723
images/dissertation_v1/ood/semantic_outlier/cifar10_natural/cifar10_natural_000440.png,1,semantic_outlier,cifar10_natural,287.7024230957031,1,38.58238201141357,39.53592300415039,1,34.763293457031246,0.0102060679346323,1,0.0017387918487656,91.82315826416016,1,1.7220234692096696,all_methods_correct,249.12004108428954,4.772629547119145
images/dissertation_v1/ood/semantic_outlier/cifar10_natural/cifar10_natural_000271.png,1,semantic_outlier,cifar10_natural,288.345703125,1,38.58238201141357,47.230899810791016,1,34.763293457031246,0.0076409690082073,1,0.0017387918487656,38.41036224365234,1,1.7220234692096696,all_methods_correct,249.76332111358641,12.46760635375977
images/dissertation_v1/ood/semantic_outlier/cifar10_natural/cifar10_natural_000070.png,1,semantic_outlier,cifar10_natural,288.7511291503906,1,38.58238201141357,40.95889663696289,1,34.763293457031246,0.003986828494817,1,0.0017387918487656,183.5831298828125,1,1.7220234692096696,all_methods_correct,250.16874713897704,6.195603179931645
images/dissertation_v1/ood/semantic_outlier/cifar10_natural/cifar10_natural_000281.png,1,semantic_outlier,cifar10_natural,289.2035217285156,1,38.58238201141357,66.47024536132812,1,34.763293457031246,0.0283573828637599,1,0.0017387918487656,8.21286678314209,1,1.7220234692096696,all_methods_correct,250.62113971710204,31.70695190429688
images/dissertation_v1/ood/semantic_outlier/cifar10_natural/cifar10_natural_000371.png,1,semantic_outlier,cifar10_natural,289.3420104980469,1,38.58238201141357,52.17013549804688,1,34.763293457031246,0.0024000988341867,1,0.0017387918487656,3.840129852294922,1,1.7220234692096696,all_methods_correct,250.7596284866333,17.406842041015636
images/dissertation_v1/ood/semantic_outlier/cifar10_natural/cifar10_natural_000137.png,1,semantic_outlier,cifar10_natural,289.4190979003906,1,38.58238201141357,43.83331680297852,1,34.763293457031246,0.0322719737887382,1,0.0017387918487656,68.90245819091797,1,1.7220234692096696,all_methods_correct,250.83671588897704,9.070023345947277
images/dissertation_v1/ood/semantic_outlier/cifar10_natural/cifar10_natural_000423.png,1,semantic_outlier,cifar10_natural,289.4715576171875,1,38.58238201141357,43.74923706054688,1,34.763293457031246,0.0020549977198243,1,0.0017387918487656,3.2590157985687256,1,1.7220234692096696,all_methods_correct,250.88917560577391,8.985943603515636
images/dissertation_v1/ood/semantic_outlier/cifar10_natural/cifar10_natural_000079.png,1,semantic_outlier,cifar10_natural,289.4950866699219,1,38.58238201141357,60.82206726074219,1,34.763293457031246,0.0039722369983792,1,0.0017387918487656,256.2640686035156,1,1.7220234692096696,all_methods_correct,250.9127046585083,26.05877380371094
images/dissertation_v1/ood/semantic_outlier/cifar10_natural/cifar10_natural_000464.png,1,semantic_outlier,cifar10_natural,290.19805908203125,1,38.58238201141357,41.44746398925781,1,34.763293457031246,0.0034201461821794,1,0.0017387918487656,45.99165344238281,1,1.7220234692096696,all_methods_correct,251.61567707061766,6.684170532226567
images/dissertation_v1/ood/semantic_outlier/cifar10_natural/cifar10_natural_000381.png,1,semantic_outlier,cifar10_natural,290.6078491210937,1,38.58238201141357,49.7441291809082,1,34.763293457031246,0.0063023096881806,1,0.0017387918487656,91.82948303222656,1,1.7220234692096696,all_methods_correct,252.0254671096801,14.980835723876957
images/dissertation_v1/ood/semantic_outlier/cifar10_natural/cifar10_natural_000056.png,1,semantic_outlier,cifar10_natural,290.9301452636719,1,38.58238201141357,43.09062957763672,1,34.763293457031246,0.0033397439401596,1,0.0017387918487656,2.709627151489258,1,1.7220234692096696,all_methods_correct,252.3477632522583,8.327336120605473
images/dissertation_v1/ood/semantic_outlier/cifar10_natural/cifar10_natural_000455.png,1,semantic_outlier,cifar10_natural,290.97039794921875,1,38.58238201141357,79.48383331298828,1,34.763293457031246,0.0175238568335771,1,0.0017387918487656,3.427018165588379,1,1.7220234692096696,all_methods_correct,252.38801593780516,44.720539855957036
images/dissertation_v1/ood/semantic_outlier/cifar10_natural/cifar10_natural_000076.png,1,semantic_outlier,cifar10_natural,291.1390380859375,1,38.58238201141357,60.719329833984375,1,34.763293457031246,0.0035779816098511,1,0.0017387918487656,53.62207412719727,1,1.7220234692096696,all_methods_correct,252.55665607452391,25.95603637695313
images/dissertation_v1/ood/semantic_outlier/cifar10_natural/cifar10_natural_000117.png,1,semantic_outlier,cifar10_natural,291.408203125,1,38.58238201141357,44.34529495239258,1,34.763293457031246,0.0039347726851701,1,0.0017387918487656,4.928648948669434,1,1.7220234692096696,all_methods_correct,252.82582111358641,9.582001495361332
images/dissertation_v1/ood/semantic_outlier/cifar10_natural/cifar10_natural_000490.png,1,semantic_outlier,cifar10_natural,293.44354248046875,1,38.58238201141357,45.04258728027344,1,34.763293457031246,0.0050864461809396,1,0.0017387918487656,45.97856521606445,1,1.7220234692096696,all_methods_correct,254.86116046905516,10.279293823242192
images/dissertation_v1/ood/semantic_outlier/cifar10_natural/cifar10_natural_000290.png,1,semantic_outlier,cifar10_natural,295.2944641113281,1,38.58238201141357,44.81521224975586,1,34.763293457031246,0.0032072833273559,1,0.0017387918487656,3.0526914596557617,1,1.7220234692096696,all_methods_correct,256.71208209991454,10.051918792724614
images/dissertation_v1/ood/semantic_outlier/cifar10_natural/cifar10_natural_000078.png,1,semantic_outlier,cifar10_natural,296.15545654296875,1,38.58238201141357,41.33514404296875,1,34.763293457031246,0.0071845734491944,1,0.0017387918487656,2.3192930221557617,1,1.7220234692096696,all_methods_correct,257.57307453155516,6.571850585937504
images/dissertation_v1/ood/semantic_outlier/cifar10_natural/cifar10_natural_000278.png,1,semantic_outlier,cifar10_natural,297.74365234375,1,38.58238201141357,52.00338363647461,1,34.763293457031246,0.008174555376172,1,0.0017387918487656,76.53428649902344,1,1.7220234692096696,all_methods_correct,259.1612703323364,17.240090179443364
images/dissertation_v1/ood/semantic_outlier/cifar10_natural/cifar10_natural_000209.png,1,semantic_outlier,cifar10_natural,298.8031616210937,1,38.58238201141357,82.67782592773438,1,34.763293457031246,0.0049901022575795,1,0.0017387918487656,23.199190139770508,1,1.7220234692096696,all_methods_correct,260.2207796096801,47.91453247070313
images/dissertation_v1/ood/semantic_outlier/cifar10_natural/cifar10_natural_000208.png,1,semantic_outlier,cifar10_natural,299.73956298828125,1,38.58238201141357,44.51012802124024,1,34.763293457031246,0.0090379100292921,1,0.0017387918487656,49.8214225769043,1,1.7220234692096696,all_methods_correct,261.15718097686766,9.746834564208996
images/dissertation_v1/ood/semantic_outlier/cifar10_natural/cifar10_natural_000237.png,1,semantic_outlier,cifar10_natural,299.9691162109375,1,38.58238201141357,79.49176025390625,1,34.763293457031246,0.005744116846472,1,0.0017387918487656,3.675450325012207,1,1.7220234692096696,all_methods_correct,261.3867341995239,44.728466796875004
images/dissertation_v1/ood/semantic_outlier/cifar10_natural/cifar10_natural_000068.png,1,semantic_outlier,cifar10_natural,299.9936828613281,1,38.58238201141357,38.635009765625,1,34.763293457031246,0.00377739360556,1,0.0017387918487656,2.7766284942626958,1,1.7220234692096696,all_methods_correct,261.41130084991454,3.8717163085937543
images/dissertation_v1/ood/semantic_outlier/cifar10_natural/cifar10_natural_000324.png,1,semantic_outlier,cifar10_natural,300.28521728515625,1,38.58238201141357,42.13417816162109,1,34.763293457031246,0.0225546639412641,1,0.0017387918487656,2.6014626026153564,1,1.7220234692096696,all_methods_correct,261.70283527374266,7.370884704589841
images/dissertation_v1/ood/semantic_outlier/cifar10_natural/cifar10_natural_000461.png,1,semantic_outlier,cifar10_natural,301.2667236328125,1,38.58238201141357,36.0736198425293,1,34.763293457031246,0.0053102816455066,1,0.0017387918487656,30.73254776000977,1,1.7220234692096696,all_methods_correct,262.6843416213989,1.3103263854980511
images/dissertation_v1/ood/semantic_outlier/cifar10_natural/cifar10_natural_000039.png,1,semantic_outlier,cifar10_natural,301.4158935546875,1,38.58238201141357,38.32765197753906,1,34.763293457031246,0.0029299126472324,1,0.0017387918487656,11.908329010009766,1,1.7220234692096696,all_methods_correct,262.8335115432739,3.5643585205078168
images/dissertation_v1/ood/semantic_outlier/cifar10_natural/cifar10_natural_000431.png,1,semantic_outlier,cifar10_natural,302.2142028808594,1,38.58238201141357,42.52325439453125,1,34.763293457031246,0.0039801332168281,1,0.0017387918487656,198.88986206054688,1,1.7220234692096696,all_methods_correct,263.6318208694458,7.759960937500004
images/dissertation_v1/ood/semantic_outlier/cifar10_natural/cifar10_natural_000002.png,1,semantic_outlier,cifar10_natural,302.677734375,1,38.58238201141357,44.324005126953125,1,34.763293457031246,0.0044150962494313,1,0.0017387918487656,11.897302627563477,1,1.7220234692096696,all_methods_correct,264.0953523635864,9.56071166992188
images/dissertation_v1/ood/semantic_outlier/cifar10_natural/cifar10_natural_000229.png,1,semantic_outlier,cifar10_natural,303.4498596191406,1,38.58238201141357,38.986114501953125,1,34.763293457031246,0.0032134931534528,1,0.0017387918487656,42.16990661621094,1,1.7220234692096696,all_methods_correct,264.86747760772704,4.222821044921879
images/dissertation_v1/ood/semantic_outlier/cifar10_natural/cifar10_natural_000009.png,1,semantic_outlier,cifar10_natural,305.33697509765625,1,38.58238201141357,40.30650329589844,1,34.763293457031246,0.0057243509218096,1,0.0017387918487656,76.54508972167969,1,1.7220234692096696,all_methods_correct,266.75459308624266,5.543209838867192
images/dissertation_v1/ood/semantic_outlier/cifar10_natural/cifar10_natural_000465.png,1,semantic_outlier,cifar10_natural,305.6762084960937,1,38.58238201141357,50.63969802856445,1,34.763293457031246,0.0080570885911583,1,0.0017387918487656,118.58330535888672,1,1.7220234692096696,all_methods_correct,267.0938264846801,15.876404571533207
images/dissertation_v1/ood/semantic_outlier/cifar10_natural/cifar10_natural_000433.png,1,semantic_outlier,cifar10_natural,305.981201171875,1,38.58238201141357,44.8709716796875,1,34.763293457031246,0.0014403741806745,0,0.0017387918487656,99.46585845947266,1,1.7220234692096696,all_methods_correct,267.3988191604614,10.107678222656254
images/dissertation_v1/ood/semantic_outlier/cifar10_natural/cifar10_natural_000280.png,1,semantic_outlier,cifar10_natural,306.3022155761719,1,38.58238201141357,66.07860565185547,1,34.763293457031246,0.0107362838461995,1,0.0017387918487656,3.082650899887085,1,1.7220234692096696,all_methods_correct,267.7198335647583,31.315312194824223
images/dissertation_v1/ood/semantic_outlier/cifar10_natural/cifar10_natural_000172.png,1,semantic_outlier,cifar10_natural,306.4911804199219,1,38.58238201141357,39.61045837402344,1,34.763293457031246,0.0013227621093392,0,0.0017387918487656,156.8150177001953,1,1.7220234692096696,all_methods_correct,267.9087984085083,4.847164916992192
images/dissertation_v1/ood/semantic_outlier/cifar10_natural/cifar10_natural_000415.png,1,semantic_outlier,cifar10_natural,307.4427795410156,1,38.58238201141357,40.69218063354492,1,34.763293457031246,0.0032581756822764,1,0.0017387918487656,3.3810465335845947,1,1.7220234692096696,all_methods_correct,268.86039752960204,5.928887176513676
images/dissertation_v1/ood/semantic_outlier/cifar10_natural/cifar10_natural_000361.png,1,semantic_outlier,cifar10_natural,307.77362060546875,1,38.58238201141357,41.6923942565918,1,34.763293457031246,0.0061472384259104,1,0.0017387918487656,3.4188497066497803,1,1.7220234692096696,all_methods_correct,269.19123859405516,6.929100799560551
images/dissertation_v1/ood/semantic_outlier/cifar10_natural/cifar10_natural_000426.png,1,semantic_outlier,cifar10_natural,310.4285888671875,1,38.58238201141357,63.699954986572266,1,34.763293457031246,0.0013565182453021,0,0.0017387918487656,15.568321228027344,1,1.7220234692096696,all_methods_correct,271.8462068557739,28.93666152954102
images/dissertation_v1/ood/semantic_outlier/cifar10_natural/cifar10_natural_000204.png,1,semantic_outlier,cifar10_natural,310.69146728515625,1,38.58238201141357,38.40851211547852,1,34.763293457031246,0.0017288888338953,0,0.0017387918487656,4.762073040008545,1,1.7220234692096696,all_methods_correct,272.10908527374266,3.645218658447277
images/dissertation_v1/ood/semantic_outlier/cifar10_natural/cifar10_natural_000472.png,1,semantic_outlier,cifar10_natural,311.8178100585937,1,38.58238201141357,42.707794189453125,1,34.763293457031246,0.0152566414326429,1,0.0017387918487656,2.7686033248901367,1,1.7220234692096696,all_methods_correct,273.2354280471801,7.944500732421879
images/dissertation_v1/ood/semantic_outlier/cifar10_natural/cifar10_natural_000317.png,1,semantic_outlier,cifar10_natural,312.1380920410156,1,38.58238201141357,41.24316787719727,1,34.763293457031246,0.012163926847279,1,0.0017387918487656,8.249307632446289,1,1.7220234692096696,all_methods_correct,273.55571002960204,6.479874420166027
images/dissertation_v1/ood/semantic_outlier/cifar10_natural/cifar10_natural_000261.png,1,semantic_outlier,cifar10_natural,312.2098083496094,1,38.58238201141357,42.64689254760742,1,34.763293457031246,0.0043118228204548,1,0.0017387918487656,23.127012252807617,1,1.7220234692096696,all_methods_correct,273.6274263381958,7.883599090576176
images/dissertation_v1/ood/semantic_outlier/cifar10_natural/cifar10_natural_000042.png,1,semantic_outlier,cifar10_natural,312.7091064453125,1,38.58238201141357,44.6694450378418,1,34.763293457031246,0.003271244931966,1,0.0017387918487656,19.32725715637207,1,1.7220234692096696,all_methods_correct,274.1267244338989,9.906151580810551
images/dissertation_v1/ood/semantic_outlier/cifar10_natural/cifar10_natural_000011.png,1,semantic_outlier,cifar10_natural,312.7120666503906,1,38.58238201141357,44.00407409667969,1,34.763293457031246,0.0040183048695325,1,0.0017387918487656,23.15009307861328,1,1.7220234692096696,all_methods_correct,274.12968463897704,9.240780639648442
images/dissertation_v1/ood/semantic_outlier/cifar10_natural/cifar10_natural_000388.png,1,semantic_outlier,cifar10_natural,312.8338317871094,1,38.58238201141357,47.57322311401367,1,34.763293457031246,0.0031902124173939,1,0.0017387918487656,88.00627136230469,1,1.7220234692096696,all_methods_correct,274.2514497756958,12.809929656982426
images/dissertation_v1/ood/semantic_outlier/cifar10_natural/cifar10_natural_000301.png,1,semantic_outlier,cifar10_natural,314.8581237792969,1,38.58238201141357,40.81306076049805,1,34.763293457031246,0.0057494612410664,1,0.0017387918487656,19.370119094848636,1,1.7220234692096696,all_methods_correct,276.2757417678833,6.049767303466801
images/dissertation_v1/ood/semantic_outlier/cifar10_natural/cifar10_natural_000033.png,1,semantic_outlier,cifar10_natural,314.9873962402344,1,38.58238201141357,45.46495819091797,1,34.763293457031246,0.0041792877018451,1,0.0017387918487656,118.58106231689452,1,1.7220234692096696,all_methods_correct,276.4050142288208,10.701664733886723
images/dissertation_v1/ood/semantic_outlier/cifar10_natural/cifar10_natural_000451.png,1,semantic_outlier,cifar10_natural,315.4360046386719,1,38.58238201141357,79.09357452392578,1,34.763293457031246,0.001597247319296,0,0.0017387918487656,19.355493545532227,1,1.7220234692096696,all_methods_correct,276.8536226272583,44.330281066894536
images/dissertation_v1/ood/semantic_outlier/cifar10_natural/cifar10_natural_000394.png,1,semantic_outlier,cifar10_natural,316.7495422363281,1,38.58238201141357,40.20063018798828,1,34.763293457031246,0.0063547883182764,1,0.0017387918487656,4.8553667068481445,1,1.7220234692096696,all_methods_correct,278.16716022491454,5.4373367309570355
images/dissertation_v1/ood/semantic_outlier/cifar10_natural/cifar10_natural_000192.png,1,semantic_outlier,cifar10_natural,317.01519775390625,1,38.58238201141357,64.91838836669922,1,34.763293457031246,0.0119562363252043,1,0.0017387918487656,2.826537609100342,1,1.7220234692096696,all_methods_correct,278.43281574249266,30.155094909667973
images/dissertation_v1/ood/semantic_outlier/cifar10_natural/cifar10_natural_000063.png,1,semantic_outlier,cifar10_natural,317.40753173828125,1,38.58238201141357,42.7178955078125,1,34.763293457031246,0.0061090220697224,1,0.0017387918487656,3.217400312423706,1,1.7220234692096696,all_methods_correct,278.82514972686766,7.954602050781254
images/dissertation_v1/ood/semantic_outlier/cifar10_natural/cifar10_natural_000066.png,1,semantic_outlier,cifar10_natural,318.0779724121094,1,38.58238201141357,40.81108474731445,1,34.763293457031246,0.0019148238934576,1,0.0017387918487656,3.099519729614258,1,1.7220234692096696,all_methods_correct,279.4955904006958,6.047791290283207
images/dissertation_v1/ood/semantic_outlier/cifar10_natural/cifar10_natural_000104.png,1,semantic_outlier,cifar10_natural,318.4060363769531,1,38.58238201141357,47.229454040527344,1,34.763293457031246,0.002115816809237,1,0.0017387918487656,8.214011192321777,1,1.7220234692096696,all_methods_correct,279.82365436553954,12.466160583496098
images/dissertation_v1/ood/semantic_outlier/cifar10_natural/cifar10_natural_000268.png,1,semantic_outlier,cifar10_natural,318.8365173339844,1,38.58238201141357,42.950645446777344,1,34.763293457031246,0.0043641263619065,1,0.0017387918487656,3.1755805015563965,1,1.7220234692096696,all_methods_correct,280.2541353225708,8.187351989746098
images/dissertation_v1/ood/semantic_outlier/cifar10_natural/cifar10_natural_000417.png,1,semantic_outlier,cifar10_natural,321.2552795410156,1,38.58238201141357,43.86893844604492,1,34.763293457031246,0.0060094646178185,1,0.0017387918487656,2.684506416320801,1,1.7220234692096696,all_methods_correct,282.67289752960204,9.105644989013676
images/dissertation_v1/ood/semantic_outlier/cifar10_natural/cifar10_natural_000277.png,1,semantic_outlier,cifar10_natural,321.64117431640625,1,38.58238201141357,37.7661018371582,1,34.763293457031246,0.0306385513395071,1,0.0017387918487656,19.33668327331543,1,1.7220234692096696,all_methods_correct,283.05879230499266,3.0028083801269574
images/dissertation_v1/ood/semantic_outlier/cifar10_natural/cifar10_natural_000377.png,1,semantic_outlier,cifar10_natural,322.44122314453125,1,38.58238201141357,41.662147521972656,1,34.763293457031246,0.0028975307941436,1,0.0017387918487656,26.917871475219727,1,1.7220234692096696,all_methods_correct,283.85884113311766,6.8988540649414105
images/dissertation_v1/ood/semantic_outlier/cifar10_natural/cifar10_natural_000477.png,1,semantic_outlier,cifar10_natural,323.4754638671875,1,38.58238201141357,73.12206268310547,1,34.763293457031246,0.0129341818392276,1,0.0017387918487656,3.289267301559448,1,1.7220234692096696,all_methods_correct,284.8930818557739,38.35876922607422
images/dissertation_v1/ood/semantic_outlier/cifar10_natural/cifar10_natural_000193.png,1,semantic_outlier,cifar10_natural,324.3072204589844,1,38.58238201141357,42.30569839477539,1,34.763293457031246,0.0021275735925883,1,0.0017387918487656,4.748964309692383,1,1.7220234692096696,all_methods_correct,285.7248384475708,7.542404937744145
images/dissertation_v1/ood/semantic_outlier/cifar10_natural/cifar10_natural_000090.png,1,semantic_outlier,cifar10_natural,325.5051574707031,1,38.58238201141357,69.83872985839844,1,34.763293457031246,0.0079963058233261,1,0.0017387918487656,53.62679672241211,1,1.7220234692096696,all_methods_correct,286.92277545928954,35.07543640136719
images/dissertation_v1/ood/semantic_outlier/cifar10_natural/cifar10_natural_000334.png,1,semantic_outlier,cifar10_natural,326.95147705078125,1,38.58238201141357,35.739112854003906,1,34.763293457031246,0.01588024944067,1,0.0017387918487656,4.8080339431762695,1,1.7220234692096696,all_methods_correct,288.36909503936766,0.9758193969726605
images/dissertation_v1/ood/semantic_outlier/cifar10_natural/cifar10_natural_000023.png,1,semantic_outlier,cifar10_natural,328.60174560546875,1,38.58238201141357,61.022342681884766,1,34.763293457031246,0.0192628651857376,1,0.0017387918487656,2.946180582046509,1,1.7220234692096696,all_methods_correct,290.01936359405516,26.25904922485352
images/dissertation_v1/ood/semantic_outlier/cifar10_natural/cifar10_natural_000220.png,1,semantic_outlier,cifar10_natural,329.6936950683594,1,38.58238201141357,67.18739318847656,1,34.763293457031246,0.0078029334545135,1,0.0017387918487656,19.37855339050293,1,1.7220234692096696,all_methods_correct,291.1113130569458,32.42409973144532
images/dissertation_v1/ood/semantic_outlier/cifar10_natural/cifar10_natural_000333.png,1,semantic_outlier,cifar10_natural,329.8160095214844,1,38.58238201141357,40.18170928955078,1,34.763293457031246,0.0077054263092577,1,0.0017387918487656,2.458111524581909,1,1.7220234692096696,all_methods_correct,291.2336275100708,5.4184158325195355
images/dissertation_v1/ood/semantic_outlier/cifar10_natural/cifar10_natural_000132.png,1,semantic_outlier,cifar10_natural,331.1690673828125,1,38.58238201141357,63.13668441772461,1,34.763293457031246,0.0079622883349657,1,0.0017387918487656,11.889142036437988,1,1.7220234692096696,all_methods_correct,292.5866853713989,28.373390960693364
images/dissertation_v1/ood/semantic_outlier/cifar10_natural/cifar10_natural_000222.png,1,semantic_outlier,cifar10_natural,333.0844116210937,1,38.58238201141357,42.90203475952149,1,34.763293457031246,0.0030419896356761,1,0.0017387918487656,3.1542110443115234,1,1.7220234692096696,all_methods_correct,294.5020296096801,8.138741302490246
images/dissertation_v1/ood/semantic_outlier/cifar10_natural/cifar10_natural_000148.png,1,semantic_outlier,cifar10_natural,340.4032897949219,1,38.58238201141357,43.046119689941406,1,34.763293457031246,0.0022541426587849,1,0.0017387918487656,2.4287705421447754,1,1.7220234692096696,all_methods_correct,301.8209077835083,8.28282623291016
images/dissertation_v1/ood/semantic_outlier/cifar10_natural/cifar10_natural_000024.png,1,semantic_outlier,cifar10_natural,343.14697265625,1,38.58238201141357,64.53478240966797,1,34.763293457031246,0.0110054071992635,1,0.0017387918487656,99.46930694580078,1,1.7220234692096696,all_methods_correct,304.5645906448364,29.771488952636723
images/dissertation_v1/ood/semantic_outlier/cifar10_natural/cifar10_natural_000329.png,1,semantic_outlier,cifar10_natural,344.1661376953125,1,38.58238201141357,37.65017318725586,1,34.763293457031246,0.0041467207483947,1,0.0017387918487656,19.36128234863281,1,1.7220234692096696,all_methods_correct,305.5837556838989,2.8868797302246136
images/dissertation_v1/ood/semantic_outlier/cifar10_natural/cifar10_natural_000231.png,1,semantic_outlier,cifar10_natural,345.27752685546875,1,38.58238201141357,60.0034294128418,1,34.763293457031246,0.0240533500909805,1,0.0017387918487656,3.545565128326416,1,1.7220234692096696,all_methods_correct,306.69514484405516,25.24013595581055
images/dissertation_v1/ood/semantic_outlier/cifar10_natural/cifar10_natural_000203.png,1,semantic_outlier,cifar10_natural,349.7539978027344,1,38.58238201141357,42.69930267333984,1,34.763293457031246,0.0028231914620846,1,0.0017387918487656,8.093768119812012,1,1.7220234692096696,all_methods_correct,311.1716157913208,7.936009216308591
images/dissertation_v1/ood/semantic_outlier/cifar10_natural/cifar10_natural_000211.png,1,semantic_outlier,cifar10_natural,351.9163513183594,1,38.58238201141357,40.50343322753906,1,34.763293457031246,0.0263441540300846,1,0.0017387918487656,19.33405494689941,1,1.7220234692096696,all_methods_correct,313.3339693069458,5.740139770507817
images/dissertation_v1/ood/semantic_outlier/cifar10_natural/cifar10_natural_000335.png,1,semantic_outlier,cifar10_natural,360.8089599609375,1,38.58238201141357,42.22980880737305,1,34.763293457031246,0.0169822834432125,1,0.0017387918487656,72.7105484008789,1,1.7220234692096696,all_methods_correct,322.2265779495239,7.466515350341801
images/dissertation_v1/ood/semantic_outlier/cifar10_natural/cifar10_natural_000414.png,1,semantic_outlier,cifar10_natural,364.3456115722656,1,38.58238201141357,41.20076370239258,1,34.763293457031246,0.0103005953133106,1,0.0017387918487656,3.5659658908843994,1,1.7220234692096696,all_methods_correct,325.76322956085204,6.437470245361332
images/dissertation_v1/ood/sensory_artifact/border_crop/artifact_000086_05_border_crop.png,1,sensory_artifact,border_crop,38.67546844482422,1,38.58238201141357,30.454315185546875,0,34.763293457031246,0.0006277040811255,0,0.0017387918487656,0.9473541975021362,0,1.7220234692096696,primary_correct_secondary_wrong,0.09308643341064737,4.308978271484371
images/dissertation_v1/ood/sensory_artifact/jpeg_compression/artifact_000013_07_jpeg_compression.png,1,sensory_artifact,jpeg_compression,38.738502502441406,1,38.58238201141357,28.949506759643555,0,34.763293457031246,0.0014132154174149,0,0.0017387918487656,0.794219970703125,0,1.7220234692096696,primary_correct_secondary_wrong,0.15612049102783487,5.813786697387691
images/dissertation_v1/ood/sensory_artifact/gaussian_noise/artifact_000081_06_gaussian_noise.png,1,sensory_artifact,gaussian_noise,39.06576156616211,1,38.58238201141357,26.41193389892578,0,34.763293457031246,0.0025135881733149,1,0.0017387918487656,1.8746087551116943,1,1.7220234692096696,primary_correct_secondary_wrong,0.483379554748538,8.351359558105464
images/dissertation_v1/ood/sensory_artifact/gaussian_noise/artifact_000148_06_gaussian_noise.png,1,sensory_artifact,gaussian_noise,39.07003402709961,1,38.58238201141357,27.69181632995605,0,34.763293457031246,0.0013568443246185,0,0.0017387918487656,1.0224394798278809,0,1.7220234692096696,primary_correct_secondary_wrong,0.487652015686038,7.071477127075195
images/dissertation_v1/ood/sensory_artifact/gaussian_noise/artifact_000123_06_gaussian_noise.png,1,sensory_artifact,gaussian_noise,39.29015350341797,1,38.58238201141357,33.317928314208984,0,34.763293457031246,0.0011817585909739,0,0.0017387918487656,0.7839245200157166,0,1.7220234692096696,primary_correct_secondary_wrong,0.7077714920043974,1.4453651428222614
images/dissertation_v1/ood/sensory_artifact/gaussian_noise/artifact_000031_06_gaussian_noise.png,1,sensory_artifact,gaussian_noise,39.32758712768555,1,38.58238201141357,27.921630859375,0,34.763293457031246,0.0014186297776177,0,0.0017387918487656,1.1144462823867798,0,1.7220234692096696,primary_correct_secondary_wrong,0.7452051162719755,6.841662597656246
images/dissertation_v1/ood/sensory_artifact/gaussian_noise/artifact_000061_06_gaussian_noise.png,1,sensory_artifact,gaussian_noise,39.43143081665039,1,38.58238201141357,30.75924491882324,0,34.763293457031246,0.0019319487037137,1,0.0017387918487656,1.4339970350265503,0,1.7220234692096696,primary_correct_secondary_wrong,0.8490488052368192,4.004048538208007
images/dissertation_v1/ood/sensory_artifact/gaussian_noise/artifact_000125_06_gaussian_noise.png,1,sensory_artifact,gaussian_noise,39.50343322753906,1,38.58238201141357,29.901689529418945,0,34.763293457031246,0.0019420721800997,1,0.0017387918487656,1.2102830410003662,0,1.7220234692096696,primary_correct_secondary_wrong,0.9210512161254911,4.8616039276123
images/dissertation_v1/ood/sensory_artifact/jpeg_compression/artifact_000148_07_jpeg_compression.png,1,sensory_artifact,jpeg_compression,39.54155731201172,1,38.58238201141357,27.251462936401367,0,34.763293457031246,0.0009671621955931,0,0.0017387918487656,0.8795638084411621,0,1.7220234692096696,primary_correct_secondary_wrong,0.9591753005981474,7.5118305206298785
images/dissertation_v1/id/test_synthetic_fallback/id_test_synthetic_fallback_000018.png,0,id,id,37.587181091308594,0,38.58238201141357,37.31120681762695,1,34.763293457031246,0.0009160129120573,0,0.0017387918487656,0.6929585933685303,0,1.7220234692096696,primary_correct_secondary_wrong,0.9952009201049776,2.5479133605957074
images/dissertation_v1/ood/sensory_artifact/text_watermark/artifact_000129_00_text_watermark.png,1,sensory_artifact,text_watermark,39.7552490234375,1,38.58238201141357,30.643695831298828,0,34.763293457031246,0.0031408597715198,1,0.0017387918487656,0.8656442761421204,0,1.7220234692096696,primary_correct_secondary_wrong,1.1728670120239286,4.119597625732418
images/dissertation_v1/ood/sensory_artifact/gaussian_noise/artifact_000042_06_gaussian_noise.png,1,sensory_artifact,gaussian_noise,40.09393310546875,1,38.58238201141357,30.18648147583008,0,34.763293457031246,0.0015689468709751,0,0.0017387918487656,1.5356141328811646,0,1.7220234692096696,primary_correct_secondary_wrong,1.5115510940551786,4.576811981201164
images/dissertation_v1/ood/sensory_artifact/gaussian_noise/artifact_000064_06_gaussian_noise.png,1,sensory_artifact,gaussian_noise,40.27887725830078,1,38.58238201141357,31.466989517211918,0,34.763293457031246,0.002456676447764,1,0.0017387918487656,2.501774311065674,1,1.7220234692096696,primary_correct_secondary_wrong,1.6964952468872099,3.296303939819328
images/dissertation_v1/ood/sensory_artifact/gaussian_noise/artifact_000049_06_gaussian_noise.png,1,sensory_artifact,gaussian_noise,40.28102111816406,1,38.58238201141357,31.980379104614254,0,34.763293457031246,0.0012975994031876,0,0.0017387918487656,0.7882816195487976,0,1.7220234692096696,primary_correct_secondary_wrong,1.6986391067504911,2.7829143524169915
images/dissertation_v1/ood/sensory_artifact/jpeg_compression/artifact_000125_07_jpeg_compression.png,1,sensory_artifact,jpeg_compression,40.303558349609375,1,38.58238201141357,27.144193649291992,0,34.763293457031246,0.0011492640478536,0,0.0017387918487656,0.539961576461792,0,1.7220234692096696,primary_correct_secondary_wrong,1.7211763381958036,7.6190998077392535
images/dissertation_v1/ood/sensory_artifact/gaussian_noise/artifact_000039_06_gaussian_noise.png,1,sensory_artifact,gaussian_noise,40.33692932128906,1,38.58238201141357,29.913253784179688,0,34.763293457031246,0.0014895849162712,0,0.0017387918487656,1.0775578022003174,0,1.7220234692096696,primary_correct_secondary_wrong,1.7545473098754911,4.850039672851558
images/dissertation_v1/ood/sensory_artifact/gaussian_noise/artifact_000029_06_gaussian_noise.png,1,sensory_artifact,gaussian_noise,40.46413803100586,1,38.58238201141357,24.795135498046875,0,34.763293457031246,0.0024589512031525,1,0.0017387918487656,1.726314902305603,1,1.7220234692096696,primary_correct_secondary_wrong,1.881756019592288,9.96815795898437
images/dissertation_v1/ood/sensory_artifact/gaussian_noise/artifact_000076_06_gaussian_noise.png,1,sensory_artifact,gaussian_noise,40.68091583251953,1,38.58238201141357,29.71036148071289,0,34.763293457031246,0.0019184347474947,1,0.0017387918487656,1.465234875679016,0,1.7220234692096696,primary_correct_secondary_wrong,2.09853382110596,5.052931976318355
images/dissertation_v1/id/test_synthetic_fallback/id_test_synthetic_fallback_000082.png,0,id,id,36.46915054321289,0,38.58238201141357,36.377777099609375,1,34.763293457031246,0.0007489325362257,0,0.0017387918487656,0.5321663022041321,0,1.7220234692096696,primary_correct_secondary_wrong,2.1132314682006808,1.6144836425781293
images/dissertation_v1/ood/sensory_artifact/jpeg_compression/artifact_000120_07_jpeg_compression.png,1,sensory_artifact,jpeg_compression,40.748077392578125,1,38.58238201141357,29.573532104492188,0,34.763293457031246,0.000848937605042,0,0.0017387918487656,0.6514514684677124,0,1.7220234692096696,primary_correct_secondary_wrong,2.1656953811645536,5.189761352539058
images/dissertation_v1/ood/sensory_artifact/border_crop/artifact_000146_05_border_crop.png,1,sensory_artifact,border_crop,40.815895080566406,1,38.58238201141357,26.996856689453125,0,34.763293457031246,9.464641334488988e-05,0,0.0017387918487656,1.723431944847107,1,1.7220234692096696,primary_correct_secondary_wrong,2.233513069152835,7.766436767578121
images/dissertation_v1/ood/sensory_artifact/gaussian_noise/artifact_000099_06_gaussian_noise.png,1,sensory_artifact,gaussian_noise,40.93666076660156,1,38.58238201141357,28.960628509521484,0,34.763293457031246,0.0013006813824176,0,0.0017387918487656,1.0449658632278442,0,1.7220234692096696,primary_correct_secondary_wrong,2.354278755187991,5.802664947509761
images/dissertation_v1/ood/sensory_artifact/gaussian_noise/artifact_000016_06_gaussian_noise.png,1,sensory_artifact,gaussian_noise,41.23613739013672,1,38.58238201141357,28.757827758789062,0,34.763293457031246,0.0014913874911144,0,0.0017387918487656,1.255210280418396,0,1.7220234692096696,primary_correct_secondary_wrong,2.6537553787231474,6.005465698242183
images/dissertation_v1/ood/sensory_artifact/border_crop/artifact_000094_05_border_crop.png,1,sensory_artifact,border_crop,41.40419769287109,1,38.58238201141357,27.56401824951172,0,34.763293457031246,0.0010382011532783,0,0.0017387918487656,0.6406844258308411,0,1.7220234692096696,primary_correct_secondary_wrong,2.8218156814575153,7.199275207519527
images/dissertation_v1/ood/sensory_artifact/gaussian_noise/artifact_000062_06_gaussian_noise.png,1,sensory_artifact,gaussian_noise,41.409629821777344,1,38.58238201141357,27.58462142944336,0,34.763293457031246,0.0013085384853184,0,0.0017387918487656,1.1030209064483645,0,1.7220234692096696,primary_correct_secondary_wrong,2.8272478103637724,7.178672027587886
images/dissertation_v1/ood/sensory_artifact/blur_artifact/artifact_000137_04_blur_artifact.png,1,sensory_artifact,blur_artifact,41.45467758178711,1,38.58238201141357,25.9294490814209,0,34.763293457031246,0.0003621153009589,0,0.0017387918487656,0.5475452542304993,0,1.7220234692096696,primary_correct_secondary_wrong,2.872295570373538,8.833844375610347
images/dissertation_v1/ood/sensory_artifact/gaussian_noise/artifact_000044_06_gaussian_noise.png,1,sensory_artifact,gaussian_noise,41.52996826171875,1,38.58238201141357,28.17149543762207,0,34.763293457031246,0.0015410688938573,0,0.0017387918487656,1.269091010093689,0,1.7220234692096696,primary_correct_secondary_wrong,2.9475862503051786,6.591798019409175
images/dissertation_v1/ood/sensory_artifact/gaussian_noise/artifact_000084_06_gaussian_noise.png,1,sensory_artifact,gaussian_noise,41.6372299194336,1,38.58238201141357,28.38853073120117,0,34.763293457031246,0.0017461890820413,1,0.0017387918487656,1.4900749921798706,0,1.7220234692096696,primary_correct_secondary_wrong,3.0548479080200295,6.374762725830077
images/dissertation_v1/ood/sensory_artifact/gaussian_noise/artifact_000036_06_gaussian_noise.png,1,sensory_artifact,gaussian_noise,41.65367126464844,1,38.58238201141357,30.13236618041992,0,34.763293457031246,0.0013469058321788,0,0.0017387918487656,1.247771382331848,0,1.7220234692096696,primary_correct_secondary_wrong,3.071289253234866,4.630927276611327
images/dissertation_v1/ood/sensory_artifact/border_crop/artifact_000095_05_border_crop.png,1,sensory_artifact,border_crop,41.65581512451172,1,38.58238201141357,30.465843200683597,0,34.763293457031246,0.0012253834865987,0,0.0017387918487656,0.769284725189209,0,1.7220234692096696,primary_correct_secondary_wrong,3.0734331130981474,4.297450256347648
images/dissertation_v1/ood/sensory_artifact/gaussian_noise/artifact_000077_06_gaussian_noise.png,1,sensory_artifact,gaussian_noise,41.68641662597656,1,38.58238201141357,30.38397216796875,0,34.763293457031246,0.0011290305992588,0,0.0017387918487656,1.016901969909668,0,1.7220234692096696,primary_correct_secondary_wrong,3.104034614562991,4.379321289062496
images/dissertation_v1/ood/sensory_artifact/gaussian_noise/artifact_000142_06_gaussian_noise.png,1,sensory_artifact,gaussian_noise,41.68699645996094,1,38.58238201141357,31.43696403503418,0,34.763293457031246,0.0016219745157286,0,0.0017387918487656,0.958569586277008,0,1.7220234692096696,primary_correct_secondary_wrong,3.104614448547366,3.326329421997066
images/dissertation_v1/ood/sensory_artifact/jpeg_compression/artifact_000049_07_jpeg_compression.png,1,sensory_artifact,jpeg_compression,41.73865509033203,1,38.58238201141357,28.02650260925293,0,34.763293457031246,0.0008724142098799,0,0.0017387918487656,0.5548557043075562,0,1.7220234692096696,primary_correct_secondary_wrong,3.15627307891846,6.736790847778316
images/dissertation_v1/ood/sensory_artifact/border_crop/artifact_000142_05_border_crop.png,1,sensory_artifact,border_crop,41.78683471679688,1,38.58238201141357,32.575767517089844,0,34.763293457031246,0.0010483255609869,0,0.0017387918487656,0.867664098739624,0,1.7220234692096696,primary_correct_secondary_wrong,3.2044527053833107,2.187525939941402
images/dissertation_v1/ood/sensory_artifact/border_crop/artifact_000122_05_border_crop.png,1,sensory_artifact,border_crop,41.826904296875,1,38.58238201141357,28.817169189453125,0,34.763293457031246,0.0010670938063412,0,0.0017387918487656,0.7025339603424072,0,1.7220234692096696,primary_correct_secondary_wrong,3.2445222854614286,5.946124267578121
images/dissertation_v1/ood/sensory_artifact/gaussian_noise/artifact_000006_06_gaussian_noise.png,1,sensory_artifact,gaussian_noise,41.8325080871582,1,38.58238201141357,25.67784118652344,0,34.763293457031246,0.0015701772645115,0,0.0017387918487656,0.991757869720459,0,1.7220234692096696,primary_correct_secondary_wrong,3.2501260757446317,9.085452270507805
images/dissertation_v1/ood/sensory_artifact/gaussian_noise/artifact_000132_06_gaussian_noise.png,1,sensory_artifact,gaussian_noise,41.88729095458984,1,38.58238201141357,27.62577247619629,0,34.763293457031246,0.0017205093754455,0,0.0017387918487656,1.252818584442139,0,1.7220234692096696,primary_correct_secondary_wrong,3.3049089431762653,7.137520980834957
images/dissertation_v1/ood/sensory_artifact/border_crop/artifact_000051_05_border_crop.png,1,sensory_artifact,border_crop,42.2103385925293,1,38.58238201141357,29.531848907470703,0,34.763293457031246,0.0007335895206779,0,0.0017387918487656,0.8978395462036133,0,1.7220234692096696,primary_correct_secondary_wrong,3.6279565811157255,5.231444549560543
images/dissertation_v1/ood/sensory_artifact/gaussian_noise/artifact_000025_06_gaussian_noise.png,1,sensory_artifact,gaussian_noise,42.286376953125,1,38.58238201141357,29.449373245239254,0,34.763293457031246,0.0015454313252121,0,0.0017387918487656,1.2845370769500732,0,1.7220234692096696,primary_correct_secondary_wrong,3.7039949417114286,5.3139202117919915
images/dissertation_v1/ood/sensory_artifact/blur_artifact/artifact_000132_04_blur_artifact.png,1,sensory_artifact,blur_artifact,42.35100173950195,1,38.58238201141357,27.343210220336918,0,34.763293457031246,0.0004776958958245,0,0.0017387918487656,0.6637096405029297,0,1.7220234692096696,primary_correct_secondary_wrong,3.7686197280883817,7.420083236694328
images/dissertation_v1/ood/sensory_artifact/gaussian_noise/artifact_000126_06_gaussian_noise.png,1,sensory_artifact,gaussian_noise,42.368412017822266,1,38.58238201141357,30.31410217285156,0,34.763293457031246,0.0023326047230511,1,0.0017387918487656,1.600119948387146,0,1.7220234692096696,primary_correct_secondary_wrong,3.7860300064086942,4.449191284179687
images/dissertation_v1/ood/sensory_artifact/gaussian_noise/artifact_000003_06_gaussian_noise.png,1,sensory_artifact,gaussian_noise,42.42914581298828,1,38.58238201141357,26.035314559936523,0,34.763293457031246,0.0025332474615424,1,0.0017387918487656,2.087777853012085,1,1.7220234692096696,primary_correct_secondary_wrong,3.84676380157471,8.727978897094722
images/dissertation_v1/ood/sensory_artifact/jpeg_compression/artifact_000081_07_jpeg_compression.png,1,sensory_artifact,jpeg_compression,42.43416976928711,1,38.58238201141357,25.798126220703125,0,34.763293457031246,0.0014071898767724,0,0.0017387918487656,1.0897727012634275,0,1.7220234692096696,primary_correct_secondary_wrong,3.851787757873538,8.96516723632812
images/dissertation_v1/ood/sensory_artifact/gaussian_noise/artifact_000001_06_gaussian_noise.png,1,sensory_artifact,gaussian_noise,42.8236083984375,1,38.58238201141357,27.4702262878418,0,34.763293457031246,0.0027744709514081,1,0.0017387918487656,2.1240127086639404,1,1.7220234692096696,primary_correct_secondary_wrong,4.241226387023929,7.293067169189445
images/dissertation_v1/ood/sensory_artifact/gaussian_noise/artifact_000137_06_gaussian_noise.png,1,sensory_artifact,gaussian_noise,42.912235260009766,1,38.58238201141357,27.39302444458008,0,34.763293457031246,0.0010884631192311,0,0.0017387918487656,0.7997032999992371,0,1.7220234692096696,primary_correct_secondary_wrong,4.329853248596194,7.370269012451164
images/dissertation_v1/ood/sensory_artifact/border_crop/artifact_000007_05_border_crop.png,1,sensory_artifact,border_crop,42.9350700378418,1,38.58238201141357,24.27615737915039,0,34.763293457031246,0.0006511196843348,0,0.0017387918487656,0.5433007478713989,0,1.7220234692096696,primary_correct_secondary_wrong,4.3526880264282255,10.487136077880855
images/dissertation_v1/ood/sensory_artifact/gaussian_noise/artifact_000033_06_gaussian_noise.png,1,sensory_artifact,gaussian_noise,42.95635223388672,1,38.58238201141357,28.45379066467285,0,34.763293457031246,0.0014125439338386,0,0.0017387918487656,1.4634042978286743,0,1.7220234692096696,primary_correct_secondary_wrong,4.373970222473147,6.309502792358394
images/dissertation_v1/ood/sensory_artifact/gaussian_noise/artifact_000133_06_gaussian_noise.png,1,sensory_artifact,gaussian_noise,42.97989273071289,1,38.58238201141357,33.10159683227539,0,34.763293457031246,0.0010246284073218,0,0.0017387918487656,1.0000592470169067,0,1.7220234692096696,primary_correct_secondary_wrong,4.397510719299319,1.6616966247558551
images/dissertation_v1/ood/sensory_artifact/border_crop/artifact_000035_05_border_crop.png,1,sensory_artifact,border_crop,43.03929138183594,1,38.58238201141357,32.8381462097168,0,34.763293457031246,0.0010800780728459,0,0.0017387918487656,0.6994848251342773,0,1.7220234692096696,primary_correct_secondary_wrong,4.456909370422366,1.9251472473144489
images/dissertation_v1/ood/sensory_artifact/gaussian_noise/artifact_000120_06_gaussian_noise.png,1,sensory_artifact,gaussian_noise,43.09891128540039,1,38.58238201141357,28.038976669311523,0,34.763293457031246,0.0019106364343315,1,0.0017387918487656,1.6273375749588013,0,1.7220234692096696,primary_correct_secondary_wrong,4.516529273986819,6.724316787719722
images/dissertation_v1/ood/sensory_artifact/gaussian_noise/artifact_000065_06_gaussian_noise.png,1,sensory_artifact,gaussian_noise,43.1040153503418,1,38.58238201141357,29.029977798461918,0,34.763293457031246,0.001488720648922,0,0.0017387918487656,1.3598569631576538,0,1.7220234692096696,primary_correct_secondary_wrong,4.5216333389282255,5.733315658569328
images/dissertation_v1/ood/sensory_artifact/jpeg_compression/artifact_000028_07_jpeg_compression.png,1,sensory_artifact,jpeg_compression,43.19955825805664,1,38.58238201141357,27.405744552612305,0,34.763293457031246,0.0008174516260623,0,0.0017387918487656,0.720393717288971,0,1.7220234692096696,primary_correct_secondary_wrong,4.617176246643069,7.357548904418941
images/dissertation_v1/ood/sensory_artifact/gaussian_noise/artifact_000019_06_gaussian_noise.png,1,sensory_artifact,gaussian_noise,43.206790924072266,1,38.58238201141357,26.867307662963867,0,34.763293457031246,0.0017961928388103,1,0.0017387918487656,1.8714545965194704,1,1.7220234692096696,primary_correct_secondary_wrong,4.624408912658694,7.8959857940673785
images/dissertation_v1/ood/sensory_artifact/gaussian_noise/artifact_000059_06_gaussian_noise.png,1,sensory_artifact,gaussian_noise,43.22192001342773,1,38.58238201141357,31.78380584716797,0,34.763293457031246,0.0015319447265937,0,0.0017387918487656,1.6578481197357178,0,1.7220234692096696,primary_correct_secondary_wrong,4.639538002014156,2.979487609863277
images/dissertation_v1/ood/sensory_artifact/border_crop/artifact_000003_05_border_crop.png,1,sensory_artifact,border_crop,43.235595703125,1,38.58238201141357,30.24420547485352,0,34.763293457031246,0.0010653055505827,0,0.0017387918487656,1.0397218465805054,0,1.7220234692096696,primary_correct_secondary_wrong,4.653213691711429,4.519087982177727
images/dissertation_v1/ood/sensory_artifact/gaussian_noise/artifact_000088_06_gaussian_noise.png,1,sensory_artifact,gaussian_noise,43.25564956665039,1,38.58238201141357,24.949363708496094,0,34.763293457031246,0.0006974397110752,0,0.0017387918487656,1.21626615524292,0,1.7220234692096696,primary_correct_secondary_wrong,4.673267555236819,9.813929748535152
images/dissertation_v1/ood/sensory_artifact/blur_artifact/artifact_000084_04_blur_artifact.png,1,sensory_artifact,blur_artifact,43.427581787109375,1,38.58238201141357,26.80457305908203,0,34.763293457031246,0.0004314493271522,0,0.0017387918487656,1.1247940063476562,0,1.7220234692096696,primary_correct_secondary_wrong,4.845199775695804,7.9587203979492145
images/dissertation_v1/ood/sensory_artifact/gaussian_noise/artifact_000048_06_gaussian_noise.png,1,sensory_artifact,gaussian_noise,43.61457443237305,1,38.58238201141357,28.574750900268555,0,34.763293457031246,0.0020423517562448,1,0.0017387918487656,1.763128399848938,1,1.7220234692096696,primary_correct_secondary_wrong,5.0321924209594755,6.188542556762691
images/dissertation_v1/ood/sensory_artifact/gaussian_noise/artifact_000043_06_gaussian_noise.png,1,sensory_artifact,gaussian_noise,43.764495849609375,1,38.58238201141357,30.62887191772461,0,34.763293457031246,0.0011369897983968,0,0.0017387918487656,1.0453096628189087,0,1.7220234692096696,primary_correct_secondary_wrong,5.182113838195804,4.134421539306636
images/dissertation_v1/ood/sensory_artifact/gaussian_noise/artifact_000122_06_gaussian_noise.png,1,sensory_artifact,gaussian_noise,43.940574645996094,1,38.58238201141357,29.517837524414062,0,34.763293457031246,0.002293650759384,1,0.0017387918487656,1.8228601217269895,1,1.7220234692096696,primary_correct_secondary_wrong,5.358192634582522,5.245455932617183
images/dissertation_v1/ood/sensory_artifact/gaussian_noise/artifact_000098_06_gaussian_noise.png,1,sensory_artifact,gaussian_noise,43.94905853271485,1,38.58238201141357,32.044700622558594,0,34.763293457031246,0.0009961056057363,0,0.0017387918487656,1.0580955743789673,0,1.7220234692096696,primary_correct_secondary_wrong,5.3666765213012795,2.718592834472652
images/dissertation_v1/ood/sensory_artifact/border_crop/artifact_000026_05_border_crop.png,1,sensory_artifact,border_crop,43.94936752319336,1,38.58238201141357,34.6074104309082,0,34.763293457031246,0.0005757002509199,0,0.0017387918487656,1.5756006240844729,0,1.7220234692096696,primary_correct_secondary_wrong,5.366985511779788,0.1558830261230426
images/dissertation_v1/id/test_synthetic_fallback/id_test_synthetic_fallback_000009.png,0,id,id,33.101036071777344,0,38.58238201141357,35.792213439941406,1,34.763293457031246,0.0012190223205834,0,0.0017387918487656,0.6767871379852295,0,1.7220234692096696,primary_correct_secondary_wrong,5.481345939636228,1.0289199829101605
images/dissertation_v1/ood/sensory_artifact/blur_artifact/artifact_000001_04_blur_artifact.png,1,sensory_artifact,blur_artifact,44.07162857055664,1,38.58238201141357,25.620193481445312,0,34.763293457031246,0.0006543850759044,0,0.0017387918487656,0.8263307809829712,0,1.7220234692096696,primary_correct_secondary_wrong,5.489246559143069,9.143099975585933
images/dissertation_v1/ood/sensory_artifact/jpeg_compression/artifact_000015_07_jpeg_compression.png,1,sensory_artifact,jpeg_compression,44.263771057128906,1,38.58238201141357,26.688629150390625,0,34.763293457031246,0.0010827077785506,0,0.0017387918487656,0.8434559106826782,0,1.7220234692096696,primary_correct_secondary_wrong,5.681389045715335,8.07466430664062
images/dissertation_v1/ood/sensory_artifact/gaussian_noise/artifact_000063_06_gaussian_noise.png,1,sensory_artifact,gaussian_noise,44.27008438110352,1,38.58238201141357,28.899965286254883,0,34.763293457031246,0.0027474367525428,1,0.0017387918487656,2.071876287460327,1,1.7220234692096696,primary_correct_secondary_wrong,5.687702369689951,5.863328170776363
images/dissertation_v1/ood/sensory_artifact/border_crop/artifact_000016_05_border_crop.png,1,sensory_artifact,border_crop,44.3431282043457,1,38.58238201141357,31.80717658996582,0,34.763293457031246,0.0007005555671639,0,0.0017387918487656,0.6723428964614868,0,1.7220234692096696,primary_correct_secondary_wrong,5.760746192932132,2.9561168670654254
images/dissertation_v1/ood/sensory_artifact/gaussian_noise/artifact_000136_06_gaussian_noise.png,1,sensory_artifact,gaussian_noise,44.60813903808594,1,38.58238201141357,25.84881591796875,0,34.763293457031246,0.0021031596697866,1,0.0017387918487656,1.7585070133209229,1,1.7220234692096696,primary_correct_secondary_wrong,6.025757026672366,8.914477539062496
images/dissertation_v1/ood/sensory_artifact/blur_artifact/artifact_000012_04_blur_artifact.png,1,sensory_artifact,blur_artifact,44.62613296508789,1,38.58238201141357,25.103382110595703,0,34.763293457031246,7.063399243634194e-05,0,0.0017387918487656,1.3530313968658447,0,1.7220234692096696,primary_correct_secondary_wrong,6.043750953674319,9.659911346435543
images/dissertation_v1/ood/sensory_artifact/border_crop/artifact_000023_05_border_crop.png,1,sensory_artifact,border_crop,44.853782653808594,1,38.58238201141357,27.889034271240234,0,34.763293457031246,0.0010663422290235,0,0.0017387918487656,0.8081327080726624,0,1.7220234692096696,primary_correct_secondary_wrong,6.271400642395022,6.874259185791011
images/dissertation_v1/ood/sensory_artifact/jpeg_compression/artifact_000004_07_jpeg_compression.png,1,sensory_artifact,jpeg_compression,44.8991584777832,1,38.58238201141357,30.03904151916504,0,34.763293457031246,0.0010927534895017,0,0.0017387918487656,0.5600002408027649,0,1.7220234692096696,primary_correct_secondary_wrong,6.316776466369632,4.724251937866207
images/dissertation_v1/ood/sensory_artifact/gaussian_noise/artifact_000068_06_gaussian_noise.png,1,sensory_artifact,gaussian_noise,45.01049041748047,1,38.58238201141357,32.77134323120117,0,34.763293457031246,0.0021259000059217,1,0.0017387918487656,1.489715576171875,0,1.7220234692096696,primary_correct_secondary_wrong,6.428108406066897,1.9919502258300739
images/dissertation_v1/ood/sensory_artifact/gaussian_noise/artifact_000144_06_gaussian_noise.png,1,sensory_artifact,gaussian_noise,45.04058074951172,1,38.58238201141357,32.22211456298828,0,34.763293457031246,0.0020984376315027,1,0.0017387918487656,1.9121547937393188,1,1.7220234692096696,primary_correct_secondary_wrong,6.458198738098147,2.5411788940429645
images/dissertation_v1/id/test_synthetic_fallback/id_test_synthetic_fallback_000143.png,0,id,id,32.123348236083984,0,38.58238201141357,38.52849197387695,1,34.763293457031246,0.0007755801198072,0,0.0017387918487656,1.0608118772506714,0,1.7220234692096696,primary_correct_secondary_wrong,6.459033775329587,3.7651985168457074
images/dissertation_v1/ood/sensory_artifact/jpeg_compression/artifact_000039_07_jpeg_compression.png,1,sensory_artifact,jpeg_compression,45.06455612182617,1,38.58238201141357,28.68700218200684,0,34.763293457031246,0.0011523433495312,0,0.0017387918487656,0.9043116569519044,0,1.7220234692096696,primary_correct_secondary_wrong,6.4821741104126005,6.076291275024406
images/dissertation_v1/ood/sensory_artifact/jpeg_compression/artifact_000095_07_jpeg_compression.png,1,sensory_artifact,jpeg_compression,45.074851989746094,1,38.58238201141357,28.522890090942383,0,34.763293457031246,0.0013358475407585,0,0.0017387918487656,0.7799808979034424,0,1.7220234692096696,primary_correct_secondary_wrong,6.492469978332522,6.240403366088863
images/dissertation_v1/ood/sensory_artifact/blur_artifact/artifact_000139_04_blur_artifact.png,1,sensory_artifact,blur_artifact,45.08914566040039,1,38.58238201141357,32.75804901123047,0,34.763293457031246,0.0002046833833446,0,0.0017387918487656,0.7956116795539856,0,1.7220234692096696,primary_correct_secondary_wrong,6.506763648986819,2.005244445800777
images/dissertation_v1/ood/sensory_artifact/gaussian_noise/artifact_000115_06_gaussian_noise.png,1,sensory_artifact,gaussian_noise,45.16047668457031,1,38.58238201141357,31.57032585144043,0,34.763293457031246,0.0013680217089131,0,0.0017387918487656,1.6021093130111694,0,1.7220234692096696,primary_correct_secondary_wrong,6.578094673156741,3.192967605590816
images/dissertation_v1/ood/sensory_artifact/blur_artifact/artifact_000145_04_blur_artifact.png,1,sensory_artifact,blur_artifact,45.22282791137695,1,38.58238201141357,26.678152084350582,0,34.763293457031246,0.0009259249200113,0,0.0017387918487656,0.8921700119972229,0,1.7220234692096696,primary_correct_secondary_wrong,6.640445899963382,8.085141372680663
images/dissertation_v1/id/test_synthetic_fallback/id_test_synthetic_fallback_000046.png,0,id,id,31.923582077026367,0,38.58238201141357,35.05324935913086,1,34.763293457031246,0.0010510887950658,0,0.0017387918487656,0.9368939995765686,0,1.7220234692096696,primary_correct_secondary_wrong,6.658799934387204,0.28995590209961364
images/dissertation_v1/ood/sensory_artifact/gaussian_noise/artifact_000060_06_gaussian_noise.png,1,sensory_artifact,gaussian_noise,45.32030487060547,1,38.58238201141357,32.030757904052734,0,34.763293457031246,0.0008207052014768,0,0.0017387918487656,0.7907671332359314,0,1.7220234692096696,primary_correct_secondary_wrong,6.737922859191897,2.7325355529785114
images/dissertation_v1/ood/sensory_artifact/gaussian_noise/artifact_000124_06_gaussian_noise.png,1,sensory_artifact,gaussian_noise,45.33447647094727,1,38.58238201141357,28.617509841918945,0,34.763293457031246,0.0029691921081393,1,0.0017387918487656,2.020070075988769,1,1.7220234692096696,primary_correct_secondary_wrong,6.752094459533701,6.1457836151123
images/dissertation_v1/ood/sensory_artifact/gaussian_noise/artifact_000066_06_gaussian_noise.png,1,sensory_artifact,gaussian_noise,45.34243392944336,1,38.58238201141357,31.00931167602539,0,34.763293457031246,0.0014938187086954,0,0.0017387918487656,0.9162454009056092,0,1.7220234692096696,primary_correct_secondary_wrong,6.760051918029788,3.753981781005855
images/dissertation_v1/ood/sensory_artifact/gaussian_noise/artifact_000018_06_gaussian_noise.png,1,sensory_artifact,gaussian_noise,45.3859977722168,1,38.58238201141357,34.3962516784668,0,34.763293457031246,0.0013435165164992,0,0.0017387918487656,1.0315768718719482,0,1.7220234692096696,primary_correct_secondary_wrong,6.8036157608032255,0.36704177856444886
images/dissertation_v1/ood/sensory_artifact/gaussian_noise/artifact_000119_06_gaussian_noise.png,1,sensory_artifact,gaussian_noise,45.39437103271485,1,38.58238201141357,32.18033981323242,0,34.763293457031246,0.0019742231816053,1,0.0017387918487656,1.958651423454285,1,1.7220234692096696,primary_correct_secondary_wrong,6.8119890213012795,2.582953643798824
images/dissertation_v1/ood/sensory_artifact/border_crop/artifact_000060_05_border_crop.png,1,sensory_artifact,border_crop,45.45546340942383,1,38.58238201141357,32.20582580566406,0,34.763293457031246,0.00031389988726,0,0.0017387918487656,0.7294878959655762,0,1.7220234692096696,primary_correct_secondary_wrong,6.873081398010257,2.5574676513671832
images/dissertation_v1/ood/sensory_artifact/gaussian_noise/artifact_000138_06_gaussian_noise.png,1,sensory_artifact,gaussian_noise,45.593875885009766,1,38.58238201141357,27.299753189086918,0,34.763293457031246,0.0013438810128718,0,0.0017387918487656,1.5058590173721311,0,1.7220234692096696,primary_correct_secondary_wrong,7.011493873596194,7.463540267944328
images/dissertation_v1/ood/sensory_artifact/border_crop/artifact_000034_05_border_crop.png,1,sensory_artifact,border_crop,45.65667343139648,1,38.58238201141357,30.610734939575195,0,34.763293457031246,0.0011651756940409,0,0.0017387918487656,1.05174720287323,0,1.7220234692096696,primary_correct_secondary_wrong,7.074291419982906,4.15255851745605
images/dissertation_v1/ood/sensory_artifact/jpeg_compression/artifact_000007_07_jpeg_compression.png,1,sensory_artifact,jpeg_compression,45.71582412719727,1,38.58238201141357,24.247390747070312,0,34.763293457031246,0.0007352503016591,0,0.0017387918487656,0.4870747625827789,0,1.7220234692096696,primary_correct_secondary_wrong,7.133442115783701,10.515902709960933
images/dissertation_v1/ood/sensory_artifact/blur_artifact/artifact_000090_04_blur_artifact.png,1,sensory_artifact,blur_artifact,45.758445739746094,1,38.58238201141357,30.747323989868164,0,34.763293457031246,0.0002707463863771,0,0.0017387918487656,0.6741928458213806,0,1.7220234692096696,primary_correct_secondary_wrong,7.176063728332522,4.015969467163082
images/dissertation_v1/ood/sensory_artifact/gaussian_noise/artifact_000071_06_gaussian_noise.png,1,sensory_artifact,gaussian_noise,45.77863311767578,1,38.58238201141357,30.87383270263672,0,34.763293457031246,0.0032627105247229,1,0.0017387918487656,2.925630569458008,1,1.7220234692096696,primary_correct_secondary_wrong,7.19625110626221,3.889460754394527
images/dissertation_v1/ood/sensory_artifact/border_crop/artifact_000036_05_border_crop.png,1,sensory_artifact,border_crop,45.78410720825195,1,38.58238201141357,33.55430603027344,0,34.763293457031246,0.00078698474681,0,0.0017387918487656,0.78175950050354,0,1.7220234692096696,primary_correct_secondary_wrong,7.201725196838382,1.2089874267578082
images/dissertation_v1/id/test_synthetic_fallback/id_test_synthetic_fallback_000030.png,0,id,id,31.31962203979492,0,38.58238201141357,43.88208770751953,1,34.763293457031246,8.756476017879322e-05,0,0.0017387918487656,2.024488687515259,1,1.7220234692096696,primary_correct_secondary_wrong,7.262759971618653,9.118794250488286
images/dissertation_v1/ood/sensory_artifact/gaussian_noise/artifact_000057_06_gaussian_noise.png,1,sensory_artifact,gaussian_noise,45.85918426513672,1,38.58238201141357,31.94080924987793,0,34.763293457031246,0.0015772555489093,0,0.0017387918487656,1.6219578981399536,0,1.7220234692096696,primary_correct_secondary_wrong,7.276802253723147,2.822484207153316
images/dissertation_v1/ood/sensory_artifact/border_crop/artifact_000011_05_border_crop.png,1,sensory_artifact,border_crop,45.95711898803711,1,38.58238201141357,33.5041618347168,0,34.763293457031246,0.0010676332749426,0,0.0017387918487656,0.5858612060546875,0,1.7220234692096696,primary_correct_secondary_wrong,7.374736976623538,1.2591316223144489
images/dissertation_v1/ood/sensory_artifact/gaussian_noise/artifact_000121_06_gaussian_noise.png,1,sensory_artifact,gaussian_noise,46.036598205566406,1,38.58238201141357,27.293397903442383,0,34.763293457031246,0.0020208330824971,1,0.0017387918487656,1.954333066940308,1,1.7220234692096696,primary_correct_secondary_wrong,7.454216194152835,7.469895553588863
images/dissertation_v1/ood/sensory_artifact/gaussian_noise/artifact_000008_06_gaussian_noise.png,1,sensory_artifact,gaussian_noise,46.07419967651367,1,38.58238201141357,33.27140808105469,0,34.763293457031246,0.0008749820990487,0,0.0017387918487656,1.016282081604004,0,1.7220234692096696,primary_correct_secondary_wrong,7.4918176651001005,1.4918853759765582
images/dissertation_v1/ood/sensory_artifact/jpeg_compression/artifact_000066_07_jpeg_compression.png,1,sensory_artifact,jpeg_compression,46.076171875,1,38.58238201141357,28.090124130249023,0,34.763293457031246,0.0010300879366695,0,0.0017387918487656,0.4602304100990295,0,1.7220234692096696,primary_correct_secondary_wrong,7.493789863586429,6.673169326782222
images/dissertation_v1/ood/sensory_artifact/gaussian_noise/artifact_000054_06_gaussian_noise.png,1,sensory_artifact,gaussian_noise,46.209205627441406,1,38.58238201141357,34.26408386230469,0,34.763293457031246,0.0021570199169218,1,0.0017387918487656,1.6147817373275757,0,1.7220234692096696,primary_correct_secondary_wrong,7.626823616027835,0.49920959472655824
images/dissertation_v1/ood/sensory_artifact/gaussian_noise/artifact_000056_06_gaussian_noise.png,1,sensory_artifact,gaussian_noise,46.28456115722656,1,38.58238201141357,24.70401382446289,0,34.763293457031246,0.0008953980286605,0,0.0017387918487656,1.4891104698181152,0,1.7220234692096696,primary_correct_secondary_wrong,7.702179145812991,10.059279632568355
images/dissertation_v1/ood/sensory_artifact/gaussian_noise/artifact_000037_06_gaussian_noise.png,1,sensory_artifact,gaussian_noise,46.32096481323242,1,38.58238201141357,31.44703865051269,0,34.763293457031246,0.0011182145681232,0,0.0017387918487656,1.078039050102234,0,1.7220234692096696,primary_correct_secondary_wrong,7.7385828018188505,3.316254806518554
images/dissertation_v1/ood/sensory_artifact/gaussian_noise/artifact_000109_06_gaussian_noise.png,1,sensory_artifact,gaussian_noise,46.375118255615234,1,38.58238201141357,33.1556282043457,0,34.763293457031246,0.0017678429139778,1,0.0017387918487656,2.016359567642212,1,1.7220234692096696,primary_correct_secondary_wrong,7.792736244201663,1.6076652526855426
images/dissertation_v1/ood/sensory_artifact/jpeg_compression/artifact_000107_07_jpeg_compression.png,1,sensory_artifact,jpeg_compression,46.46295928955078,1,38.58238201141357,29.814924240112305,0,34.763293457031246,0.0007773592951707,0,0.0017387918487656,0.7291579246520996,0,1.7220234692096696,primary_correct_secondary_wrong,7.88057727813721,4.948369216918941
images/dissertation_v1/ood/sensory_artifact/border_crop/artifact_000083_05_border_crop.png,1,sensory_artifact,border_crop,46.53567886352539,1,38.58238201141357,30.119821548461918,0,34.763293457031246,0.0003524715430103,0,0.0017387918487656,0.6872401237487793,0,1.7220234692096696,primary_correct_secondary_wrong,7.953296852111819,4.643471908569328
images/dissertation_v1/ood/sensory_artifact/border_crop/artifact_000125_05_border_crop.png,1,sensory_artifact,border_crop,46.69244384765625,1,38.58238201141357,30.504880905151367,0,34.763293457031246,0.0009569520479999,0,0.0017387918487656,0.5951839089393616,0,1.7220234692096696,primary_correct_secondary_wrong,8.110061836242679,4.2584125518798785
images/dissertation_v1/ood/sensory_artifact/gaussian_noise/artifact_000110_06_gaussian_noise.png,1,sensory_artifact,gaussian_noise,46.7664680480957,1,38.58238201141357,31.77980613708496,0,34.763293457031246,0.0018140542088076,1,0.0017387918487656,1.730462908744812,1,1.7220234692096696,primary_correct_secondary_wrong,8.184086036682132,2.983487319946285
images/dissertation_v1/ood/sensory_artifact/border_crop/artifact_000145_05_border_crop.png,1,sensory_artifact,border_crop,46.783233642578125,1,38.58238201141357,30.9047794342041,0,34.763293457031246,0.0015932923415675,0,0.0017387918487656,1.0273574590682983,0,1.7220234692096696,primary_correct_secondary_wrong,8.200851631164554,3.858514022827144
images/dissertation_v1/ood/sensory_artifact/border_crop/artifact_000107_05_border_crop.png,1,sensory_artifact,border_crop,46.96221160888672,1,38.58238201141357,31.002817153930664,0,34.763293457031246,0.0005943516734987,0,0.0017387918487656,0.7570727467536926,0,1.7220234692096696,primary_correct_secondary_wrong,8.379829597473147,3.7604763031005817
images/dissertation_v1/ood/sensory_artifact/gaussian_noise/artifact_000091_06_gaussian_noise.png,1,sensory_artifact,gaussian_noise,46.98597717285156,1,38.58238201141357,29.085691452026367,0,34.763293457031246,0.0019769170321524,1,0.0017387918487656,1.864432692527771,1,1.7220234692096696,primary_correct_secondary_wrong,8.403595161437991,5.6776020050048785
images/dissertation_v1/ood/sensory_artifact/border_crop/artifact_000084_05_border_crop.png,1,sensory_artifact,border_crop,47.06760787963867,1,38.58238201141357,33.482017517089844,0,34.763293457031246,0.0008684849017299,0,0.0017387918487656,1.1651166677474976,0,1.7220234692096696,primary_correct_secondary_wrong,8.4852258682251,1.281275939941402
images/dissertation_v1/ood/sensory_artifact/gaussian_noise/artifact_000012_06_gaussian_noise.png,1,sensory_artifact,gaussian_noise,47.14425659179688,1,38.58238201141357,28.73682403564453,0,34.763293457031246,0.0007729501812718,0,0.0017387918487656,1.2629528045654297,0,1.7220234692096696,primary_correct_secondary_wrong,8.56187458038331,6.0264694213867145
images/dissertation_v1/ood/sensory_artifact/blur_artifact/artifact_000006_04_blur_artifact.png,1,sensory_artifact,blur_artifact,47.18198394775391,1,38.58238201141357,25.60878562927246,0,34.763293457031246,0.0004226562450639,0,0.0017387918487656,0.7651429176330566,0,1.7220234692096696,primary_correct_secondary_wrong,8.599601936340342,9.154507827758785
images/dissertation_v1/ood/sensory_artifact/gaussian_noise/artifact_000130_06_gaussian_noise.png,1,sensory_artifact,gaussian_noise,47.286766052246094,1,38.58238201141357,25.232402801513672,0,34.763293457031246,0.0018782211700454,1,0.0017387918487656,1.979896068572998,1,1.7220234692096696,primary_correct_secondary_wrong,8.704384040832522,9.530890655517574
images/dissertation_v1/ood/sensory_artifact/jpeg_compression/artifact_000132_07_jpeg_compression.png,1,sensory_artifact,jpeg_compression,47.334922790527344,1,38.58238201141357,26.73847961425781,0,34.763293457031246,0.0009070840897038,0,0.0017387918487656,0.5340135097503662,0,1.7220234692096696,primary_correct_secondary_wrong,8.752540779113772,8.024813842773437
images/dissertation_v1/ood/sensory_artifact/gaussian_noise/artifact_000038_06_gaussian_noise.png,1,sensory_artifact,gaussian_noise,47.33986282348633,1,38.58238201141357,23.47747039794922,0,34.763293457031246,0.0015517054125666,0,0.0017387918487656,1.9281647205352783,1,1.7220234692096696,primary_correct_secondary_wrong,8.757480812072757,11.285823059082027
images/dissertation_v1/ood/sensory_artifact/jpeg_compression/artifact_000129_07_jpeg_compression.png,1,sensory_artifact,jpeg_compression,47.34617614746094,1,38.58238201141357,31.13774681091309,0,34.763293457031246,0.0031662862747907,1,0.0017387918487656,0.8432149291038513,0,1.7220234692096696,primary_correct_secondary_wrong,8.763794136047366,3.6255466461181562
images/dissertation_v1/ood/sensory_artifact/border_crop/artifact_000092_05_border_crop.png,1,sensory_artifact,border_crop,47.470829010009766,1,38.58238201141357,31.36353302001953,0,34.763293457031246,0.0006986281368881,0,0.0017387918487656,0.9551743268966676,0,1.7220234692096696,primary_correct_secondary_wrong,8.888446998596194,3.3997604370117145
images/dissertation_v1/ood/sensory_artifact/gaussian_noise/artifact_000078_06_gaussian_noise.png,1,sensory_artifact,gaussian_noise,47.523887634277344,1,38.58238201141357,28.07486343383789,0,34.763293457031246,0.0015837979735806,0,0.0017387918487656,1.5932190418243408,0,1.7220234692096696,primary_correct_secondary_wrong,8.941505622863772,6.688430023193355
images/dissertation_v1/ood/sensory_artifact/blur_artifact/artifact_000125_04_blur_artifact.png,1,sensory_artifact,blur_artifact,47.53800201416016,1,38.58238201141357,27.030933380126957,0,34.763293457031246,0.0004905979149043,0,0.0017387918487656,0.6281578540802002,0,1.7220234692096696,primary_correct_secondary_wrong,8.955620002746592,7.732360076904289
images/dissertation_v1/ood/sensory_artifact/border_crop/artifact_000010_05_border_crop.png,1,sensory_artifact,border_crop,47.840606689453125,1,38.58238201141357,28.98653793334961,0,34.763293457031246,0.0003943277697544,0,0.0017387918487656,0.9931294918060304,0,1.7220234692096696,primary_correct_secondary_wrong,9.258224678039554,5.776755523681636
images/dissertation_v1/ood/sensory_artifact/jpeg_compression/artifact_000031_07_jpeg_compression.png,1,sensory_artifact,jpeg_compression,47.85043716430664,1,38.58238201141357,27.706165313720703,0,34.763293457031246,0.0010719093261286,0,0.0017387918487656,0.9852736592292786,0,1.7220234692096696,primary_correct_secondary_wrong,9.26805515289307,7.057128143310543
images/dissertation_v1/ood/sensory_artifact/border_crop/artifact_000050_05_border_crop.png,1,sensory_artifact,border_crop,47.92487716674805,1,38.58238201141357,29.690731048583984,0,34.763293457031246,0.0009471723460592,0,0.0017387918487656,0.6766707301139832,0,1.7220234692096696,primary_correct_secondary_wrong,9.342495155334475,5.072562408447261
images/dissertation_v1/ood/sensory_artifact/jpeg_compression/artifact_000011_07_jpeg_compression.png,1,sensory_artifact,jpeg_compression,47.927345275878906,1,38.58238201141357,28.36450958251953,0,34.763293457031246,0.0011138572590425,0,0.0017387918487656,0.4496709704399109,0,1.7220234692096696,primary_correct_secondary_wrong,9.344963264465335,6.3987838745117145
images/dissertation_v1/ood/sensory_artifact/blur_artifact/artifact_000095_04_blur_artifact.png,1,sensory_artifact,blur_artifact,47.93033981323242,1,38.58238201141357,31.45330047607422,0,34.763293457031246,0.000752272142563,0,0.0017387918487656,0.7933045029640198,0,1.7220234692096696,primary_correct_secondary_wrong,9.34795780181885,3.309992980957027
images/dissertation_v1/ood/sensory_artifact/jpeg_compression/artifact_000001_07_jpeg_compression.png,1,sensory_artifact,jpeg_compression,47.9410285949707,1,38.58238201141357,26.36353874206543,0,34.763293457031246,0.0013523848028853,0,0.0017387918487656,0.7379124164581299,0,1.7220234692096696,primary_correct_secondary_wrong,9.358646583557132,8.399754714965816
images/dissertation_v1/ood/sensory_artifact/border_crop/artifact_000108_05_border_crop.png,1,sensory_artifact,border_crop,47.94903564453125,1,38.58238201141357,31.476720809936523,0,34.763293457031246,0.0003561711637303,0,0.0017387918487656,1.016352653503418,0,1.7220234692096696,primary_correct_secondary_wrong,9.366653633117679,3.2865726470947223
images/dissertation_v1/ood/sensory_artifact/gaussian_noise/artifact_000103_06_gaussian_noise.png,1,sensory_artifact,gaussian_noise,48.064979553222656,1,38.58238201141357,32.49137115478516,0,34.763293457031246,0.0010879881447181,0,0.0017387918487656,1.0890127420425415,0,1.7220234692096696,primary_correct_secondary_wrong,9.482597541809085,2.2719223022460824
images/dissertation_v1/ood/sensory_artifact/gaussian_noise/artifact_000021_06_gaussian_noise.png,1,sensory_artifact,gaussian_noise,48.08586502075195,1,38.58238201141357,31.593212127685547,0,34.763293457031246,0.0010075534228235,0,0.0017387918487656,1.4601598978042605,0,1.7220234692096696,primary_correct_secondary_wrong,9.503483009338382,3.170081329345699
images/dissertation_v1/ood/sensory_artifact/border_crop/artifact_000102_05_border_crop.png,1,sensory_artifact,border_crop,48.11008071899414,1,38.58238201141357,30.16359138488769,0,34.763293457031246,0.0004943160456605,0,0.0017387918487656,0.8863011598587036,0,1.7220234692096696,primary_correct_secondary_wrong,9.52769870758057,4.599702072143554
images/dissertation_v1/ood/sensory_artifact/gaussian_noise/artifact_000010_06_gaussian_noise.png,1,sensory_artifact,gaussian_noise,48.11292266845703,1,38.58238201141357,28.00305938720703,0,34.763293457031246,0.000898408528883,0,0.0017387918487656,0.8795917630195618,0,1.7220234692096696,primary_correct_secondary_wrong,9.53054065704346,6.7602340698242145
images/dissertation_v1/ood/sensory_artifact/blur_artifact/artifact_000108_04_blur_artifact.png,1,sensory_artifact,blur_artifact,48.142276763916016,1,38.58238201141357,29.605337142944336,0,34.763293457031246,0.0001812631671782,0,0.0017387918487656,1.1660250425338743,0,1.7220234692096696,primary_correct_secondary_wrong,9.559894752502444,5.15795631408691
images/dissertation_v1/ood/sensory_artifact/gaussian_noise/artifact_000104_06_gaussian_noise.png,1,sensory_artifact,gaussian_noise,48.18426132202149,1,38.58238201141357,30.27923393249512,0,34.763293457031246,0.0012488922802731,0,0.0017387918487656,1.4681342840194702,0,1.7220234692096696,primary_correct_secondary_wrong,9.60187931060792,4.484059524536125
images/dissertation_v1/ood/sensory_artifact/jpeg_compression/artifact_000024_07_jpeg_compression.png,1,sensory_artifact,jpeg_compression,48.184364318847656,1,38.58238201141357,25.818504333496094,0,34.763293457031246,0.0012739265803247,0,0.0017387918487656,0.7206247448921204,0,1.7220234692096696,primary_correct_secondary_wrong,9.601982307434085,8.944789123535152
images/dissertation_v1/ood/sensory_artifact/blur_artifact/artifact_000025_04_blur_artifact.png,1,sensory_artifact,blur_artifact,48.20462417602539,1,38.58238201141357,26.795270919799805,0,34.763293457031246,0.000447842903668,0,0.0017387918487656,1.287880539894104,0,1.7220234692096696,primary_correct_secondary_wrong,9.62224216461182,7.968022537231441
images/dissertation_v1/ood/sensory_artifact/gaussian_noise/artifact_000007_06_gaussian_noise.png,1,sensory_artifact,gaussian_noise,48.24517059326172,1,38.58238201141357,28.72945022583008,0,34.763293457031246,0.0019459984032437,1,0.0017387918487656,1.8824604749679563,1,1.7220234692096696,primary_correct_secondary_wrong,9.662788581848147,6.033843231201164
images/dissertation_v1/ood/sensory_artifact/border_crop/artifact_000054_05_border_crop.png,1,sensory_artifact,border_crop,48.27701568603516,1,38.58238201141357,34.561912536621094,0,34.763293457031246,0.001092808204703,0,0.0017387918487656,0.7442438006401062,0,1.7220234692096696,primary_correct_secondary_wrong,9.694633674621592,0.201380920410152
images/dissertation_v1/ood/sensory_artifact/gaussian_noise/artifact_000112_06_gaussian_noise.png,1,sensory_artifact,gaussian_noise,48.30558395385742,1,38.58238201141357,34.393733978271484,0,34.763293457031246,0.0014510119799524,0,0.0017387918487656,1.557092785835266,0,1.7220234692096696,primary_correct_secondary_wrong,9.72320194244385,0.36955947875976136
images/dissertation_v1/ood/sensory_artifact/border_crop/artifact_000074_05_border_crop.png,1,sensory_artifact,border_crop,48.32988739013672,1,38.58238201141357,32.68782043457031,0,34.763293457031246,0.0014184792526066,0,0.0017387918487656,0.9871822595596312,0,1.7220234692096696,primary_correct_secondary_wrong,9.747505378723147,2.0754730224609332
images/dissertation_v1/ood/sensory_artifact/gaussian_noise/artifact_000106_06_gaussian_noise.png,1,sensory_artifact,gaussian_noise,48.36214065551758,1,38.58238201141357,24.209497451782227,0,34.763293457031246,0.000558262807317,0,0.0017387918487656,1.4287536144256592,0,1.7220234692096696,primary_correct_secondary_wrong,9.779758644104007,10.55379600524902
images/dissertation_v1/ood/sensory_artifact/border_crop/artifact_000013_05_border_crop.png,1,sensory_artifact,border_crop,48.51593017578125,1,38.58238201141357,32.99752426147461,0,34.763293457031246,0.0011700564064085,0,0.0017387918487656,1.0702393054962158,0,1.7220234692096696,primary_correct_secondary_wrong,9.933548164367679,1.7657691955566364
images/dissertation_v1/ood/sensory_artifact/gaussian_noise/artifact_000051_06_gaussian_noise.png,1,sensory_artifact,gaussian_noise,48.5312728881836,1,38.58238201141357,29.79274177551269,0,34.763293457031246,0.0021779073867946,1,0.0017387918487656,1.8195663690567017,1,1.7220234692096696,primary_correct_secondary_wrong,9.94889087677003,4.970551681518554
images/dissertation_v1/ood/sensory_artifact/gaussian_noise/artifact_000086_06_gaussian_noise.png,1,sensory_artifact,gaussian_noise,48.56096267700195,1,38.58238201141357,32.79059600830078,0,34.763293457031246,0.0015626752283424,0,0.0017387918487656,1.8835798501968384,1,1.7220234692096696,primary_correct_secondary_wrong,9.978580665588382,1.9726974487304645
images/dissertation_v1/ood/sensory_artifact/blur_artifact/artifact_000007_04_blur_artifact.png,1,sensory_artifact,blur_artifact,48.59418487548828,1,38.58238201141357,24.711727142333984,0,34.763293457031246,0.0003334812354296,0,0.0017387918487656,0.5777901411056519,0,1.7220234692096696,primary_correct_secondary_wrong,10.01180286407471,10.051566314697261
images/dissertation_v1/ood/sensory_artifact/blur_artifact/artifact_000147_04_blur_artifact.png,1,sensory_artifact,blur_artifact,48.61925506591797,1,38.58238201141357,27.283039093017575,0,34.763293457031246,0.0003718379593919,0,0.0017387918487656,0.7308399081230164,0,1.7220234692096696,primary_correct_secondary_wrong,10.036873054504397,7.480254364013671
images/dissertation_v1/ood/sensory_artifact/blur_artifact/artifact_000044_04_blur_artifact.png,1,sensory_artifact,blur_artifact,48.755592346191406,1,38.58238201141357,28.407697677612305,0,34.763293457031246,0.0004359108570497,0,0.0017387918487656,0.6351731419563293,0,1.7220234692096696,primary_correct_secondary_wrong,10.173210334777835,6.355595779418941
images/dissertation_v1/ood/sensory_artifact/border_crop/artifact_000120_05_border_crop.png,1,sensory_artifact,border_crop,48.7572021484375,1,38.58238201141357,29.97959518432617,0,34.763293457031246,0.0007201650878414,0,0.0017387918487656,0.8357373476028442,0,1.7220234692096696,primary_correct_secondary_wrong,10.174820137023929,4.783698272705077
images/dissertation_v1/ood/sensory_artifact/gaussian_noise/artifact_000004_06_gaussian_noise.png,1,sensory_artifact,gaussian_noise,48.7777099609375,1,38.58238201141357,27.7183837890625,0,34.763293457031246,0.0022554048337042,1,0.0017387918487656,1.70310378074646,0,1.7220234692096696,primary_correct_secondary_wrong,10.195327949523929,7.044909667968746
images/dissertation_v1/ood/sensory_artifact/blur_artifact/artifact_000033_04_blur_artifact.png,1,sensory_artifact,blur_artifact,48.86114501953125,1,38.58238201141357,28.71438789367676,0,34.763293457031246,0.0001458832703065,0,0.0017387918487656,0.8729285001754761,0,1.7220234692096696,primary_correct_secondary_wrong,10.278763008117679,6.048905563354484
images/dissertation_v1/ood/sensory_artifact/border_crop/artifact_000096_05_border_crop.png,1,sensory_artifact,border_crop,48.893890380859375,1,38.58238201141357,28.097152709960938,0,34.763293457031246,0.0012050337390974,0,0.0017387918487656,0.7063843607902527,0,1.7220234692096696,primary_correct_secondary_wrong,10.311508369445804,6.666140747070308
images/dissertation_v1/ood/sensory_artifact/border_crop/artifact_000130_05_border_crop.png,1,sensory_artifact,border_crop,48.90879821777344,1,38.58238201141357,33.632537841796875,0,34.763293457031246,0.0004075682372786,0,0.0017387918487656,0.6052283644676208,0,1.7220234692096696,primary_correct_secondary_wrong,10.326416206359866,1.1307556152343707
images/dissertation_v1/ood/sensory_artifact/gaussian_noise/artifact_000053_06_gaussian_noise.png,1,sensory_artifact,gaussian_noise,48.94575500488281,1,38.58238201141357,33.85362243652344,0,34.763293457031246,0.0006580917397513,0,0.0017387918487656,1.1395331621170044,0,1.7220234692096696,primary_correct_secondary_wrong,10.363372993469241,0.9096710205078082
images/dissertation_v1/ood/sensory_artifact/border_crop/artifact_000119_05_border_crop.png,1,sensory_artifact,border_crop,49.05797958374024,1,38.58238201141357,30.670385360717773,0,34.763293457031246,0.0005970580969005,0,0.0017387918487656,0.6816150546073914,0,1.7220234692096696,primary_correct_secondary_wrong,10.47559757232667,4.092908096313472
images/dissertation_v1/ood/sensory_artifact/jpeg_compression/artifact_000027_07_jpeg_compression.png,1,sensory_artifact,jpeg_compression,49.18366241455078,1,38.58238201141357,27.07672119140625,0,34.763293457031246,0.0011643641628324,0,0.0017387918487656,0.9966210126876832,0,1.7220234692096696,primary_correct_secondary_wrong,10.60128040313721,7.686572265624996
images/dissertation_v1/ood/sensory_artifact/blur_artifact/artifact_000142_04_blur_artifact.png,1,sensory_artifact,blur_artifact,49.281517028808594,1,38.58238201141357,25.78273200988769,0,34.763293457031246,0.0004944104002788,0,0.0017387918487656,1.0069442987442017,0,1.7220234692096696,primary_correct_secondary_wrong,10.699135017395022,8.980561447143554
images/dissertation_v1/ood/sensory_artifact/border_crop/artifact_000091_05_border_crop.png,1,sensory_artifact,border_crop,49.32064056396485,1,38.58238201141357,33.03812789916992,0,34.763293457031246,0.0004823881899937,0,0.0017387918487656,0.7490459680557251,0,1.7220234692096696,primary_correct_secondary_wrong,10.73825855255128,1.7251655578613239
images/dissertation_v1/id/test_synthetic_fallback/id_test_synthetic_fallback_000058.png,0,id,id,27.824216842651367,0,38.58238201141357,36.51373672485352,1,34.763293457031246,0.0002517169050406,0,0.0017387918487656,1.192190170288086,0,1.7220234692096696,primary_correct_secondary_wrong,10.758165168762204,1.750443267822277
images/dissertation_v1/ood/sensory_artifact/border_crop/artifact_000079_05_border_crop.png,1,sensory_artifact,border_crop,49.374061584472656,1,38.58238201141357,27.95116233825684,0,34.763293457031246,0.0004983397084288,0,0.0017387918487656,0.7839764356613159,0,1.7220234692096696,primary_correct_secondary_wrong,10.791679573059085,6.812131118774406
images/dissertation_v1/ood/sensory_artifact/blur_artifact/artifact_000105_04_blur_artifact.png,1,sensory_artifact,blur_artifact,49.39186096191406,1,38.58238201141357,28.808334350585938,0,34.763293457031246,0.0003958295565098,0,0.0017387918487656,0.8657729625701904,0,1.7220234692096696,primary_correct_secondary_wrong,10.809478950500491,5.954959106445308
images/dissertation_v1/ood/sensory_artifact/jpeg_compression/artifact_000089_07_jpeg_compression.png,1,sensory_artifact,jpeg_compression,49.45863342285156,1,38.58238201141357,34.14216995239258,0,34.763293457031246,0.0009702041861601,0,0.0017387918487656,1.1699764728546145,0,1.7220234692096696,primary_correct_secondary_wrong,10.876251411437991,0.6211235046386676
images/dissertation_v1/ood/sensory_artifact/gaussian_noise/artifact_000087_06_gaussian_noise.png,1,sensory_artifact,gaussian_noise,49.57964324951172,1,38.58238201141357,32.57032012939453,0,34.763293457031246,0.0014294013381004,0,0.0017387918487656,1.4830937385559082,0,1.7220234692096696,primary_correct_secondary_wrong,10.997261238098147,2.1929733276367145
images/dissertation_v1/ood/sensory_artifact/border_crop/artifact_000116_05_border_crop.png,1,sensory_artifact,border_crop,49.60520553588867,1,38.58238201141357,30.023611068725582,0,34.763293457031246,0.0013809576630592,0,0.0017387918487656,0.6325740218162537,0,1.7220234692096696,primary_correct_secondary_wrong,11.0228235244751,4.739682388305663
images/dissertation_v1/ood/sensory_artifact/gaussian_noise/artifact_000017_06_gaussian_noise.png,1,sensory_artifact,gaussian_noise,49.6681022644043,1,38.58238201141357,31.69504165649414,0,34.763293457031246,0.0012064324691891,0,0.0017387918487656,1.2004048824310305,0,1.7220234692096696,primary_correct_secondary_wrong,11.085720252990725,3.068251800537105
images/dissertation_v1/ood/sensory_artifact/jpeg_compression/artifact_000003_07_jpeg_compression.png,1,sensory_artifact,jpeg_compression,49.802982330322266,1,38.58238201141357,28.03444099426269,0,34.763293457031246,0.0011069645406678,0,0.0017387918487656,1.037647366523743,0,1.7220234692096696,primary_correct_secondary_wrong,11.220600318908694,6.728852462768554
images/dissertation_v1/ood/sensory_artifact/gaussian_noise/artifact_000129_06_gaussian_noise.png,1,sensory_artifact,gaussian_noise,49.83563995361328,1,38.58238201141357,31.236473083496094,0,34.763293457031246,0.0036956092808395,1,0.0017387918487656,1.1960418224334717,0,1.7220234692096696,primary_correct_secondary_wrong,11.25325794219971,3.526820373535152
images/dissertation_v1/ood/sensory_artifact/gaussian_noise/artifact_000080_06_gaussian_noise.png,1,sensory_artifact,gaussian_noise,49.96870422363281,1,38.58238201141357,32.14118194580078,0,34.763293457031246,0.0017789405537769,1,0.0017387918487656,1.840526819229126,1,1.7220234692096696,primary_correct_secondary_wrong,11.386322212219241,2.6221115112304645
images/dissertation_v1/ood/sensory_artifact/border_crop/artifact_000057_05_border_crop.png,1,sensory_artifact,border_crop,49.97801971435547,1,38.58238201141357,30.841157913208008,0,34.763293457031246,0.0004728752828668,0,0.0017387918487656,1.0642882585525513,0,1.7220234692096696,primary_correct_secondary_wrong,11.395637702941897,3.922135543823238
images/dissertation_v1/ood/sensory_artifact/jpeg_compression/artifact_000116_07_jpeg_compression.png,1,sensory_artifact,jpeg_compression,50.10825729370117,1,38.58238201141357,26.245040893554688,0,34.763293457031246,0.0014394860481843,0,0.0017387918487656,0.4015494585037231,0,1.7220234692096696,primary_correct_secondary_wrong,11.5258752822876,8.518252563476558
images/dissertation_v1/ood/sensory_artifact/gaussian_noise/artifact_000041_06_gaussian_noise.png,1,sensory_artifact,gaussian_noise,50.139591217041016,1,38.58238201141357,33.641502380371094,0,34.763293457031246,0.0018363441340625,1,0.0017387918487656,1.1525119543075562,0,1.7220234692096696,primary_correct_secondary_wrong,11.557209205627444,1.121791076660152
images/dissertation_v1/ood/sensory_artifact/blur_artifact/artifact_000050_04_blur_artifact.png,1,sensory_artifact,blur_artifact,50.17279052734375,1,38.58238201141357,26.872547149658203,0,34.763293457031246,0.0004287310002837,0,0.0017387918487656,0.583823561668396,0,1.7220234692096696,primary_correct_secondary_wrong,11.590408515930179,7.890746307373043
images/dissertation_v1/ood/sensory_artifact/gaussian_noise/artifact_000040_06_gaussian_noise.png,1,sensory_artifact,gaussian_noise,50.21051788330078,1,38.58238201141357,32.95258331298828,0,34.763293457031246,0.0012586234370246,0,0.0017387918487656,1.051101803779602,0,1.7220234692096696,primary_correct_secondary_wrong,11.62813587188721,1.8107101440429645
images/dissertation_v1/ood/sensory_artifact/border_crop/artifact_000136_05_border_crop.png,1,sensory_artifact,border_crop,50.37066650390625,1,38.58238201141357,30.55730438232422,0,34.763293457031246,0.000922716979403,0,0.0017387918487656,0.7739130854606628,0,1.7220234692096696,primary_correct_secondary_wrong,11.788284492492679,4.205989074707027
images/dissertation_v1/ood/sensory_artifact/jpeg_compression/artifact_000029_07_jpeg_compression.png,1,sensory_artifact,jpeg_compression,50.4370231628418,1,38.58238201141357,30.160274505615234,0,34.763293457031246,0.0014379333006218,0,0.0017387918487656,0.769800066947937,0,1.7220234692096696,primary_correct_secondary_wrong,11.854641151428225,4.603018951416011
images/dissertation_v1/ood/sensory_artifact/border_crop/artifact_000110_05_border_crop.png,1,sensory_artifact,border_crop,50.46481704711914,1,38.58238201141357,32.789207458496094,0,34.763293457031246,0.0005832809838466,0,0.0017387918487656,0.6699295043945312,0,1.7220234692096696,primary_correct_secondary_wrong,11.88243503570557,1.974085998535152
images/dissertation_v1/ood/sensory_artifact/gaussian_noise/artifact_000055_06_gaussian_noise.png,1,sensory_artifact,gaussian_noise,50.48892593383789,1,38.58238201141357,29.278732299804688,0,34.763293457031246,0.0028425112832337,1,0.0017387918487656,2.255136728286743,1,1.7220234692096696,primary_correct_secondary_wrong,11.90654392242432,5.484561157226558
images/dissertation_v1/ood/sensory_artifact/border_crop/artifact_000139_05_border_crop.png,1,sensory_artifact,border_crop,50.520450592041016,1,38.58238201141357,33.1164436340332,0,34.763293457031246,0.0003400510468054,0,0.0017387918487656,0.9013798832893372,0,1.7220234692096696,primary_correct_secondary_wrong,11.938068580627444,1.6468498229980426
images/dissertation_v1/ood/sensory_artifact/border_crop/artifact_000128_05_border_crop.png,1,sensory_artifact,border_crop,50.55075454711914,1,38.58238201141357,33.49211883544922,0,34.763293457031246,0.0001447331305826,0,0.0017387918487656,1.2182174921035769,0,1.7220234692096696,primary_correct_secondary_wrong,11.96837253570557,1.271174621582027
images/dissertation_v1/ood/sensory_artifact/jpeg_compression/artifact_000034_07_jpeg_compression.png,1,sensory_artifact,jpeg_compression,50.55830001831055,1,38.58238201141357,30.284631729125977,0,34.763293457031246,0.0012721986277028,0,0.0017387918487656,0.9660054445266724,0,1.7220234692096696,primary_correct_secondary_wrong,11.975918006896975,4.478661727905269
images/dissertation_v1/ood/sensory_artifact/gaussian_noise/artifact_000141_06_gaussian_noise.png,1,sensory_artifact,gaussian_noise,50.57476806640625,1,38.58238201141357,28.58251190185547,0,34.763293457031246,0.0013739449204877,0,0.0017387918487656,4.266025543212891,1,1.7220234692096696,primary_correct_secondary_wrong,11.992386054992679,6.180781555175777
images/dissertation_v1/ood/sensory_artifact/blur_artifact/artifact_000020_04_blur_artifact.png,1,sensory_artifact,blur_artifact,50.58649063110352,1,38.58238201141357,26.12000846862793,0,34.763293457031246,0.0003901005547959,0,0.0017387918487656,0.738122284412384,0,1.7220234692096696,primary_correct_secondary_wrong,12.004108619689951,8.643284988403316
images/dissertation_v1/ood/sensory_artifact/blur_artifact/artifact_000061_04_blur_artifact.png,1,sensory_artifact,blur_artifact,50.64337539672852,1,38.58238201141357,30.42348861694336,0,34.763293457031246,0.000449749699328,0,0.0017387918487656,0.9105566143989564,0,1.7220234692096696,primary_correct_secondary_wrong,12.060993385314951,4.339804840087886
images/dissertation_v1/ood/sensory_artifact/blur_artifact/artifact_000057_04_blur_artifact.png,1,sensory_artifact,blur_artifact,50.93180465698242,1,38.58238201141357,26.201011657714844,0,34.763293457031246,0.0002257122978335,0,0.0017387918487656,1.173804521560669,0,1.7220234692096696,primary_correct_secondary_wrong,12.34942264556885,8.562281799316402
images/dissertation_v1/ood/sensory_artifact/border_crop/artifact_000024_05_border_crop.png,1,sensory_artifact,border_crop,51.04433441162109,1,38.58238201141357,32.53186798095703,0,34.763293457031246,0.0012168821413069,0,0.0017387918487656,0.9409452080726624,0,1.7220234692096696,primary_correct_secondary_wrong,12.461952400207515,2.2314254760742145
images/dissertation_v1/ood/sensory_artifact/gaussian_noise/artifact_000058_06_gaussian_noise.png,1,sensory_artifact,gaussian_noise,51.07081985473633,1,38.58238201141357,32.97174072265625,0,34.763293457031246,0.0006561794434674,0,0.0017387918487656,1.1233681440353394,0,1.7220234692096696,primary_correct_secondary_wrong,12.488437843322757,1.7915527343749957
images/dissertation_v1/ood/sensory_artifact/jpeg_compression/artifact_000122_07_jpeg_compression.png,1,sensory_artifact,jpeg_compression,51.143985748291016,1,38.58238201141357,26.827129364013672,0,34.763293457031246,0.0010816173162311,0,0.0017387918487656,0.6375494599342346,0,1.7220234692096696,primary_correct_secondary_wrong,12.561603736877444,7.936164093017574
images/dissertation_v1/ood/sensory_artifact/border_crop/artifact_000044_05_border_crop.png,1,sensory_artifact,border_crop,51.18524169921875,1,38.58238201141357,33.839210510253906,0,34.763293457031246,0.0006602882058359,0,0.0017387918487656,0.7375617623329163,0,1.7220234692096696,primary_correct_secondary_wrong,12.602859687805179,0.9240829467773395
images/dissertation_v1/ood/sensory_artifact/blur_artifact/artifact_000003_04_blur_artifact.png,1,sensory_artifact,blur_artifact,51.18685531616211,1,38.58238201141357,28.528675079345703,0,34.763293457031246,0.0004532716411631,0,0.0017387918487656,1.3185349702835083,0,1.7220234692096696,primary_correct_secondary_wrong,12.604473304748538,6.234618377685543
images/dissertation_v1/ood/sensory_artifact/gaussian_noise/artifact_000131_06_gaussian_noise.png,1,sensory_artifact,gaussian_noise,51.23505401611328,1,38.58238201141357,33.491336822509766,0,34.763293457031246,0.000983981299214,0,0.0017387918487656,1.1147438287734983,0,1.7220234692096696,primary_correct_secondary_wrong,12.65267200469971,1.2719566345214801
images/dissertation_v1/ood/sensory_artifact/blur_artifact/artifact_000017_04_blur_artifact.png,1,sensory_artifact,blur_artifact,51.35889434814453,1,38.58238201141357,32.4611930847168,0,34.763293457031246,0.0003658405912574,0,0.0017387918487656,0.7789849638938904,0,1.7220234692096696,primary_correct_secondary_wrong,12.77651233673096,2.302100372314449
images/dissertation_v1/ood/sensory_artifact/jpeg_compression/artifact_000135_07_jpeg_compression.png,1,sensory_artifact,jpeg_compression,51.374061584472656,1,38.58238201141357,27.05665397644043,0,34.763293457031246,0.0011177363339811,0,0.0017387918487656,0.996297299861908,0,1.7220234692096696,primary_correct_secondary_wrong,12.791679573059085,7.706639480590816
images/dissertation_v1/ood/sensory_artifact/gaussian_noise/artifact_000139_06_gaussian_noise.png,1,sensory_artifact,gaussian_noise,51.37540435791016,1,38.58238201141357,29.691762924194336,0,34.763293457031246,0.0013047598768025,0,0.0017387918487656,1.7096197605133057,0,1.7220234692096696,primary_correct_secondary_wrong,12.793022346496592,5.07153053283691
images/dissertation_v1/ood/sensory_artifact/gaussian_noise/artifact_000082_06_gaussian_noise.png,1,sensory_artifact,gaussian_noise,51.57524871826172,1,38.58238201141357,33.01935577392578,0,34.763293457031246,0.001440011896193,0,0.0017387918487656,1.3233561515808103,0,1.7220234692096696,primary_correct_secondary_wrong,12.992866706848147,1.7439376831054645
images/dissertation_v1/ood/sensory_artifact/jpeg_compression/artifact_000076_07_jpeg_compression.png,1,sensory_artifact,jpeg_compression,51.65286636352539,1,38.58238201141357,30.316123962402344,0,34.763293457031246,0.0008911147015169,0,0.0017387918487656,0.7547417879104614,0,1.7220234692096696,primary_correct_secondary_wrong,13.07048435211182,4.447169494628902
images/dissertation_v1/ood/sensory_artifact/gaussian_noise/artifact_000069_06_gaussian_noise.png,1,sensory_artifact,gaussian_noise,51.72486114501953,1,38.58238201141357,27.168874740600582,0,34.763293457031246,0.0014782986836507,0,0.0017387918487656,1.944577932357788,1,1.7220234692096696,primary_correct_secondary_wrong,13.14247913360596,7.594418716430663
images/dissertation_v1/ood/sensory_artifact/border_crop/artifact_000052_05_border_crop.png,1,sensory_artifact,border_crop,51.740013122558594,1,38.58238201141357,33.35425567626953,0,34.763293457031246,0.0005259373574517,0,0.0017387918487656,0.6673910617828369,0,1.7220234692096696,primary_correct_secondary_wrong,13.157631111145022,1.4090377807617145
images/dissertation_v1/ood/sensory_artifact/blur_artifact/artifact_000121_04_blur_artifact.png,1,sensory_artifact,blur_artifact,51.76993179321289,1,38.58238201141357,26.142114639282227,0,34.763293457031246,0.0002650311216711,0,0.0017387918487656,0.6198424696922302,0,1.7220234692096696,primary_correct_secondary_wrong,13.18754978179932,8.62117881774902
images/dissertation_v1/ood/sensory_artifact/jpeg_compression/artifact_000063_07_jpeg_compression.png,1,sensory_artifact,jpeg_compression,51.940059661865234,1,38.58238201141357,28.15485000610352,0,34.763293457031246,0.0013688126346096,0,0.0017387918487656,0.805076003074646,0,1.7220234692096696,primary_correct_secondary_wrong,13.357677650451663,6.608443450927727
images/dissertation_v1/ood/sensory_artifact/blur_artifact/artifact_000148_04_blur_artifact.png,1,sensory_artifact,blur_artifact,51.94729995727539,1,38.58238201141357,26.907611846923828,0,34.763293457031246,0.0004482332733459,0,0.0017387918487656,1.0337448120117188,0,1.7220234692096696,primary_correct_secondary_wrong,13.36491794586182,7.855681610107418
images/dissertation_v1/ood/sensory_artifact/border_crop/artifact_000075_05_border_crop.png,1,sensory_artifact,border_crop,52.042259216308594,1,38.58238201141357,34.12604522705078,0,34.763293457031246,0.0002962653816211,0,0.0017387918487656,1.4437651634216309,0,1.7220234692096696,primary_correct_secondary_wrong,13.459877204895022,0.6372482299804645
images/dissertation_v1/ood/sensory_artifact/border_crop/artifact_000071_05_border_crop.png,1,sensory_artifact,border_crop,52.14151763916016,1,38.58238201141357,32.69920349121094,0,34.763293457031246,0.001848010579124,1,0.0017387918487656,2.747278928756714,1,1.7220234692096696,primary_correct_secondary_wrong,13.559135627746592,2.0640899658203082
images/dissertation_v1/ood/sensory_artifact/gaussian_noise/artifact_000045_06_gaussian_noise.png,1,sensory_artifact,gaussian_noise,52.14407730102539,1,38.58238201141357,33.6066780090332,0,34.763293457031246,0.0012772100744768,0,0.0017387918487656,1.8872578144073489,1,1.7220234692096696,primary_correct_secondary_wrong,13.56169528961182,1.1566154479980426
images/dissertation_v1/ood/sensory_artifact/border_crop/artifact_000028_05_border_crop.png,1,sensory_artifact,border_crop,52.17393493652344,1,38.58238201141357,29.95537376403809,0,34.763293457031246,0.0006336386431939,0,0.0017387918487656,0.8253551721572876,0,1.7220234692096696,primary_correct_secondary_wrong,13.591552925109866,4.807919692993156
images/dissertation_v1/ood/sensory_artifact/blur_artifact/artifact_000116_04_blur_artifact.png,1,sensory_artifact,blur_artifact,52.27581787109375,1,38.58238201141357,28.22145271301269,0,34.763293457031246,0.0005772093427367,0,0.0017387918487656,0.4341217577457428,0,1.7220234692096696,primary_correct_secondary_wrong,13.693435859680179,6.541840744018554
images/dissertation_v1/ood/sensory_artifact/border_crop/artifact_000077_05_border_crop.png,1,sensory_artifact,border_crop,52.29040145874024,1,38.58238201141357,31.11717987060547,0,34.763293457031246,0.000617214012891,0,0.0017387918487656,0.9761562943458556,0,1.7220234692096696,primary_correct_secondary_wrong,13.70801944732667,3.646113586425777
images/dissertation_v1/ood/sensory_artifact/blur_artifact/artifact_000074_04_blur_artifact.png,1,sensory_artifact,blur_artifact,52.32485961914063,1,38.58238201141357,26.93860626220703,0,34.763293457031246,0.000612813339103,0,0.0017387918487656,0.9397512078285216,0,1.7220234692096696,primary_correct_secondary_wrong,13.74247760772706,7.8246871948242145
images/dissertation_v1/ood/sensory_artifact/blur_artifact/artifact_000081_04_blur_artifact.png,1,sensory_artifact,blur_artifact,52.33318328857422,1,38.58238201141357,25.90556907653809,0,34.763293457031246,0.0005957388202659,0,0.0017387918487656,1.461396098136902,0,1.7220234692096696,primary_correct_secondary_wrong,13.750801277160647,8.857724380493156
images/dissertation_v1/ood/sensory_artifact/jpeg_compression/artifact_000048_07_jpeg_compression.png,1,sensory_artifact,jpeg_compression,52.39562225341797,1,38.58238201141357,27.18384552001953,0,34.763293457031246,0.0009380361298099,0,0.0017387918487656,1.1980607509613037,0,1.7220234692096696,primary_correct_secondary_wrong,13.813240242004397,7.5794479370117145
images/dissertation_v1/ood/sensory_artifact/border_crop/artifact_000133_05_border_crop.png,1,sensory_artifact,border_crop,52.51554870605469,1,38.58238201141357,28.44161796569824,0,34.763293457031246,0.0005297039169818,0,0.0017387918487656,0.7848948240280151,0,1.7220234692096696,primary_correct_secondary_wrong,13.933166694641116,6.321675491333007
images/dissertation_v1/ood/sensory_artifact/border_crop/artifact_000121_05_border_crop.png,1,sensory_artifact,border_crop,52.55401611328125,1,38.58238201141357,34.23134231567383,0,34.763293457031246,0.0004741037555504,0,0.0017387918487656,0.7260400652885437,0,1.7220234692096696,primary_correct_secondary_wrong,13.971634101867679,0.5319511413574176
images/dissertation_v1/ood/sensory_artifact/gaussian_noise/artifact_000117_06_gaussian_noise.png,1,sensory_artifact,gaussian_noise,52.57505416870117,1,38.58238201141357,34.29120635986328,0,34.763293457031246,0.0018819769611582,1,0.0017387918487656,1.0946271419525146,0,1.7220234692096696,primary_correct_secondary_wrong,13.9926721572876,0.4720870971679645
images/dissertation_v1/ood/sensory_artifact/jpeg_compression/artifact_000065_07_jpeg_compression.png,1,sensory_artifact,jpeg_compression,52.63859558105469,1,38.58238201141357,29.833637237548828,0,34.763293457031246,0.0008878091466613,0,0.0017387918487656,0.9122031331062316,0,1.7220234692096696,primary_correct_secondary_wrong,14.056213569641116,4.929656219482418
images/dissertation_v1/ood/sensory_artifact/gaussian_noise/artifact_000022_06_gaussian_noise.png,1,sensory_artifact,gaussian_noise,52.71019744873047,1,38.58238201141357,28.102947235107425,0,34.763293457031246,0.0013325156178325,0,0.0017387918487656,1.23596453666687,0,1.7220234692096696,primary_correct_secondary_wrong,14.127815437316897,6.66034622192382
images/dissertation_v1/ood/sensory_artifact/blur_artifact/artifact_000104_04_blur_artifact.png,1,sensory_artifact,blur_artifact,52.7808723449707,1,38.58238201141357,29.919227600097656,0,34.763293457031246,0.0001914100866997,0,0.0017387918487656,1.1230862140655518,0,1.7220234692096696,primary_correct_secondary_wrong,14.198490333557132,4.8440658569335895
images/dissertation_v1/ood/sensory_artifact/border_crop/artifact_000070_05_border_crop.png,1,sensory_artifact,border_crop,52.78326416015625,1,38.58238201141357,29.43986701965332,0,34.763293457031246,0.0006237311754375,0,0.0017387918487656,0.8917393684387207,0,1.7220234692096696,primary_correct_secondary_wrong,14.200882148742679,5.323426437377925
images/dissertation_v1/ood/sensory_artifact/border_crop/artifact_000022_05_border_crop.png,1,sensory_artifact,border_crop,52.92827987670898,1,38.58238201141357,30.913389205932617,0,34.763293457031246,0.0005848525906912,0,0.0017387918487656,0.9850764870643616,0,1.7220234692096696,primary_correct_secondary_wrong,14.345897865295406,3.8499042510986285
images/dissertation_v1/ood/sensory_artifact/border_crop/artifact_000135_05_border_crop.png,1,sensory_artifact,border_crop,53.01217651367188,1,38.58238201141357,31.795366287231445,0,34.763293457031246,0.0009785619331523,0,0.0017387918487656,1.205189228057861,0,1.7220234692096696,primary_correct_secondary_wrong,14.42979450225831,2.9679271697998004
images/dissertation_v1/id/test_synthetic_fallback/id_test_synthetic_fallback_000005.png,0,id,id,24.130346298217773,0,38.58238201141357,43.31197738647461,1,34.763293457031246,0.0008891196339391,0,0.0017387918487656,1.2417547702789309,0,1.7220234692096696,primary_correct_secondary_wrong,14.452035713195798,8.548683929443364
images/dissertation_v1/ood/sensory_artifact/blur_artifact/artifact_000056_04_blur_artifact.png,1,sensory_artifact,blur_artifact,53.27373123168945,1,38.58238201141357,24.19222640991211,0,34.763293457031246,4.456208262126893e-05,0,0.0017387918487656,1.4546672105789185,0,1.7220234692096696,primary_correct_secondary_wrong,14.691349220275882,10.571067047119136
images/dissertation_v1/ood/sensory_artifact/blur_artifact/artifact_000131_04_blur_artifact.png,1,sensory_artifact,blur_artifact,53.2847785949707,1,38.58238201141357,30.72097587585449,0,34.763293457031246,0.000241208137595,0,0.0017387918487656,0.8356531262397766,0,1.7220234692096696,primary_correct_secondary_wrong,14.702396583557132,4.042317581176757
images/dissertation_v1/ood/sensory_artifact/jpeg_compression/artifact_000084_07_jpeg_compression.png,1,sensory_artifact,jpeg_compression,53.34708023071289,1,38.58238201141357,29.862003326416016,0,34.763293457031246,0.0009075165144167,0,0.0017387918487656,0.972607433795929,0,1.7220234692096696,primary_correct_secondary_wrong,14.76469821929932,4.90129013061523
images/dissertation_v1/ood/sensory_artifact/blur_artifact/artifact_000022_04_blur_artifact.png,1,sensory_artifact,blur_artifact,53.40143585205078,1,38.58238201141357,26.49409484863281,0,34.763293457031246,0.000244723400101,0,0.0017387918487656,0.8193982243537903,0,1.7220234692096696,primary_correct_secondary_wrong,14.81905384063721,8.269198608398437
images/dissertation_v1/ood/sensory_artifact/jpeg_compression/artifact_000145_07_jpeg_compression.png,1,sensory_artifact,jpeg_compression,53.45663070678711,1,38.58238201141357,26.555025100708008,0,34.763293457031246,0.0016260530101135,0,0.0017387918487656,0.8075551390647888,0,1.7220234692096696,primary_correct_secondary_wrong,14.874248695373538,8.208268356323238
images/dissertation_v1/ood/sensory_artifact/border_crop/artifact_000065_05_border_crop.png,1,sensory_artifact,border_crop,53.6002197265625,1,38.58238201141357,30.909547805786133,0,34.763293457031246,0.0008262305054813,0,0.0017387918487656,0.9479777812957764,0,1.7220234692096696,primary_correct_secondary_wrong,15.017837715148929,3.853745651245113
images/dissertation_v1/ood/sensory_artifact/border_crop/artifact_000062_05_border_crop.png,1,sensory_artifact,border_crop,53.642974853515625,1,38.58238201141357,33.7218132019043,0,34.763293457031246,0.0006109011010266,0,0.0017387918487656,0.7646723389625549,0,1.7220234692096696,primary_correct_secondary_wrong,15.060592842102054,1.0414802551269489
images/dissertation_v1/ood/sensory_artifact/border_crop/artifact_000012_05_border_crop.png,1,sensory_artifact,border_crop,53.77372360229492,1,38.58238201141357,31.12175750732422,0,34.763293457031246,0.0001544676779303,0,0.0017387918487656,1.1881014108657837,0,1.7220234692096696,primary_correct_secondary_wrong,15.19134159088135,3.641535949707027
images/dissertation_v1/ood/sensory_artifact/border_crop/artifact_000018_05_border_crop.png,1,sensory_artifact,border_crop,53.80852890014648,1,38.58238201141357,30.799785614013672,0,34.763293457031246,0.0008287060190923,0,0.0017387918487656,0.8405007719993591,0,1.7220234692096696,primary_correct_secondary_wrong,15.226146888732906,3.963507843017574
images/dissertation_v1/ood/sensory_artifact/border_crop/artifact_000073_05_border_crop.png,1,sensory_artifact,border_crop,53.90301513671875,1,38.58238201141357,29.2572021484375,0,34.763293457031246,7.998874207260087e-05,0,0.0017387918487656,1.7170195579528809,0,1.7220234692096696,primary_correct_secondary_wrong,15.320633125305179,5.506091308593746
images/dissertation_v1/ood/sensory_artifact/jpeg_compression/artifact_000055_07_jpeg_compression.png,1,sensory_artifact,jpeg_compression,54.02159118652344,1,38.58238201141357,27.86505699157715,0,34.763293457031246,0.0014745817752555,0,0.0017387918487656,1.1378778219223022,0,1.7220234692096696,primary_correct_secondary_wrong,15.439209175109866,6.898236465454097
images/dissertation_v1/ood/sensory_artifact/border_crop/artifact_000137_05_border_crop.png,1,sensory_artifact,border_crop,54.097747802734375,1,38.58238201141357,32.25501251220703,0,34.763293457031246,0.0005628587678074,0,0.0017387918487656,0.8712834119796753,0,1.7220234692096696,primary_correct_secondary_wrong,15.515365791320804,2.5082809448242145
images/dissertation_v1/ood/sensory_artifact/border_crop/artifact_000081_05_border_crop.png,1,sensory_artifact,border_crop,54.1289176940918,1,38.58238201141357,31.23119735717773,0,34.763293457031246,0.0012159631587564,0,0.0017387918487656,1.231697916984558,0,1.7220234692096696,primary_correct_secondary_wrong,15.546535682678225,3.532096099853515
images/dissertation_v1/ood/sensory_artifact/border_crop/artifact_000103_05_border_crop.png,1,sensory_artifact,border_crop,54.18539810180664,1,38.58238201141357,33.61267852783203,0,34.763293457031246,0.0005306642269715,0,0.0017387918487656,1.0509463548660278,0,1.7220234692096696,primary_correct_secondary_wrong,15.60301609039307,1.1506149291992145
images/dissertation_v1/ood/sensory_artifact/border_crop/artifact_000043_05_border_crop.png,1,sensory_artifact,border_crop,54.19147491455078,1,38.58238201141357,31.987520217895508,0,34.763293457031246,0.0005463876295834,0,0.0017387918487656,0.7404067516326904,0,1.7220234692096696,primary_correct_secondary_wrong,15.60909290313721,2.775773239135738
images/dissertation_v1/ood/sensory_artifact/border_crop/artifact_000100_05_border_crop.png,1,sensory_artifact,border_crop,54.2105712890625,1,38.58238201141357,28.28402709960937,0,34.763293457031246,0.0010935900500044,0,0.0017387918487656,0.819083034992218,0,1.7220234692096696,primary_correct_secondary_wrong,15.628189277648929,6.479266357421874
images/dissertation_v1/ood/sensory_artifact/border_crop/artifact_000093_05_border_crop.png,1,sensory_artifact,border_crop,54.39445495605469,1,38.58238201141357,33.38518142700195,0,34.763293457031246,0.0009150092373602,0,0.0017387918487656,1.0916773080825806,0,1.7220234692096696,primary_correct_secondary_wrong,15.812072944641116,1.3781120300292926
images/dissertation_v1/ood/sensory_artifact/blur_artifact/artifact_000118_04_blur_artifact.png,1,sensory_artifact,blur_artifact,54.549102783203125,1,38.58238201141357,32.084686279296875,0,34.763293457031246,0.0002881503023672,0,0.0017387918487656,0.7454893589019775,0,1.7220234692096696,primary_correct_secondary_wrong,15.966720771789554,2.6786071777343707
images/dissertation_v1/ood/sensory_artifact/gaussian_noise/artifact_000105_06_gaussian_noise.png,1,sensory_artifact,gaussian_noise,54.63191223144531,1,38.58238201141357,28.186092376708984,0,34.763293457031246,0.0019315022509545,1,0.0017387918487656,1.4657659530639648,0,1.7220234692096696,primary_correct_secondary_wrong,16.04953022003174,6.577201080322261
images/dissertation_v1/ood/sensory_artifact/jpeg_compression/artifact_000002_07_jpeg_compression.png,1,sensory_artifact,jpeg_compression,54.93601608276367,1,38.58238201141357,29.280858993530277,0,34.763293457031246,0.001572984852828,0,0.0017387918487656,0.5060569047927856,0,1.7220234692096696,primary_correct_secondary_wrong,16.3536340713501,5.482434463500969
images/dissertation_v1/ood/sensory_artifact/blur_artifact/artifact_000024_04_blur_artifact.png,1,sensory_artifact,blur_artifact,54.95441055297852,1,38.58238201141357,24.72953224182129,0,34.763293457031246,0.0005192758399061,0,0.0017387918487656,0.9210684299468994,0,1.7220234692096696,primary_correct_secondary_wrong,16.37202854156495,10.033761215209957
images/dissertation_v1/ood/sensory_artifact/blur_artifact/artifact_000128_04_blur_artifact.png,1,sensory_artifact,blur_artifact,55.01060485839844,1,38.58238201141357,26.68796157836914,0,34.763293457031246,4.631983756553382e-05,0,0.0017387918487656,1.4181190729141235,0,1.7220234692096696,primary_correct_secondary_wrong,16.428222846984866,8.075331878662105
images/dissertation_v1/ood/sensory_artifact/blur_artifact/artifact_000097_04_blur_artifact.png,1,sensory_artifact,blur_artifact,55.05097579956055,1,38.58238201141357,27.728181838989254,0,34.763293457031246,6.173459405545145e-05,0,0.0017387918487656,1.4170565605163574,0,1.7220234692096696,primary_correct_secondary_wrong,16.468593788146975,7.0351116180419915
images/dissertation_v1/ood/sensory_artifact/blur_artifact/artifact_000087_04_blur_artifact.png,1,sensory_artifact,blur_artifact,55.07596206665039,1,38.58238201141357,30.00924301147461,0,34.763293457031246,0.0002259799657622,0,0.0017387918487656,0.7418729662895203,0,1.7220234692096696,primary_correct_secondary_wrong,16.49358005523682,4.754050445556636
images/dissertation_v1/ood/sensory_artifact/blur_artifact/artifact_000110_04_blur_artifact.png,1,sensory_artifact,blur_artifact,55.46798706054688,1,38.58238201141357,32.47627258300781,0,34.763293457031246,0.0001848592364694,0,0.0017387918487656,0.7432125210762024,0,1.7220234692096696,primary_correct_secondary_wrong,16.88560504913331,2.2870208740234332
images/dissertation_v1/ood/sensory_artifact/jpeg_compression/artifact_000100_07_jpeg_compression.png,1,sensory_artifact,jpeg_compression,55.49011993408203,1,38.58238201141357,29.19569206237793,0,34.763293457031246,0.0012132122647017,0,0.0017387918487656,0.8314724564552307,0,1.7220234692096696,primary_correct_secondary_wrong,16.90773792266846,5.567601394653316
images/dissertation_v1/ood/sensory_artifact/jpeg_compression/artifact_000071_07_jpeg_compression.png,1,sensory_artifact,jpeg_compression,55.50265121459961,1,38.58238201141357,28.776100158691406,0,34.763293457031246,0.00187716295477,1,0.0017387918487656,2.611171007156372,1,1.7220234692096696,primary_correct_secondary_wrong,16.920269203186038,5.9871932983398395
images/dissertation_v1/ood/sensory_artifact/jpeg_compression/artifact_000068_07_jpeg_compression.png,1,sensory_artifact,jpeg_compression,55.52218246459961,1,38.58238201141357,28.696741104125977,0,34.763293457031246,0.0011925358558073,0,0.0017387918487656,0.7460892796516418,0,1.7220234692096696,primary_correct_secondary_wrong,16.939800453186038,6.066552352905269
images/dissertation_v1/ood/sensory_artifact/jpeg_compression/artifact_000064_07_jpeg_compression.png,1,sensory_artifact,jpeg_compression,55.55927276611328,1,38.58238201141357,30.58628845214844,0,34.763293457031246,0.0020013726316392,1,0.0017387918487656,2.537580728530884,1,1.7220234692096696,primary_correct_secondary_wrong,16.97689075469971,4.177005004882805
images/dissertation_v1/ood/sensory_artifact/gaussian_noise/artifact_000134_06_gaussian_noise.png,1,sensory_artifact,gaussian_noise,55.566314697265625,1,38.58238201141357,28.885292053222656,0,34.763293457031246,0.0009969156235456,0,0.0017387918487656,1.899271368980408,1,1.7220234692096696,primary_correct_secondary_wrong,16.983932685852054,5.8780014038085895
images/dissertation_v1/ood/sensory_artifact/blur_artifact/artifact_000040_04_blur_artifact.png,1,sensory_artifact,blur_artifact,55.80423355102539,1,38.58238201141357,26.910125732421875,0,34.763293457031246,0.000321302039083,0,0.0017387918487656,0.6139291524887085,0,1.7220234692096696,primary_correct_secondary_wrong,17.22185153961182,7.853167724609371
images/dissertation_v1/ood/sensory_artifact/jpeg_compression/artifact_000042_07_jpeg_compression.png,1,sensory_artifact,jpeg_compression,55.84244537353516,1,38.58238201141357,26.31663703918457,0,34.763293457031246,0.0008994119125418,0,0.0017387918487656,1.5177273750305176,0,1.7220234692096696,primary_correct_secondary_wrong,17.260063362121592,8.446656417846675
images/dissertation_v1/ood/sensory_artifact/jpeg_compression/artifact_000050_07_jpeg_compression.png,1,sensory_artifact,jpeg_compression,55.8444938659668,1,38.58238201141357,26.707475662231445,0,34.763293457031246,0.0010674741351976,0,0.0017387918487656,0.4567052125930786,0,1.7220234692096696,primary_correct_secondary_wrong,17.262111854553225,8.0558177947998
images/dissertation_v1/ood/sensory_artifact/blur_artifact/artifact_000101_04_blur_artifact.png,1,sensory_artifact,blur_artifact,55.84489059448242,1,38.58238201141357,28.74372291564941,0,34.763293457031246,0.0001447199028916,0,0.0017387918487656,0.7866644263267517,0,1.7220234692096696,primary_correct_secondary_wrong,17.26250858306885,6.019570541381835
images/dissertation_v1/ood/sensory_artifact/blur_artifact/artifact_000100_04_blur_artifact.png,1,sensory_artifact,blur_artifact,55.880401611328125,1,38.58238201141357,30.39872360229492,0,34.763293457031246,0.0006617027102038,0,0.0017387918487656,0.7765824198722839,0,1.7220234692096696,primary_correct_secondary_wrong,17.298019599914554,4.364569854736327
images/dissertation_v1/ood/sensory_artifact/jpeg_compression/artifact_000074_07_jpeg_compression.png,1,sensory_artifact,jpeg_compression,55.90974807739258,1,38.58238201141357,29.774038314819336,0,34.763293457031246,0.0015577793819829,0,0.0017387918487656,0.7812755703926086,0,1.7220234692096696,primary_correct_secondary_wrong,17.327366065979007,4.98925514221191
images/dissertation_v1/ood/sensory_artifact/blur_artifact/artifact_000013_04_blur_artifact.png,1,sensory_artifact,blur_artifact,56.012237548828125,1,38.58238201141357,25.795337677001957,0,34.763293457031246,0.0004966551205143,0,0.0017387918487656,1.010512351989746,0,1.7220234692096696,primary_correct_secondary_wrong,17.429855537414554,8.967955780029289
images/dissertation_v1/ood/sensory_artifact/blur_artifact/artifact_000094_04_blur_artifact.png,1,sensory_artifact,blur_artifact,56.118160247802734,1,38.58238201141357,25.889789581298828,0,34.763293457031246,0.0003443264577072,0,0.0017387918487656,0.6757573485374451,0,1.7220234692096696,primary_correct_secondary_wrong,17.535778236389163,8.873503875732418
images/dissertation_v1/ood/sensory_artifact/jpeg_compression/artifact_000121_07_jpeg_compression.png,1,sensory_artifact,jpeg_compression,56.28359603881836,1,38.58238201141357,25.694849014282227,0,34.763293457031246,0.0006175491726025,0,0.0017387918487656,0.4100992679595947,0,1.7220234692096696,primary_correct_secondary_wrong,17.701214027404788,9.06844444274902
images/dissertation_v1/ood/sensory_artifact/jpeg_compression/artifact_000032_07_jpeg_compression.png,1,sensory_artifact,jpeg_compression,56.36552047729492,1,38.58238201141357,21.00067138671875,0,34.763293457031246,0.0006105135544203,0,0.0017387918487656,0.93162602186203,0,1.7220234692096696,primary_correct_secondary_wrong,17.78313846588135,13.762622070312496
images/dissertation_v1/ood/sensory_artifact/blur_artifact/artifact_000032_04_blur_artifact.png,1,sensory_artifact,blur_artifact,56.73727416992188,1,38.58238201141357,22.820974349975582,0,34.763293457031246,0.0001649619516683,0,0.0017387918487656,1.2329933643341064,0,1.7220234692096696,primary_correct_secondary_wrong,18.15489215850831,11.942319107055663
images/dissertation_v1/ood/sensory_artifact/jpeg_compression/artifact_000126_07_jpeg_compression.png,1,sensory_artifact,jpeg_compression,56.900272369384766,1,38.58238201141357,26.735246658325195,0,34.763293457031246,0.0013273661024868,0,0.0017387918487656,0.5372296571731567,0,1.7220234692096696,primary_correct_secondary_wrong,18.317890357971194,8.02804679870605
images/dissertation_v1/ood/sensory_artifact/border_crop/artifact_000149_05_border_crop.png,1,sensory_artifact,border_crop,56.933895111083984,1,38.58238201141357,32.21317672729492,0,34.763293457031246,0.0004679681151174,0,0.0017387918487656,0.9334880113601683,0,1.7220234692096696,primary_correct_secondary_wrong,18.351513099670413,2.550116729736324
images/dissertation_v1/ood/sensory_artifact/jpeg_compression/artifact_000091_07_jpeg_compression.png,1,sensory_artifact,jpeg_compression,57.17469024658203,1,38.58238201141357,28.105623245239254,0,34.763293457031246,0.0005857381620444,0,0.0017387918487656,0.4501379728317261,0,1.7220234692096696,primary_correct_secondary_wrong,18.59230823516846,6.6576702117919915
images/dissertation_v1/ood/sensory_artifact/blur_artifact/artifact_000071_04_blur_artifact.png,1,sensory_artifact,blur_artifact,57.450904846191406,1,38.58238201141357,30.055997848510746,0,34.763293457031246,0.000880500592757,0,0.0017387918487656,2.7458436489105225,1,1.7220234692096696,primary_correct_secondary_wrong,18.868522834777835,4.7072956085205
images/dissertation_v1/ood/sensory_artifact/blur_artifact/artifact_000072_04_blur_artifact.png,1,sensory_artifact,blur_artifact,57.52165603637695,1,38.58238201141357,32.64717102050781,0,34.763293457031246,0.0004412349953781,0,0.0017387918487656,1.1985968351364136,0,1.7220234692096696,primary_correct_secondary_wrong,18.93927402496338,2.1161224365234332
images/dissertation_v1/ood/sensory_artifact/blur_artifact/artifact_000078_04_blur_artifact.png,1,sensory_artifact,blur_artifact,57.75951766967773,1,38.58238201141357,30.474580764770508,0,34.763293457031246,0.0002225447096861,0,0.0017387918487656,0.7428903579711914,0,1.7220234692096696,primary_correct_secondary_wrong,19.177135658264156,4.288712692260738
images/dissertation_v1/ood/sensory_artifact/border_crop/artifact_000048_05_border_crop.png,1,sensory_artifact,border_crop,57.77341079711914,1,38.58238201141357,33.716590881347656,0,34.763293457031246,0.0008334801532328,0,0.0017387918487656,1.444422960281372,0,1.7220234692096696,primary_correct_secondary_wrong,19.19102878570557,1.0467025756835895
images/dissertation_v1/ood/sensory_artifact/jpeg_compression/artifact_000062_07_jpeg_compression.png,1,sensory_artifact,jpeg_compression,57.8526725769043,1,38.58238201141357,28.41581916809082,0,34.763293457031246,0.0006882295128889,0,0.0017387918487656,0.5295273065567017,0,1.7220234692096696,primary_correct_secondary_wrong,19.270290565490725,6.347474288940425
images/dissertation_v1/ood/sensory_artifact/gaussian_noise/artifact_000093_06_gaussian_noise.png,1,sensory_artifact,gaussian_noise,57.93480682373047,1,38.58238201141357,34.19396209716797,0,34.763293457031246,0.0021472733933478,1,0.0017387918487656,2.1466143131256104,1,1.7220234692096696,primary_correct_secondary_wrong,19.352424812316897,0.569331359863277
images/dissertation_v1/ood/sensory_artifact/border_crop/artifact_000111_05_border_crop.png,1,sensory_artifact,border_crop,58.01152038574219,1,38.58238201141357,31.76952171325684,0,34.763293457031246,0.001083722221665,0,0.0017387918487656,1.1861222982406616,0,1.7220234692096696,primary_correct_secondary_wrong,19.429138374328616,2.9937717437744062
images/dissertation_v1/ood/sensory_artifact/jpeg_compression/artifact_000046_07_jpeg_compression.png,1,sensory_artifact,jpeg_compression,58.011749267578125,1,38.58238201141357,33.75137710571289,0,34.763293457031246,0.0010601489339023,0,0.0017387918487656,0.949334442615509,0,1.7220234692096696,primary_correct_secondary_wrong,19.429367256164554,1.0119163513183551
images/dissertation_v1/ood/sensory_artifact/border_crop/artifact_000068_05_border_crop.png,1,sensory_artifact,border_crop,58.1812629699707,1,38.58238201141357,34.56059646606445,0,34.763293457031246,0.0009838928235694,0,0.0017387918487656,1.0985084772109983,0,1.7220234692096696,primary_correct_secondary_wrong,19.59888095855713,0.2026969909667926
images/dissertation_v1/ood/sensory_artifact/border_crop/artifact_000104_05_border_crop.png,1,sensory_artifact,border_crop,58.21161651611328,1,38.58238201141357,34.63444137573242,0,34.763293457031246,0.0004198636452201,0,0.0017387918487656,1.0745288133621216,0,1.7220234692096696,primary_correct_secondary_wrong,19.62923450469971,0.12885208129882386
images/dissertation_v1/ood/sensory_artifact/blur_artifact/artifact_000146_04_blur_artifact.png,1,sensory_artifact,blur_artifact,58.52793502807617,1,38.58238201141357,25.73491668701172,0,34.763293457031246,3.025851219717879e-05,0,0.0017387918487656,2.2853567600250244,1,1.7220234692096696,primary_correct_secondary_wrong,19.9455530166626,9.028376770019527
images/dissertation_v1/ood/sensory_artifact/jpeg_compression/artifact_000061_07_jpeg_compression.png,1,sensory_artifact,jpeg_compression,58.74185943603516,1,38.58238201141357,30.58781242370605,0,34.763293457031246,0.0010011877166107,0,0.0017387918487656,0.7595941424369812,0,1.7220234692096696,primary_correct_secondary_wrong,20.159477424621592,4.175481033325195
images/dissertation_v1/ood/sensory_artifact/border_crop/artifact_000014_05_border_crop.png,1,sensory_artifact,border_crop,58.7981071472168,1,38.58238201141357,34.29463577270508,0,34.763293457031246,0.0008398205973207,0,0.0017387918487656,0.9802124500274658,0,1.7220234692096696,primary_correct_secondary_wrong,20.215725135803225,0.4686576843261676
images/dissertation_v1/ood/sensory_artifact/jpeg_compression/artifact_000047_07_jpeg_compression.png,1,sensory_artifact,jpeg_compression,58.850364685058594,1,38.58238201141357,30.134557723999023,0,34.763293457031246,0.0009679363574832,0,0.0017387918487656,0.6460409760475159,0,1.7220234692096696,primary_correct_secondary_wrong,20.267982673645022,4.628735733032222
images/dissertation_v1/ood/sensory_artifact/jpeg_compression/artifact_000119_07_jpeg_compression.png,1,sensory_artifact,jpeg_compression,58.85658645629883,1,38.58238201141357,26.15921974182129,0,34.763293457031246,0.0006647794507443,0,0.0017387918487656,0.6507800817489624,0,1.7220234692096696,primary_correct_secondary_wrong,20.274204444885257,8.604073715209957
images/dissertation_v1/ood/sensory_artifact/jpeg_compression/artifact_000147_07_jpeg_compression.png,1,sensory_artifact,jpeg_compression,58.85898208618164,1,38.58238201141357,25.53748321533203,0,34.763293457031246,0.0009129010140895,0,0.0017387918487656,0.5519666075706482,0,1.7220234692096696,primary_correct_secondary_wrong,20.27660007476807,9.225810241699214
images/dissertation_v1/ood/sensory_artifact/jpeg_compression/artifact_000044_07_jpeg_compression.png,1,sensory_artifact,jpeg_compression,58.90074920654297,1,38.58238201141357,30.380678176879883,0,34.763293457031246,0.0008195218979381,0,0.0017387918487656,0.5822347402572632,0,1.7220234692096696,primary_correct_secondary_wrong,20.318367195129397,4.382615280151363
images/dissertation_v1/ood/sensory_artifact/blur_artifact/artifact_000035_04_blur_artifact.png,1,sensory_artifact,blur_artifact,59.68967819213867,1,38.58238201141357,28.327533721923828,0,34.763293457031246,0.0003842964943032,0,0.0017387918487656,0.7295963764190674,0,1.7220234692096696,primary_correct_secondary_wrong,21.1072961807251,6.435759735107418
images/dissertation_v1/ood/sensory_artifact/border_crop/artifact_000053_05_border_crop.png,1,sensory_artifact,border_crop,60.31730651855469,1,38.58238201141357,33.99152755737305,0,34.763293457031246,0.0001933266466949,0,0.0017387918487656,1.2667348384857178,0,1.7220234692096696,primary_correct_secondary_wrong,21.734924507141116,0.7717658996581989
images/dissertation_v1/ood/sensory_artifact/blur_artifact/artifact_000004_04_blur_artifact.png,1,sensory_artifact,blur_artifact,60.38386917114258,1,38.58238201141357,30.90129280090332,0,34.763293457031246,0.0004015843733213,0,0.0017387918487656,0.6222463846206665,0,1.7220234692096696,primary_correct_secondary_wrong,21.801487159729007,3.8620006561279254
images/dissertation_v1/ood/sensory_artifact/jpeg_compression/artifact_000136_07_jpeg_compression.png,1,sensory_artifact,jpeg_compression,60.401702880859375,1,38.58238201141357,26.88212203979492,0,34.763293457031246,0.0009884895989671,0,0.0017387918487656,0.6325639486312866,0,1.7220234692096696,primary_correct_secondary_wrong,21.819320869445804,7.881171417236327
images/dissertation_v1/ood/sensory_artifact/jpeg_compression/artifact_000090_07_jpeg_compression.png,1,sensory_artifact,jpeg_compression,60.424713134765625,1,38.58238201141357,29.856779098510746,0,34.763293457031246,0.000598163169343,0,0.0017387918487656,0.4977525770664215,0,1.7220234692096696,primary_correct_secondary_wrong,21.842331123352054,4.9065143585205
images/dissertation_v1/ood/sensory_artifact/blur_artifact/artifact_000092_04_blur_artifact.png,1,sensory_artifact,blur_artifact,60.48381042480469,1,38.58238201141357,24.439542770385746,0,34.763293457031246,0.0001893738954095,0,0.0017387918487656,1.1855034828186035,0,1.7220234692096696,primary_correct_secondary_wrong,21.901428413391116,10.3237506866455
images/dissertation_v1/ood/sensory_artifact/jpeg_compression/artifact_000016_07_jpeg_compression.png,1,sensory_artifact,jpeg_compression,60.52310180664063,1,38.58238201141357,26.93491744995117,0,34.763293457031246,0.0007526965928263,0,0.0017387918487656,0.5277532339096069,0,1.7220234692096696,primary_correct_secondary_wrong,21.94071979522706,7.828376007080077
images/dissertation_v1/ood/sensory_artifact/blur_artifact/artifact_000112_04_blur_artifact.png,1,sensory_artifact,blur_artifact,60.59384536743164,1,38.58238201141357,32.5118293762207,0,34.763293457031246,0.000187629906577,0,0.0017387918487656,0.7327392101287842,0,1.7220234692096696,primary_correct_secondary_wrong,22.01146335601807,2.2514640808105426
images/dissertation_v1/ood/sensory_artifact/jpeg_compression/artifact_000035_07_jpeg_compression.png,1,sensory_artifact,jpeg_compression,60.6339225769043,1,38.58238201141357,25.6525821685791,0,34.763293457031246,0.001125419512391,0,0.0017387918487656,0.5469334721565247,0,1.7220234692096696,primary_correct_secondary_wrong,22.051540565490725,9.110711288452144
images/dissertation_v1/ood/sensory_artifact/blur_artifact/artifact_000122_04_blur_artifact.png,1,sensory_artifact,blur_artifact,60.93252944946289,1,38.58238201141357,24.661230087280277,0,34.763293457031246,0.0003748084418475,0,0.0017387918487656,0.7526344656944275,0,1.7220234692096696,primary_correct_secondary_wrong,22.35014743804932,10.102063369750969
images/dissertation_v1/ood/sensory_artifact/blur_artifact/artifact_000106_04_blur_artifact.png,1,sensory_artifact,blur_artifact,60.9619369506836,1,38.58238201141357,27.77745246887207,0,34.763293457031246,2.7008893084712327e-05,0,0.0017387918487656,2.1724650859832764,1,1.7220234692096696,primary_correct_secondary_wrong,22.37955493927003,6.985840988159175
images/dissertation_v1/ood/sensory_artifact/blur_artifact/artifact_000098_04_blur_artifact.png,1,sensory_artifact,blur_artifact,61.02653884887695,1,38.58238201141357,31.01180648803711,0,34.763293457031246,0.0001086457123165,0,0.0017387918487656,0.9120623469352722,0,1.7220234692096696,primary_correct_secondary_wrong,22.44415683746338,3.7514869689941364
images/dissertation_v1/ood/sensory_artifact/blur_artifact/artifact_000048_04_blur_artifact.png,1,sensory_artifact,blur_artifact,61.13578414916992,1,38.58238201141357,28.568500518798828,0,34.763293457031246,0.0003374991065356,0,0.0017387918487656,1.561225414276123,0,1.7220234692096696,primary_correct_secondary_wrong,22.55340213775635,6.194792938232418
images/dissertation_v1/ood/sensory_artifact/border_crop/artifact_000124_05_border_crop.png,1,sensory_artifact,border_crop,61.24599075317383,1,38.58238201141357,32.34160614013672,0,34.763293457031246,0.0017305160872638,0,0.0017387918487656,1.479772686958313,0,1.7220234692096696,primary_correct_secondary_wrong,22.663608741760257,2.421687316894527
images/dissertation_v1/ood/sensory_artifact/blur_artifact/artifact_000016_04_blur_artifact.png,1,sensory_artifact,blur_artifact,61.36896896362305,1,38.58238201141357,25.62858772277832,0,34.763293457031246,0.0002698109601624,0,0.0017387918487656,0.913645565509796,0,1.7220234692096696,primary_correct_secondary_wrong,22.786586952209475,9.134705734252925
images/dissertation_v1/ood/sensory_artifact/blur_artifact/artifact_000107_04_blur_artifact.png,1,sensory_artifact,blur_artifact,61.44481658935547,1,38.58238201141357,29.218292236328125,0,34.763293457031246,0.000113934991532,0,0.0017387918487656,1.0450440645217896,0,1.7220234692096696,primary_correct_secondary_wrong,22.862434577941897,5.545001220703121
images/dissertation_v1/ood/sensory_artifact/jpeg_compression/artifact_000014_07_jpeg_compression.png,1,sensory_artifact,jpeg_compression,61.50291061401367,1,38.58238201141357,32.111507415771484,0,34.763293457031246,0.0009468459174968,0,0.0017387918487656,0.7252545952796936,0,1.7220234692096696,primary_correct_secondary_wrong,22.9205286026001,2.6517860412597614
images/dissertation_v1/ood/sensory_artifact/blur_artifact/artifact_000036_04_blur_artifact.png,1,sensory_artifact,blur_artifact,61.62290191650391,1,38.58238201141357,31.921201705932617,0,34.763293457031246,0.0001602216507308,0,0.0017387918487656,1.0065683126449585,0,1.7220234692096696,primary_correct_secondary_wrong,23.040519905090342,2.8420917510986285
images/dissertation_v1/ood/sensory_artifact/jpeg_compression/artifact_000141_07_jpeg_compression.png,1,sensory_artifact,jpeg_compression,61.737831115722656,1,38.58238201141357,24.0604248046875,0,34.763293457031246,0.0006978801102377,0,0.0017387918487656,0.8401773571968079,0,1.7220234692096696,primary_correct_secondary_wrong,23.155449104309085,10.702868652343746
images/dissertation_v1/ood/sensory_artifact/blur_artifact/artifact_000002_04_blur_artifact.png,1,sensory_artifact,blur_artifact,61.79934310913086,1,38.58238201141357,28.381425857543945,0,34.763293457031246,0.0004917351761832,0,0.0017387918487656,0.5160080194473267,0,1.7220234692096696,primary_correct_secondary_wrong,23.216961097717288,6.3818675994873
images/dissertation_v1/ood/sensory_artifact/blur_artifact/artifact_000043_04_blur_artifact.png,1,sensory_artifact,blur_artifact,61.90341567993164,1,38.58238201141357,29.933629989624023,0,34.763293457031246,0.0001923818635987,0,0.0017387918487656,0.866077184677124,0,1.7220234692096696,primary_correct_secondary_wrong,23.32103366851807,4.829663467407222
images/dissertation_v1/ood/sensory_artifact/blur_artifact/artifact_000113_04_blur_artifact.png,1,sensory_artifact,blur_artifact,61.953346252441406,1,38.58238201141357,20.201982498168945,0,34.763293457031246,7.708045450272039e-05,0,0.0017387918487656,1.504834771156311,0,1.7220234692096696,primary_correct_secondary_wrong,23.370964241027835,14.5613109588623
images/dissertation_v1/ood/sensory_artifact/blur_artifact/artifact_000149_04_blur_artifact.png,1,sensory_artifact,blur_artifact,62.27387619018555,1,38.58238201141357,31.45231819152832,0,34.763293457031246,0.0001817703741835,0,0.0017387918487656,0.6685600280761719,0,1.7220234692096696,primary_correct_secondary_wrong,23.691494178771975,3.3109752655029254
images/dissertation_v1/ood/sensory_artifact/jpeg_compression/artifact_000142_07_jpeg_compression.png,1,sensory_artifact,jpeg_compression,62.32115173339844,1,38.58238201141357,25.43060874938965,0,34.763293457031246,0.0010699336417019,0,0.0017387918487656,0.7760173082351685,0,1.7220234692096696,primary_correct_secondary_wrong,23.738769721984866,9.332684707641597
images/dissertation_v1/ood/sensory_artifact/blur_artifact/artifact_000096_04_blur_artifact.png,1,sensory_artifact,blur_artifact,62.703731536865234,1,38.58238201141357,28.435001373291016,0,34.763293457031246,0.0004587611474562,0,0.0017387918487656,0.7418485283851624,0,1.7220234692096696,primary_correct_secondary_wrong,24.121349525451663,6.32829208374023
images/dissertation_v1/ood/sensory_artifact/blur_artifact/artifact_000141_04_blur_artifact.png,1,sensory_artifact,blur_artifact,62.70875930786133,1,38.58238201141357,23.05957794189453,0,34.763293457031246,0.0001241050777025,0,0.0017387918487656,0.9046748876571656,0,1.7220234692096696,primary_correct_secondary_wrong,24.126377296447757,11.703715515136714
images/dissertation_v1/ood/sensory_artifact/blur_artifact/artifact_000111_04_blur_artifact.png,1,sensory_artifact,blur_artifact,62.80403137207031,1,38.58238201141357,32.933815002441406,0,34.763293457031246,0.000562933506444,0,0.0017387918487656,1.098698973655701,0,1.7220234692096696,primary_correct_secondary_wrong,24.22164936065674,1.8294784545898395
images/dissertation_v1/ood/sensory_artifact/blur_artifact/artifact_000076_04_blur_artifact.png,1,sensory_artifact,blur_artifact,62.96821594238281,1,38.58238201141357,27.845060348510746,0,34.763293457031246,0.0002936599776148,0,0.0017387918487656,0.9477933645248412,0,1.7220234692096696,primary_correct_secondary_wrong,24.38583393096924,6.9182331085205
images/dissertation_v1/ood/sensory_artifact/blur_artifact/artifact_000053_04_blur_artifact.png,1,sensory_artifact,blur_artifact,63.50694274902344,1,38.58238201141357,32.171714782714844,0,34.763293457031246,0.0001408505340805,0,0.0017387918487656,0.985325574874878,0,1.7220234692096696,primary_correct_secondary_wrong,24.924560737609866,2.591578674316402
images/dissertation_v1/ood/sensory_artifact/blur_artifact/artifact_000136_04_blur_artifact.png,1,sensory_artifact,blur_artifact,63.86934661865234,1,38.58238201141357,27.253448486328125,0,34.763293457031246,0.0002868586743716,0,0.0017387918487656,0.935314416885376,0,1.7220234692096696,primary_correct_secondary_wrong,25.286964607238765,7.509844970703121
images/dissertation_v1/ood/sensory_artifact/blur_artifact/artifact_000038_04_blur_artifact.png,1,sensory_artifact,blur_artifact,64.15082550048828,1,38.58238201141357,25.446199417114254,0,34.763293457031246,0.0001011603599181,0,0.0017387918487656,1.1761198043823242,0,1.7220234692096696,primary_correct_secondary_wrong,25.56844348907471,9.317094039916991
images/dissertation_v1/ood/sensory_artifact/jpeg_compression/artifact_000006_07_jpeg_compression.png,1,sensory_artifact,jpeg_compression,64.21540069580078,1,38.58238201141357,31.28313446044922,0,34.763293457031246,0.0009726350544951,0,0.0017387918487656,0.4817526042461395,0,1.7220234692096696,primary_correct_secondary_wrong,25.63301868438721,3.480158996582027
images/dissertation_v1/ood/sensory_artifact/blur_artifact/artifact_000042_04_blur_artifact.png,1,sensory_artifact,blur_artifact,64.58393096923828,1,38.58238201141357,29.71776390075684,0,34.763293457031246,0.0002935765951406,0,0.0017387918487656,2.2276852130889893,1,1.7220234692096696,primary_correct_secondary_wrong,26.00154895782471,5.045529556274406
images/dissertation_v1/ood/sensory_artifact/jpeg_compression/artifact_000124_07_jpeg_compression.png,1,sensory_artifact,jpeg_compression,64.80673217773438,1,38.58238201141357,29.75515365600586,0,34.763293457031246,0.0017596647376194,1,0.0017387918487656,1.2510535717010498,0,1.7220234692096696,primary_correct_secondary_wrong,26.224350166320804,5.008139801025386
images/dissertation_v1/ood/sensory_artifact/blur_artifact/artifact_000027_04_blur_artifact.png,1,sensory_artifact,blur_artifact,64.9834213256836,1,38.58238201141357,25.675315856933597,0,34.763293457031246,0.0003722756518982,0,0.0017387918487656,1.2159677743911743,0,1.7220234692096696,primary_correct_secondary_wrong,26.401039314270022,9.087977600097648
images/dissertation_v1/ood/sensory_artifact/blur_artifact/artifact_000114_04_blur_artifact.png,1,sensory_artifact,blur_artifact,65.2085189819336,1,38.58238201141357,23.18003845214844,0,34.763293457031246,2.5192810426233336e-05,0,0.0017387918487656,2.4347290992736816,1,1.7220234692096696,primary_correct_secondary_wrong,26.626136970520022,11.583255004882805
images/dissertation_v1/ood/sensory_artifact/jpeg_compression/artifact_000017_07_jpeg_compression.png,1,sensory_artifact,jpeg_compression,65.5478515625,1,38.58238201141357,29.62948226928711,0,34.763293457031246,0.0006506633944809,0,0.0017387918487656,0.6887657642364502,0,1.7220234692096696,primary_correct_secondary_wrong,26.96546955108643,5.133811187744136
images/dissertation_v1/ood/sensory_artifact/jpeg_compression/artifact_000099_07_jpeg_compression.png,1,sensory_artifact,jpeg_compression,65.67159271240234,1,38.58238201141357,27.967458724975582,0,34.763293457031246,0.0005894665955565,0,0.0017387918487656,0.4498021304607391,0,1.7220234692096696,primary_correct_secondary_wrong,27.089210700988772,6.795834732055663
images/dissertation_v1/ood/sensory_artifact/jpeg_compression/artifact_000140_07_jpeg_compression.png,1,sensory_artifact,jpeg_compression,65.79451751708984,1,38.58238201141357,33.79132080078125,0,34.763293457031246,0.0012182544451206,0,0.0017387918487656,0.6083380579948425,0,1.7220234692096696,primary_correct_secondary_wrong,27.212135505676272,0.9719726562499957
images/dissertation_v1/ood/sensory_artifact/jpeg_compression/artifact_000018_07_jpeg_compression.png,1,sensory_artifact,jpeg_compression,66.448486328125,1,38.58238201141357,33.96797561645508,0,34.763293457031246,0.0009282018290832,0,0.0017387918487656,0.7155609726905823,0,1.7220234692096696,primary_correct_secondary_wrong,27.86610431671143,0.7953178405761676
images/dissertation_v1/ood/sensory_artifact/jpeg_compression/artifact_000054_07_jpeg_compression.png,1,sensory_artifact,jpeg_compression,66.56462097167969,1,38.58238201141357,28.3418025970459,0,34.763293457031246,0.0011357991024851,0,0.0017387918487656,0.5330293774604797,0,1.7220234692096696,primary_correct_secondary_wrong,27.982238960266116,6.421490859985347
images/dissertation_v1/ood/sensory_artifact/blur_artifact/artifact_000103_04_blur_artifact.png,1,sensory_artifact,blur_artifact,66.56629943847656,1,38.58238201141357,26.341896057128903,0,34.763293457031246,0.000191344122868,0,0.0017387918487656,0.8428748846054077,0,1.7220234692096696,primary_correct_secondary_wrong,27.98391742706299,8.421397399902343
images/dissertation_v1/ood/sensory_artifact/jpeg_compression/artifact_000059_07_jpeg_compression.png,1,sensory_artifact,jpeg_compression,66.57939147949219,1,38.58238201141357,30.728206634521484,0,34.763293457031246,0.0005300746415741,0,0.0017387918487656,0.993308961391449,0,1.7220234692096696,primary_correct_secondary_wrong,27.997009468078616,4.035086822509761
images/dissertation_v1/ood/sensory_artifact/jpeg_compression/artifact_000130_07_jpeg_compression.png,1,sensory_artifact,jpeg_compression,66.61744689941406,1,38.58238201141357,24.877124786376957,0,34.763293457031246,0.0005051390035077,0,0.0017387918487656,0.4889872968196869,0,1.7220234692096696,primary_correct_secondary_wrong,28.03506488800049,9.886168670654289
images/dissertation_v1/ood/sensory_artifact/blur_artifact/artifact_000063_04_blur_artifact.png,1,sensory_artifact,blur_artifact,66.66268157958984,1,38.58238201141357,28.190046310424805,0,34.763293457031246,0.0004326960188336,0,0.0017387918487656,0.9803354740142822,0,1.7220234692096696,primary_correct_secondary_wrong,28.080299568176272,6.573247146606441
images/dissertation_v1/ood/sensory_artifact/blur_artifact/artifact_000115_04_blur_artifact.png,1,sensory_artifact,blur_artifact,66.72579193115234,1,38.58238201141357,25.503211975097656,0,34.763293457031246,9.586610394762828e-05,0,0.0017387918487656,3.913369417190552,1,1.7220234692096696,primary_correct_secondary_wrong,28.143409919738772,9.26008148193359
images/dissertation_v1/ood/sensory_artifact/blur_artifact/artifact_000134_04_blur_artifact.png,1,sensory_artifact,blur_artifact,66.74076843261719,1,38.58238201141357,23.963401794433597,0,34.763293457031246,2.564619899203535e-05,0,0.0017387918487656,2.402965545654297,1,1.7220234692096696,primary_correct_secondary_wrong,28.158386421203616,10.799891662597648
images/dissertation_v1/ood/sensory_artifact/jpeg_compression/artifact_000079_07_jpeg_compression.png,1,sensory_artifact,jpeg_compression,66.77703094482422,1,38.58238201141357,30.19447135925293,0,34.763293457031246,0.0005285963998176,0,0.0017387918487656,0.7315779328346252,0,1.7220234692096696,primary_correct_secondary_wrong,28.194648933410647,4.568822097778316
images/dissertation_v1/ood/sensory_artifact/blur_artifact/artifact_000068_04_blur_artifact.png,1,sensory_artifact,blur_artifact,66.8067855834961,1,38.58238201141357,32.829044342041016,0,34.763293457031246,0.0003659932408481,0,0.0017387918487656,1.126613974571228,0,1.7220234692096696,primary_correct_secondary_wrong,28.224403572082522,1.9342491149902301
images/dissertation_v1/ood/sensory_artifact/blur_artifact/artifact_000015_04_blur_artifact.png,1,sensory_artifact,blur_artifact,67.19278717041016,1,38.58238201141357,26.75143051147461,0,34.763293457031246,0.0001762231840984,0,0.0017387918487656,1.3369969129562378,0,1.7220234692096696,primary_correct_secondary_wrong,28.610405158996585,8.011862945556636
images/dissertation_v1/ood/sensory_artifact/jpeg_compression/artifact_000123_07_jpeg_compression.png,1,sensory_artifact,jpeg_compression,67.44745635986328,1,38.58238201141357,33.05534362792969,0,34.763293457031246,0.0007206126465462,0,0.0017387918487656,0.62465900182724,0,1.7220234692096696,primary_correct_secondary_wrong,28.86507434844971,1.7079498291015582
images/dissertation_v1/ood/sensory_artifact/jpeg_compression/artifact_000020_07_jpeg_compression.png,1,sensory_artifact,jpeg_compression,67.50637817382812,1,38.58238201141357,27.031715393066406,0,34.763293457031246,0.0009211017750203,0,0.0017387918487656,0.6131731271743774,0,1.7220234692096696,primary_correct_secondary_wrong,28.923996162414554,7.7315780639648395
images/dissertation_v1/ood/modality_shift/colour_fundus/colour_fundus_000079.png,1,modality_shift,colour_fundus,67.68138885498047,1,38.58238201141357,33.6991081237793,0,34.763293457031246,0.0387957543134689,1,0.0017387918487656,0.8946608304977417,0,1.7220234692096696,primary_correct_secondary_wrong,29.099006843566897,1.0641853332519489
images/dissertation_v1/ood/sensory_artifact/jpeg_compression/artifact_000133_07_jpeg_compression.png,1,sensory_artifact,jpeg_compression,67.79318237304688,1,38.58238201141357,27.677165985107425,0,34.763293457031246,0.0006056557758711,0,0.0017387918487656,0.6351032853126526,0,1.7220234692096696,primary_correct_secondary_wrong,29.210800361633304,7.08612747192382
images/dissertation_v1/ood/sensory_artifact/jpeg_compression/artifact_000043_07_jpeg_compression.png,1,sensory_artifact,jpeg_compression,67.83988952636719,1,38.58238201141357,31.13636589050293,0,34.763293457031246,0.0005598546704277,0,0.0017387918487656,0.7201488614082336,0,1.7220234692096696,primary_correct_secondary_wrong,29.257507514953616,3.626927566528316
images/dissertation_v1/ood/sensory_artifact/jpeg_compression/artifact_000025_07_jpeg_compression.png,1,sensory_artifact,jpeg_compression,67.8991928100586,1,38.58238201141357,29.7662410736084,0,34.763293457031246,0.0008564054151065,0,0.0017387918487656,0.957175076007843,0,1.7220234692096696,primary_correct_secondary_wrong,29.316810798645022,4.997052383422847
images/dissertation_v1/ood/sensory_artifact/jpeg_compression/artifact_000051_07_jpeg_compression.png,1,sensory_artifact,jpeg_compression,68.72689056396484,1,38.58238201141357,30.6448917388916,0,34.763293457031246,0.0009004190796986,0,0.0017387918487656,0.8371145725250244,0,1.7220234692096696,primary_correct_secondary_wrong,30.144508552551272,4.118401718139644
images/dissertation_v1/ood/sensory_artifact/jpeg_compression/artifact_000070_07_jpeg_compression.png,1,sensory_artifact,jpeg_compression,68.84757995605469,1,38.58238201141357,29.16607666015625,0,34.763293457031246,0.0006936567369848,0,0.0017387918487656,0.4360532462596893,0,1.7220234692096696,primary_correct_secondary_wrong,30.265197944641116,5.597216796874996
images/dissertation_v1/ood/modality_shift/colour_fundus/colour_fundus_000010.png,1,modality_shift,colour_fundus,69.33663177490234,1,38.58238201141357,33.86994934082031,0,34.763293457031246,0.0688918009400367,1,0.0017387918487656,1.585212230682373,0,1.7220234692096696,primary_correct_secondary_wrong,30.754249763488772,0.8933441162109332
images/dissertation_v1/ood/sensory_artifact/blur_artifact/artifact_000138_04_blur_artifact.png,1,sensory_artifact,blur_artifact,69.37913513183594,1,38.58238201141357,20.188295364379883,0,34.763293457031246,0.0001035270324791,0,0.0017387918487656,1.2049899101257324,0,1.7220234692096696,primary_correct_secondary_wrong,30.796753120422366,14.574998092651363
images/dissertation_v1/ood/sensory_artifact/blur_artifact/artifact_000066_04_blur_artifact.png,1,sensory_artifact,blur_artifact,69.61026763916016,1,38.58238201141357,29.530250549316406,0,34.763293457031246,0.0001258434494957,0,0.0017387918487656,0.8015519976615906,0,1.7220234692096696,primary_correct_secondary_wrong,31.027885627746585,5.2330429077148395
images/dissertation_v1/ood/sensory_artifact/jpeg_compression/artifact_000052_07_jpeg_compression.png,1,sensory_artifact,jpeg_compression,69.68423461914062,1,38.58238201141357,29.988401412963867,0,34.763293457031246,0.0005652357940562,0,0.0017387918487656,0.6924937963485718,0,1.7220234692096696,primary_correct_secondary_wrong,31.101852607727054,4.7748920440673785
images/dissertation_v1/ood/sensory_artifact/blur_artifact/artifact_000140_04_blur_artifact.png,1,sensory_artifact,blur_artifact,69.72682189941406,1,38.58238201141357,32.40660095214844,0,34.763293457031246,0.0004212990170344,0,0.0017387918487656,0.5749945044517517,0,1.7220234692096696,primary_correct_secondary_wrong,31.14443988800049,2.3566925048828082
images/dissertation_v1/ood/sensory_artifact/blur_artifact/artifact_000052_04_blur_artifact.png,1,sensory_artifact,blur_artifact,70.36285400390625,1,38.58238201141357,33.62088394165039,0,34.763293457031246,0.0001866491220425,0,0.0017387918487656,0.6945154070854187,0,1.7220234692096696,primary_correct_secondary_wrong,31.78047199249268,1.1424095153808551
images/dissertation_v1/ood/sensory_artifact/blur_artifact/artifact_000011_04_blur_artifact.png,1,sensory_artifact,blur_artifact,70.42192840576172,1,38.58238201141357,28.5760440826416,0,34.763293457031246,0.0002828136493917,0,0.0017387918487656,0.7488635778427124,0,1.7220234692096696,primary_correct_secondary_wrong,31.839546394348147,6.187249374389644
images/dissertation_v1/ood/sensory_artifact/jpeg_compression/artifact_000110_07_jpeg_compression.png,1,sensory_artifact,jpeg_compression,70.89739227294922,1,38.58238201141357,30.923044204711918,0,34.763293457031246,0.0006429370259866,0,0.0017387918487656,0.4569493532180786,0,1.7220234692096696,primary_correct_secondary_wrong,32.31501026153565,3.840249252319328
images/dissertation_v1/ood/sensory_artifact/blur_artifact/artifact_000054_04_blur_artifact.png,1,sensory_artifact,blur_artifact,71.2257080078125,1,38.58238201141357,28.57283592224121,0,34.763293457031246,0.0002405065461061,0,0.0017387918487656,0.709653913974762,0,1.7220234692096696,primary_correct_secondary_wrong,32.64332599639893,6.190457534790035
images/dissertation_v1/ood/modality_shift/colour_fundus/colour_fundus_000065.png,1,modality_shift,colour_fundus,71.28755950927734,1,38.58238201141357,34.49958419799805,0,34.763293457031246,0.0527508594095706,1,0.0017387918487656,1.0128288269042969,0,1.7220234692096696,primary_correct_secondary_wrong,32.70517749786377,0.26370925903319886
images/dissertation_v1/ood/sensory_artifact/jpeg_compression/artifact_000105_07_jpeg_compression.png,1,sensory_artifact,jpeg_compression,71.5936508178711,1,38.58238201141357,28.83216667175293,0,34.763293457031246,0.0009550262475386,0,0.0017387918487656,0.7625842690467834,0,1.7220234692096696,primary_correct_secondary_wrong,33.01126880645752,5.931126785278316
images/dissertation_v1/ood/sensory_artifact/blur_artifact/artifact_000109_04_blur_artifact.png,1,sensory_artifact,blur_artifact,71.80618286132812,1,38.58238201141357,27.188426971435547,0,34.763293457031246,0.0001061070288415,0,0.0017387918487656,1.3326352834701538,0,1.7220234692096696,primary_correct_secondary_wrong,33.223800849914554,7.574866485595699
images/dissertation_v1/ood/sensory_artifact/jpeg_compression/artifact_000115_07_jpeg_compression.png,1,sensory_artifact,jpeg_compression,71.88734436035156,1,38.58238201141357,26.84252166748047,0,34.763293457031246,0.000430373213021,0,0.0017387918487656,0.6264856457710266,0,1.7220234692096696,primary_correct_secondary_wrong,33.30496234893799,7.920771789550777
images/dissertation_v1/ood/sensory_artifact/blur_artifact/artifact_000130_04_blur_artifact.png,1,sensory_artifact,blur_artifact,72.30854797363281,1,38.58238201141357,25.64171028137207,0,34.763293457031246,0.0001220272533828,0,0.0017387918487656,0.7742477655410767,0,1.7220234692096696,primary_correct_secondary_wrong,33.72616596221924,9.121583175659175
images/dissertation_v1/ood/sensory_artifact/jpeg_compression/artifact_000040_07_jpeg_compression.png,1,sensory_artifact,jpeg_compression,72.45758819580078,1,38.58238201141357,29.458213806152344,0,34.763293457031246,0.0006330169271677,0,0.0017387918487656,0.5947827100753784,0,1.7220234692096696,primary_correct_secondary_wrong,33.87520618438721,5.305079650878902
images/dissertation_v1/ood/modality_shift/colour_fundus/colour_fundus_000162.png,1,modality_shift,colour_fundus,73.09815979003906,1,38.58238201141357,33.98683166503906,0,34.763293457031246,0.0716965645551681,1,0.0017387918487656,1.940279603004456,1,1.7220234692096696,primary_correct_secondary_wrong,34.51577777862549,0.7764617919921832
images/dissertation_v1/ood/sensory_artifact/blur_artifact/artifact_000120_04_blur_artifact.png,1,sensory_artifact,blur_artifact,73.10892486572266,1,38.58238201141357,30.608154296875,0,34.763293457031246,0.0002077757235383,0,0.0017387918487656,0.8107579946517944,0,1.7220234692096696,primary_correct_secondary_wrong,34.526542854309085,4.155139160156246
images/dissertation_v1/ood/sensory_artifact/gaussian_noise/artifact_000072_06_gaussian_noise.png,1,sensory_artifact,gaussian_noise,73.14630126953125,1,38.58238201141357,33.600440979003906,0,34.763293457031246,0.0015402465360239,0,0.0017387918487656,1.912485718727112,1,1.7220234692096696,primary_correct_secondary_wrong,34.56391925811768,1.1628524780273395
images/dissertation_v1/ood/sensory_artifact/blur_artifact/artifact_000069_04_blur_artifact.png,1,sensory_artifact,blur_artifact,73.77816009521484,1,38.58238201141357,27.095712661743164,0,34.763293457031246,0.0001067696866812,0,0.0017387918487656,0.927967607975006,0,1.7220234692096696,primary_correct_secondary_wrong,35.19577808380127,7.667580795288082
images/dissertation_v1/ood/sensory_artifact/blur_artifact/artifact_000080_04_blur_artifact.png,1,sensory_artifact,blur_artifact,74.2548599243164,1,38.58238201141357,33.52599334716797,0,34.763293457031246,0.0002182208845624,0,0.0017387918487656,0.6707421541213989,0,1.7220234692096696,primary_correct_secondary_wrong,35.672477912902835,1.237300109863277
images/dissertation_v1/ood/sensory_artifact/jpeg_compression/artifact_000033_07_jpeg_compression.png,1,sensory_artifact,jpeg_compression,74.45867156982422,1,38.58238201141357,28.944982528686523,0,34.763293457031246,0.000410899578128,0,0.0017387918487656,0.7610993981361389,0,1.7220234692096696,primary_correct_secondary_wrong,35.87628955841065,5.818310928344722
images/dissertation_v1/ood/sensory_artifact/blur_artifact/artifact_000046_04_blur_artifact.png,1,sensory_artifact,blur_artifact,74.58519744873047,1,38.58238201141357,34.37394714355469,0,34.763293457031246,0.0004388116649352,0,0.0017387918487656,0.983356773853302,0,1.7220234692096696,primary_correct_secondary_wrong,36.0028154373169,0.38934631347655824
images/dissertation_v1/ood/sensory_artifact/jpeg_compression/artifact_000109_07_jpeg_compression.png,1,sensory_artifact,jpeg_compression,74.59465026855469,1,38.58238201141357,25.51955223083496,0,34.763293457031246,0.0005632127868011,0,0.0017387918487656,1.0373092889785769,0,1.7220234692096696,primary_correct_secondary_wrong,36.012268257141116,9.243741226196285
images/dissertation_v1/ood/sensory_artifact/blur_artifact/artifact_000058_04_blur_artifact.png,1,sensory_artifact,blur_artifact,75.38333129882812,1,38.58238201141357,33.999969482421875,0,34.763293457031246,5.546195825445466e-05,0,0.0017387918487656,1.1998251676559448,0,1.7220234692096696,primary_correct_secondary_wrong,36.800949287414554,0.7633239746093707
images/dissertation_v1/ood/modality_shift/colour_fundus/colour_fundus_000137.png,1,modality_shift,colour_fundus,75.81836700439453,1,38.58238201141357,34.732906341552734,0,34.763293457031246,0.0777237340807914,1,0.0017387918487656,1.1579052209854126,0,1.7220234692096696,primary_correct_secondary_wrong,37.23598499298096,0.030387115478511362
images/dissertation_v1/ood/sensory_artifact/blur_artifact/artifact_000065_04_blur_artifact.png,1,sensory_artifact,blur_artifact,75.97802734375,1,38.58238201141357,31.58622932434082,0,34.763293457031246,0.0002885671565309,0,0.0017387918487656,0.9908998608589172,0,1.7220234692096696,primary_correct_secondary_wrong,37.39564533233643,3.1770641326904254
images/dissertation_v1/ood/sensory_artifact/blur_artifact/artifact_000067_04_blur_artifact.png,1,sensory_artifact,blur_artifact,76.04043579101562,1,38.58238201141357,26.91314125061035,0,34.763293457031246,4.015203012386337e-05,0,0.0017387918487656,1.0218713283538818,0,1.7220234692096696,primary_correct_secondary_wrong,37.458053779602054,7.850152206420894
images/dissertation_v1/ood/modality_shift/colour_fundus/colour_fundus_000038.png,1,modality_shift,colour_fundus,76.08009338378906,1,38.58238201141357,33.889068603515625,0,34.763293457031246,0.0306285861879587,1,0.0017387918487656,0.971672534942627,0,1.7220234692096696,primary_correct_secondary_wrong,37.49771137237549,0.8742248535156207
images/dissertation_v1/ood/sensory_artifact/blur_artifact/artifact_000051_04_blur_artifact.png,1,sensory_artifact,blur_artifact,76.3735122680664,1,38.58238201141357,31.64326858520508,0,34.763293457031246,0.0002820050285663,0,0.0017387918487656,1.1726748943328855,0,1.7220234692096696,primary_correct_secondary_wrong,37.791130256652835,3.120024871826164
images/dissertation_v1/ood/sensory_artifact/blur_artifact/artifact_000028_04_blur_artifact.png,1,sensory_artifact,blur_artifact,76.6308364868164,1,38.58238201141357,27.92333221435547,0,34.763293457031246,8.999573765322566e-05,0,0.0017387918487656,3.962779998779297,1,1.7220234692096696,primary_correct_secondary_wrong,38.048454475402835,6.839961242675777
images/dissertation_v1/ood/sensory_artifact/blur_artifact/artifact_000034_04_blur_artifact.png,1,sensory_artifact,blur_artifact,76.7567367553711,1,38.58238201141357,25.939777374267575,0,34.763293457031246,0.0002522807044442,0,0.0017387918487656,1.2804570198059082,0,1.7220234692096696,primary_correct_secondary_wrong,38.17435474395752,8.823516082763671
images/dissertation_v1/ood/sensory_artifact/blur_artifact/artifact_000129_04_blur_artifact.png,1,sensory_artifact,blur_artifact,76.81478881835938,1,38.58238201141357,31.02398109436035,0,34.763293457031246,0.0007953803869895,0,0.0017387918487656,0.5030153393745422,0,1.7220234692096696,primary_correct_secondary_wrong,38.232406806945804,3.739312362670894
images/dissertation_v1/ood/sensory_artifact/blur_artifact/artifact_000045_04_blur_artifact.png,1,sensory_artifact,blur_artifact,76.92748260498047,1,38.58238201141357,30.696929931640625,0,34.763293457031246,9.74008289631456e-05,0,0.0017387918487656,1.3623509407043457,0,1.7220234692096696,primary_correct_secondary_wrong,38.3451005935669,4.066363525390621
images/dissertation_v1/ood/sensory_artifact/blur_artifact/artifact_000008_04_blur_artifact.png,1,sensory_artifact,blur_artifact,77.01795959472656,1,38.58238201141357,31.151779174804688,0,34.763293457031246,0.0001130899327108,0,0.0017387918487656,0.9064388871192932,0,1.7220234692096696,primary_correct_secondary_wrong,38.43557758331299,3.6115142822265582
images/dissertation_v1/ood/sensory_artifact/jpeg_compression/artifact_000019_07_jpeg_compression.png,1,sensory_artifact,jpeg_compression,77.1659927368164,1,38.58238201141357,26.11922645568848,0,34.763293457031246,0.0004665148153435,0,0.0017387918487656,0.9819391965866088,0,1.7220234692096696,primary_correct_secondary_wrong,38.583610725402835,8.644067001342766
images/dissertation_v1/ood/sensory_artifact/blur_artifact/artifact_000133_04_blur_artifact.png,1,sensory_artifact,blur_artifact,77.19009399414062,1,38.58238201141357,29.054067611694336,0,34.763293457031246,0.0001274431415367,0,0.0017387918487656,0.9044344425201416,0,1.7220234692096696,primary_correct_secondary_wrong,38.607711982727054,5.70922584533691
images/dissertation_v1/ood/sensory_artifact/blur_artifact/artifact_000037_04_blur_artifact.png,1,sensory_artifact,blur_artifact,77.49801635742188,1,38.58238201141357,30.109249114990234,0,34.763293457031246,0.0001288153871428,0,0.0017387918487656,3.927413463592529,1,1.7220234692096696,primary_correct_secondary_wrong,38.915634346008304,4.654044342041011
images/dissertation_v1/ood/sensory_artifact/blur_artifact/artifact_000091_04_blur_artifact.png,1,sensory_artifact,blur_artifact,78.12444305419922,1,38.58238201141357,31.060853958129883,0,34.763293457031246,0.0001289627107325,0,0.0017387918487656,0.681669294834137,0,1.7220234692096696,primary_correct_secondary_wrong,39.54206104278565,3.702439498901363
images/dissertation_v1/ood/sensory_artifact/blur_artifact/artifact_000059_04_blur_artifact.png,1,sensory_artifact,blur_artifact,78.20700073242188,1,38.58238201141357,32.99415969848633,0,34.763293457031246,0.0001592990302015,0,0.0017387918487656,1.1228798627853394,0,1.7220234692096696,primary_correct_secondary_wrong,39.624618721008304,1.7691337585449176
images/dissertation_v1/ood/sensory_artifact/blur_artifact/artifact_000023_04_blur_artifact.png,1,sensory_artifact,blur_artifact,78.2330322265625,1,38.58238201141357,24.46697425842285,0,34.763293457031246,0.0002223027695436,0,0.0017387918487656,0.8021965622901917,0,1.7220234692096696,primary_correct_secondary_wrong,39.65065021514893,10.296319198608394
images/dissertation_v1/ood/sensory_artifact/blur_artifact/artifact_000126_04_blur_artifact.png,1,sensory_artifact,blur_artifact,78.27794647216797,1,38.58238201141357,28.910621643066406,0,34.763293457031246,0.000273768644547,0,0.0017387918487656,0.5511449575424194,0,1.7220234692096696,primary_correct_secondary_wrong,39.6955644607544,5.8526718139648395
images/dissertation_v1/ood/sensory_artifact/jpeg_compression/artifact_000086_07_jpeg_compression.png,1,sensory_artifact,jpeg_compression,78.472900390625,1,38.58238201141357,29.6333065032959,0,34.763293457031246,0.0006638708291575,0,0.0017387918487656,0.9765740036964417,0,1.7220234692096696,primary_correct_secondary_wrong,39.89051837921143,5.129986953735347
images/dissertation_v1/ood/sensory_artifact/jpeg_compression/artifact_000078_07_jpeg_compression.png,1,sensory_artifact,jpeg_compression,78.77204895019531,1,38.58238201141357,28.034610748291016,0,34.763293457031246,0.0006294905906543,0,0.0017387918487656,0.8659462332725525,0,1.7220234692096696,primary_correct_secondary_wrong,40.18966693878174,6.72868270874023
images/dissertation_v1/ood/sensory_artifact/blur_artifact/artifact_000086_04_blur_artifact.png,1,sensory_artifact,blur_artifact,79.08939361572266,1,38.58238201141357,31.0974235534668,0,34.763293457031246,0.0001444407680537,0,0.0017387918487656,1.0761399269104004,0,1.7220234692096696,primary_correct_secondary_wrong,40.507011604309085,3.6658699035644453
images/dissertation_v1/ood/sensory_artifact/jpeg_compression/artifact_000093_07_jpeg_compression.png,1,sensory_artifact,jpeg_compression,79.85652160644531,1,38.58238201141357,31.674421310424805,0,34.763293457031246,0.0010602376423776,0,0.0017387918487656,0.9191011190414428,0,1.7220234692096696,primary_correct_secondary_wrong,41.27413959503174,3.088872146606441
images/dissertation_v1/ood/sensory_artifact/jpeg_compression/artifact_000103_07_jpeg_compression.png,1,sensory_artifact,jpeg_compression,80.58676147460938,1,38.58238201141357,31.00316619873047,0,34.763293457031246,0.0006734197377227,0,0.0017387918487656,0.9327797293663024,0,1.7220234692096696,primary_correct_secondary_wrong,42.004379463195804,3.760127258300777
images/dissertation_v1/ood/sensory_artifact/jpeg_compression/artifact_000080_07_jpeg_compression.png,1,sensory_artifact,jpeg_compression,81.62358856201172,1,38.58238201141357,31.08409118652344,0,34.763293457031246,0.0007485566893592,0,0.0017387918487656,0.6082541346549988,0,1.7220234692096696,primary_correct_secondary_wrong,43.04120655059815,3.6792022705078047
images/dissertation_v1/ood/sensory_artifact/jpeg_compression/artifact_000131_07_jpeg_compression.png,1,sensory_artifact,jpeg_compression,81.76952362060547,1,38.58238201141357,31.44896507263184,0,34.763293457031246,0.0004261957656126,0,0.0017387918487656,0.828330934047699,0,1.7220234692096696,primary_correct_secondary_wrong,43.1871416091919,3.3143283843994062
images/dissertation_v1/ood/sensory_artifact/blur_artifact/artifact_000021_04_blur_artifact.png,1,sensory_artifact,blur_artifact,82.1860122680664,1,38.58238201141357,30.950254440307617,0,34.763293457031246,5.329761552275159e-05,0,0.0017387918487656,1.1988540887832642,0,1.7220234692096696,primary_correct_secondary_wrong,43.603630256652835,3.8130390167236285
images/dissertation_v1/ood/sensory_artifact/blur_artifact/artifact_000083_04_blur_artifact.png,1,sensory_artifact,blur_artifact,82.23760986328125,1,38.58238201141357,33.102020263671875,0,34.763293457031246,7.652042404515669e-05,0,0.0017387918487656,0.7021782398223877,0,1.7220234692096696,primary_correct_secondary_wrong,43.65522785186768,1.6612731933593707
images/dissertation_v1/ood/sensory_artifact/blur_artifact/artifact_000062_04_blur_artifact.png,1,sensory_artifact,blur_artifact,82.40235900878906,1,38.58238201141357,28.54927444458008,0,34.763293457031246,0.0001481705694459,0,0.0017387918487656,0.8252057433128357,0,1.7220234692096696,primary_correct_secondary_wrong,43.81997699737549,6.214019012451164
images/dissertation_v1/ood/sensory_artifact/jpeg_compression/artifact_000060_07_jpeg_compression.png,1,sensory_artifact,jpeg_compression,82.63372802734375,1,38.58238201141357,27.796527862548828,0,34.763293457031246,0.0003310541505925,0,0.0017387918487656,0.8490540385246277,0,1.7220234692096696,primary_correct_secondary_wrong,44.05134601593018,6.966765594482418
images/dissertation_v1/ood/sensory_artifact/jpeg_compression/artifact_000098_07_jpeg_compression.png,1,sensory_artifact,jpeg_compression,82.99159240722656,1,38.58238201141357,30.48177146911621,0,34.763293457031246,0.0003303024277556,0,0.0017387918487656,0.7916668653488159,0,1.7220234692096696,primary_correct_secondary_wrong,44.40921039581299,4.281521987915035
images/dissertation_v1/ood/sensory_artifact/jpeg_compression/artifact_000111_07_jpeg_compression.png,1,sensory_artifact,jpeg_compression,83.19476318359375,1,38.58238201141357,31.482318878173828,0,34.763293457031246,0.001162864267826,0,0.0017387918487656,1.088673114776611,0,1.7220234692096696,primary_correct_secondary_wrong,44.61238117218018,3.2809745788574176
images/dissertation_v1/ood/sensory_artifact/blur_artifact/artifact_000019_04_blur_artifact.png,1,sensory_artifact,blur_artifact,84.04256439208984,1,38.58238201141357,27.70709991455078,0,34.763293457031246,0.0001110977755161,0,0.0017387918487656,1.287630319595337,0,1.7220234692096696,primary_correct_secondary_wrong,45.46018238067627,7.0561935424804645
images/dissertation_v1/ood/sensory_artifact/blur_artifact/artifact_000077_04_blur_artifact.png,1,sensory_artifact,blur_artifact,84.91055297851562,1,38.58238201141357,32.41695022583008,0,34.763293457031246,0.0001266710023628,0,0.0017387918487656,0.8870266675949097,0,1.7220234692096696,primary_correct_secondary_wrong,46.328170967102054,2.3463432312011676
images/dissertation_v1/ood/sensory_artifact/blur_artifact/artifact_000039_04_blur_artifact.png,1,sensory_artifact,blur_artifact,85.06133270263672,1,38.58238201141357,27.729326248168945,0,34.763293457031246,0.0002622623869683,0,0.0017387918487656,0.996409237384796,0,1.7220234692096696,primary_correct_secondary_wrong,46.47895069122315,7.0339672088623
images/dissertation_v1/ood/sensory_artifact/jpeg_compression/artifact_000113_07_jpeg_compression.png,1,sensory_artifact,jpeg_compression,85.31361389160156,1,38.58238201141357,25.59487533569336,0,34.763293457031246,0.0004385361971799,0,0.0017387918487656,1.0798845291137695,0,1.7220234692096696,primary_correct_secondary_wrong,46.73123188018799,9.168418121337886
images/dissertation_v1/ood/sensory_artifact/blur_artifact/artifact_000119_04_blur_artifact.png,1,sensory_artifact,blur_artifact,85.48995208740234,1,38.58238201141357,27.733367919921875,0,34.763293457031246,0.0001591326872585,0,0.0017387918487656,0.7775145173072815,0,1.7220234692096696,primary_correct_secondary_wrong,46.90757007598877,7.029925537109371
images/dissertation_v1/ood/sensory_artifact/jpeg_compression/artifact_000137_07_jpeg_compression.png,1,sensory_artifact,jpeg_compression,85.490478515625,1,38.58238201141357,28.82393264770508,0,34.763293457031246,0.0006414479576051,0,0.0017387918487656,0.4680344462394714,0,1.7220234692096696,primary_correct_secondary_wrong,46.90809650421143,5.939360809326164
images/dissertation_v1/ood/sensory_artifact/jpeg_compression/artifact_000102_07_jpeg_compression.png,1,sensory_artifact,jpeg_compression,86.19611358642578,1,38.58238201141357,33.398860931396484,0,34.763293457031246,0.0005083584110252,0,0.0017387918487656,0.9872658848762512,0,1.7220234692096696,primary_correct_secondary_wrong,47.61373157501221,1.3644325256347614
images/dissertation_v1/ood/sensory_artifact/blur_artifact/artifact_000064_04_blur_artifact.png,1,sensory_artifact,blur_artifact,86.28642272949219,1,38.58238201141357,31.630216598510746,0,34.763293457031246,0.0005408542929217,0,0.0017387918487656,2.4896368980407715,1,1.7220234692096696,primary_correct_secondary_wrong,47.704040718078616,3.1330768585205
images/dissertation_v1/ood/sensory_artifact/blur_artifact/artifact_000135_04_blur_artifact.png,1,sensory_artifact,blur_artifact,86.33686828613281,1,38.58238201141357,30.33766746520996,0,34.763293457031246,0.0002261028421344,0,0.0017387918487656,1.398504614830017,0,1.7220234692096696,primary_correct_secondary_wrong,47.75448627471924,4.425625991821285
images/dissertation_v1/ood/sensory_artifact/blur_artifact/artifact_000031_04_blur_artifact.png,1,sensory_artifact,blur_artifact,86.47021484375,1,38.58238201141357,27.99135398864746,0,34.763293457031246,0.0002579066494945,0,0.0017387918487656,1.1127325296401978,0,1.7220234692096696,primary_correct_secondary_wrong,47.88783283233643,6.771939468383785
images/dissertation_v1/ood/sensory_artifact/jpeg_compression/artifact_000087_07_jpeg_compression.png,1,sensory_artifact,jpeg_compression,86.947265625,1,38.58238201141357,31.98987197875977,0,34.763293457031246,0.000508016848471,0,0.0017387918487656,0.6655700206756592,0,1.7220234692096696,primary_correct_secondary_wrong,48.36488361358643,2.7734214782714766
images/dissertation_v1/ood/sensory_artifact/blur_artifact/artifact_000000_04_blur_artifact.png,1,sensory_artifact,blur_artifact,87.54188537597656,1,38.58238201141357,29.64022254943848,0,34.763293457031246,3.194752207491547e-05,0,0.0017387918487656,1.7670875787734983,1,1.7220234692096696,primary_correct_secondary_wrong,48.95950336456299,5.123070907592766
images/dissertation_v1/ood/modality_shift/colour_fundus/colour_fundus_000146.png,1,modality_shift,colour_fundus,87.96137237548828,1,38.58238201141357,32.24150848388672,0,34.763293457031246,0.0830558836460113,1,0.0017387918487656,1.5819262266159058,0,1.7220234692096696,primary_correct_secondary_wrong,49.37899036407471,2.521784973144527
images/dissertation_v1/ood/sensory_artifact/blur_artifact/artifact_000085_04_blur_artifact.png,1,sensory_artifact,blur_artifact,88.76781463623047,1,38.58238201141357,31.07203865051269,0,34.763293457031246,0.0003267388965468,0,0.0017387918487656,1.0709363222122192,0,1.7220234692096696,primary_correct_secondary_wrong,50.1854326248169,3.691254806518554
images/dissertation_v1/ood/sensory_artifact/blur_artifact/artifact_000070_04_blur_artifact.png,1,sensory_artifact,blur_artifact,88.77632141113281,1,38.58238201141357,31.773513793945312,0,34.763293457031246,0.0001217408280353,0,0.0017387918487656,0.7262974381446838,0,1.7220234692096696,primary_correct_secondary_wrong,50.19393939971924,2.9897796630859332
images/dissertation_v1/ood/sensory_artifact/blur_artifact/artifact_000079_04_blur_artifact.png,1,sensory_artifact,blur_artifact,89.15351867675781,1,38.58238201141357,28.57436180114746,0,34.763293457031246,0.0001213077048305,0,0.0017387918487656,0.8880088329315186,0,1.7220234692096696,primary_correct_secondary_wrong,50.57113666534424,6.188931655883785
images/dissertation_v1/ood/sensory_artifact/blur_artifact/artifact_000018_04_blur_artifact.png,1,sensory_artifact,blur_artifact,89.38890075683594,1,38.58238201141357,32.479087829589844,0,34.763293457031246,0.000276941282209,0,0.0017387918487656,0.8132063746452332,0,1.7220234692096696,primary_correct_secondary_wrong,50.806518745422366,2.284205627441402
images/dissertation_v1/ood/sensory_artifact/jpeg_compression/artifact_000085_07_jpeg_compression.png,1,sensory_artifact,jpeg_compression,89.43587493896484,1,38.58238201141357,33.4499397277832,0,34.763293457031246,0.0011938603129237,0,0.0017387918487656,1.2030657529830933,0,1.7220234692096696,primary_correct_secondary_wrong,50.85349292755127,1.3133537292480426
images/dissertation_v1/ood/sensory_artifact/blur_artifact/artifact_000099_04_blur_artifact.png,1,sensory_artifact,blur_artifact,90.57125854492188,1,38.58238201141357,29.92963409423828,0,34.763293457031246,0.0001279175194213,0,0.0017387918487656,0.6673171520233154,0,1.7220234692096696,primary_correct_secondary_wrong,51.988876533508304,4.8336593627929645
images/dissertation_v1/ood/sensory_artifact/blur_artifact/artifact_000047_04_blur_artifact.png,1,sensory_artifact,blur_artifact,92.14154815673828,1,38.58238201141357,34.72110366821289,0,34.763293457031246,0.000147010985529,0,0.0017387918487656,0.7510961890220642,0,1.7220234692096696,primary_correct_secondary_wrong,53.55916614532471,0.04218978881835511
images/dissertation_v1/ood/sensory_artifact/blur_artifact/artifact_000049_04_blur_artifact.png,1,sensory_artifact,blur_artifact,92.38541412353516,1,38.58238201141357,27.88608169555664,0,34.763293457031246,0.0001853953581303,0,0.0017387918487656,0.7770498991012573,0,1.7220234692096696,primary_correct_secondary_wrong,53.803032112121585,6.877211761474605
images/dissertation_v1/ood/sensory_artifact/blur_artifact/artifact_000060_04_blur_artifact.png,1,sensory_artifact,blur_artifact,92.44923400878906,1,38.58238201141357,30.220664978027344,0,34.763293457031246,5.991896250634454e-05,0,0.0017387918487656,0.9135771989822388,0,1.7220234692096696,primary_correct_secondary_wrong,53.86685199737549,4.542628479003902
images/dissertation_v1/ood/sensory_artifact/jpeg_compression/artifact_000083_07_jpeg_compression.png,1,sensory_artifact,jpeg_compression,92.54820251464844,1,38.58238201141357,30.40314292907715,0,34.763293457031246,0.0003230605507269,0,0.0017387918487656,0.5272700786590576,0,1.7220234692096696,primary_correct_secondary_wrong,53.965820503234866,4.360150527954097
images/dissertation_v1/ood/sensory_artifact/jpeg_compression/artifact_000112_07_jpeg_compression.png,1,sensory_artifact,jpeg_compression,92.8226089477539,1,38.58238201141357,31.76011848449707,0,34.763293457031246,0.0004877344181295,0,0.0017387918487656,0.5874890685081482,0,1.7220234692096696,primary_correct_secondary_wrong,54.240226936340335,3.0031749725341754
images/dissertation_v1/ood/sensory_artifact/jpeg_compression/artifact_000072_07_jpeg_compression.png,1,sensory_artifact,jpeg_compression,93.38605499267578,1,38.58238201141357,33.687259674072266,0,34.763293457031246,0.0007929099956527,0,0.0017387918487656,1.2972010374069214,0,1.7220234692096696,primary_correct_secondary_wrong,54.80367298126221,1.0760337829589801
images/dissertation_v1/ood/sensory_artifact/blur_artifact/artifact_000010_04_blur_artifact.png,1,sensory_artifact,blur_artifact,94.56537628173828,1,38.58238201141357,30.427248001098636,0,34.763293457031246,7.998768705874681e-05,0,0.0017387918487656,0.8701037764549255,0,1.7220234692096696,primary_correct_secondary_wrong,55.98299427032471,4.336045455932609
images/dissertation_v1/ood/sensory_artifact/jpeg_compression/artifact_000045_07_jpeg_compression.png,1,sensory_artifact,jpeg_compression,95.0679931640625,1,38.58238201141357,32.34039306640625,0,34.763293457031246,0.0003487808280624,0,0.0017387918487656,1.3565778732299805,0,1.7220234692096696,primary_correct_secondary_wrong,56.48561115264893,2.4229003906249957
images/dissertation_v1/ood/sensory_artifact/blur_artifact/artifact_000029_04_blur_artifact.png,1,sensory_artifact,blur_artifact,95.57211303710938,1,38.58238201141357,27.135744094848636,0,34.763293457031246,0.0002694731811061,0,0.0017387918487656,1.0346673727035522,0,1.7220234692096696,primary_correct_secondary_wrong,56.989731025695804,7.627549362182609
images/dissertation_v1/ood/sensory_artifact/blur_artifact/artifact_000124_04_blur_artifact.png,1,sensory_artifact,blur_artifact,97.90644073486328,1,38.58238201141357,27.231689453125,0,34.763293457031246,0.0003684400871861,0,0.0017387918487656,1.559557557106018,0,1.7220234692096696,primary_correct_secondary_wrong,59.32405872344971,7.531604003906246
images/dissertation_v1/ood/sensory_artifact/blur_artifact/artifact_000055_04_blur_artifact.png,1,sensory_artifact,blur_artifact,98.23653411865234,1,38.58238201141357,27.1829833984375,0,34.763293457031246,0.0002242526970803,0,0.0017387918487656,1.945616602897644,1,1.7220234692096696,primary_correct_secondary_wrong,59.65415210723877,7.580310058593746
images/dissertation_v1/ood/sensory_artifact/jpeg_compression/artifact_000101_07_jpeg_compression.png,1,sensory_artifact,jpeg_compression,98.33488464355467,1,38.58238201141357,25.465524673461918,0,34.763293457031246,0.0004590321914292,0,0.0017387918487656,0.763478696346283,0,1.7220234692096696,primary_correct_secondary_wrong,59.7525026321411,9.297768783569328
images/dissertation_v1/ood/sensory_artifact/jpeg_compression/artifact_000057_07_jpeg_compression.png,1,sensory_artifact,jpeg_compression,99.7796630859375,1,38.58238201141357,28.819324493408203,0,34.763293457031246,0.0005055392975918,0,0.0017387918487656,1.0230064392089844,0,1.7220234692096696,primary_correct_secondary_wrong,61.19728107452393,5.943968963623043
images/dissertation_v1/ood/sensory_artifact/jpeg_compression/artifact_000038_07_jpeg_compression.png,1,sensory_artifact,jpeg_compression,100.38626861572266,1,38.58238201141357,26.39737701416016,0,34.763293457031246,0.0003684706462081,0,0.0017387918487656,1.0214742422103882,0,1.7220234692096696,primary_correct_secondary_wrong,61.803886604309085,8.365916442871086
images/dissertation_v1/ood/sensory_artifact/jpeg_compression/artifact_000022_07_jpeg_compression.png,1,sensory_artifact,jpeg_compression,102.74637603759766,1,38.58238201141357,34.459163665771484,0,34.763293457031246,0.0006133884307928,0,0.0017387918487656,0.8281696438789368,0,1.7220234692096696,primary_correct_secondary_wrong,64.16399402618408,0.30412979125976136
images/dissertation_v1/ood/sensory_artifact/jpeg_compression/artifact_000077_07_jpeg_compression.png,1,sensory_artifact,jpeg_compression,104.77276611328124,1,38.58238201141357,30.17445945739746,0,34.763293457031246,0.0006120255566202,0,0.0017387918487656,0.8242440223693848,0,1.7220234692096696,primary_correct_secondary_wrong,66.19038410186766,4.588833999633785
images/dissertation_v1/ood/sensory_artifact/jpeg_compression/artifact_000149_07_jpeg_compression.png,1,sensory_artifact,jpeg_compression,104.98558807373048,1,38.58238201141357,30.08463859558105,0,34.763293457031246,0.0005188510403968,0,0.0017387918487656,0.5901142358779907,0,1.7220234692096696,primary_correct_secondary_wrong,66.40320606231691,4.678654861450195
images/dissertation_v1/ood/sensory_artifact/jpeg_compression/artifact_000069_07_jpeg_compression.png,1,sensory_artifact,jpeg_compression,108.42130279541016,1,38.58238201141357,27.83236122131348,0,34.763293457031246,0.000421935255872,0,0.0017387918487656,0.878030002117157,0,1.7220234692096696,primary_correct_secondary_wrong,69.83892078399658,6.930932235717766
images/dissertation_v1/ood/sensory_artifact/jpeg_compression/artifact_000037_07_jpeg_compression.png,1,sensory_artifact,jpeg_compression,110.5091323852539,1,38.58238201141357,29.985013961791992,0,34.763293457031246,0.000550530385226,0,0.0017387918487656,0.7475194334983826,0,1.7220234692096696,primary_correct_secondary_wrong,71.92675037384033,4.7782794952392535
images/dissertation_v1/ood/sensory_artifact/jpeg_compression/artifact_000104_07_jpeg_compression.png,1,sensory_artifact,jpeg_compression,119.43972778320312,1,38.58238201141357,30.725494384765625,0,34.763293457031246,0.0004596046346705,0,0.0017387918487656,0.9113495349884032,0,1.7220234692096696,primary_correct_secondary_wrong,80.85734577178955,4.037799072265621
images/dissertation_v1/ood/sensory_artifact/jpeg_compression/artifact_000127_07_jpeg_compression.png,1,sensory_artifact,jpeg_compression,120.89085388183594,1,38.58238201141357,32.38880157470703,0,34.763293457031246,0.000592527561821,0,0.0017387918487656,1.1542545557022097,0,1.7220234692096696,primary_correct_secondary_wrong,82.30847187042237,2.3744918823242145
images/dissertation_v1/ood/sensory_artifact/jpeg_compression/artifact_000010_07_jpeg_compression.png,1,sensory_artifact,jpeg_compression,125.91060638427734,1,38.58238201141357,30.460628509521484,0,34.763293457031246,0.000406988459872,0,0.0017387918487656,0.9711119532585144,0,1.7220234692096696,primary_correct_secondary_wrong,87.32822437286377,4.302664947509761
images/dissertation_v1/ood/sensory_artifact/jpeg_compression/artifact_000008_07_jpeg_compression.png,1,sensory_artifact,jpeg_compression,147.803955078125,1,38.58238201141357,31.080379486083984,0,34.763293457031246,0.0003876416594721,0,0.0017387918487656,0.7544415593147278,0,1.7220234692096696,primary_correct_secondary_wrong,109.22157306671143,3.6829139709472614
images/dissertation_v1/ood/sensory_artifact/jpeg_compression/artifact_000053_07_jpeg_compression.png,1,sensory_artifact,jpeg_compression,153.83995056152344,1,38.58238201141357,30.704191207885746,0,34.763293457031246,0.0002815973421093,0,0.0017387918487656,1.014565110206604,0,1.7220234692096696,primary_correct_secondary_wrong,115.25756855010987,4.0591022491455
images/dissertation_v1/ood/sensory_artifact/jpeg_compression/artifact_000067_07_jpeg_compression.png,1,sensory_artifact,jpeg_compression,176.13626098632812,1,38.58238201141357,27.939233779907227,0,34.763293457031246,0.0001624995929887,0,0.0017387918487656,1.0289366245269775,0,1.7220234692096696,primary_correct_secondary_wrong,137.55387897491454,6.824059677124019
images/dissertation_v1/ood/sensory_artifact/jpeg_compression/artifact_000108_07_jpeg_compression.png,1,sensory_artifact,jpeg_compression,183.6970367431641,1,38.58238201141357,33.46482467651367,0,34.763293457031246,0.0003531502734404,0,0.0017387918487656,1.2036867141723633,0,1.7220234692096696,primary_correct_secondary_wrong,145.11465473175053,1.2984687805175739
images/dissertation_v1/ood/sensory_artifact/jpeg_compression/artifact_000097_07_jpeg_compression.png,1,sensory_artifact,jpeg_compression,191.8663024902344,1,38.58238201141357,31.120607376098636,0,34.763293457031246,0.0001704140595393,0,0.0017387918487656,1.5340797901153564,0,1.7220234692096696,primary_correct_secondary_wrong,153.28392047882085,3.6426860809326094
images/dissertation_v1/ood/sensory_artifact/jpeg_compression/artifact_000021_07_jpeg_compression.png,1,sensory_artifact,jpeg_compression,195.3762969970703,1,38.58238201141357,31.995506286621094,0,34.763293457031246,0.0001770344097167,0,0.0017387918487656,1.253653883934021,0,1.7220234692096696,primary_correct_secondary_wrong,156.79391498565673,2.767787170410152
images/dissertation_v1/ood/sensory_artifact/jpeg_compression/artifact_000088_07_jpeg_compression.png,1,sensory_artifact,jpeg_compression,196.54864501953125,1,38.58238201141357,27.44599914550781,0,34.763293457031246,0.000147922502947,0,0.0017387918487656,1.4373397827148438,0,1.7220234692096696,primary_correct_secondary_wrong,157.96626300811766,7.317294311523437
images/dissertation_v1/ood/sensory_artifact/jpeg_compression/artifact_000012_07_jpeg_compression.png,1,sensory_artifact,jpeg_compression,200.136474609375,1,38.58238201141357,26.732240676879883,0,34.763293457031246,0.0001544691185699,0,0.0017387918487656,1.267801284790039,0,1.7220234692096696,primary_correct_secondary_wrong,161.55409259796141,8.031052780151363
images/dissertation_v1/ood/sensory_artifact/jpeg_compression/artifact_000073_07_jpeg_compression.png,1,sensory_artifact,jpeg_compression,203.35777282714844,1,38.58238201141357,31.319366455078125,0,34.763293457031246,5.241407416178845e-05,0,0.0017387918487656,3.4930858612060547,1,1.7220234692096696,primary_correct_secondary_wrong,164.77539081573485,3.4439270019531207
images/dissertation_v1/ood/sensory_artifact/jpeg_compression/artifact_000128_07_jpeg_compression.png,1,sensory_artifact,jpeg_compression,207.51516723632807,1,38.58238201141357,24.67966079711914,0,34.763293457031246,0.0001307789789279,0,0.0017387918487656,1.4382699728012085,0,1.7220234692096696,primary_correct_secondary_wrong,168.93278522491448,10.083632659912105
images/dissertation_v1/ood/sensory_artifact/jpeg_compression/artifact_000146_07_jpeg_compression.png,1,sensory_artifact,jpeg_compression,211.57395935058597,1,38.58238201141357,29.25146102905273,0,34.763293457031246,6.680390652036294e-05,0,0.0017387918487656,2.475956678390503,1,1.7220234692096696,primary_correct_secondary_wrong,172.9915773391724,5.511832427978515
images/dissertation_v1/ood/sensory_artifact/jpeg_compression/artifact_000056_07_jpeg_compression.png,1,sensory_artifact,jpeg_compression,218.3002471923828,1,38.58238201141357,24.490989685058597,0,34.763293457031246,0.0001241765276063,0,0.0017387918487656,1.4926294088363647,0,1.7220234692096696,primary_correct_secondary_wrong,179.71786518096923,10.272303771972648
images/dissertation_v1/ood/sensory_artifact/jpeg_compression/artifact_000134_07_jpeg_compression.png,1,sensory_artifact,jpeg_compression,218.30319213867188,1,38.58238201141357,29.153594970703125,0,34.763293457031246,6.341446714941412e-05,0,0.0017387918487656,2.3977973461151123,1,1.7220234692096696,primary_correct_secondary_wrong,179.7208101272583,5.609698486328121
images/dissertation_v1/ood/sensory_artifact/jpeg_compression/artifact_000106_07_jpeg_compression.png,1,sensory_artifact,jpeg_compression,221.77622985839844,1,38.58238201141357,30.402925491333008,0,34.763293457031246,6.321034743450582e-05,0,0.0017387918487656,2.4758522510528564,1,1.7220234692096696,primary_correct_secondary_wrong,183.19384784698485,4.360367965698238
images/dissertation_v1/ood/sensory_artifact/jpeg_compression/artifact_000114_07_jpeg_compression.png,1,sensory_artifact,jpeg_compression,229.01193237304688,1,38.58238201141357,32.2927360534668,0,34.763293457031246,5.806046101497486e-05,0,0.0017387918487656,2.588961362838745,1,1.7220234692096696,primary_correct_secondary_wrong,190.4295503616333,2.470557403564449
images/dissertation_v1/ood/sensory_artifact/jpeg_compression/artifact_000000_07_jpeg_compression.png,1,sensory_artifact,jpeg_compression,231.3844451904297,1,38.58238201141357,31.38780975341797,0,34.763293457031246,0.0001208054090966,0,0.0017387918487656,1.731858730316162,1,1.7220234692096696,primary_correct_secondary_wrong,192.8020631790161,3.375483703613277
images/dissertation_v1/ood/sensory_artifact/gaussian_noise/artifact_000095_06_gaussian_noise.png,1,sensory_artifact,gaussian_noise,38.49222946166992,0,38.58238201141357,28.26617813110352,0,34.763293457031246,0.0018680142238736,1,0.0017387918487656,1.1666009426116943,0,1.7220234692096696,primary_false_negative_ood,0.0901525497436495,6.497115325927727
images/dissertation_v1/ood/sensory_artifact/text_watermark/artifact_000100_00_text_watermark.png,1,sensory_artifact,text_watermark,38.4276008605957,0,38.58238201141357,41.1335334777832,1,34.763293457031246,0.001210513873957,0,0.0017387918487656,0.8080413937568665,0,1.7220234692096696,primary_false_negative_ood,0.15478115081786825,6.370240020751957
images/dissertation_v1/ood/sensory_artifact/jpeg_compression/artifact_000092_07_jpeg_compression.png,1,sensory_artifact,jpeg_compression,38.30368041992188,0,38.58238201141357,22.89544486999512,0,34.763293457031246,0.0008373670862056,0,0.0017387918487656,0.8942230343818665,0,1.7220234692096696,primary_false_negative_ood,0.27870159149168927,11.867848587036125
images/dissertation_v1/ood/sensory_artifact/gaussian_noise/artifact_000023_06_gaussian_noise.png,1,sensory_artifact,gaussian_noise,38.2830924987793,0,38.58238201141357,29.269437789916992,0,34.763293457031246,0.001930336584337,1,0.0017387918487656,1.3023319244384766,0,1.7220234692096696,primary_false_negative_ood,0.2992895126342745,5.4938556671142535
images/dissertation_v1/ood/sensory_artifact/gaussian_noise/artifact_000135_06_gaussian_noise.png,1,sensory_artifact,gaussian_noise,38.27896499633789,0,38.58238201141357,27.937952041625977,0,34.763293457031246,0.0020711524412035,1,0.0017387918487656,1.5891344547271729,0,1.7220234692096696,primary_false_negative_ood,0.30341701507568075,6.825341415405269
images/dissertation_v1/ood/sensory_artifact/gaussian_noise/artifact_000116_06_gaussian_noise.png,1,sensory_artifact,gaussian_noise,38.24447250366211,0,38.58238201141357,29.01178932189941,0,34.763293457031246,0.0019378317520022,1,0.0017387918487656,0.7663905024528503,0,1.7220234692096696,primary_false_negative_ood,0.337909507751462,5.751504135131835
images/dissertation_v1/ood/sensory_artifact/jpeg_compression/artifact_000096_07_jpeg_compression.png,1,sensory_artifact,jpeg_compression,38.2429313659668,0,38.58238201141357,26.12337684631348,0,34.763293457031246,0.0013328635832294,0,0.0017387918487656,0.6661925315856934,0,1.7220234692096696,primary_false_negative_ood,0.3394506454467745,8.639916610717766
images/dissertation_v1/ood/sensory_artifact/jpeg_compression/artifact_000144_07_jpeg_compression.png,1,sensory_artifact,jpeg_compression,38.0976791381836,0,38.58238201141357,32.71564483642578,0,34.763293457031246,0.0009518706938251,0,0.0017387918487656,0.9329068660736084,0,1.7220234692096696,primary_false_negative_ood,0.4847028732299705,2.0476486206054645
images/dissertation_v1/ood/sensory_artifact/blur_artifact/artifact_000088_04_blur_artifact.png,1,sensory_artifact,blur_artifact,37.87535858154297,0,38.58238201141357,23.85276985168457,0,34.763293457031246,8.572154911234975e-05,0,0.0017387918487656,1.2739136219024658,0,1.7220234692096696,primary_false_negative_ood,0.7070234298706026,10.910523605346675
images/dissertation_v1/ood/sensory_artifact/gaussian_noise/artifact_000020_06_gaussian_noise.png,1,sensory_artifact,gaussian_noise,37.57374954223633,0,38.58238201141357,36.75301742553711,1,34.763293457031246,0.0013346503255888,0,0.0017387918487656,0.7449801564216614,0,1.7220234692096696,primary_false_negative_ood,1.0086324691772433,1.9897239685058636
images/dissertation_v1/ood/sensory_artifact/text_watermark/artifact_000041_00_text_watermark.png,1,sensory_artifact,text_watermark,37.49256896972656,0,38.58238201141357,35.1393928527832,1,34.763293457031246,0.0014483924023807,0,0.0017387918487656,0.8623661994934082,0,1.7220234692096696,primary_false_negative_ood,1.0898130416870089,0.3760993957519574
images/dissertation_v1/ood/sensory_artifact/jpeg_compression/artifact_000094_07_jpeg_compression.png,1,sensory_artifact,jpeg_compression,37.46672821044922,0,38.58238201141357,26.05722999572754,0,34.763293457031246,0.0011347805848345,0,0.0017387918487656,0.5765987634658813,0,1.7220234692096696,primary_false_negative_ood,1.1156538009643526,8.706063461303707
images/dissertation_v1/ood/sensory_artifact/text_watermark/artifact_000110_00_text_watermark.png,1,sensory_artifact,text_watermark,37.46595764160156,0,38.58238201141357,41.34783172607422,1,34.763293457031246,0.000704058795236,0,0.0017387918487656,0.4296534657478332,0,1.7220234692096696,primary_false_negative_ood,1.1164243698120089,6.584538269042973
images/dissertation_v1/ood/sensory_artifact/text_watermark/artifact_000077_00_text_watermark.png,1,sensory_artifact,text_watermark,37.43611907958984,0,38.58238201141357,33.24119186401367,0,34.763293457031246,0.0006584899965673,0,0.0017387918487656,0.7578436732292175,0,1.7220234692096696,primary_false_negative_ood,1.1462629318237347,1.5221015930175739
images/dissertation_v1/ood/sensory_artifact/text_watermark/artifact_000022_00_text_watermark.png,1,sensory_artifact,text_watermark,37.27462387084961,0,38.58238201141357,47.14188766479492,1,34.763293457031246,0.0006580344052053,0,0.0017387918487656,0.689285397529602,0,1.7220234692096696,primary_false_negative_ood,1.307758140563962,12.378594207763676
images/dissertation_v1/ood/sensory_artifact/text_watermark/artifact_000112_00_text_watermark.png,1,sensory_artifact,text_watermark,37.20674514770508,0,38.58238201141357,47.04662704467773,1,34.763293457031246,0.0005274983122944,0,0.0017387918487656,0.571537971496582,0,1.7220234692096696,primary_false_negative_ood,1.3756368637084933,12.283333587646482
images/dissertation_v1/ood/sensory_artifact/text_watermark/artifact_000054_00_text_watermark.png,1,sensory_artifact,text_watermark,36.90169906616211,0,38.58238201141357,35.445648193359375,1,34.763293457031246,0.0011658465955406,0,0.0017387918487656,0.5429983139038086,0,1.7220234692096696,primary_false_negative_ood,1.680682945251462,0.6823547363281293
images/dissertation_v1/ood/sensory_artifact/gaussian_noise/artifact_000090_06_gaussian_noise.png,1,sensory_artifact,gaussian_noise,36.85352325439453,0,38.58238201141357,38.24261474609375,1,34.763293457031246,0.001096085878089,0,0.0017387918487656,0.7472350001335144,0,1.7220234692096696,primary_false_negative_ood,1.7288587570190401,3.4793212890625043
images/dissertation_v1/ood/sensory_artifact/text_watermark/artifact_000148_00_text_watermark.png,1,sensory_artifact,text_watermark,36.763404846191406,0,38.58238201141357,47.273529052734375,1,34.763293457031246,0.0009731327882036,0,0.0017387918487656,0.9199514985084534,0,1.7220234692096696,primary_false_negative_ood,1.8189771652221651,12.51023559570313
images/dissertation_v1/ood/sensory_artifact/gaussian_noise/artifact_000070_06_gaussian_noise.png,1,sensory_artifact,gaussian_noise,36.70471954345703,0,38.58238201141357,34.11066818237305,0,34.763293457031246,0.0010988664580509,0,0.0017387918487656,0.6591551899909973,0,1.7220234692096696,primary_false_negative_ood,1.8776624679565401,0.6526252746581989
images/dissertation_v1/ood/sensory_artifact/text_watermark/artifact_000057_00_text_watermark.png,1,sensory_artifact,text_watermark,36.555850982666016,0,38.58238201141357,41.72394561767578,1,34.763293457031246,0.0005453740595839,0,0.0017387918487656,0.9811480641365052,0,1.7220234692096696,primary_false_negative_ood,2.0265310287475558,6.9606521606445355
images/dissertation_v1/ood/sensory_artifact/gaussian_noise/artifact_000094_06_gaussian_noise.png,1,sensory_artifact,gaussian_noise,36.52330017089844,0,38.58238201141357,31.42205810546875,0,34.763293457031246,0.0015445459866896,0,0.0017387918487656,0.8991371393203735,0,1.7220234692096696,primary_false_negative_ood,2.059081840515134,3.3412353515624957
images/dissertation_v1/ood/sensory_artifact/gaussian_noise/artifact_000147_06_gaussian_noise.png,1,sensory_artifact,gaussian_noise,36.44352340698242,0,38.58238201141357,31.07815170288086,0,34.763293457031246,0.0014008292928338,0,0.0017387918487656,0.915776550769806,0,1.7220234692096696,primary_false_negative_ood,2.1388586044311495,3.6851417541503864
images/dissertation_v1/ood/sensory_artifact/gaussian_noise/artifact_000096_06_gaussian_noise.png,1,sensory_artifact,gaussian_noise,36.43228530883789,0,38.58238201141357,29.577362060546875,0,34.763293457031246,0.0019235489889979,1,0.0017387918487656,1.1176352500915527,0,1.7220234692096696,primary_false_negative_ood,2.1500967025756808,5.185931396484371
images/dissertation_v1/ood/sensory_artifact/text_watermark/artifact_000045_00_text_watermark.png,1,sensory_artifact,text_watermark,36.40361022949219,0,38.58238201141357,40.38117218017578,1,34.763293457031246,0.0004033912555314,0,0.0017387918487656,1.2447705268859863,0,1.7220234692096696,primary_false_negative_ood,2.178771781921384,5.6178787231445355
images/dissertation_v1/ood/sensory_artifact/blur_artifact/artifact_000073_04_blur_artifact.png,1,sensory_artifact,blur_artifact,36.3970947265625,0,38.58238201141357,22.615816116333008,0,34.763293457031246,4.098656791029498e-05,0,0.0017387918487656,2.1017110347747803,1,1.7220234692096696,primary_false_negative_ood,2.1852872848510714,12.147477340698238
images/dissertation_v1/ood/sensory_artifact/text_watermark/artifact_000139_00_text_watermark.png,1,sensory_artifact,text_watermark,36.21723556518555,0,38.58238201141357,49.77981948852539,1,34.763293457031246,0.0004190349427517,0,0.0017387918487656,0.7332251071929932,0,1.7220234692096696,primary_false_negative_ood,2.3651464462280245,15.016526031494145
images/dissertation_v1/ood/sensory_artifact/gaussian_noise/artifact_000027_06_gaussian_noise.png,1,sensory_artifact,gaussian_noise,36.1748161315918,0,38.58238201141357,26.799148559570312,0,34.763293457031246,0.0020245050545781,1,0.0017387918487656,1.4955750703811646,0,1.7220234692096696,primary_false_negative_ood,2.4075658798217745,7.964144897460933
images/dissertation_v1/ood/sensory_artifact/text_watermark/artifact_000127_00_text_watermark.png,1,sensory_artifact,text_watermark,36.150146484375,0,38.58238201141357,46.86670303344727,1,34.763293457031246,0.0006344208377413,0,0.0017387918487656,1.1175113916397097,0,1.7220234692096696,primary_false_negative_ood,2.4322355270385714,12.103409576416027
images/dissertation_v1/ood/sensory_artifact/gaussian_noise/artifact_000118_06_gaussian_noise.png,1,sensory_artifact,gaussian_noise,36.09112930297852,0,38.58238201141357,34.916297912597656,1,34.763293457031246,0.0015691041480749,0,0.0017387918487656,0.9711085557937622,0,1.7220234692096696,primary_false_negative_ood,2.4912527084350486,0.1530044555664105
images/dissertation_v1/ood/sensory_artifact/text_watermark/artifact_000009_00_text_watermark.png,1,sensory_artifact,text_watermark,35.91133117675781,0,38.58238201141357,37.00252914428711,1,34.763293457031246,0.0012411561328917,0,0.0017387918487656,0.6762012243270874,0,1.7220234692096696,primary_false_negative_ood,2.671050834655759,2.2392356872558636
images/dissertation_v1/ood/sensory_artifact/text_watermark/artifact_000124_00_text_watermark.png,1,sensory_artifact,text_watermark,35.888206481933594,0,38.58238201141357,32.28541946411133,0,34.763293457031246,0.001805669744499,1,0.0017387918487656,1.3538439273834229,0,1.7220234692096696,primary_false_negative_ood,2.6941755294799776,2.4778739929199176
images/dissertation_v1/ood/sensory_artifact/text_watermark/artifact_000131_00_text_watermark.png,1,sensory_artifact,text_watermark,35.80500793457031,0,38.58238201141357,42.10588836669922,1,34.763293457031246,0.0004707092884927,0,0.0017387918487656,0.733283519744873,0,1.7220234692096696,primary_false_negative_ood,2.777374076843259,7.342594909667973
images/dissertation_v1/ood/sensory_artifact/text_watermark/artifact_000071_00_text_watermark.png,1,sensory_artifact,text_watermark,35.74766540527344,0,38.58238201141357,37.2203483581543,1,34.763293457031246,0.0019229849567636,1,0.0017387918487656,2.754220724105835,1,1.7220234692096696,primary_false_negative_ood,2.834716606140134,2.457054901123051
images/dissertation_v1/ood/sensory_artifact/text_watermark/artifact_000064_00_text_watermark.png,1,sensory_artifact,text_watermark,35.677703857421875,0,38.58238201141357,30.416078567504883,0,34.763293457031246,0.0020390264689922,1,0.0017387918487656,2.4632883071899414,1,1.7220234692096696,primary_false_negative_ood,2.9046781539916964,4.347214889526363
images/dissertation_v1/ood/sensory_artifact/text_watermark/artifact_000068_00_text_watermark.png,1,sensory_artifact,text_watermark,35.5728759765625,0,38.58238201141357,35.74734878540039,1,34.763293457031246,0.0012388149043545,0,0.0017387918487656,0.8505449891090393,0,1.7220234692096696,primary_false_negative_ood,3.0095060348510714,0.9840553283691449
images/dissertation_v1/ood/sensory_artifact/text_watermark/artifact_000000_00_text_watermark.png,1,sensory_artifact,text_watermark,35.40380096435547,0,38.58238201141357,39.916534423828125,1,34.763293457031246,0.0002007810981012,0,0.0017387918487656,1.652095913887024,0,1.7220234692096696,primary_false_negative_ood,3.1785810470581026,5.153240966796879
images/dissertation_v1/ood/sensory_artifact/jpeg_compression/artifact_000138_07_jpeg_compression.png,1,sensory_artifact,jpeg_compression,35.25584030151367,0,38.58238201141357,19.984952926635746,0,34.763293457031246,0.0009261723607778,0,0.0017387918487656,0.8169084191322327,0,1.7220234692096696,primary_false_negative_ood,3.3265417098998995,14.7783405303955
images/dissertation_v1/ood/sensory_artifact/text_watermark/artifact_000143_00_text_watermark.png,1,sensory_artifact,text_watermark,35.241668701171875,0,38.58238201141357,41.339237213134766,1,34.763293457031246,0.0008064238354563,0,0.0017387918487656,1.258509874343872,0,1.7220234692096696,primary_false_negative_ood,3.3407133102416964,6.57594375610352
images/dissertation_v1/ood/sensory_artifact/text_watermark/artifact_000102_00_text_watermark.png,1,sensory_artifact,text_watermark,35.16289138793945,0,38.58238201141357,39.866512298583984,1,34.763293457031246,0.0005637478898279,0,0.0017387918487656,0.9243549704551696,0,1.7220234692096696,primary_false_negative_ood,3.4194906234741183,5.103218841552739
images/dissertation_v1/ood/sensory_artifact/text_watermark/artifact_000049_00_text_watermark.png,1,sensory_artifact,text_watermark,34.92403793334961,0,38.58238201141357,36.89507675170898,1,34.763293457031246,0.0008744351216591,0,0.0017387918487656,0.5693733096122742,0,1.7220234692096696,primary_false_negative_ood,3.658344078063962,2.1317832946777315
images/dissertation_v1/ood/sensory_artifact/text_watermark/artifact_000132_00_text_watermark.png,1,sensory_artifact,text_watermark,34.83342742919922,0,38.58238201141357,35.242435455322266,1,34.763293457031246,0.0009078922448679,0,0.0017387918487656,0.5721368193626404,0,1.7220234692096696,primary_false_negative_ood,3.7489545822143526,0.4791419982910199
images/dissertation_v1/ood/sensory_artifact/text_watermark/artifact_000062_00_text_watermark.png,1,sensory_artifact,text_watermark,34.69786834716797,0,38.58238201141357,35.1776123046875,1,34.763293457031246,0.0007436351734213,0,0.0017387918487656,0.5454431772232056,0,1.7220234692096696,primary_false_negative_ood,3.8845136642456026,0.41431884765625426
images/dissertation_v1/ood/sensory_artifact/text_watermark/artifact_000104_00_text_watermark.png,1,sensory_artifact,text_watermark,34.65766143798828,0,38.58238201141357,39.83097839355469,1,34.763293457031246,0.0004968425491824,0,0.0017387918487656,0.7722935676574707,0,1.7220234692096696,primary_false_negative_ood,3.92472057342529,5.067684936523442
images/dissertation_v1/ood/sensory_artifact/text_watermark/artifact_000046_00_text_watermark.png,1,sensory_artifact,text_watermark,34.61355209350586,0,38.58238201141357,35.053245544433594,1,34.763293457031246,0.0010959729552268,0,0.0017387918487656,0.9373924136161804,0,1.7220234692096696,primary_false_negative_ood,3.968829917907712,0.289952087402348
images/dissertation_v1/ood/sensory_artifact/text_watermark/artifact_000084_00_text_watermark.png,1,sensory_artifact,text_watermark,34.59864044189453,0,38.58238201141357,40.78525924682617,1,34.763293457031246,0.0009621010976843,0,0.0017387918487656,0.9034363627433776,0,1.7220234692096696,primary_false_negative_ood,3.98374156951904,6.021965789794926
images/dissertation_v1/ood/sensory_artifact/text_watermark/artifact_000010_00_text_watermark.png,1,sensory_artifact,text_watermark,34.48951721191406,0,38.58238201141357,34.70224380493164,0,34.763293457031246,0.0004778291622642,0,0.0017387918487656,0.8546673655509949,0,1.7220234692096696,primary_false_negative_ood,4.092864799499509,0.06104965209960511
images/dissertation_v1/ood/sensory_artifact/jpeg_compression/artifact_000023_07_jpeg_compression.png,1,sensory_artifact,jpeg_compression,34.47935485839844,0,38.58238201141357,25.953298568725582,0,34.763293457031246,0.0012180325575172,0,0.0017387918487656,0.59658282995224,0,1.7220234692096696,primary_false_negative_ood,4.103027153015134,8.809994888305663
images/dissertation_v1/ood/sensory_artifact/text_watermark/artifact_000038_00_text_watermark.png,1,sensory_artifact,text_watermark,34.23207473754883,0,38.58238201141357,40.72223663330078,1,34.763293457031246,0.0004268130578566,0,0.0017387918487656,1.0840718746185305,0,1.7220234692096696,primary_false_negative_ood,4.350307273864743,5.9589431762695355
images/dissertation_v1/ood/sensory_artifact/gaussian_noise/artifact_000024_06_gaussian_noise.png,1,sensory_artifact,gaussian_noise,34.205116271972656,0,38.58238201141357,28.501110076904297,0,34.763293457031246,0.0017307536909356,0,0.0017387918487656,0.9325544834136964,0,1.7220234692096696,primary_false_negative_ood,4.377265739440915,6.262183380126949
images/dissertation_v1/ood/sensory_artifact/text_watermark/artifact_000004_00_text_watermark.png,1,sensory_artifact,text_watermark,34.14101028442383,0,38.58238201141357,35.29800033569336,1,34.763293457031246,0.0010799984447658,0,0.0017387918487656,0.5793361663818359,0,1.7220234692096696,primary_false_negative_ood,4.441371726989743,0.5347068786621136
images/dissertation_v1/ood/sensory_artifact/text_watermark/artifact_000093_00_text_watermark.png,1,sensory_artifact,text_watermark,34.04547500610352,0,38.58238201141357,34.26370620727539,0,34.763293457031246,0.0010800790041685,0,0.0017387918487656,0.9009281396865844,0,1.7220234692096696,primary_false_negative_ood,4.536907005310049,0.4995872497558551
images/dissertation_v1/ood/sensory_artifact/text_watermark/artifact_000058_00_text_watermark.png,1,sensory_artifact,text_watermark,33.80186080932617,0,38.58238201141357,43.4134521484375,1,34.763293457031246,0.0002928660542238,0,0.0017387918487656,1.1833668947219849,0,1.7220234692096696,primary_false_negative_ood,4.7805212020873995,8.650158691406254
images/dissertation_v1/ood/sensory_artifact/text_watermark/artifact_000080_00_text_watermark.png,1,sensory_artifact,text_watermark,33.779972076416016,0,38.58238201141357,29.37736701965332,0,34.763293457031246,0.0007597051444463,0,0.0017387918487656,0.6587777733802795,0,1.7220234692096696,primary_false_negative_ood,4.802409934997556,5.385926437377925
images/dissertation_v1/ood/sensory_artifact/text_watermark/artifact_000015_00_text_watermark.png,1,sensory_artifact,text_watermark,33.34187698364258,0,38.58238201141357,41.68512725830078,1,34.763293457031246,0.0010542541276663,0,0.0017387918487656,0.8130012154579163,0,1.7220234692096696,primary_false_negative_ood,5.240505027770993,6.9218338012695355
images/dissertation_v1/ood/sensory_artifact/text_watermark/artifact_000007_00_text_watermark.png,1,sensory_artifact,text_watermark,33.209774017333984,0,38.58238201141357,43.7291374206543,1,34.763293457031246,0.000727231381461,0,0.0017387918487656,0.4832475483417511,0,1.7220234692096696,primary_false_negative_ood,5.372607994079587,8.965843963623051
images/dissertation_v1/ood/sensory_artifact/text_watermark/artifact_000098_00_text_watermark.png,1,sensory_artifact,text_watermark,33.19829559326172,0,38.58238201141357,37.91318893432617,1,34.763293457031246,0.0004043298831675,0,0.0017387918487656,0.7098419070243835,0,1.7220234692096696,primary_false_negative_ood,5.384086418151853,3.149895477294926
images/dissertation_v1/ood/sensory_artifact/text_watermark/artifact_000107_00_text_watermark.png,1,sensory_artifact,text_watermark,33.13698959350586,0,38.58238201141357,45.74323654174805,1,34.763293457031246,0.0007511088624596,0,0.0017387918487656,0.9534624814987184,0,1.7220234692096696,primary_false_negative_ood,5.445392417907712,10.979943084716801
images/dissertation_v1/ood/sensory_artifact/text_watermark/artifact_000021_00_text_watermark.png,1,sensory_artifact,text_watermark,33.12752914428711,0,38.58238201141357,37.98155212402344,1,34.763293457031246,0.0002583185851108,0,0.0017387918487656,1.107590675354004,0,1.7220234692096696,primary_false_negative_ood,5.454852867126462,3.2182586669921918
images/dissertation_v1/ood/sensory_artifact/text_watermark/artifact_000101_00_text_watermark.png,1,sensory_artifact,text_watermark,33.05519104003906,0,38.58238201141357,39.28444290161133,1,34.763293457031246,0.0005016720970161,0,0.0017387918487656,0.6915523409843445,0,1.7220234692096696,primary_false_negative_ood,5.527190971374509,4.521149444580082
images/dissertation_v1/ood/sensory_artifact/text_watermark/artifact_000089_00_text_watermark.png,1,sensory_artifact,text_watermark,32.94107437133789,0,38.58238201141357,45.54779052734375,1,34.763293457031246,0.0009870725916698,0,0.0017387918487656,1.1977142095565796,0,1.7220234692096696,primary_false_negative_ood,5.641307640075681,10.784497070312504
images/dissertation_v1/ood/sensory_artifact/text_watermark/artifact_000037_00_text_watermark.png,1,sensory_artifact,text_watermark,32.77113342285156,0,38.58238201141357,38.359657287597656,1,34.763293457031246,0.0005982803995721,0,0.0017387918487656,0.6622449159622192,0,1.7220234692096696,primary_false_negative_ood,5.811248588562009,3.5963638305664105
images/dissertation_v1/ood/sensory_artifact/text_watermark/artifact_000019_00_text_watermark.png,1,sensory_artifact,text_watermark,32.73875045776367,0,38.58238201141357,33.564422607421875,0,34.763293457031246,0.0005309000844135,0,0.0017387918487656,0.9481863975524902,0,1.7220234692096696,primary_false_negative_ood,5.8436315536498995,1.1988708496093707
images/dissertation_v1/ood/sensory_artifact/text_watermark/artifact_000005_00_text_watermark.png,1,sensory_artifact,text_watermark,32.612876892089844,0,38.58238201141357,45.06858825683594,1,34.763293457031246,0.0009185342350974,0,0.0017387918487656,1.241960525512695,0,1.7220234692096696,primary_false_negative_ood,5.969505119323728,10.305294799804692
images/dissertation_v1/ood/sensory_artifact/text_watermark/artifact_000051_00_text_watermark.png,1,sensory_artifact,text_watermark,32.56572723388672,0,38.58238201141357,31.167877197265625,0,34.763293457031246,0.0009111976833082,0,0.0017387918487656,0.865342378616333,0,1.7220234692096696,primary_false_negative_ood,6.016654777526853,3.5954162597656207
images/dissertation_v1/ood/sensory_artifact/text_watermark/artifact_000026_00_text_watermark.png,1,sensory_artifact,text_watermark,32.56427383422852,0,38.58238201141357,46.05722427368164,1,34.763293457031246,0.0006410403293557,0,0.0017387918487656,1.5892107486724854,0,1.7220234692096696,primary_false_negative_ood,6.018108177185049,11.293930816650395
images/dissertation_v1/ood/sensory_artifact/text_watermark/artifact_000002_00_text_watermark.png,1,sensory_artifact,text_watermark,32.5224609375,0,38.58238201141357,43.63131332397461,1,34.763293457031246,0.001620604423806,0,0.0017387918487656,0.5525974035263062,0,1.7220234692096696,primary_false_negative_ood,6.059921073913571,8.868019866943364
images/dissertation_v1/ood/sensory_artifact/text_watermark/artifact_000136_00_text_watermark.png,1,sensory_artifact,text_watermark,32.13960647583008,0,38.58238201141357,40.56491088867188,1,34.763293457031246,0.0010387607617303,0,0.0017387918487656,0.6561436057090759,0,1.7220234692096696,primary_false_negative_ood,6.442775535583493,5.801617431640636
images/dissertation_v1/ood/sensory_artifact/text_watermark/artifact_000043_00_text_watermark.png,1,sensory_artifact,text_watermark,32.105464935302734,0,38.58238201141357,39.58348083496094,1,34.763293457031246,0.0005981489666737,0,0.0017387918487656,0.7220464944839478,0,1.7220234692096696,primary_false_negative_ood,6.476917076110837,4.820187377929692
images/dissertation_v1/ood/sensory_artifact/text_watermark/artifact_000032_00_text_watermark.png,1,sensory_artifact,text_watermark,32.05723571777344,0,38.58238201141357,38.489654541015625,1,34.763293457031246,0.0006082120817154,0,0.0017387918487656,1.5659795999526978,0,1.7220234692096696,primary_false_negative_ood,6.525146293640134,3.7263610839843793
images/dissertation_v1/ood/sensory_artifact/text_watermark/artifact_000075_00_text_watermark.png,1,sensory_artifact,text_watermark,31.975017547607425,0,38.58238201141357,38.681060791015625,1,34.763293457031246,0.000373232353013,0,0.0017387918487656,1.037871479988098,0,1.7220234692096696,primary_false_negative_ood,6.607364463806146,3.9177673339843793
images/dissertation_v1/ood/sensory_artifact/text_watermark/artifact_000031_00_text_watermark.png,1,sensory_artifact,text_watermark,31.928842544555664,0,38.58238201141357,28.64740753173828,0,34.763293457031246,0.001078347209841,0,0.0017387918487656,0.9850621819496156,0,1.7220234692096696,primary_false_negative_ood,6.653539466857907,6.1158859252929645
images/dissertation_v1/ood/sensory_artifact/text_watermark/artifact_000137_00_text_watermark.png,1,sensory_artifact,text_watermark,31.873409271240234,0,38.58238201141357,37.784141540527344,1,34.763293457031246,0.0006753989146091,0,0.0017387918487656,0.459481805562973,0,1.7220234692096696,primary_false_negative_ood,6.708972740173337,3.020848083496098
images/dissertation_v1/ood/sensory_artifact/text_watermark/artifact_000067_00_text_watermark.png,1,sensory_artifact,text_watermark,31.847915649414062,0,38.58238201141357,41.9851188659668,1,34.763293457031246,0.0002254078135592,0,0.0017387918487656,1.0123955011367798,0,1.7220234692096696,primary_false_negative_ood,6.734466361999509,7.221825408935551
images/dissertation_v1/ood/sensory_artifact/text_watermark/artifact_000125_00_text_watermark.png,1,sensory_artifact,text_watermark,31.72058486938477,0,38.58238201141357,30.4079704284668,0,34.763293457031246,0.0011597470147535,0,0.0017387918487656,0.5679088830947876,0,1.7220234692096696,primary_false_negative_ood,6.861797142028802,4.355323028564445
images/dissertation_v1/ood/sensory_artifact/jpeg_compression/artifact_000118_07_jpeg_compression.png,1,sensory_artifact,jpeg_compression,31.68694496154785,0,38.58238201141357,28.598352432250977,0,34.763293457031246,0.0011975785018876,0,0.0017387918487656,0.5952090620994568,0,1.7220234692096696,primary_false_negative_ood,6.89543704986572,6.164941024780269
images/dissertation_v1/ood/sensory_artifact/text_watermark/artifact_000039_00_text_watermark.png,1,sensory_artifact,text_watermark,31.67803955078125,0,38.58238201141357,40.44178009033203,1,34.763293457031246,0.0011746333912014,0,0.0017387918487656,0.9274529218673706,0,1.7220234692096696,primary_false_negative_ood,6.904342460632321,5.6784866333007855
images/dissertation_v1/ood/sensory_artifact/text_watermark/artifact_000060_00_text_watermark.png,1,sensory_artifact,text_watermark,31.56489944458008,0,38.58238201141357,45.29122924804688,1,34.763293457031246,0.0003707582654897,0,0.0017387918487656,0.7293294668197632,0,1.7220234692096696,primary_false_negative_ood,7.01748256683349,10.527935791015636
images/dissertation_v1/ood/sensory_artifact/text_watermark/artifact_000141_00_text_watermark.png,1,sensory_artifact,text_watermark,31.38743019104004,0,38.58238201141357,35.47584533691406,1,34.763293457031246,0.0006892271339893,0,0.0017387918487656,1.0678788423538208,0,1.7220234692096696,primary_false_negative_ood,7.194951820373532,0.7125518798828168
images/dissertation_v1/ood/sensory_artifact/text_watermark/artifact_000055_00_text_watermark.png,1,sensory_artifact,text_watermark,31.37587547302246,0,38.58238201141357,34.44854736328125,0,34.763293457031246,0.0015266345581039,0,0.0017387918487656,1.1435673236846924,0,1.7220234692096696,primary_false_negative_ood,7.20650653839111,0.31474609374999574
images/dissertation_v1/ood/sensory_artifact/jpeg_compression/artifact_000036_07_jpeg_compression.png,1,sensory_artifact,jpeg_compression,31.372541427612305,0,38.58238201141357,27.633920669555664,0,34.763293457031246,0.0010039375629276,0,0.0017387918487656,0.7669916152954102,0,1.7220234692096696,primary_false_negative_ood,7.209840583801267,7.129372787475582
images/dissertation_v1/ood/sensory_artifact/text_watermark/artifact_000048_00_text_watermark.png,1,sensory_artifact,text_watermark,31.35469055175781,0,38.58238201141357,34.025428771972656,0,34.763293457031246,0.0009892677189782,0,0.0017387918487656,1.0512274503707886,0,1.7220234692096696,primary_false_negative_ood,7.227691459655762,0.7378646850585895
images/dissertation_v1/ood/sensory_artifact/text_watermark/artifact_000028_00_text_watermark.png,1,sensory_artifact,text_watermark,31.346359252929688,0,38.58238201141357,41.80575942993164,1,34.763293457031246,0.0008100057020783,0,0.0017387918487656,3.910478591918945,1,1.7220234692096696,primary_false_negative_ood,7.236022758483884,7.042465972900395
images/dissertation_v1/ood/sensory_artifact/text_watermark/artifact_000033_00_text_watermark.png,1,sensory_artifact,text_watermark,31.313810348510746,0,38.58238201141357,44.59518051147461,1,34.763293457031246,0.0004447974206414,0,0.0017387918487656,0.7079192399978638,0,1.7220234692096696,primary_false_negative_ood,7.268571662902826,9.831887054443364
images/dissertation_v1/ood/sensory_artifact/text_watermark/artifact_000097_00_text_watermark.png,1,sensory_artifact,text_watermark,31.306764602661133,0,38.58238201141357,41.16483688354492,1,34.763293457031246,0.0002376851480221,0,0.0017387918487656,1.598899245262146,0,1.7220234692096696,primary_false_negative_ood,7.275617408752439,6.401543426513676
images/dissertation_v1/ood/sensory_artifact/text_watermark/artifact_000086_00_text_watermark.png,1,sensory_artifact,text_watermark,31.305421829223636,0,38.58238201141357,41.17991256713867,1,34.763293457031246,0.000712918350473,0,0.0017387918487656,0.965441346168518,0,1.7220234692096696,primary_false_negative_ood,7.276960182189935,6.416619110107426
images/dissertation_v1/ood/sensory_artifact/text_watermark/artifact_000121_00_text_watermark.png,1,sensory_artifact,text_watermark,31.18411636352539,0,38.58238201141357,37.58277893066406,1,34.763293457031246,0.0006300542154349,0,0.0017387918487656,0.3657043874263763,0,1.7220234692096696,primary_false_negative_ood,7.398265647888181,2.8194854736328168
images/dissertation_v1/ood/sensory_artifact/text_watermark/artifact_000091_00_text_watermark.png,1,sensory_artifact,text_watermark,31.050445556640625,0,38.58238201141357,39.54873275756836,1,34.763293457031246,0.000613190815784,0,0.0017387918487656,0.4183576107025146,0,1.7220234692096696,primary_false_negative_ood,7.531936454772946,4.785439300537114
images/dissertation_v1/ood/sensory_artifact/text_watermark/artifact_000025_00_text_watermark.png,1,sensory_artifact,text_watermark,30.662843704223636,0,38.58238201141357,30.77227020263672,0,34.763293457031246,0.0008722430211491,0,0.0017387918487656,0.8528173565864563,0,1.7220234692096696,primary_false_negative_ood,7.919538307189935,3.991023254394527
images/dissertation_v1/ood/sensory_artifact/text_watermark/artifact_000145_00_text_watermark.png,1,sensory_artifact,text_watermark,30.5723876953125,0,38.58238201141357,43.81957626342773,1,34.763293457031246,0.0016665894072502,0,0.0017387918487656,0.8777182698249817,0,1.7220234692096696,primary_false_negative_ood,8.009994316101071,9.056282806396482
images/dissertation_v1/ood/sensory_artifact/text_watermark/artifact_000078_00_text_watermark.png,1,sensory_artifact,text_watermark,30.4057674407959,0,38.58238201141357,38.435340881347656,1,34.763293457031246,0.0006494363769888,0,0.0017387918487656,0.8241539597511292,0,1.7220234692096696,primary_false_negative_ood,8.176614570617673,3.6720474243164105
images/dissertation_v1/ood/sensory_artifact/text_watermark/artifact_000105_00_text_watermark.png,1,sensory_artifact,text_watermark,30.39413070678711,0,38.58238201141357,39.335060119628906,1,34.763293457031246,0.0009832914220169,0,0.0017387918487656,0.7410815954208374,0,1.7220234692096696,primary_false_negative_ood,8.188251304626462,4.5717666625976605
images/dissertation_v1/ood/sensory_artifact/text_watermark/artifact_000095_00_text_watermark.png,1,sensory_artifact,text_watermark,30.37981605529785,0,38.58238201141357,37.6346549987793,1,34.763293457031246,0.0013441193150356,0,0.0017387918487656,0.7868497967720032,0,1.7220234692096696,primary_false_negative_ood,8.20256595611572,2.871361541748051
images/dissertation_v1/ood/sensory_artifact/text_watermark/artifact_000011_00_text_watermark.png,1,sensory_artifact,text_watermark,30.203235626220703,0,38.58238201141357,41.956912994384766,1,34.763293457031246,0.001145836431533,0,0.0017387918487656,0.4917609095573425,0,1.7220234692096696,primary_false_negative_ood,8.379146385192868,7.19361953735352
images/dissertation_v1/ood/sensory_artifact/text_watermark/artifact_000006_00_text_watermark.png,1,sensory_artifact,text_watermark,30.110916137695312,0,38.58238201141357,47.13996124267578,1,34.763293457031246,0.0010110889561474,0,0.0017387918487656,0.5038159489631653,0,1.7220234692096696,primary_false_negative_ood,8.471465873718259,12.376667785644536
images/dissertation_v1/ood/sensory_artifact/text_watermark/artifact_000092_00_text_watermark.png,1,sensory_artifact,text_watermark,30.073894500732425,0,38.58238201141357,40.866695404052734,1,34.763293457031246,0.0008107014000415,0,0.0017387918487656,0.9994322657585144,0,1.7220234692096696,primary_false_negative_ood,8.508487510681146,6.103401947021489
images/dissertation_v1/ood/sensory_artifact/text_watermark/artifact_000016_00_text_watermark.png,1,sensory_artifact,text_watermark,29.950105667114254,0,38.58238201141357,35.65394973754883,1,34.763293457031246,0.0007896551396697,0,0.0017387918487656,0.4262931644916534,0,1.7220234692096696,primary_false_negative_ood,8.632276344299317,0.8906562805175824
images/dissertation_v1/ood/sensory_artifact/text_watermark/artifact_000059_00_text_watermark.png,1,sensory_artifact,text_watermark,29.926647186279297,0,38.58238201141357,41.37938690185547,1,34.763293457031246,0.0005777213955298,0,0.0017387918487656,0.982871115207672,0,1.7220234692096696,primary_false_negative_ood,8.655734825134275,6.616093444824223
images/dissertation_v1/ood/sensory_artifact/text_watermark/artifact_000061_00_text_watermark.png,1,sensory_artifact,text_watermark,29.84074592590332,0,38.58238201141357,35.681602478027344,1,34.763293457031246,0.0010648581665009,0,0.0017387918487656,0.7740611433982849,0,1.7220234692096696,primary_false_negative_ood,8.741636085510251,0.918309020996098
images/dissertation_v1/ood/sensory_artifact/text_watermark/artifact_000144_00_text_watermark.png,1,sensory_artifact,text_watermark,29.777103424072266,0,38.58238201141357,35.94401550292969,1,34.763293457031246,0.0009427042095921,0,0.0017387918487656,0.9412326216697692,0,1.7220234692096696,primary_false_negative_ood,8.805278587341306,1.1807220458984418
images/dissertation_v1/ood/sensory_artifact/text_watermark/artifact_000008_00_text_watermark.png,1,sensory_artifact,text_watermark,29.766258239746094,0,38.58238201141357,33.67233657836914,0,34.763293457031246,0.0004042666114401,0,0.0017387918487656,0.7633591294288635,0,1.7220234692096696,primary_false_negative_ood,8.816123771667478,1.0909568786621051
images/dissertation_v1/ood/sensory_artifact/text_watermark/artifact_000109_00_text_watermark.png,1,sensory_artifact,text_watermark,29.65499687194824,0,38.58238201141357,40.8513069152832,1,34.763293457031246,0.0006307427538558,0,0.0017387918487656,1.116626262664795,0,1.7220234692096696,primary_false_negative_ood,8.927385139465333,6.088013458251957
images/dissertation_v1/ood/sensory_artifact/text_watermark/artifact_000069_00_text_watermark.png,1,sensory_artifact,text_watermark,29.590856552124023,0,38.58238201141357,41.54053115844727,1,34.763293457031246,0.000445477257017,0,0.0017387918487656,0.8112338781356812,0,1.7220234692096696,primary_false_negative_ood,8.991525459289548,6.777237701416027
images/dissertation_v1/ood/sensory_artifact/text_watermark/artifact_000122_00_text_watermark.png,1,sensory_artifact,text_watermark,29.44257164001465,0,38.58238201141357,40.84486770629883,1,34.763293457031246,0.0011397083289921,0,0.0017387918487656,0.6456950902938843,0,1.7220234692096696,primary_false_negative_ood,9.139810371398923,6.081574249267582
images/dissertation_v1/ood/sensory_artifact/text_watermark/artifact_000126_00_text_watermark.png,1,sensory_artifact,text_watermark,29.30261993408203,0,38.58238201141357,34.3359489440918,0,34.763293457031246,0.001352138351649,0,0.0017387918487656,0.5408900380134583,0,1.7220234692096696,primary_false_negative_ood,9.27976207733154,0.42734451293944886
images/dissertation_v1/ood/sensory_artifact/text_watermark/artifact_000012_00_text_watermark.png,1,sensory_artifact,text_watermark,29.2393856048584,0,38.58238201141357,41.38993453979492,1,34.763293457031246,0.0002235603460576,0,0.0017387918487656,1.1368002891540527,0,1.7220234692096696,primary_false_negative_ood,9.342996406555173,6.626641082763676
images/dissertation_v1/ood/sensory_artifact/text_watermark/artifact_000138_00_text_watermark.png,1,sensory_artifact,text_watermark,29.188777923583984,0,38.58238201141357,42.49729919433594,1,34.763293457031246,0.0008875946514308,0,0.0017387918487656,1.1221517324447632,0,1.7220234692096696,primary_false_negative_ood,9.393604087829587,7.734005737304692
images/dissertation_v1/ood/sensory_artifact/text_watermark/artifact_000044_00_text_watermark.png,1,sensory_artifact,text_watermark,29.162736892700195,0,38.58238201141357,39.90771865844727,1,34.763293457031246,0.0008296982850879,0,0.0017387918487656,0.5976029634475708,0,1.7220234692096696,primary_false_negative_ood,9.419645118713376,5.144425201416027
images/dissertation_v1/ood/sensory_artifact/text_watermark/artifact_000065_00_text_watermark.png,1,sensory_artifact,text_watermark,29.154443740844727,0,38.58238201141357,38.1500129699707,1,34.763293457031246,0.0009159711189568,0,0.0017387918487656,0.9203044772148132,0,1.7220234692096696,primary_false_negative_ood,9.427938270568845,3.3867195129394574
images/dissertation_v1/ood/sensory_artifact/text_watermark/artifact_000050_00_text_watermark.png,1,sensory_artifact,text_watermark,29.05706787109375,0,38.58238201141357,39.0581169128418,1,34.763293457031246,0.001063676783815,0,0.0017387918487656,0.4715450406074524,0,1.7220234692096696,primary_false_negative_ood,9.525314140319821,4.294823455810551
images/dissertation_v1/ood/sensory_artifact/text_watermark/artifact_000090_00_text_watermark.png,1,sensory_artifact,text_watermark,28.93125343322754,0,38.58238201141357,39.10826873779297,1,34.763293457031246,0.0006540989270433,0,0.0017387918487656,0.4829016327857971,0,1.7220234692096696,primary_false_negative_ood,9.651128578186032,4.344975280761723
images/dissertation_v1/ood/sensory_artifact/text_watermark/artifact_000142_00_text_watermark.png,1,sensory_artifact,text_watermark,28.860414505004883,0,38.58238201141357,38.98883438110352,1,34.763293457031246,0.0010962625965476,0,0.0017387918487656,0.7755144834518433,0,1.7220234692096696,primary_false_negative_ood,9.721967506408689,4.225540924072277
images/dissertation_v1/ood/sensory_artifact/text_watermark/artifact_000066_00_text_watermark.png,1,sensory_artifact,text_watermark,28.858980178833008,0,38.58238201141357,39.51474380493164,1,34.763293457031246,0.0009918245486915,0,0.0017387918487656,0.4751957952976227,0,1.7220234692096696,primary_false_negative_ood,9.723401832580564,4.751450347900395
images/dissertation_v1/ood/sensory_artifact/text_watermark/artifact_000079_00_text_watermark.png,1,sensory_artifact,text_watermark,28.841920852661133,0,38.58238201141357,42.203155517578125,1,34.763293457031246,0.0005739130428992,0,0.0017387918487656,0.6992745995521545,0,1.7220234692096696,primary_false_negative_ood,9.740461158752439,7.439862060546879
images/dissertation_v1/ood/sensory_artifact/text_watermark/artifact_000036_00_text_watermark.png,1,sensory_artifact,text_watermark,28.728647232055664,0,38.58238201141357,37.77138137817383,1,34.763293457031246,0.000935215735808,0,0.0017387918487656,0.9350631237030028,0,1.7220234692096696,primary_false_negative_ood,9.853734779357907,3.0080879211425824
images/dissertation_v1/ood/sensory_artifact/text_watermark/artifact_000120_00_text_watermark.png,1,sensory_artifact,text_watermark,28.71684837341309,0,38.58238201141357,34.39908599853516,0,34.763293457031246,0.000848549650982,0,0.0017387918487656,0.6445431113243103,0,1.7220234692096696,primary_false_negative_ood,9.865533638000482,0.3642074584960824
images/dissertation_v1/ood/sensory_artifact/text_watermark/artifact_000146_00_text_watermark.png,1,sensory_artifact,text_watermark,28.63109588623047,0,38.58238201141357,39.7260856628418,1,34.763293457031246,0.0001556960487505,0,0.0017387918487656,2.120105028152466,1,1.7220234692096696,primary_false_negative_ood,9.951286125183103,4.962792205810551
images/dissertation_v1/ood/sensory_artifact/text_watermark/artifact_000130_00_text_watermark.png,1,sensory_artifact,text_watermark,28.582176208496094,0,38.58238201141357,37.45949172973633,1,34.763293457031246,0.0005278463941067,0,0.0017387918487656,0.4810326099395752,0,1.7220234692096696,primary_false_negative_ood,10.000205802917478,2.6961982727050824
images/dissertation_v1/ood/sensory_artifact/text_watermark/artifact_000115_00_text_watermark.png,1,sensory_artifact,text_watermark,28.444164276123047,0,38.58238201141357,43.96428680419922,1,34.763293457031246,0.0004720194847323,0,0.0017387918487656,0.5673366189002991,0,1.7220234692096696,primary_false_negative_ood,10.138217735290525,9.200993347167973
images/dissertation_v1/ood/sensory_artifact/text_watermark/artifact_000042_00_text_watermark.png,1,sensory_artifact,text_watermark,28.274747848510746,0,38.58238201141357,35.43487548828125,1,34.763293457031246,0.0009462547604925,0,0.0017387918487656,1.218740701675415,0,1.7220234692096696,primary_false_negative_ood,10.307634162902826,0.6715820312500043
images/dissertation_v1/ood/sensory_artifact/text_watermark/artifact_000099_00_text_watermark.png,1,sensory_artifact,text_watermark,28.2551212310791,0,38.58238201141357,32.3857536315918,0,34.763293457031246,0.0006343825953081,0,0.0017387918487656,0.4095595180988312,0,1.7220234692096696,primary_false_negative_ood,10.32726078033447,2.377539825439449
images/dissertation_v1/ood/sensory_artifact/text_watermark/artifact_000116_00_text_watermark.png,1,sensory_artifact,text_watermark,28.1920223236084,0,38.58238201141357,43.247833251953125,1,34.763293457031246,0.0014843414537608,0,0.0017387918487656,0.4355164766311645,0,1.7220234692096696,primary_false_negative_ood,10.390359687805173,8.48453979492188
images/dissertation_v1/ood/sensory_artifact/text_watermark/artifact_000083_00_text_watermark.png,1,sensory_artifact,text_watermark,28.044118881225582,0,38.58238201141357,38.724063873291016,1,34.763293457031246,0.0003871359222102,0,0.0017387918487656,0.4448257684707641,0,1.7220234692096696,primary_false_negative_ood,10.538263130187989,3.96077041625977
images/dissertation_v1/ood/sensory_artifact/text_watermark/artifact_000081_00_text_watermark.png,1,sensory_artifact,text_watermark,27.837533950805664,0,38.58238201141357,44.34805679321289,1,34.763293457031246,0.0014434932963922,0,0.0017387918487656,1.2744934558868408,0,1.7220234692096696,primary_false_negative_ood,10.744848060607907,9.584763336181645
images/dissertation_v1/ood/sensory_artifact/text_watermark/artifact_000013_00_text_watermark.png,1,sensory_artifact,text_watermark,27.68265724182129,0,38.58238201141357,43.11824035644531,1,34.763293457031246,0.0014258757000789,0,0.0017387918487656,0.8382055759429932,0,1.7220234692096696,primary_false_negative_ood,10.899724769592282,8.354946899414067
images/dissertation_v1/ood/sensory_artifact/text_watermark/artifact_000088_00_text_watermark.png,1,sensory_artifact,text_watermark,27.33238220214844,0,38.58238201141357,44.29193115234375,1,34.763293457031246,0.0002149243082385,0,0.0017387918487656,1.4338502883911133,0,1.7220234692096696,primary_false_negative_ood,11.24999980926513,9.528637695312504
images/dissertation_v1/ood/sensory_artifact/text_watermark/artifact_000123_00_text_watermark.png,1,sensory_artifact,text_watermark,27.31734275817871,0,38.58238201141357,32.45051574707031,0,34.763293457031246,0.000752854917664,0,0.0017387918487656,0.5724781155586243,0,1.7220234692096696,primary_false_negative_ood,11.26503925323486,2.3127777099609332
images/dissertation_v1/ood/sensory_artifact/text_watermark/artifact_000035_00_text_watermark.png,1,sensory_artifact,text_watermark,27.236618041992188,0,38.58238201141357,44.68981170654297,1,34.763293457031246,0.0011740594636648,0,0.0017387918487656,0.5401671528816223,0,1.7220234692096696,primary_false_negative_ood,11.345763969421384,9.926518249511723
images/dissertation_v1/ood/sensory_artifact/text_watermark/artifact_000073_00_text_watermark.png,1,sensory_artifact,text_watermark,27.20523834228516,0,38.58238201141357,51.74844741821289,1,34.763293457031246,0.0001377316511934,0,0.0017387918487656,2.206974744796753,1,1.7220234692096696,primary_false_negative_ood,11.377143669128412,16.985153961181645
images/dissertation_v1/ood/sensory_artifact/text_watermark/artifact_000074_00_text_watermark.png,1,sensory_artifact,text_watermark,27.204599380493164,0,38.58238201141357,46.25498962402344,1,34.763293457031246,0.001575854839757,0,0.0017387918487656,0.8160250782966614,0,1.7220234692096696,primary_false_negative_ood,11.377782630920407,11.491696166992192
images/dissertation_v1/ood/sensory_artifact/text_watermark/artifact_000113_00_text_watermark.png,1,sensory_artifact,text_watermark,26.946382522583008,0,38.58238201141357,43.00927734375,1,34.763293457031246,0.0004803591000381,0,0.0017387918487656,1.5751399993896484,0,1.7220234692096696,primary_false_negative_ood,11.635999488830564,8.245983886718754
images/dissertation_v1/ood/sensory_artifact/text_watermark/artifact_000034_00_text_watermark.png,1,sensory_artifact,text_watermark,26.809789657592773,0,38.58238201141357,35.69871139526367,1,34.763293457031246,0.0012916299747303,0,0.0017387918487656,1.0138766765594482,0,1.7220234692096696,primary_false_negative_ood,11.772592353820798,0.9354179382324261
images/dissertation_v1/ood/sensory_artifact/text_watermark/artifact_000070_00_text_watermark.png,1,sensory_artifact,text_watermark,26.809215545654297,0,38.58238201141357,41.15679931640625,1,34.763293457031246,0.0007140306988731,0,0.0017387918487656,0.4300765693187713,0,1.7220234692096696,primary_false_negative_ood,11.773166465759275,6.393505859375004
images/dissertation_v1/ood/sensory_artifact/text_watermark/artifact_000118_00_text_watermark.png,1,sensory_artifact,text_watermark,26.506776809692383,0,38.58238201141357,36.26764297485352,1,34.763293457031246,0.0011540270643308,0,0.0017387918487656,0.627271294593811,0,1.7220234692096696,primary_false_negative_ood,12.075605201721189,1.504349517822277
images/dissertation_v1/ood/sensory_artifact/text_watermark/artifact_000147_00_text_watermark.png,1,sensory_artifact,text_watermark,26.360883712768555,0,38.58238201141357,41.69537734985352,1,34.763293457031246,0.0009273159666918,0,0.0017387918487656,0.5848498344421387,0,1.7220234692096696,primary_false_negative_ood,12.221498298645017,6.932083892822277
images/dissertation_v1/ood/sensory_artifact/text_watermark/artifact_000076_00_text_watermark.png,1,sensory_artifact,text_watermark,26.0012149810791,0,38.58238201141357,34.40591049194336,0,34.763293457031246,0.000923333747778,0,0.0017387918487656,0.7796838879585266,0,1.7220234692096696,primary_false_negative_ood,12.58116703033447,0.35738296508788636
images/dissertation_v1/ood/sensory_artifact/text_watermark/artifact_000056_00_text_watermark.png,1,sensory_artifact,text_watermark,25.99240493774414,0,38.58238201141357,36.94611358642578,1,34.763293457031246,0.0002086127351503,0,0.0017387918487656,1.22532320022583,0,1.7220234692096696,primary_false_negative_ood,12.58997707366943,2.1828201293945355
images/dissertation_v1/ood/sensory_artifact/text_watermark/artifact_000027_00_text_watermark.png,1,sensory_artifact,text_watermark,25.934194564819336,0,38.58238201141357,39.55181503295898,1,34.763293457031246,0.0012031994992867,0,0.0017387918487656,1.0508452653884888,0,1.7220234692096696,primary_false_negative_ood,12.648187446594235,4.7885215759277315
images/dissertation_v1/ood/sensory_artifact/text_watermark/artifact_000063_00_text_watermark.png,1,sensory_artifact,text_watermark,25.795095443725582,0,38.58238201141357,37.05426025390625,1,34.763293457031246,0.0014214619295671,0,0.0017387918487656,0.8160882592201233,0,1.7220234692096696,primary_false_negative_ood,12.787286567687989,2.2909667968750043
images/dissertation_v1/ood/sensory_artifact/text_watermark/artifact_000094_00_text_watermark.png,1,sensory_artifact,text_watermark,25.605392456054688,0,38.58238201141357,42.2110595703125,1,34.763293457031246,0.0010958651546388,0,0.0017387918487656,0.5939739942550659,0,1.7220234692096696,primary_false_negative_ood,12.976989555358884,7.447766113281254
images/dissertation_v1/ood/sensory_artifact/text_watermark/artifact_000114_00_text_watermark.png,1,sensory_artifact,text_watermark,25.284177780151367,0,38.58238201141357,41.0538215637207,1,34.763293457031246,0.0001570802414789,0,0.0017387918487656,2.049756526947021,1,1.7220234692096696,primary_false_negative_ood,13.298204231262204,6.290528106689457
images/dissertation_v1/ood/sensory_artifact/text_watermark/artifact_000128_00_text_watermark.png,1,sensory_artifact,text_watermark,25.271774291992188,0,38.58238201141357,37.24523162841797,1,34.763293457031246,0.0002095042727887,0,0.0017387918487656,1.254122614860535,0,1.7220234692096696,primary_false_negative_ood,13.310607719421384,2.481938171386723
images/dissertation_v1/ood/sensory_artifact/text_watermark/artifact_000106_00_text_watermark.png,1,sensory_artifact,text_watermark,25.05873680114746,0,38.58238201141357,36.54258346557617,1,34.763293457031246,0.0001582774857524,0,0.0017387918487656,1.9379099607467647,1,1.7220234692096696,primary_false_negative_ood,13.52364521026611,1.7792900085449261
images/dissertation_v1/ood/sensory_artifact/text_watermark/artifact_000023_00_text_watermark.png,1,sensory_artifact,text_watermark,24.876731872558597,0,38.58238201141357,33.28888702392578,0,34.763293457031246,0.0011998031986877,0,0.0017387918487656,0.6103872060775757,0,1.7220234692096696,primary_false_negative_ood,13.705650138854974,1.4744064331054645
images/dissertation_v1/ood/sensory_artifact/text_watermark/artifact_000029_00_text_watermark.png,1,sensory_artifact,text_watermark,24.838571548461918,0,38.58238201141357,40.05101013183594,1,34.763293457031246,0.0014990537893027,0,0.0017387918487656,0.8100876808166504,0,1.7220234692096696,primary_false_negative_ood,13.743810462951654,5.287716674804692
images/dissertation_v1/ood/sensory_artifact/text_watermark/artifact_000020_00_text_watermark.png,1,sensory_artifact,text_watermark,24.7486629486084,0,38.58238201141357,41.02889633178711,1,34.763293457031246,0.0009801678825169,0,0.0017387918487656,0.6057427525520325,0,1.7220234692096696,primary_false_negative_ood,13.833719062805173,6.265602874755864
images/dissertation_v1/ood/sensory_artifact/text_watermark/artifact_000001_00_text_watermark.png,1,sensory_artifact,text_watermark,24.61322593688965,0,38.58238201141357,41.53057861328125,1,34.763293457031246,0.0013779484434053,0,0.0017387918487656,0.7704299688339233,0,1.7220234692096696,primary_false_negative_ood,13.969156074523923,6.767285156250004
images/dissertation_v1/ood/sensory_artifact/text_watermark/artifact_000135_00_text_watermark.png,1,sensory_artifact,text_watermark,24.47143173217773,0,38.58238201141357,28.701078414916992,0,34.763293457031246,0.0011462068650871,0,0.0017387918487656,1.0897963047027588,0,1.7220234692096696,primary_false_negative_ood,14.11095027923584,6.0622150421142535
images/dissertation_v1/ood/sensory_artifact/text_watermark/artifact_000134_00_text_watermark.png,1,sensory_artifact,text_watermark,24.41645050048828,0,38.58238201141357,36.596229553222656,1,34.763293457031246,0.0001326091878581,0,0.0017387918487656,2.018086671829224,1,1.7220234692096696,primary_false_negative_ood,14.16593151092529,1.8329360961914105
images/dissertation_v1/ood/sensory_artifact/text_watermark/artifact_000003_00_text_watermark.png,1,sensory_artifact,text_watermark,24.118263244628903,0,38.58238201141357,38.25904846191406,1,34.763293457031246,0.0011332710273563,0,0.0017387918487656,1.0457695722579956,0,1.7220234692096696,primary_false_negative_ood,14.464118766784669,3.4957550048828168
images/dissertation_v1/ood/sensory_artifact/text_watermark/artifact_000119_00_text_watermark.png,1,sensory_artifact,text_watermark,23.74923324584961,0,38.58238201141357,40.53237915039063,1,34.763293457031246,0.0007308034109883,0,0.0017387918487656,0.5775441527366638,0,1.7220234692096696,primary_false_negative_ood,14.833148765563962,5.769085693359386
images/dissertation_v1/ood/sensory_artifact/text_watermark/artifact_000024_00_text_watermark.png,1,sensory_artifact,text_watermark,22.98873710632324,0,38.58238201141357,35.947731018066406,1,34.763293457031246,0.0012913313694298,0,0.0017387918487656,0.7837151885032654,0,1.7220234692096696,primary_false_negative_ood,15.593644905090333,1.1844375610351605
images/dissertation_v1/id/test_synthetic_fallback/id_test_synthetic_fallback_000040.png,0,id,id,38.80473709106445,1,38.58238201141357,27.3477840423584,0,34.763293457031246,0.0006330813048407,0,0.0017387918487656,0.545304536819458,0,1.7220234692096696,primary_false_positive_id,0.22235507965088175,7.415509414672847
images/dissertation_v1/id/test_synthetic_fallback/id_test_synthetic_fallback_000103.png,0,id,id,39.261077880859375,1,38.58238201141357,27.523826599121094,0,34.763293457031246,0.000666054780595,0,0.0017387918487656,0.9273877739906312,0,1.7220234692096696,primary_false_positive_id,0.6786958694458036,7.239466857910152
images/dissertation_v1/id/test_synthetic_fallback/id_test_synthetic_fallback_000129.png,0,id,id,39.66520690917969,1,38.58238201141357,30.798030853271484,0,34.763293457031246,0.0031266910955309,1,0.0017387918487656,0.8622105121612549,0,1.7220234692096696,primary_false_positive_id,1.0828248977661161,3.9652626037597614
images/dissertation_v1/id/test_synthetic_fallback/id_test_synthetic_fallback_000140.png,0,id,id,41.08481979370117,1,38.58238201141357,32.11428451538086,0,34.763293457031246,0.0011910083703696,0,0.0017387918487656,0.5900891423225403,0,1.7220234692096696,primary_false_positive_id,2.5024377822876005,2.6490089416503864
images/dissertation_v1/id/test_synthetic_fallback/id_test_synthetic_fallback_000053.png,0,id,id,41.26996994018555,1,38.58238201141357,31.85875701904297,0,34.763293457031246,0.000292275333777,0,0.0017387918487656,0.984322190284729,0,1.7220234692096696,primary_false_positive_id,2.6875879287719755,2.904536437988277
images/dissertation_v1/id/test_synthetic_fallback/id_test_synthetic_fallback_000072.png,0,id,id,51.42561721801758,1,38.58238201141357,37.30587768554688,1,34.763293457031246,0.0007912450819276,0,0.0017387918487656,1.3350242376327517,0,1.7220234692096696,primary_false_positive_id,12.843235206604007,2.5425842285156364
images/dissertation_v1/id/test_synthetic_fallback/id_test_synthetic_fallback_000117.png,0,id,id,52.40806198120117,1,38.58238201141357,39.004127502441406,1,34.763293457031246,0.0015097820432856,0,0.0017387918487656,0.8159809112548828,0,1.7220234692096696,primary_false_positive_id,13.8256799697876,4.2408340454101605
