image_path,label,split,source,ood_type,ood_subtype,source_dataset,source_url,license_status,source_split,source_image_hash,parent_image_hash,synthetic_transform,severity,notes,true_reason_family,pred_reason_family,argmax_reason_family,reason_confidence,unknown_threshold,true_reason_subtype,pred_reason_subtype,subtype_confidence
images/dissertation_v1/ood/sensory_artifact/arrow_annotation/artifact_000003_02_arrow_annotation.png,1,test,synthetic_artifact,sensory_artifact,arrow_annotation,derived_from_synthetic_faf,,derived_or_generated_synthetic,test,4faffbac825a3c5bdbc990fe72fa14cb090adf1e1b91ce095cca63e9b9bb0e80,24867463de88a27ed6056975a06b9e4409f987ffdcd4aa9d1894d7af0baf32f5,arrow_annotation,,generated from held-out ID only; never from train,sensory_artifact,modality_shift,modality_shift,0.6528877753929321,0.5,arrow_annotation,colour_fundus,0.2998695658926655
images/dissertation_v1/ood/sensory_artifact/arrow_annotation/artifact_000013_02_arrow_annotation.png,1,test,synthetic_artifact,sensory_artifact,arrow_annotation,derived_from_synthetic_faf,,derived_or_generated_synthetic,test,8c1cc46f291801540063b66567c06397c79607ae8b73ee6490a86614bde26063,0b875e277b8f1482ac5d0457e95fcb05cd77208c0e9e5356f266f98ccab7e3ed,arrow_annotation,,generated from held-out ID only; never from train,sensory_artifact,modality_shift,modality_shift,0.563165040603861,0.5,arrow_annotation,arrow_annotation,0.2204613402229704
images/dissertation_v1/ood/sensory_artifact/arrow_annotation/artifact_000019_02_arrow_annotation.png,1,test,synthetic_artifact,sensory_artifact,arrow_annotation,derived_from_synthetic_faf,,derived_or_generated_synthetic,test,506f4a466408868733582c221ae64e4211b6a33d91388b9e6526b2a96e217f4f,f9a033e1944d7b29d126d036c4a91b903f0c3c335a85177788beafc3fe8b70da,arrow_annotation,,generated from held-out ID only; never from train,sensory_artifact,sensory_artifact,sensory_artifact,0.7223023800821248,0.5,arrow_annotation,rectangle_annotation,0.39607426645875
images/dissertation_v1/ood/sensory_artifact/arrow_annotation/artifact_000023_02_arrow_annotation.png,1,test,synthetic_artifact,sensory_artifact,arrow_annotation,derived_from_synthetic_faf,,derived_or_generated_synthetic,test,cccc4a02bbb6e4c60602083c779c53c10a9d284ae81717459a3aadc03405f17c,5c5de26e3693925f8d2d12200aa1eb36cf8d4f5713ead728d3a3a64bb8722356,arrow_annotation,,generated from held-out ID only; never from train,sensory_artifact,sensory_artifact,sensory_artifact,0.6346335455143027,0.5,arrow_annotation,arrow_annotation,0.2577344888142934
images/dissertation_v1/ood/sensory_artifact/arrow_annotation/artifact_000024_02_arrow_annotation.png,1,test,synthetic_artifact,sensory_artifact,arrow_annotation,derived_from_synthetic_faf,,derived_or_generated_synthetic,test,fe5b9c5b1a5bf6d9acacec11d13f2c6e8860efe641cc8dccd854937b9991b449,c79c1eadd5034a84c31a457a7f29eeab492a16ceab3ae65da8c348f9b42b67dc,arrow_annotation,,generated from held-out ID only; never from train,sensory_artifact,unknown_ood,modality_shift,0.49350984486637994,0.5,arrow_annotation,arrow_annotation,0.22946413136109253
images/dissertation_v1/ood/sensory_artifact/arrow_annotation/artifact_000043_02_arrow_annotation.png,1,test,synthetic_artifact,sensory_artifact,arrow_annotation,derived_from_synthetic_faf,,derived_or_generated_synthetic,test,dbea96b9343b617908ada24dd68edf328f71207d7c69d187f47d345e7786dc3c,04e999c3cc47238167c308d410eb7ec5ae292210ef634047c55982b81fa3012d,arrow_annotation,,generated from held-out ID only; never from train,sensory_artifact,sensory_artifact,sensory_artifact,0.7941507739663305,0.5,arrow_annotation,rectangle_annotation,0.34366038768117124
images/dissertation_v1/ood/sensory_artifact/arrow_annotation/artifact_000044_02_arrow_annotation.png,1,test,synthetic_artifact,sensory_artifact,arrow_annotation,derived_from_synthetic_faf,,derived_or_generated_synthetic,test,77923c3df3ebf7fad050b1db23c11767abed4d7ed0590bccb75c389ebcd36893,a0fc7b7ace1490826b0bfc495d19e7bc00e13443171428e6b5659b32253005a7,arrow_annotation,,generated from held-out ID only; never from train,sensory_artifact,sensory_artifact,sensory_artifact,0.8709135297487116,0.5,arrow_annotation,rectangle_annotation,0.38563652631323947
images/dissertation_v1/ood/sensory_artifact/arrow_annotation/artifact_000046_02_arrow_annotation.png,1,test,synthetic_artifact,sensory_artifact,arrow_annotation,derived_from_synthetic_faf,,derived_or_generated_synthetic,test,ee102ee395147c7236fedd12a061db91d87d38ea9d029be25fe4db2aee7dce4b,13e2d91e78a8714c322247a847463a3c9b3942269050fac1dac7fa44bf951da6,arrow_annotation,,generated from held-out ID only; never from train,sensory_artifact,sensory_artifact,sensory_artifact,0.5377777668426523,0.5,arrow_annotation,arrow_annotation,0.2979608177018793
images/dissertation_v1/ood/sensory_artifact/arrow_annotation/artifact_000050_02_arrow_annotation.png,1,test,synthetic_artifact,sensory_artifact,arrow_annotation,derived_from_synthetic_faf,,derived_or_generated_synthetic,test,965aac7f59b2accb7ac7fe0dfdb6b063bcd55890b72efa5f9ced4186d0a93000,3e2c8579f7265860b011fe747af201935e3621054f77e9ddfe92505744ff4141,arrow_annotation,,generated from held-out ID only; never from train,sensory_artifact,sensory_artifact,sensory_artifact,0.7174693636043785,0.5,arrow_annotation,rectangle_annotation,0.2665699545542529
images/dissertation_v1/ood/sensory_artifact/arrow_annotation/artifact_000053_02_arrow_annotation.png,1,test,synthetic_artifact,sensory_artifact,arrow_annotation,derived_from_synthetic_faf,,derived_or_generated_synthetic,test,f08869e6e7308d96f2593877da211a70a7d7828353b0357c121e7e41abd32e56,2e75a99248d3ec4b650068aec6b8ba48becf403fe672e40267ecffa7fc22b01f,arrow_annotation,,generated from held-out ID only; never from train,sensory_artifact,sensory_artifact,sensory_artifact,0.5022908334974515,0.5,arrow_annotation,rectangle_annotation,0.3802706479914145
images/dissertation_v1/ood/sensory_artifact/arrow_annotation/artifact_000063_02_arrow_annotation.png,1,test,synthetic_artifact,sensory_artifact,arrow_annotation,derived_from_synthetic_faf,,derived_or_generated_synthetic,test,deedd842b680d97f3a7655728e95da0e6623611f7933511bf6f934270c8eb92d,58539b1cc5b2a259e54144a3d7324bd17b5f13ee4782a6a85efdd05699bf6c97,arrow_annotation,,generated from held-out ID only; never from train,sensory_artifact,modality_shift,modality_shift,0.6046430326588461,0.5,arrow_annotation,arrow_annotation,0.20842204260903185
images/dissertation_v1/ood/sensory_artifact/arrow_annotation/artifact_000065_02_arrow_annotation.png,1,test,synthetic_artifact,sensory_artifact,arrow_annotation,derived_from_synthetic_faf,,derived_or_generated_synthetic,test,f2a25c48e62b150ca3c90e0862a913ab6219f563cc01fb3d50eb79e1a176e063,1460815c49f046447b715c813ef49142cfbdb7f75ab3bd32fcd769d05a3a3d64,arrow_annotation,,generated from held-out ID only; never from train,sensory_artifact,sensory_artifact,sensory_artifact,0.7818594893151477,0.5,arrow_annotation,arrow_annotation,0.3520307600736179
images/dissertation_v1/ood/sensory_artifact/arrow_annotation/artifact_000067_02_arrow_annotation.png,1,test,synthetic_artifact,sensory_artifact,arrow_annotation,derived_from_synthetic_faf,,derived_or_generated_synthetic,test,72ffb7f7edeabea4aad0b7494bf1aa250a9948fcae6cf4c736c11c5904ebcaba,4537ee987e4cbb0f7d661f6b948ff440ff86ec102fe5267eab5b4c44a7b75a92,arrow_annotation,,generated from held-out ID only; never from train,sensory_artifact,sensory_artifact,sensory_artifact,0.7626989428139228,0.5,arrow_annotation,arrow_annotation,0.41384176111065135
images/dissertation_v1/ood/sensory_artifact/arrow_annotation/artifact_000068_02_arrow_annotation.png,1,test,synthetic_artifact,sensory_artifact,arrow_annotation,derived_from_synthetic_faf,,derived_or_generated_synthetic,test,b23d5bb3a700e2f489ab4f40ad5d9a87555799504321f409d5afeb56ca0e3376,6ff2c1217680eacf96b4149f1aeee26dcc37d0ca75e45f771425bc60b0396662,arrow_annotation,,generated from held-out ID only; never from train,sensory_artifact,sensory_artifact,sensory_artifact,0.5044641559516486,0.5,arrow_annotation,arrow_annotation,0.239603244005643
images/dissertation_v1/ood/sensory_artifact/arrow_annotation/artifact_000074_02_arrow_annotation.png,1,test,synthetic_artifact,sensory_artifact,arrow_annotation,derived_from_synthetic_faf,,derived_or_generated_synthetic,test,4535f1f9053d2b66bda1edc4f05325c63120433364809377340dfd738a1ad2f1,121676a35541005d3f7f769e374c3ffc28e6ae19878fc3c1ecd6709102443fe7,arrow_annotation,,generated from held-out ID only; never from train,sensory_artifact,modality_shift,modality_shift,0.5213832989446029,0.5,arrow_annotation,arrow_annotation,0.2057372122520083
images/dissertation_v1/ood/sensory_artifact/arrow_annotation/artifact_000078_02_arrow_annotation.png,1,test,synthetic_artifact,sensory_artifact,arrow_annotation,derived_from_synthetic_faf,,derived_or_generated_synthetic,test,34714aa1e08cedf2b9a9728f01938437ae296b4553e3d7cb8647036d53b1202f,9af2f45d4b55869623d7ce9516709e60795adfd67a812b55afb17354b9baf5d2,arrow_annotation,,generated from held-out ID only; never from train,sensory_artifact,sensory_artifact,sensory_artifact,0.8416746259746521,0.5,arrow_annotation,rectangle_annotation,0.3329808448773106
images/dissertation_v1/ood/sensory_artifact/arrow_annotation/artifact_000079_02_arrow_annotation.png,1,test,synthetic_artifact,sensory_artifact,arrow_annotation,derived_from_synthetic_faf,,derived_or_generated_synthetic,test,afb9466ce29cfa3cde747d895ee0cd28bc69b07d78ba26c2a576f690e3afdc70,82150b28a408cd90cad8ac33ead707590a8ba8d83cf3038f0788ed2cb27a2f89,arrow_annotation,,generated from held-out ID only; never from train,sensory_artifact,sensory_artifact,sensory_artifact,0.771073954570251,0.5,arrow_annotation,rectangle_annotation,0.3894353308159993
images/dissertation_v1/ood/sensory_artifact/arrow_annotation/artifact_000088_02_arrow_annotation.png,1,test,synthetic_artifact,sensory_artifact,arrow_annotation,derived_from_synthetic_faf,,derived_or_generated_synthetic,test,c89da636a44d27e56974c3970186e6fb2ace30e7d8f5a3a273f3cf95fd5103a7,f17437fbc8ba0a64d77cc3c9bf74907c67242c244da975a5c736668c80ba36ff,arrow_annotation,,generated from held-out ID only; never from train,sensory_artifact,sensory_artifact,sensory_artifact,0.6587307766762042,0.5,arrow_annotation,arrow_annotation,0.48413651037004574
images/dissertation_v1/ood/sensory_artifact/arrow_annotation/artifact_000095_02_arrow_annotation.png,1,test,synthetic_artifact,sensory_artifact,arrow_annotation,derived_from_synthetic_faf,,derived_or_generated_synthetic,test,df15fcfd9e222c860e75d6163493eba922251fffd23fc6278040a6c30ab1f89c,36c01ce75ef8cd22d56a154a5e850c4a421754027b40778b2ec4204014e0ab30,arrow_annotation,,generated from held-out ID only; never from train,sensory_artifact,sensory_artifact,sensory_artifact,0.8202942860920545,0.5,arrow_annotation,arrow_annotation,0.31579894725120083
images/dissertation_v1/ood/sensory_artifact/arrow_annotation/artifact_000096_02_arrow_annotation.png,1,test,synthetic_artifact,sensory_artifact,arrow_annotation,derived_from_synthetic_faf,,derived_or_generated_synthetic,test,c7c7a8cf0d9cc76621d03837690950693a75332ce3ebef0292638f148e09b76e,618463cdedc1dfd6f8a910f4da6b05226a0546e4ace629eb24575e221d643b5a,arrow_annotation,,generated from held-out ID only; never from train,sensory_artifact,sensory_artifact,sensory_artifact,0.517545699909605,0.5,arrow_annotation,arrow_annotation,0.2536133765696468
images/dissertation_v1/ood/sensory_artifact/arrow_annotation/artifact_000097_02_arrow_annotation.png,1,test,synthetic_artifact,sensory_artifact,arrow_annotation,derived_from_synthetic_faf,,derived_or_generated_synthetic,test,77aef3e3434a970b1ad3d9c710778e7dda59d805689921a86a2cd22a17e54adf,a26e723e6ba939ae702551afe52c3c0750071c1c2e15bf59e1e3a5e9360598c1,arrow_annotation,,generated from held-out ID only; never from train,sensory_artifact,modality_shift,modality_shift,0.5356831673765241,0.5,arrow_annotation,arrow_annotation,0.48280084993184075
images/dissertation_v1/ood/sensory_artifact/arrow_annotation/artifact_000100_02_arrow_annotation.png,1,test,synthetic_artifact,sensory_artifact,arrow_annotation,derived_from_synthetic_faf,,derived_or_generated_synthetic,test,31e380aadc4bf369ebbb1774bc15df6d3bf8b145b03711bc68865b933d592e73,72629a18912da54c8f255baf6b2684e92df9a2ae8daa4964790904e299592680,arrow_annotation,,generated from held-out ID only; never from train,sensory_artifact,sensory_artifact,sensory_artifact,0.7613923315837704,0.5,arrow_annotation,rectangle_annotation,0.3319216781521272
images/dissertation_v1/ood/sensory_artifact/arrow_annotation/artifact_000108_02_arrow_annotation.png,1,test,synthetic_artifact,sensory_artifact,arrow_annotation,derived_from_synthetic_faf,,derived_or_generated_synthetic,test,f129c945e64e0b3633c602a6c99ae1e4bc224c08aa231f6a1d476ca63e531a21,7d72468a874689e25e4b5a25de725a8c0569ab36560fb167471c695722a7a5a1,arrow_annotation,,generated from held-out ID only; never from train,sensory_artifact,modality_shift,modality_shift,0.5741288784569047,0.5,arrow_annotation,rectangle_annotation,0.31636130118954786
images/dissertation_v1/ood/sensory_artifact/arrow_annotation/artifact_000109_02_arrow_annotation.png,1,test,synthetic_artifact,sensory_artifact,arrow_annotation,derived_from_synthetic_faf,,derived_or_generated_synthetic,test,7b5b2feec51ef623bbe05195cfd869efc4b0c86ec01785c1a9fbc851a41b5b58,34f334303d87d3fece2fa5c693e847b9026173d7beed69537aeda43d5b114c55,arrow_annotation,,generated from held-out ID only; never from train,sensory_artifact,sensory_artifact,sensory_artifact,0.7510985619379419,0.5,arrow_annotation,arrow_annotation,0.42604603024734855
images/dissertation_v1/ood/sensory_artifact/arrow_annotation/artifact_000113_02_arrow_annotation.png,1,test,synthetic_artifact,sensory_artifact,arrow_annotation,derived_from_synthetic_faf,,derived_or_generated_synthetic,test,121e6f2c6e085fa02381dfa502c3f6bb505042d4deb75c2495da29301cb3a4e3,f0a16dcee05bb93fc69293dec6b37b44edad69ce668e805549309e0aa6a401cc,arrow_annotation,,generated from held-out ID only; never from train,sensory_artifact,modality_shift,modality_shift,0.8089681610151005,0.5,arrow_annotation,rectangle_annotation,0.3761875218715893
images/dissertation_v1/ood/sensory_artifact/arrow_annotation/artifact_000116_02_arrow_annotation.png,1,test,synthetic_artifact,sensory_artifact,arrow_annotation,derived_from_synthetic_faf,,derived_or_generated_synthetic,test,af04cfb5e1b04bde32e3014e6d89a978bd35a2285c4a2ce14e85a594138e07bc,981c3d303c80b102eddb306f12e711c2b30df817b3cb9896889b09c72edee0dc,arrow_annotation,,generated from held-out ID only; never from train,sensory_artifact,sensory_artifact,sensory_artifact,0.7901116069236042,0.5,arrow_annotation,arrow_annotation,0.29987908603902114
images/dissertation_v1/ood/sensory_artifact/arrow_annotation/artifact_000121_02_arrow_annotation.png,1,test,synthetic_artifact,sensory_artifact,arrow_annotation,derived_from_synthetic_faf,,derived_or_generated_synthetic,test,50bbbc9c38ecd4da126c9f4f9febd07d07fd8bfc657292f8cba6d2e234bdbf04,76663bd120041d5058985d3efa42b23e50de4086393997695a050775c4116f62,arrow_annotation,,generated from held-out ID only; never from train,sensory_artifact,sensory_artifact,sensory_artifact,0.8016047605645316,0.5,arrow_annotation,arrow_annotation,0.3102192308651336
images/dissertation_v1/ood/sensory_artifact/arrow_annotation/artifact_000130_02_arrow_annotation.png,1,test,synthetic_artifact,sensory_artifact,arrow_annotation,derived_from_synthetic_faf,,derived_or_generated_synthetic,test,d449580cdb4bad951831069978397abcf15023de6ab81be05ff17bbe9c23c1f8,69bda353d331eb52b616773a3917d7c88596a2387ba6f07730fe1843535de574,arrow_annotation,,generated from held-out ID only; never from train,sensory_artifact,sensory_artifact,sensory_artifact,0.8357658112862322,0.5,arrow_annotation,arrow_annotation,0.3343702674154862
images/dissertation_v1/ood/sensory_artifact/arrow_annotation/artifact_000136_02_arrow_annotation.png,1,test,synthetic_artifact,sensory_artifact,arrow_annotation,derived_from_synthetic_faf,,derived_or_generated_synthetic,test,5a36390df9217e54e5383ba9aed988e272adb7228ed24cd92f533219eb6ea0b9,f2a50ebec8d4c518d3dddfc9a597c3cd31e78cd19d54e81a0d05b6e0154973a6,arrow_annotation,,generated from held-out ID only; never from train,sensory_artifact,sensory_artifact,sensory_artifact,0.5454861096363357,0.5,arrow_annotation,arrow_annotation,0.22055118861726014
images/dissertation_v1/ood/sensory_artifact/arrow_annotation/artifact_000148_02_arrow_annotation.png,1,test,synthetic_artifact,sensory_artifact,arrow_annotation,derived_from_synthetic_faf,,derived_or_generated_synthetic,test,cd65b642346a29e9a5fd169aa50946001ea7d368cf4ddf624613c114c4a1bb3f,18bdaf47632912f68f6b587cf57bc6844e251ca95824ceaebac102e755d86e81,arrow_annotation,,generated from held-out ID only; never from train,sensory_artifact,modality_shift,modality_shift,0.7096502236862227,0.5,arrow_annotation,colour_fundus,0.21898196113715396
images/dissertation_v1/ood/sensory_artifact/blur_artifact/artifact_000004_04_blur_artifact.png,1,test,synthetic_artifact,sensory_artifact,blur_artifact,derived_from_synthetic_faf,,derived_or_generated_synthetic,test,8d73c4aa4a3a2e46e4fde05788ec17491bd35e4fa9071ab3fd1afbea8516c290,d1f816cb395b94664ca9fc285317aa28d5757c61e7466f4d035552df5a7b2ef4,blur_artifact,,generated from held-out ID only; never from train,sensory_artifact,sensory_artifact,sensory_artifact,0.9358346783459568,0.5,blur_artifact,blur_artifact,0.36488161764155685
images/dissertation_v1/ood/sensory_artifact/blur_artifact/artifact_000007_04_blur_artifact.png,1,test,synthetic_artifact,sensory_artifact,blur_artifact,derived_from_synthetic_faf,,derived_or_generated_synthetic,test,b9620a6d4aa21010a206d7c44975baee50e4c1f96ed50a568a2f2f37a3ca05f1,f42ab30d20b276c5fba40818aeb540adbd4fef553ec7196ea828c0a30f5f349f,blur_artifact,,generated from held-out ID only; never from train,sensory_artifact,sensory_artifact,sensory_artifact,0.934918015000263,0.5,blur_artifact,blur_artifact,0.2384847846084624
images/dissertation_v1/ood/sensory_artifact/blur_artifact/artifact_000009_04_blur_artifact.png,1,test,synthetic_artifact,sensory_artifact,blur_artifact,derived_from_synthetic_faf,,derived_or_generated_synthetic,test,6da52a974991da08a36281b232fc3230fc6ce55b6f0f076947c04dca26f82338,2921bd55bd6a1e0c179915271aa18bb9e1f22a278d1c127770fec0cb54d7d88d,blur_artifact,,generated from held-out ID only; never from train,sensory_artifact,sensory_artifact,sensory_artifact,0.9686819704428737,0.5,blur_artifact,gaussian_noise,0.22505469499210942
images/dissertation_v1/ood/sensory_artifact/blur_artifact/artifact_000011_04_blur_artifact.png,1,test,synthetic_artifact,sensory_artifact,blur_artifact,derived_from_synthetic_faf,,derived_or_generated_synthetic,test,3c730946c883b0ea27714e273c485c726776b3243b1338f4eff0817914a919d9,d822b0621f3574fb70a96904005d10d950c5fed12e7f0f1c78edbcb396fbd7ac,blur_artifact,,generated from held-out ID only; never from train,sensory_artifact,sensory_artifact,sensory_artifact,0.9644423879336643,0.5,blur_artifact,blur_artifact,0.3626527398584909
images/dissertation_v1/ood/sensory_artifact/blur_artifact/artifact_000012_04_blur_artifact.png,1,test,synthetic_artifact,sensory_artifact,blur_artifact,derived_from_synthetic_faf,,derived_or_generated_synthetic,test,117f935204518332bfb3bd676b39b05c9b2cec60555c47a18cec288b6ebfd5ad,d924c9e1fbeb5b22e9ce25fbb30850ed8464394de79d31630d85707afefbd75b,blur_artifact,,generated from held-out ID only; never from train,sensory_artifact,sensory_artifact,sensory_artifact,0.9810501502916186,0.5,blur_artifact,blur_artifact,0.5560031031711457
images/dissertation_v1/ood/sensory_artifact/blur_artifact/artifact_000019_04_blur_artifact.png,1,test,synthetic_artifact,sensory_artifact,blur_artifact,derived_from_synthetic_faf,,derived_or_generated_synthetic,test,f8115a1f582fb7a0c9ee1d65b10f65a2ab77fb2f12b278191547d5ccf712af1c,f9a033e1944d7b29d126d036c4a91b903f0c3c335a85177788beafc3fe8b70da,blur_artifact,,generated from held-out ID only; never from train,sensory_artifact,sensory_artifact,sensory_artifact,0.9004052343603831,0.5,blur_artifact,blur_artifact,0.413050255509294
images/dissertation_v1/ood/sensory_artifact/blur_artifact/artifact_000021_04_blur_artifact.png,1,test,synthetic_artifact,sensory_artifact,blur_artifact,derived_from_synthetic_faf,,derived_or_generated_synthetic,test,76074893fe8a5284de4eb8cced22386cc357e6faf5de35e479b2e78aebd5a35f,4d03a1e9e5af412c9b0f27c2121c6702f6eac8ed7a1ee7be5bf7614449647c3f,blur_artifact,,generated from held-out ID only; never from train,sensory_artifact,sensory_artifact,sensory_artifact,0.9803295347081994,0.5,blur_artifact,jpeg_compression,0.25462516705144317
images/dissertation_v1/ood/sensory_artifact/blur_artifact/artifact_000032_04_blur_artifact.png,1,test,synthetic_artifact,sensory_artifact,blur_artifact,derived_from_synthetic_faf,,derived_or_generated_synthetic,test,73385cd46c373da83b5c12b3d19e8d17cfb542700f390b3f3533a6ccb66973ef,cd4f8184a0ffa557274b13b0ea3902f73d674253ac57ec26c12c3c5026cf2b80,blur_artifact,,generated from held-out ID only; never from train,sensory_artifact,sensory_artifact,sensory_artifact,0.9922796564701722,0.5,blur_artifact,blur_artifact,0.3694828945308116
images/dissertation_v1/ood/sensory_artifact/blur_artifact/artifact_000033_04_blur_artifact.png,1,test,synthetic_artifact,sensory_artifact,blur_artifact,derived_from_synthetic_faf,,derived_or_generated_synthetic,test,c849d09fac253b0870642fdb054b5094e929b092a53074db6a05488d0b76c35c,4b7f0a7b00dfcf5ba2661e0bc56b7db00c61fe7777786f1f891fafb7ac03a267,blur_artifact,,generated from held-out ID only; never from train,sensory_artifact,sensory_artifact,sensory_artifact,0.8870444475245032,0.5,blur_artifact,blur_artifact,0.27432821933257684
images/dissertation_v1/ood/sensory_artifact/blur_artifact/artifact_000034_04_blur_artifact.png,1,test,synthetic_artifact,sensory_artifact,blur_artifact,derived_from_synthetic_faf,,derived_or_generated_synthetic,test,db8f23d184006d894608458119449f42b56f72a65ab485fe663f0e52d319a0b1,c6dd7425043cfeb65df2eb62643ca92c65f1cc68ddf4eb024e5e570e98350746,blur_artifact,,generated from held-out ID only; never from train,sensory_artifact,sensory_artifact,sensory_artifact,0.8624254100575115,0.5,blur_artifact,blur_artifact,0.43365689893944037
images/dissertation_v1/ood/sensory_artifact/blur_artifact/artifact_000039_04_blur_artifact.png,1,test,synthetic_artifact,sensory_artifact,blur_artifact,derived_from_synthetic_faf,,derived_or_generated_synthetic,test,dbb07696017361f62a0019e8eff3c944965fb0176a6fc7be258a7ec1421e69e9,43e31a69e1ac562052f9cdbaced1925f36b93985a9d7052f8914674a577bd981,blur_artifact,,generated from held-out ID only; never from train,sensory_artifact,sensory_artifact,sensory_artifact,0.9439983860388061,0.5,blur_artifact,text_watermark,0.20230266276796272
images/dissertation_v1/ood/sensory_artifact/blur_artifact/artifact_000042_04_blur_artifact.png,1,test,synthetic_artifact,sensory_artifact,blur_artifact,derived_from_synthetic_faf,,derived_or_generated_synthetic,test,1ad70fcdc23b15d27a29190fa71d240c45184f478207a1ef616c86b0db629b9b,273764d7d1cede8a69d70059b769f9450f2e61759815e3353dd151ea1e884e41,blur_artifact,,generated from held-out ID only; never from train,sensory_artifact,sensory_artifact,sensory_artifact,0.9259994806411285,0.5,blur_artifact,blur_artifact,0.45818102216655227
images/dissertation_v1/ood/sensory_artifact/blur_artifact/artifact_000047_04_blur_artifact.png,1,test,synthetic_artifact,sensory_artifact,blur_artifact,derived_from_synthetic_faf,,derived_or_generated_synthetic,test,335d1978ffcb349087e58482cc12794c6eae32279c74d11356d10dab7b976f68,9027c7c813d92085e7eb1335e0de9e66ebd9b6730a0da446ba8e26cfbd03b685,blur_artifact,,generated from held-out ID only; never from train,sensory_artifact,sensory_artifact,sensory_artifact,0.9951039111685137,0.5,blur_artifact,blur_artifact,0.5557340675138319
images/dissertation_v1/ood/sensory_artifact/blur_artifact/artifact_000057_04_blur_artifact.png,1,test,synthetic_artifact,sensory_artifact,blur_artifact,derived_from_synthetic_faf,,derived_or_generated_synthetic,test,0e7620546c0a237c87e38eb37df9543b32decc47429f2101c90218aaa6529812,31b43cdb11ddd17ba24311605ad64723ef0f74ce4e8dce09319ba9a7cb6f1b1e,blur_artifact,,generated from held-out ID only; never from train,sensory_artifact,sensory_artifact,sensory_artifact,0.8144667800345214,0.5,blur_artifact,blur_artifact,0.37810672403991347
images/dissertation_v1/ood/sensory_artifact/blur_artifact/artifact_000064_04_blur_artifact.png,1,test,synthetic_artifact,sensory_artifact,blur_artifact,derived_from_synthetic_faf,,derived_or_generated_synthetic,test,2344995b77d0424ad9439cd2b2303dade064cb9407e4ff438d95ba4147e9d8d2,ed76f75a6431df837a0c96248c6d34a5feb8814386e0bff5e1c0200bdd9bde1c,blur_artifact,,generated from held-out ID only; never from train,sensory_artifact,modality_shift,modality_shift,0.5676244129953335,0.5,blur_artifact,blur_artifact,0.16146891709460107
images/dissertation_v1/ood/sensory_artifact/blur_artifact/artifact_000066_04_blur_artifact.png,1,test,synthetic_artifact,sensory_artifact,blur_artifact,derived_from_synthetic_faf,,derived_or_generated_synthetic,test,34d33a3d28c22e208496bbf9a0af088d2f3a6266592a774cdf047dbd9380e308,bb563bc3bd6ec78b7023ed22eaaf1c66956f573f9bed0d4f9eb07fb708f4c884,blur_artifact,,generated from held-out ID only; never from train,sensory_artifact,sensory_artifact,sensory_artifact,0.9751217735579448,0.5,blur_artifact,blur_artifact,0.5029992754361663
images/dissertation_v1/ood/sensory_artifact/blur_artifact/artifact_000067_04_blur_artifact.png,1,test,synthetic_artifact,sensory_artifact,blur_artifact,derived_from_synthetic_faf,,derived_or_generated_synthetic,test,ceca0c78e0b58ae3c073a833bbd761a52484413938389a74b0f4e171f33c5669,4537ee987e4cbb0f7d661f6b948ff440ff86ec102fe5267eab5b4c44a7b75a92,blur_artifact,,generated from held-out ID only; never from train,sensory_artifact,sensory_artifact,sensory_artifact,0.991924210163469,0.5,blur_artifact,blur_artifact,0.5369950705804611
images/dissertation_v1/ood/sensory_artifact/blur_artifact/artifact_000074_04_blur_artifact.png,1,test,synthetic_artifact,sensory_artifact,blur_artifact,derived_from_synthetic_faf,,derived_or_generated_synthetic,test,b8138d327b6a611225b430bd32a879c97be9683b281bf906dd121cee3173c944,121676a35541005d3f7f769e374c3ffc28e6ae19878fc3c1ecd6709102443fe7,blur_artifact,,generated from held-out ID only; never from train,sensory_artifact,sensory_artifact,sensory_artifact,0.7903163984124835,0.5,blur_artifact,blur_artifact,0.26216144581063394
images/dissertation_v1/ood/sensory_artifact/blur_artifact/artifact_000083_04_blur_artifact.png,1,test,synthetic_artifact,sensory_artifact,blur_artifact,derived_from_synthetic_faf,,derived_or_generated_synthetic,test,e97f75ad83d89423c8bc00dde51ef650ebf2445f96e6d921f09eb7c082c4f0ff,df613791d34fe58c411d97501d84cfb02169bdf725504320c7577d8b9b232dfc,blur_artifact,,generated from held-out ID only; never from train,sensory_artifact,sensory_artifact,sensory_artifact,0.971340486010361,0.5,blur_artifact,blur_artifact,0.3835403889451381
images/dissertation_v1/ood/sensory_artifact/blur_artifact/artifact_000091_04_blur_artifact.png,1,test,synthetic_artifact,sensory_artifact,blur_artifact,derived_from_synthetic_faf,,derived_or_generated_synthetic,test,afe8c00343ff9ba1987dc282fcd0fac5fc3fce2304539b2a854b0982ad40b1d5,aad7e429cc48dcdb1988b8ca4ee0525bf04dee268b8380a14b179424300151d6,blur_artifact,,generated from held-out ID only; never from train,sensory_artifact,sensory_artifact,sensory_artifact,0.8953851749587067,0.5,blur_artifact,blur_artifact,0.21760279607056301
images/dissertation_v1/ood/sensory_artifact/blur_artifact/artifact_000095_04_blur_artifact.png,1,test,synthetic_artifact,sensory_artifact,blur_artifact,derived_from_synthetic_faf,,derived_or_generated_synthetic,test,810cf81a2dac796c812b0495c938b7a8e1ff72b1b52fefdce9736fb448dac6fe,36c01ce75ef8cd22d56a154a5e850c4a421754027b40778b2ec4204014e0ab30,blur_artifact,,generated from held-out ID only; never from train,sensory_artifact,sensory_artifact,sensory_artifact,0.9396934228829034,0.5,blur_artifact,text_watermark,0.2015569324219169
images/dissertation_v1/ood/sensory_artifact/blur_artifact/artifact_000107_04_blur_artifact.png,1,test,synthetic_artifact,sensory_artifact,blur_artifact,derived_from_synthetic_faf,,derived_or_generated_synthetic,test,334dc9a9ea0f5b2d0107d6a6793b739f8ce64ca45320a5110819ea8dc233bd82,44cad52a9605bcb262e06549a1f5752b5cfa0264bdac739c6e094b961caa0260,blur_artifact,,generated from held-out ID only; never from train,sensory_artifact,sensory_artifact,sensory_artifact,0.9955255529905823,0.5,blur_artifact,blur_artifact,0.6067588620919478
images/dissertation_v1/ood/sensory_artifact/blur_artifact/artifact_000112_04_blur_artifact.png,1,test,synthetic_artifact,sensory_artifact,blur_artifact,derived_from_synthetic_faf,,derived_or_generated_synthetic,test,e9ec22fa0a6982c31e2f705bd1c9bbc5dae16e8d27fe39f97faf6e09549ee005,0082a17690ee34f87cc084ca701192ff9bc09e65a2103ac1c6ae25c2f6d5afac,blur_artifact,,generated from held-out ID only; never from train,sensory_artifact,sensory_artifact,sensory_artifact,0.9823026492265252,0.5,blur_artifact,blur_artifact,0.3058215724235164
images/dissertation_v1/ood/sensory_artifact/blur_artifact/artifact_000117_04_blur_artifact.png,1,test,synthetic_artifact,sensory_artifact,blur_artifact,derived_from_synthetic_faf,,derived_or_generated_synthetic,test,9c0cd0d727b880b9bdd0692bbeb9892169d2d6f49a52f1c3100e2f0a9bcc4ef3,926e949cdcd11564e0a20d9021643664885781b0fd8a55b1def573c0e78352e6,blur_artifact,,generated from held-out ID only; never from train,sensory_artifact,sensory_artifact,sensory_artifact,0.9910767815164446,0.5,blur_artifact,blur_artifact,0.3654634351944227
images/dissertation_v1/ood/sensory_artifact/blur_artifact/artifact_000118_04_blur_artifact.png,1,test,synthetic_artifact,sensory_artifact,blur_artifact,derived_from_synthetic_faf,,derived_or_generated_synthetic,test,ac7868511d693e91acadd0ccea37618add634d8d6ebd99e759d5121178be51ee,16a1cc371228bd768eab2f371a75231fdc942e4ef4305c0baa4d1cba546b88bd,blur_artifact,,generated from held-out ID only; never from train,sensory_artifact,sensory_artifact,sensory_artifact,0.9678800275821067,0.5,blur_artifact,blur_artifact,0.40771518579952637
images/dissertation_v1/ood/sensory_artifact/blur_artifact/artifact_000123_04_blur_artifact.png,1,test,synthetic_artifact,sensory_artifact,blur_artifact,derived_from_synthetic_faf,,derived_or_generated_synthetic,test,20a5f088abcc41fe32e4b4b7765e98134ddf941f1e294b2fa18b18bcfc960452,b328236f8fa5eb08baa181006074cf4b8eff61f785d6eb4b718b87b3c240b6fd,blur_artifact,,generated from held-out ID only; never from train,sensory_artifact,sensory_artifact,sensory_artifact,0.8221461845242243,0.5,blur_artifact,jpeg_compression,0.18942646647564504
images/dissertation_v1/ood/sensory_artifact/blur_artifact/artifact_000129_04_blur_artifact.png,1,test,synthetic_artifact,sensory_artifact,blur_artifact,derived_from_synthetic_faf,,derived_or_generated_synthetic,test,117a9f0b0c4a1a664d9f944ca5ee946ab697c785f82b8cd650fb53366d1e9aa3,77f45451bad9b412dd81bc34fd0e1bdc36b0ef7e9851223783152e6b269e527b,blur_artifact,,generated from held-out ID only; never from train,sensory_artifact,sensory_artifact,sensory_artifact,0.8576026828403145,0.5,blur_artifact,text_watermark,0.20756727362912392
images/dissertation_v1/ood/sensory_artifact/blur_artifact/artifact_000131_04_blur_artifact.png,1,test,synthetic_artifact,sensory_artifact,blur_artifact,derived_from_synthetic_faf,,derived_or_generated_synthetic,test,fa1b0014335ac973da7739937c79671ccdc2ba0800a73338e7858c62044a7ef6,75cdb6a34fef7077b3c995565448dce323f3c26eecab573379d9dfb734a8db7b,blur_artifact,,generated from held-out ID only; never from train,sensory_artifact,sensory_artifact,sensory_artifact,0.9923592293132759,0.5,blur_artifact,blur_artifact,0.31355376192426154
images/dissertation_v1/ood/sensory_artifact/blur_artifact/artifact_000141_04_blur_artifact.png,1,test,synthetic_artifact,sensory_artifact,blur_artifact,derived_from_synthetic_faf,,derived_or_generated_synthetic,test,8077d72a6529350d6ea070c344f4069aed704b892e1b72e52679da9671bc5096,1ecac33ab07d51111996036ab3fb88d5c08e171ff2a971e9acf5525296dea1c7,blur_artifact,,generated from held-out ID only; never from train,sensory_artifact,sensory_artifact,sensory_artifact,0.9984011103432363,0.5,blur_artifact,blur_artifact,0.5059087234768295
images/dissertation_v1/ood/sensory_artifact/blur_artifact/artifact_000148_04_blur_artifact.png,1,test,synthetic_artifact,sensory_artifact,blur_artifact,derived_from_synthetic_faf,,derived_or_generated_synthetic,test,b1aaf61332c4112e8c29cc264198b0c11a3fe6cb130f249dee03243ec03d02a2,18bdaf47632912f68f6b587cf57bc6844e251ca95824ceaebac102e755d86e81,blur_artifact,,generated from held-out ID only; never from train,sensory_artifact,sensory_artifact,sensory_artifact,0.5334544991257641,0.5,blur_artifact,blur_artifact,0.21747397062469154
images/dissertation_v1/ood/sensory_artifact/border_crop/artifact_000000_05_border_crop.png,1,test,synthetic_artifact,sensory_artifact,border_crop,derived_from_synthetic_faf,,derived_or_generated_synthetic,test,51aa111b43f79c8708e1033969c6916b7a24d39e42f5845179a47694121f1268,112e823039e992ec964b01fc8c2627a079ef954f38f3b3afcb49dfec242da8de,border_crop,,generated from held-out ID only; never from train,sensory_artifact,sensory_artifact,sensory_artifact,0.9498205387787393,0.5,border_crop,border_crop,0.6535420453227935
images/dissertation_v1/ood/sensory_artifact/border_crop/artifact_000006_05_border_crop.png,1,test,synthetic_artifact,sensory_artifact,border_crop,derived_from_synthetic_faf,,derived_or_generated_synthetic,test,2739703aa215f8f3f3702760ffad4dd7d5908271381de41416fc4438f8039eec,31d5f5ed5ac046981c6cb1df50192091daa4b282d054e8095b9e025b42afeb88,border_crop,,generated from held-out ID only; never from train,sensory_artifact,sensory_artifact,sensory_artifact,0.7052485186873267,0.5,border_crop,border_crop,0.44107560564612325
images/dissertation_v1/ood/sensory_artifact/border_crop/artifact_000023_05_border_crop.png,1,test,synthetic_artifact,sensory_artifact,border_crop,derived_from_synthetic_faf,,derived_or_generated_synthetic,test,7785ea8b39e418aa28ad9a725256fe9dfea69aafd51f3f347116098d1b6ac340,5c5de26e3693925f8d2d12200aa1eb36cf8d4f5713ead728d3a3a64bb8722356,border_crop,,generated from held-out ID only; never from train,sensory_artifact,sensory_artifact,sensory_artifact,0.502608122913662,0.5,border_crop,border_crop,0.25909349853351815
images/dissertation_v1/ood/sensory_artifact/border_crop/artifact_000033_05_border_crop.png,1,test,synthetic_artifact,sensory_artifact,border_crop,derived_from_synthetic_faf,,derived_or_generated_synthetic,test,6facdf3520d33b72f73936955ff3b271ab28cf209d7c21402267f28caceae05d,4b7f0a7b00dfcf5ba2661e0bc56b7db00c61fe7777786f1f891fafb7ac03a267,border_crop,,generated from held-out ID only; never from train,sensory_artifact,sensory_artifact,sensory_artifact,0.727259777230877,0.5,border_crop,border_crop,0.3779326533294443
images/dissertation_v1/ood/sensory_artifact/border_crop/artifact_000039_05_border_crop.png,1,test,synthetic_artifact,sensory_artifact,border_crop,derived_from_synthetic_faf,,derived_or_generated_synthetic,test,9e8f72861953da47f3c036086f13c22b64d1a9ace67fc1d57d88db09dacfb5a8,43e31a69e1ac562052f9cdbaced1925f36b93985a9d7052f8914674a577bd981,border_crop,,generated from held-out ID only; never from train,sensory_artifact,sensory_artifact,sensory_artifact,0.6991386587919161,0.5,border_crop,oct_screenshot,0.25390630601890535
images/dissertation_v1/ood/sensory_artifact/border_crop/artifact_000044_05_border_crop.png,1,test,synthetic_artifact,sensory_artifact,border_crop,derived_from_synthetic_faf,,derived_or_generated_synthetic,test,bc2b6d5a56954afc1f6d7ed3ca2b46d68d026603d9c279e05e038f9c0b958a39,a0fc7b7ace1490826b0bfc495d19e7bc00e13443171428e6b5659b32253005a7,border_crop,,generated from held-out ID only; never from train,sensory_artifact,sensory_artifact,sensory_artifact,0.9217131496969082,0.5,border_crop,border_crop,0.2575515670298574
images/dissertation_v1/ood/sensory_artifact/border_crop/artifact_000046_05_border_crop.png,1,test,synthetic_artifact,sensory_artifact,border_crop,derived_from_synthetic_faf,,derived_or_generated_synthetic,test,0d129ac275b3ffad89c183c630c8dce9feee9bf29e5e59415bee12fff890d814,13e2d91e78a8714c322247a847463a3c9b3942269050fac1dac7fa44bf951da6,border_crop,,generated from held-out ID only; never from train,sensory_artifact,modality_shift,modality_shift,0.5326343094248199,0.5,border_crop,oct_screenshot,0.3293534316088123
images/dissertation_v1/ood/sensory_artifact/border_crop/artifact_000048_05_border_crop.png,1,test,synthetic_artifact,sensory_artifact,border_crop,derived_from_synthetic_faf,,derived_or_generated_synthetic,test,85b85a5477747a6039446adab5108f35de2f5b5a3e8ffb4963b80b64e6eee4cd,36f73c8b9761160f2d53cae70e3f531a67de1e24ad2ae6fcf48727198c793160,border_crop,,generated from held-out ID only; never from train,sensory_artifact,unknown_ood,sensory_artifact,0.4897410673731265,0.5,border_crop,border_crop,0.4745462552889605
images/dissertation_v1/ood/sensory_artifact/border_crop/artifact_000058_05_border_crop.png,1,test,synthetic_artifact,sensory_artifact,border_crop,derived_from_synthetic_faf,,derived_or_generated_synthetic,test,01f5772f565f6941f14a3d7382c1473163c6666ba318bf6e7383463971364fee,1e2992825661100b10f082d608b60f166b2eecdd1dcd52d490128ed1a1ac49f4,border_crop,,generated from held-out ID only; never from train,sensory_artifact,sensory_artifact,sensory_artifact,0.7285726465891859,0.5,border_crop,border_crop,0.5707942427881098
images/dissertation_v1/ood/sensory_artifact/border_crop/artifact_000059_05_border_crop.png,1,test,synthetic_artifact,sensory_artifact,border_crop,derived_from_synthetic_faf,,derived_or_generated_synthetic,test,9b0a91d78cf89625ed8dddd854288f25bc83d49038d5b7897cda646992bac09c,2869b22fa7b02533b8e39d46cc06f3f911655ac33a2ad6eb153d8279df5416b4,border_crop,,generated from held-out ID only; never from train,sensory_artifact,sensory_artifact,sensory_artifact,0.6345790624209954,0.5,border_crop,border_crop,0.3393044627645203
images/dissertation_v1/ood/sensory_artifact/border_crop/artifact_000062_05_border_crop.png,1,test,synthetic_artifact,sensory_artifact,border_crop,derived_from_synthetic_faf,,derived_or_generated_synthetic,test,7a58879b6c972483502802ca69a1ecd17c7dac11aa0713e50f628b3f90f9fa04,00811fb76c52f5c2bd8a6d96a6c619f11efac29ad5d8de78e863a4026b14a14e,border_crop,,generated from held-out ID only; never from train,sensory_artifact,sensory_artifact,sensory_artifact,0.90427064293268,0.5,border_crop,border_crop,0.2655105145351972
images/dissertation_v1/ood/sensory_artifact/border_crop/artifact_000064_05_border_crop.png,1,test,synthetic_artifact,sensory_artifact,border_crop,derived_from_synthetic_faf,,derived_or_generated_synthetic,test,9fd9244312e75c13716ab3f4a0641077c5a129beecf9bd6de303bcc70a913de3,ed76f75a6431df837a0c96248c6d34a5feb8814386e0bff5e1c0200bdd9bde1c,border_crop,,generated from held-out ID only; never from train,sensory_artifact,modality_shift,modality_shift,0.8590407430549298,0.5,border_crop,oct_screenshot,0.2394624923765423
images/dissertation_v1/ood/sensory_artifact/border_crop/artifact_000068_05_border_crop.png,1,test,synthetic_artifact,sensory_artifact,border_crop,derived_from_synthetic_faf,,derived_or_generated_synthetic,test,6a5ced6d261af972b4a5eb703c3a7d07fb3e1dee98999860649b999bed2d4f4b,6ff2c1217680eacf96b4149f1aeee26dcc37d0ca75e45f771425bc60b0396662,border_crop,,generated from held-out ID only; never from train,sensory_artifact,sensory_artifact,sensory_artifact,0.590782297359321,0.5,border_crop,border_crop,0.41500943287784053
images/dissertation_v1/ood/sensory_artifact/border_crop/artifact_000070_05_border_crop.png,1,test,synthetic_artifact,sensory_artifact,border_crop,derived_from_synthetic_faf,,derived_or_generated_synthetic,test,79462ca50eaad5750fb38ce26b762afa532c04b178bc0e9f00b55f30c8a5aa83,5cda8eb9932b6b8bcc5bcdf0a7fbdac3818847732b37ac6dab45d267b2bff245,border_crop,,generated from held-out ID only; never from train,sensory_artifact,sensory_artifact,sensory_artifact,0.7362763429054412,0.5,border_crop,border_crop,0.3184871901890445
images/dissertation_v1/ood/sensory_artifact/border_crop/artifact_000071_05_border_crop.png,1,test,synthetic_artifact,sensory_artifact,border_crop,derived_from_synthetic_faf,,derived_or_generated_synthetic,test,fba7ea7bbcc04003df3618bdcc9e7648e2bef79f88a6048fe34cad317ffb183b,c8eb47ac0768a5c9f9470dbb0e16e100847b28bcd7869d7962a0bffd9aa914e0,border_crop,,generated from held-out ID only; never from train,sensory_artifact,modality_shift,modality_shift,0.7910354336939552,0.5,border_crop,colour_fundus,0.23694786840744544
images/dissertation_v1/ood/sensory_artifact/border_crop/artifact_000079_05_border_crop.png,1,test,synthetic_artifact,sensory_artifact,border_crop,derived_from_synthetic_faf,,derived_or_generated_synthetic,test,21c95db07c1228e3e99459d33531154a0a77f76d09d23e9096ba9de67fd03c59,82150b28a408cd90cad8ac33ead707590a8ba8d83cf3038f0788ed2cb27a2f89,border_crop,,generated from held-out ID only; never from train,sensory_artifact,sensory_artifact,sensory_artifact,0.7838518336815521,0.5,border_crop,border_crop,0.3128552670736138
images/dissertation_v1/ood/sensory_artifact/border_crop/artifact_000080_05_border_crop.png,1,test,synthetic_artifact,sensory_artifact,border_crop,derived_from_synthetic_faf,,derived_or_generated_synthetic,test,bb81cebdad8cc8b5f2a0496ad916f3abefc584c321b7b67061e9ad2efdad139d,0eaca6deb2f0b650a1e35e11befa7e12fba953dbc19c3512fafc20bebd5fb815,border_crop,,generated from held-out ID only; never from train,sensory_artifact,sensory_artifact,sensory_artifact,0.9162862148123724,0.5,border_crop,border_crop,0.40081693972725174
images/dissertation_v1/ood/sensory_artifact/border_crop/artifact_000084_05_border_crop.png,1,test,synthetic_artifact,sensory_artifact,border_crop,derived_from_synthetic_faf,,derived_or_generated_synthetic,test,803b93a8d77d053dc7239cdc0d1265798e65b8a29768a113c228443f3286d71f,78be763eaa256c23ee59dbb43099a704088867a498e0712f9b39fca6e2a1a9e5,border_crop,,generated from held-out ID only; never from train,sensory_artifact,sensory_artifact,sensory_artifact,0.5177873483233181,0.5,border_crop,border_crop,0.26337071566128756
images/dissertation_v1/ood/sensory_artifact/border_crop/artifact_000085_05_border_crop.png,1,test,synthetic_artifact,sensory_artifact,border_crop,derived_from_synthetic_faf,,derived_or_generated_synthetic,test,21c2afb853af36256ff94282530f4ceb7a1bf3565cc33a415a878f2dfc9d445d,8d1a0ac599eb0fc0815a524bfd0d17776fb2ef35046fbc4572d893caaa893281,border_crop,,generated from held-out ID only; never from train,sensory_artifact,sensory_artifact,sensory_artifact,0.5699786055096806,0.5,border_crop,oct_screenshot,0.3060134133815703
images/dissertation_v1/ood/sensory_artifact/border_crop/artifact_000088_05_border_crop.png,1,test,synthetic_artifact,sensory_artifact,border_crop,derived_from_synthetic_faf,,derived_or_generated_synthetic,test,71fdb5c4b416fc247d5320385ba5f6badc551f7c389f0c49594f9522b9aa537a,f17437fbc8ba0a64d77cc3c9bf74907c67242c244da975a5c736668c80ba36ff,border_crop,,generated from held-out ID only; never from train,sensory_artifact,sensory_artifact,sensory_artifact,0.9479339055690863,0.5,border_crop,border_crop,0.564554386134995
images/dissertation_v1/ood/sensory_artifact/border_crop/artifact_000094_05_border_crop.png,1,test,synthetic_artifact,sensory_artifact,border_crop,derived_from_synthetic_faf,,derived_or_generated_synthetic,test,5edb4541a19a6ebf4332189313556fe42a1207d6a55e4c37d3f327724f4d376c,ee8fa9a0a71d9854bc709dffc04506fd677490df5d65bac869c0430e8faf78bd,border_crop,,generated from held-out ID only; never from train,sensory_artifact,sensory_artifact,sensory_artifact,0.5943185509564047,0.5,border_crop,border_crop,0.18050983652075267
images/dissertation_v1/ood/sensory_artifact/border_crop/artifact_000102_05_border_crop.png,1,test,synthetic_artifact,sensory_artifact,border_crop,derived_from_synthetic_faf,,derived_or_generated_synthetic,test,dd33a8e04a01a6c4e3732c7850ac8bfa522716777d64f59a80fbafb5718c9a3b,876590b0a765ef6079e51d67a6947a5af2a14a9fbeccf29ca3f63f876f1fda65,border_crop,,generated from held-out ID only; never from train,sensory_artifact,sensory_artifact,sensory_artifact,0.7821807340985533,0.5,border_crop,border_crop,0.2535370300628208
images/dissertation_v1/ood/sensory_artifact/border_crop/artifact_000104_05_border_crop.png,1,test,synthetic_artifact,sensory_artifact,border_crop,derived_from_synthetic_faf,,derived_or_generated_synthetic,test,944083ce8be5f53b86bab2682def0e3c0aa210bad07caf338ebe6da831e71b41,0bdedd689eb5072ae76a5bc2982fc930589c53a3ea641a9eb81e21b15098d67e,border_crop,,generated from held-out ID only; never from train,sensory_artifact,sensory_artifact,sensory_artifact,0.9628047634220469,0.5,border_crop,blur_artifact,0.331403928000742
images/dissertation_v1/ood/sensory_artifact/border_crop/artifact_000105_05_border_crop.png,1,test,synthetic_artifact,sensory_artifact,border_crop,derived_from_synthetic_faf,,derived_or_generated_synthetic,test,6c42cc09af5ac1d1625d9a2e9c7e1a034cbb5b3222aee7c7dafe7d1eb4ab96f3,5aeefa494416110fc3806f91b7263e927a7398a19bcbe5c7e6b7e7cc6c626ce9,border_crop,,generated from held-out ID only; never from train,sensory_artifact,sensory_artifact,sensory_artifact,0.6877956708547946,0.5,border_crop,border_crop,0.3370552346392245
images/dissertation_v1/ood/sensory_artifact/border_crop/artifact_000109_05_border_crop.png,1,test,synthetic_artifact,sensory_artifact,border_crop,derived_from_synthetic_faf,,derived_or_generated_synthetic,test,b1ff48afaebbc8385c870137be7f1e8bc6edcf104bf167f105d8a926585e8e2e,34f334303d87d3fece2fa5c693e847b9026173d7beed69537aeda43d5b114c55,border_crop,,generated from held-out ID only; never from train,sensory_artifact,sensory_artifact,sensory_artifact,0.9070309489615423,0.5,border_crop,border_crop,0.5141602538949329
images/dissertation_v1/ood/sensory_artifact/border_crop/artifact_000122_05_border_crop.png,1,test,synthetic_artifact,sensory_artifact,border_crop,derived_from_synthetic_faf,,derived_or_generated_synthetic,test,cd6c9504d79494ef3970c06f73ecfffc5f5fc0a169f9ddd36bc7505fb0876086,265117c12dd093ed24562953f1f5fb10cc2a9ed74f2fac2312bd6629f939e390,border_crop,,generated from held-out ID only; never from train,sensory_artifact,modality_shift,modality_shift,0.5211047332223979,0.5,border_crop,border_crop,0.13771582187886988
images/dissertation_v1/ood/sensory_artifact/border_crop/artifact_000124_05_border_crop.png,1,test,synthetic_artifact,sensory_artifact,border_crop,derived_from_synthetic_faf,,derived_or_generated_synthetic,test,c54b63ff084185add1c8d571fee5b69ac2172ef30c31cc6579d7252b83d560f2,1357c3ae2f0fba084aeed4a8283c596cb7847421f14f916d7feec6f64869c3b3,border_crop,,generated from held-out ID only; never from train,sensory_artifact,modality_shift,modality_shift,0.8546814626307729,0.5,border_crop,border_crop,0.2627671674458329
images/dissertation_v1/ood/sensory_artifact/border_crop/artifact_000129_05_border_crop.png,1,test,synthetic_artifact,sensory_artifact,border_crop,derived_from_synthetic_faf,,derived_or_generated_synthetic,test,6ddada25f18ab15c0627091cd6f2c4e9fb0d278d0a1c0019d422fe0700aa868c,77f45451bad9b412dd81bc34fd0e1bdc36b0ef7e9851223783152e6b269e527b,border_crop,,generated from held-out ID only; never from train,sensory_artifact,sensory_artifact,sensory_artifact,0.5448252662233725,0.5,border_crop,arrow_annotation,0.18474482243753423
images/dissertation_v1/ood/sensory_artifact/border_crop/artifact_000133_05_border_crop.png,1,test,synthetic_artifact,sensory_artifact,border_crop,derived_from_synthetic_faf,,derived_or_generated_synthetic,test,6a6de2d34d9e7d355d96641d5530437689615cde803612df80f3fe08bff99d3a,4939cf020113c74b587fc51d5a9628f40971fc08f2f4ebf3dc2f55b68a071b16,border_crop,,generated from held-out ID only; never from train,sensory_artifact,sensory_artifact,sensory_artifact,0.9683479962126359,0.5,border_crop,border_crop,0.3266389163922839
images/dissertation_v1/ood/sensory_artifact/border_crop/artifact_000145_05_border_crop.png,1,test,synthetic_artifact,sensory_artifact,border_crop,derived_from_synthetic_faf,,derived_or_generated_synthetic,test,2810a2e4331642a0c1be700698ad9627edfa5b7df1cad0d9cbbe53ed81c63a3b,578e6780b90d93dbd87714cf5bf1b0470f458e55596c36959b30ade921980aa8,border_crop,,generated from held-out ID only; never from train,sensory_artifact,modality_shift,modality_shift,0.551508176911552,0.5,border_crop,border_crop,0.1944582936532905
images/dissertation_v1/ood/semantic_outlier/cifar10_natural/cifar10_natural_000005.png,1,test,public_semantic_outlier,semantic_outlier,cifar10_natural,prepared_cifar10_or_natural,,pending_manual_review,test,f0fa48daf0a9796afef3c4e5b5b2ec15d2e637009e604ea533226a9503620820,,,,public/prepared OOD source; verify license before dissertation submission,semantic_outlier,semantic_outlier,semantic_outlier,0.940414696783198,0.5,cifar10_natural,cifar10_natural,0.5917533353800112
images/dissertation_v1/ood/semantic_outlier/cifar10_natural/cifar10_natural_000009.png,1,test,public_semantic_outlier,semantic_outlier,cifar10_natural,prepared_cifar10_or_natural,,pending_manual_review,test,672c7c4d89e39a0aea9c2bf88a1cae96281d68d4b64032d9a1cac5e64a54bf77,,,,public/prepared OOD source; verify license before dissertation submission,semantic_outlier,semantic_outlier,semantic_outlier,0.9779210975679064,0.5,cifar10_natural,cifar10_natural,0.8872030228781096
images/dissertation_v1/ood/semantic_outlier/cifar10_natural/cifar10_natural_000012.png,1,test,public_semantic_outlier,semantic_outlier,cifar10_natural,prepared_cifar10_or_natural,,pending_manual_review,test,d4a4eb1ba9c6fa946a3d0e892c32b7829a34b4def9d081961fc045b5f0888919,,,,public/prepared OOD source; verify license before dissertation submission,semantic_outlier,semantic_outlier,semantic_outlier,0.9051947576456795,0.5,cifar10_natural,cifar10_natural,0.5825157388257377
images/dissertation_v1/ood/semantic_outlier/cifar10_natural/cifar10_natural_000016.png,1,test,public_semantic_outlier,semantic_outlier,cifar10_natural,prepared_cifar10_or_natural,,pending_manual_review,test,62dca3374b58ac24a0c794306361126f356492ef506e13742ce4839dc8aaa6a0,,,,public/prepared OOD source; verify license before dissertation submission,semantic_outlier,semantic_outlier,semantic_outlier,0.7587839206134237,0.5,cifar10_natural,cifar10_natural,0.637249357998418
images/dissertation_v1/ood/semantic_outlier/cifar10_natural/cifar10_natural_000025.png,1,test,public_semantic_outlier,semantic_outlier,cifar10_natural,prepared_cifar10_or_natural,,pending_manual_review,test,94b8b2afc5766091c8ee6678c628f3e9ad6517967ef9f231ca5dd8cbca92f6ae,,,,public/prepared OOD source; verify license before dissertation submission,semantic_outlier,semantic_outlier,semantic_outlier,0.9667379661205041,0.5,cifar10_natural,cifar10_natural,0.7801544018902922
images/dissertation_v1/ood/semantic_outlier/cifar10_natural/cifar10_natural_000026.png,1,test,public_semantic_outlier,semantic_outlier,cifar10_natural,prepared_cifar10_or_natural,,pending_manual_review,test,0e852b15a0afbecd1d0bcf7e19d2d871676255b5ce5fe5a1c7914e9b8d54772e,,,,public/prepared OOD source; verify license before dissertation submission,semantic_outlier,semantic_outlier,semantic_outlier,0.9501651716863657,0.5,cifar10_natural,cifar10_natural,0.7646375941733922
images/dissertation_v1/ood/semantic_outlier/cifar10_natural/cifar10_natural_000043.png,1,test,public_semantic_outlier,semantic_outlier,cifar10_natural,prepared_cifar10_or_natural,,pending_manual_review,test,38560f8bdf41d66832c6e36604c2bc529e75a2a13299c98dca3b9795f694b2b3,,,,public/prepared OOD source; verify license before dissertation submission,semantic_outlier,semantic_outlier,semantic_outlier,0.9591193120702485,0.5,cifar10_natural,cifar10_natural,0.7698405835030403
images/dissertation_v1/ood/semantic_outlier/cifar10_natural/cifar10_natural_000047.png,1,test,public_semantic_outlier,semantic_outlier,cifar10_natural,prepared_cifar10_or_natural,,pending_manual_review,test,cde3c2d0b5957dc503447808d89cbf2af4ec08a2dac798b6cf51ae8c60699503,,,,public/prepared OOD source; verify license before dissertation submission,semantic_outlier,semantic_outlier,semantic_outlier,0.9530956504702437,0.5,cifar10_natural,cifar10_natural,0.7500071938711655
images/dissertation_v1/ood/semantic_outlier/cifar10_natural/cifar10_natural_000050.png,1,test,public_semantic_outlier,semantic_outlier,cifar10_natural,prepared_cifar10_or_natural,,pending_manual_review,test,b9811953dcab3787408d5b52c4001c53a3cdb388d58d0411dae26f49593278da,,,,public/prepared OOD source; verify license before dissertation submission,semantic_outlier,semantic_outlier,semantic_outlier,0.9498009435356533,0.5,cifar10_natural,cifar10_natural,0.7403399838972323
images/dissertation_v1/ood/semantic_outlier/cifar10_natural/cifar10_natural_000061.png,1,test,public_semantic_outlier,semantic_outlier,cifar10_natural,prepared_cifar10_or_natural,,pending_manual_review,test,471a0aa9ceed4648705e542e2ccbef455c97891eed813a095e50a91bb275e707,,,,public/prepared OOD source; verify license before dissertation submission,semantic_outlier,semantic_outlier,semantic_outlier,0.8234843196786905,0.5,cifar10_natural,cifar10_natural,0.5166971762502426
images/dissertation_v1/ood/semantic_outlier/cifar10_natural/cifar10_natural_000062.png,1,test,public_semantic_outlier,semantic_outlier,cifar10_natural,prepared_cifar10_or_natural,,pending_manual_review,test,a375968a4ec4c6fdbeff9c745da958fd56273ab4837f05553af902c66e1cb474,,,,public/prepared OOD source; verify license before dissertation submission,semantic_outlier,semantic_outlier,semantic_outlier,0.6640255437121078,0.5,cifar10_natural,composite_layout,0.4308808814127373
images/dissertation_v1/ood/semantic_outlier/cifar10_natural/cifar10_natural_000067.png,1,test,public_semantic_outlier,semantic_outlier,cifar10_natural,prepared_cifar10_or_natural,,pending_manual_review,test,5fbac50056c81966046551ef218a67b105cf58c34f1680aec2fd9a9b30b7b2dc,,,,public/prepared OOD source; verify license before dissertation submission,semantic_outlier,semantic_outlier,semantic_outlier,0.9637345653100825,0.5,cifar10_natural,cifar10_natural,0.9089814493468484
images/dissertation_v1/ood/semantic_outlier/cifar10_natural/cifar10_natural_000070.png,1,test,public_semantic_outlier,semantic_outlier,cifar10_natural,prepared_cifar10_or_natural,,pending_manual_review,test,d605c40069194174598d331d94761adc822b744e78c43ab87a377a5ccf4196b9,,,,public/prepared OOD source; verify license before dissertation submission,semantic_outlier,semantic_outlier,semantic_outlier,0.9662004391341557,0.5,cifar10_natural,cifar10_natural,0.9573575002739838
images/dissertation_v1/ood/semantic_outlier/cifar10_natural/cifar10_natural_000079.png,1,test,public_semantic_outlier,semantic_outlier,cifar10_natural,prepared_cifar10_or_natural,,pending_manual_review,test,8d50b9d4392cff32526e80617f0796c66b125529dfae9e32cce3c4af8b527a1f,,,,public/prepared OOD source; verify license before dissertation submission,semantic_outlier,semantic_outlier,semantic_outlier,0.993374625965567,0.5,cifar10_natural,cifar10_natural,0.9832440875301914
images/dissertation_v1/ood/semantic_outlier/cifar10_natural/cifar10_natural_000081.png,1,test,public_semantic_outlier,semantic_outlier,cifar10_natural,prepared_cifar10_or_natural,,pending_manual_review,test,7215c8e2b4c209195a93ceb53ffe195d307dfa816146e6aa5077ea5d57ff0297,,,,public/prepared OOD source; verify license before dissertation submission,semantic_outlier,sensory_artifact,sensory_artifact,0.6620614801738468,0.5,cifar10_natural,oct_screenshot,0.2885889082934107
images/dissertation_v1/ood/semantic_outlier/cifar10_natural/cifar10_natural_000083.png,1,test,public_semantic_outlier,semantic_outlier,cifar10_natural,prepared_cifar10_or_natural,,pending_manual_review,test,23640c3490a6a1b3a688285bbfaeae5f0fcc1f861a1773f0d992c5d1fe385164,,,,public/prepared OOD source; verify license before dissertation submission,semantic_outlier,semantic_outlier,semantic_outlier,0.9900344535327598,0.5,cifar10_natural,cifar10_natural,0.9694384170526753
images/dissertation_v1/ood/semantic_outlier/cifar10_natural/cifar10_natural_000084.png,1,test,public_semantic_outlier,semantic_outlier,cifar10_natural,prepared_cifar10_or_natural,,pending_manual_review,test,bcd5bd13e1435b0494063ecf566ad3b5cee18defb7ef51c3dc657b30e0ea91e7,,,,public/prepared OOD source; verify license before dissertation submission,semantic_outlier,semantic_outlier,semantic_outlier,0.9897631313383217,0.5,cifar10_natural,cifar10_natural,0.9593296239835096
images/dissertation_v1/ood/semantic_outlier/cifar10_natural/cifar10_natural_000085.png,1,test,public_semantic_outlier,semantic_outlier,cifar10_natural,prepared_cifar10_or_natural,,pending_manual_review,test,efef9be0488a9fa3a4d22eeb86fb48877e05b2544b343a6a1c1918f1d31d0031,,,,public/prepared OOD source; verify license before dissertation submission,semantic_outlier,semantic_outlier,semantic_outlier,0.9539702490647628,0.5,cifar10_natural,cifar10_natural,0.6818255164089952
images/dissertation_v1/ood/semantic_outlier/cifar10_natural/cifar10_natural_000104.png,1,test,public_semantic_outlier,semantic_outlier,cifar10_natural,prepared_cifar10_or_natural,,pending_manual_review,test,f298acbb4aa0858d219f7de9ba3d4a650119d95abbc1fe5816e1553b5e2afc1a,,,,public/prepared OOD source; verify license before dissertation submission,semantic_outlier,semantic_outlier,semantic_outlier,0.9609415218009754,0.5,cifar10_natural,cifar10_natural,0.8115768767388178
images/dissertation_v1/ood/semantic_outlier/cifar10_natural/cifar10_natural_000107.png,1,test,public_semantic_outlier,semantic_outlier,cifar10_natural,prepared_cifar10_or_natural,,pending_manual_review,test,852957ea8a2d7da5f7e3cd7502fa85f8766f4f72c43bb6bd08cac49f8e58e5c7,,,,public/prepared OOD source; verify license before dissertation submission,semantic_outlier,semantic_outlier,semantic_outlier,0.8329050700445644,0.5,cifar10_natural,cifar10_natural,0.40212588250556097
images/dissertation_v1/ood/semantic_outlier/cifar10_natural/cifar10_natural_000108.png,1,test,public_semantic_outlier,semantic_outlier,cifar10_natural,prepared_cifar10_or_natural,,pending_manual_review,test,aa6f7bbcd32d2237edff1d320982569075b626ad32f52afe21d0639e73f9a0a1,,,,public/prepared OOD source; verify license before dissertation submission,semantic_outlier,semantic_outlier,semantic_outlier,0.9753477343437382,0.5,cifar10_natural,cifar10_natural,0.8794171624438314
images/dissertation_v1/ood/semantic_outlier/cifar10_natural/cifar10_natural_000120.png,1,test,public_semantic_outlier,semantic_outlier,cifar10_natural,prepared_cifar10_or_natural,,pending_manual_review,test,42751ce74359ca18d84a2d86ce6325e315d3f604b9df20076b4b18bd1ed6b1c1,,,,public/prepared OOD source; verify license before dissertation submission,semantic_outlier,semantic_outlier,semantic_outlier,0.9844243440756755,0.5,cifar10_natural,cifar10_natural,0.9345817454251943
images/dissertation_v1/ood/semantic_outlier/cifar10_natural/cifar10_natural_000127.png,1,test,public_semantic_outlier,semantic_outlier,cifar10_natural,prepared_cifar10_or_natural,,pending_manual_review,test,3002ca44a1d8e024f061a088701d740e22ca2c1c35efef3e1cb014e90f4a9816,,,,public/prepared OOD source; verify license before dissertation submission,semantic_outlier,semantic_outlier,semantic_outlier,0.5646783456401352,0.5,cifar10_natural,cifar10_natural,0.4501067699058916
images/dissertation_v1/ood/semantic_outlier/cifar10_natural/cifar10_natural_000130.png,1,test,public_semantic_outlier,semantic_outlier,cifar10_natural,prepared_cifar10_or_natural,,pending_manual_review,test,4da4399ae6a0653604c4295d65c2d5dfb7b98cc62e13285b25e89ec9c263ed43,,,,public/prepared OOD source; verify license before dissertation submission,semantic_outlier,semantic_outlier,semantic_outlier,0.9892369674110633,0.5,cifar10_natural,cifar10_natural,0.9355425562472315
images/dissertation_v1/ood/semantic_outlier/cifar10_natural/cifar10_natural_000134.png,1,test,public_semantic_outlier,semantic_outlier,cifar10_natural,prepared_cifar10_or_natural,,pending_manual_review,test,48dd62e7debe43eaf11d261e26b97a6282900fb292fab2c5777ce7947463bef5,,,,public/prepared OOD source; verify license before dissertation submission,semantic_outlier,semantic_outlier,semantic_outlier,0.9875266459731664,0.5,cifar10_natural,cifar10_natural,0.9432583364394813
images/dissertation_v1/ood/semantic_outlier/cifar10_natural/cifar10_natural_000136.png,1,test,public_semantic_outlier,semantic_outlier,cifar10_natural,prepared_cifar10_or_natural,,pending_manual_review,test,308b1b344b0c358fc52ae6e295046cc190ebc7ed4594ef7f3ed302bd73a0d923,,,,public/prepared OOD source; verify license before dissertation submission,semantic_outlier,semantic_outlier,semantic_outlier,0.9632140396843836,0.5,cifar10_natural,cifar10_natural,0.822089442852609
images/dissertation_v1/ood/semantic_outlier/cifar10_natural/cifar10_natural_000141.png,1,test,public_semantic_outlier,semantic_outlier,cifar10_natural,prepared_cifar10_or_natural,,pending_manual_review,test,f9f0a03cd51921604036bf6778358ad67f809520c9ebfacf8ccbd83b12730904,,,,public/prepared OOD source; verify license before dissertation submission,semantic_outlier,semantic_outlier,semantic_outlier,0.9771212818742286,0.5,cifar10_natural,cifar10_natural,0.8871082698097471
images/dissertation_v1/ood/semantic_outlier/cifar10_natural/cifar10_natural_000145.png,1,test,public_semantic_outlier,semantic_outlier,cifar10_natural,prepared_cifar10_or_natural,,pending_manual_review,test,3ccbb1af5348690ae931d0b09f1158fbf39bf0aa956c29e451f54b7443fcb1cc,,,,public/prepared OOD source; verify license before dissertation submission,semantic_outlier,semantic_outlier,semantic_outlier,0.9866577781597274,0.5,cifar10_natural,cifar10_natural,0.9396251178544381
images/dissertation_v1/ood/semantic_outlier/cifar10_natural/cifar10_natural_000146.png,1,test,public_semantic_outlier,semantic_outlier,cifar10_natural,prepared_cifar10_or_natural,,pending_manual_review,test,bfe7337ac8269bdd308039fee829c851fa1ec9f281a378204d0e4d52227919b6,,,,public/prepared OOD source; verify license before dissertation submission,semantic_outlier,sensory_artifact,sensory_artifact,0.6473466388047352,0.5,cifar10_natural,composite_layout,0.41040560069729826
images/dissertation_v1/ood/semantic_outlier/cifar10_natural/cifar10_natural_000147.png,1,test,public_semantic_outlier,semantic_outlier,cifar10_natural,prepared_cifar10_or_natural,,pending_manual_review,test,c772af8d13fa515eb03c4a3e7bc8de2eac2da0f137c4dd08c7d808e227498306,,,,public/prepared OOD source; verify license before dissertation submission,semantic_outlier,semantic_outlier,semantic_outlier,0.9644135896600515,0.5,cifar10_natural,cifar10_natural,0.8067616682804069
images/dissertation_v1/ood/semantic_outlier/cifar10_natural/cifar10_natural_000151.png,1,test,public_semantic_outlier,semantic_outlier,cifar10_natural,prepared_cifar10_or_natural,,pending_manual_review,test,dba225882bbd4ab131f34ae09660d9fc1253790140ed3e84a03983020193dbcb,,,,public/prepared OOD source; verify license before dissertation submission,semantic_outlier,semantic_outlier,semantic_outlier,0.8788449646121709,0.5,cifar10_natural,cifar10_natural,0.6815588694109933
images/dissertation_v1/ood/semantic_outlier/cifar10_natural/cifar10_natural_000153.png,1,test,public_semantic_outlier,semantic_outlier,cifar10_natural,prepared_cifar10_or_natural,,pending_manual_review,test,7f186cc1a00bf3b832a1e598c3e0ea6a08abc7a0c99a97fd041044f341e49e4c,,,,public/prepared OOD source; verify license before dissertation submission,semantic_outlier,semantic_outlier,semantic_outlier,0.9829128004242526,0.5,cifar10_natural,cifar10_natural,0.9135630328396541
images/dissertation_v1/ood/semantic_outlier/cifar10_natural/cifar10_natural_000155.png,1,test,public_semantic_outlier,semantic_outlier,cifar10_natural,prepared_cifar10_or_natural,,pending_manual_review,test,b8004a5e7aba72e959c90e26066803e33d29c868cf4627ba8be9f7bcba000c32,,,,public/prepared OOD source; verify license before dissertation submission,semantic_outlier,semantic_outlier,semantic_outlier,0.9274179394623048,0.5,cifar10_natural,cifar10_natural,0.5977880432793736
images/dissertation_v1/ood/semantic_outlier/cifar10_natural/cifar10_natural_000164.png,1,test,public_semantic_outlier,semantic_outlier,cifar10_natural,prepared_cifar10_or_natural,,pending_manual_review,test,6f10f6e47e343a22e6abe5b93cca0482b8cef047aa03ba62bbf33cd714e84723,,,,public/prepared OOD source; verify license before dissertation submission,semantic_outlier,semantic_outlier,semantic_outlier,0.9825883058799032,0.5,cifar10_natural,cifar10_natural,0.9300176974429477
images/dissertation_v1/ood/semantic_outlier/cifar10_natural/cifar10_natural_000171.png,1,test,public_semantic_outlier,semantic_outlier,cifar10_natural,prepared_cifar10_or_natural,,pending_manual_review,test,856707cbb1a51caaf153669657adf54b6e98ae51f375832a9118a62a0f01e1cc,,,,public/prepared OOD source; verify license before dissertation submission,semantic_outlier,semantic_outlier,semantic_outlier,0.9832097992018608,0.5,cifar10_natural,cifar10_natural,0.90669435764047
images/dissertation_v1/ood/semantic_outlier/cifar10_natural/cifar10_natural_000172.png,1,test,public_semantic_outlier,semantic_outlier,cifar10_natural,prepared_cifar10_or_natural,,pending_manual_review,test,8995170be603ea0ec3c61ca7013736b5e48c15b0193dd9b9588cb7635fa12043,,,,public/prepared OOD source; verify license before dissertation submission,semantic_outlier,semantic_outlier,semantic_outlier,0.9801369889603528,0.5,cifar10_natural,cifar10_natural,0.8603399726566255
images/dissertation_v1/ood/semantic_outlier/cifar10_natural/cifar10_natural_000181.png,1,test,public_semantic_outlier,semantic_outlier,cifar10_natural,prepared_cifar10_or_natural,,pending_manual_review,test,d88faf140dff5e4e30720f9958cf0d1cdf48bd07d3993fc13e76f64e2b522157,,,,public/prepared OOD source; verify license before dissertation submission,semantic_outlier,semantic_outlier,semantic_outlier,0.9885486957768345,0.5,cifar10_natural,cifar10_natural,0.9569527161484148
images/dissertation_v1/ood/semantic_outlier/cifar10_natural/cifar10_natural_000192.png,1,test,public_semantic_outlier,semantic_outlier,cifar10_natural,prepared_cifar10_or_natural,,pending_manual_review,test,275ed3fe1550e150caa1d94e41d6f64678af27ab7736f92bdfd6a576ba8c9c21,,,,public/prepared OOD source; verify license before dissertation submission,semantic_outlier,semantic_outlier,semantic_outlier,0.938409134698719,0.5,cifar10_natural,cifar10_natural,0.7260453142429458
images/dissertation_v1/ood/semantic_outlier/cifar10_natural/cifar10_natural_000193.png,1,test,public_semantic_outlier,semantic_outlier,cifar10_natural,prepared_cifar10_or_natural,,pending_manual_review,test,e708d6a67158c36c18c2b7323bd1eb893b3f2efb4bc9ccd235b6e51bd6ee3edd,,,,public/prepared OOD source; verify license before dissertation submission,semantic_outlier,semantic_outlier,semantic_outlier,0.9287571780678815,0.5,cifar10_natural,cifar10_natural,0.6510017841776091
images/dissertation_v1/ood/semantic_outlier/cifar10_natural/cifar10_natural_000198.png,1,test,public_semantic_outlier,semantic_outlier,cifar10_natural,prepared_cifar10_or_natural,,pending_manual_review,test,9bb88785e9669a532260a37bd0fd6a2692a10a14bd62831b1f78ec83e9468d24,,,,public/prepared OOD source; verify license before dissertation submission,semantic_outlier,semantic_outlier,semantic_outlier,0.721185092169716,0.5,cifar10_natural,cifar10_natural,0.4265233852368778
images/dissertation_v1/ood/semantic_outlier/cifar10_natural/cifar10_natural_000199.png,1,test,public_semantic_outlier,semantic_outlier,cifar10_natural,prepared_cifar10_or_natural,,pending_manual_review,test,f62d88558b5ef54131f8a3203464140610682e59a8b25e4dcdcf1d56e116aa38,,,,public/prepared OOD source; verify license before dissertation submission,semantic_outlier,semantic_outlier,semantic_outlier,0.978388966243197,0.5,cifar10_natural,cifar10_natural,0.8787861250760489
images/dissertation_v1/ood/semantic_outlier/cifar10_natural/cifar10_natural_000200.png,1,test,public_semantic_outlier,semantic_outlier,cifar10_natural,prepared_cifar10_or_natural,,pending_manual_review,test,8c14c1e0eecc186ba0cad29f15c7a83a2caedaecbce3fcdac7bdd10c74a3d05a,,,,public/prepared OOD source; verify license before dissertation submission,semantic_outlier,semantic_outlier,semantic_outlier,0.9666930344902644,0.5,cifar10_natural,cifar10_natural,0.8326065208958128
images/dissertation_v1/ood/semantic_outlier/cifar10_natural/cifar10_natural_000201.png,1,test,public_semantic_outlier,semantic_outlier,cifar10_natural,prepared_cifar10_or_natural,,pending_manual_review,test,d9aa0d216af422fe6e3f421b106995acad59bab537eb21736d3f7698a7efac85,,,,public/prepared OOD source; verify license before dissertation submission,semantic_outlier,semantic_outlier,semantic_outlier,0.9801718414488514,0.5,cifar10_natural,cifar10_natural,0.8937182483703817
images/dissertation_v1/ood/semantic_outlier/cifar10_natural/cifar10_natural_000205.png,1,test,public_semantic_outlier,semantic_outlier,cifar10_natural,prepared_cifar10_or_natural,,pending_manual_review,test,2166a494343ad3c550a60e5ffce1c9132f737e202e95d113cd950a7599eafcf2,,,,public/prepared OOD source; verify license before dissertation submission,semantic_outlier,semantic_outlier,semantic_outlier,0.983419431875278,0.5,cifar10_natural,cifar10_natural,0.9396808079542551
images/dissertation_v1/ood/semantic_outlier/cifar10_natural/cifar10_natural_000217.png,1,test,public_semantic_outlier,semantic_outlier,cifar10_natural,prepared_cifar10_or_natural,,pending_manual_review,test,ecdffb9d28f0485f035362eec4bc146fff251cb35808081ca548584b975d466a,,,,public/prepared OOD source; verify license before dissertation submission,semantic_outlier,semantic_outlier,semantic_outlier,0.9831880975221988,0.5,cifar10_natural,cifar10_natural,0.9283485894431474
images/dissertation_v1/ood/semantic_outlier/cifar10_natural/cifar10_natural_000220.png,1,test,public_semantic_outlier,semantic_outlier,cifar10_natural,prepared_cifar10_or_natural,,pending_manual_review,test,f04c293eccd30a512b17968e9d5afb14bd82c517055d61b4fa8be9f8abeec3a8,,,,public/prepared OOD source; verify license before dissertation submission,semantic_outlier,semantic_outlier,semantic_outlier,0.97929063774174,0.5,cifar10_natural,cifar10_natural,0.8938736786065297
images/dissertation_v1/ood/semantic_outlier/cifar10_natural/cifar10_natural_000225.png,1,test,public_semantic_outlier,semantic_outlier,cifar10_natural,prepared_cifar10_or_natural,,pending_manual_review,test,825c950e379c87900d5c53ffbee6a0a349c6b3d2c3ace14592e0f3dc9cbe1b75,,,,public/prepared OOD source; verify license before dissertation submission,semantic_outlier,semantic_outlier,semantic_outlier,0.9417469306896242,0.5,cifar10_natural,cifar10_natural,0.6975112074396436
images/dissertation_v1/ood/semantic_outlier/cifar10_natural/cifar10_natural_000227.png,1,test,public_semantic_outlier,semantic_outlier,cifar10_natural,prepared_cifar10_or_natural,,pending_manual_review,test,6b275dff757d9785b367423dcc99fc76a963cbd73113b8f55e2875f99047a9f8,,,,public/prepared OOD source; verify license before dissertation submission,semantic_outlier,semantic_outlier,semantic_outlier,0.9893877302090867,0.5,cifar10_natural,cifar10_natural,0.9297875609879444
images/dissertation_v1/ood/semantic_outlier/cifar10_natural/cifar10_natural_000231.png,1,test,public_semantic_outlier,semantic_outlier,cifar10_natural,prepared_cifar10_or_natural,,pending_manual_review,test,c4e67960f3f68fff15cd38de3c90a07a1767b9585a535674ec0b61a8d3dffbf7,,,,public/prepared OOD source; verify license before dissertation submission,semantic_outlier,semantic_outlier,semantic_outlier,0.9774099868619468,0.5,cifar10_natural,cifar10_natural,0.8887831544640019
images/dissertation_v1/ood/semantic_outlier/cifar10_natural/cifar10_natural_000249.png,1,test,public_semantic_outlier,semantic_outlier,cifar10_natural,prepared_cifar10_or_natural,,pending_manual_review,test,0b3f7395961e0c5f68881431a09dc08bbd15d9906f7561a758fac77db3134a2c,,,,public/prepared OOD source; verify license before dissertation submission,semantic_outlier,modality_shift,modality_shift,0.6111545383677457,0.5,cifar10_natural,oct_screenshot,0.8617993209234285
images/dissertation_v1/ood/semantic_outlier/cifar10_natural/cifar10_natural_000253.png,1,test,public_semantic_outlier,semantic_outlier,cifar10_natural,prepared_cifar10_or_natural,,pending_manual_review,test,1fb2030b22842d462bb47b34a8162dc65fa030fc4a653351ba682f915184955f,,,,public/prepared OOD source; verify license before dissertation submission,semantic_outlier,semantic_outlier,semantic_outlier,0.8203033535971193,0.5,cifar10_natural,composite_layout,0.5027753898898868
images/dissertation_v1/ood/semantic_outlier/cifar10_natural/cifar10_natural_000261.png,1,test,public_semantic_outlier,semantic_outlier,cifar10_natural,prepared_cifar10_or_natural,,pending_manual_review,test,1ae820bb903c556f9960289ea0a012050530adf4e491b4c69f16cfeae21cb09d,,,,public/prepared OOD source; verify license before dissertation submission,semantic_outlier,semantic_outlier,semantic_outlier,0.9533920264907657,0.5,cifar10_natural,cifar10_natural,0.766003857591454
images/dissertation_v1/ood/semantic_outlier/cifar10_natural/cifar10_natural_000262.png,1,test,public_semantic_outlier,semantic_outlier,cifar10_natural,prepared_cifar10_or_natural,,pending_manual_review,test,d7378494f91ae01147faf7ff6e3dc32985b2cb85c1c8281e3cb7311a423c19da,,,,public/prepared OOD source; verify license before dissertation submission,semantic_outlier,semantic_outlier,semantic_outlier,0.9381358637853547,0.5,cifar10_natural,cifar10_natural,0.6388239868129534
images/dissertation_v1/ood/semantic_outlier/cifar10_natural/cifar10_natural_000270.png,1,test,public_semantic_outlier,semantic_outlier,cifar10_natural,prepared_cifar10_or_natural,,pending_manual_review,test,6cfe13c17b25e8bc59ef0d69c4265fa0825dd8704181a20b2e907e652c9c8c29,,,,public/prepared OOD source; verify license before dissertation submission,semantic_outlier,semantic_outlier,semantic_outlier,0.9810881974786334,0.5,cifar10_natural,cifar10_natural,0.8694193515268172
images/dissertation_v1/ood/semantic_outlier/cifar10_natural/cifar10_natural_000275.png,1,test,public_semantic_outlier,semantic_outlier,cifar10_natural,prepared_cifar10_or_natural,,pending_manual_review,test,d9aec1fe51be126f4baf1bbfddd193e22a6e93081f4fa196d617a39adf26e340,,,,public/prepared OOD source; verify license before dissertation submission,semantic_outlier,semantic_outlier,semantic_outlier,0.9824852695310198,0.5,cifar10_natural,cifar10_natural,0.9144149747729146
images/dissertation_v1/ood/semantic_outlier/cifar10_natural/cifar10_natural_000283.png,1,test,public_semantic_outlier,semantic_outlier,cifar10_natural,prepared_cifar10_or_natural,,pending_manual_review,test,adb7cce29bcb4716babe4ff4d17d1dc472a310d78bbee671a92232cdfa6a98a9,,,,public/prepared OOD source; verify license before dissertation submission,semantic_outlier,semantic_outlier,semantic_outlier,0.9861465600228617,0.5,cifar10_natural,cifar10_natural,0.9559280092288449
images/dissertation_v1/ood/semantic_outlier/cifar10_natural/cifar10_natural_000284.png,1,test,public_semantic_outlier,semantic_outlier,cifar10_natural,prepared_cifar10_or_natural,,pending_manual_review,test,196a1deb114c14c4fef30c4869b4fb6cb873560bdb9b370cb6f3dc05d632a821,,,,public/prepared OOD source; verify license before dissertation submission,semantic_outlier,semantic_outlier,semantic_outlier,0.9820967160919061,0.5,cifar10_natural,cifar10_natural,0.9494723851572923
images/dissertation_v1/ood/semantic_outlier/cifar10_natural/cifar10_natural_000285.png,1,test,public_semantic_outlier,semantic_outlier,cifar10_natural,prepared_cifar10_or_natural,,pending_manual_review,test,f9dcddb6afe8366812e32c668ecdca1519a7f569cdbd5596c24cad3de7939712,,,,public/prepared OOD source; verify license before dissertation submission,semantic_outlier,semantic_outlier,semantic_outlier,0.968627952218757,0.5,cifar10_natural,cifar10_natural,0.8294972808816451
images/dissertation_v1/ood/semantic_outlier/cifar10_natural/cifar10_natural_000286.png,1,test,public_semantic_outlier,semantic_outlier,cifar10_natural,prepared_cifar10_or_natural,,pending_manual_review,test,5efddf472416b1548d372bb0dcd12a885e5083df6b91d5341b722b843bed08d0,,,,public/prepared OOD source; verify license before dissertation submission,semantic_outlier,sensory_artifact,sensory_artifact,0.6437314725961859,0.5,cifar10_natural,border_crop,0.16720066096844313
images/dissertation_v1/ood/semantic_outlier/cifar10_natural/cifar10_natural_000287.png,1,test,public_semantic_outlier,semantic_outlier,cifar10_natural,prepared_cifar10_or_natural,,pending_manual_review,test,d5dc46d95f1d36a8f6c938158f2ab50e5aa1871146b431aae49d656def50e645,,,,public/prepared OOD source; verify license before dissertation submission,semantic_outlier,semantic_outlier,semantic_outlier,0.9893642809724251,0.5,cifar10_natural,cifar10_natural,0.9309533042854997
images/dissertation_v1/ood/semantic_outlier/cifar10_natural/cifar10_natural_000291.png,1,test,public_semantic_outlier,semantic_outlier,cifar10_natural,prepared_cifar10_or_natural,,pending_manual_review,test,94697e0418757f55b9e89176583aea24034b9e0fdd590a0afe964a57bcf746a3,,,,public/prepared OOD source; verify license before dissertation submission,semantic_outlier,semantic_outlier,semantic_outlier,0.9206752812009661,0.5,cifar10_natural,cifar10_natural,0.7970827229572953
images/dissertation_v1/ood/semantic_outlier/cifar10_natural/cifar10_natural_000294.png,1,test,public_semantic_outlier,semantic_outlier,cifar10_natural,prepared_cifar10_or_natural,,pending_manual_review,test,c478397be57ab038d760a72b8268017baf98d46419f36a2ffbeafed165145792,,,,public/prepared OOD source; verify license before dissertation submission,semantic_outlier,semantic_outlier,semantic_outlier,0.7426332380817191,0.5,cifar10_natural,cifar10_natural,0.4910282305616403
images/dissertation_v1/ood/semantic_outlier/cifar10_natural/cifar10_natural_000296.png,1,test,public_semantic_outlier,semantic_outlier,cifar10_natural,prepared_cifar10_or_natural,,pending_manual_review,test,d790ff06a7fc8969e3ab8d30b063d5fddc803935220796902eb8e3d148f93bd8,,,,public/prepared OOD source; verify license before dissertation submission,semantic_outlier,semantic_outlier,semantic_outlier,0.9369536111142465,0.5,cifar10_natural,cifar10_natural,0.7307164703641799
images/dissertation_v1/ood/semantic_outlier/cifar10_natural/cifar10_natural_000297.png,1,test,public_semantic_outlier,semantic_outlier,cifar10_natural,prepared_cifar10_or_natural,,pending_manual_review,test,084cb51fc71b72a9a08ca76a638fae966a6b63a55c00bfa4d0c265808e6bb1ef,,,,public/prepared OOD source; verify license before dissertation submission,semantic_outlier,semantic_outlier,semantic_outlier,0.9873286971964008,0.5,cifar10_natural,cifar10_natural,0.9295904614651321
images/dissertation_v1/ood/semantic_outlier/cifar10_natural/cifar10_natural_000300.png,1,test,public_semantic_outlier,semantic_outlier,cifar10_natural,prepared_cifar10_or_natural,,pending_manual_review,test,02f0a8001ba53e9bcccb6287081bc4d3732fb4404bff0d4f72fdeed8d9eab8e6,,,,public/prepared OOD source; verify license before dissertation submission,semantic_outlier,semantic_outlier,semantic_outlier,0.9037011864650456,0.5,cifar10_natural,cifar10_natural,0.4369810146004096
images/dissertation_v1/ood/semantic_outlier/cifar10_natural/cifar10_natural_000313.png,1,test,public_semantic_outlier,semantic_outlier,cifar10_natural,prepared_cifar10_or_natural,,pending_manual_review,test,bc81b5617b50e18477565e7c9620d53b616e421397cc9b8b082807158ed0fd31,,,,public/prepared OOD source; verify license before dissertation submission,semantic_outlier,semantic_outlier,semantic_outlier,0.9911695886257057,0.5,cifar10_natural,cifar10_natural,0.9731683672065223
images/dissertation_v1/ood/semantic_outlier/cifar10_natural/cifar10_natural_000321.png,1,test,public_semantic_outlier,semantic_outlier,cifar10_natural,prepared_cifar10_or_natural,,pending_manual_review,test,501f50900fd1ed02c830b67edda2b273ad29b5c5b11b679d237a1e64a5619b07,,,,public/prepared OOD source; verify license before dissertation submission,semantic_outlier,semantic_outlier,semantic_outlier,0.9612098463506878,0.5,cifar10_natural,cifar10_natural,0.7525846728627785
images/dissertation_v1/ood/semantic_outlier/cifar10_natural/cifar10_natural_000323.png,1,test,public_semantic_outlier,semantic_outlier,cifar10_natural,prepared_cifar10_or_natural,,pending_manual_review,test,2f603174c251d5b965f9995c8449fbd22d8a52a2e7f4ae375aef8c3ec46ee072,,,,public/prepared OOD source; verify license before dissertation submission,semantic_outlier,semantic_outlier,semantic_outlier,0.9430406513723975,0.5,cifar10_natural,cifar10_natural,0.6568526620996566
images/dissertation_v1/ood/semantic_outlier/cifar10_natural/cifar10_natural_000326.png,1,test,public_semantic_outlier,semantic_outlier,cifar10_natural,prepared_cifar10_or_natural,,pending_manual_review,test,befb14199007ced8b5bdfae31547a885b4efb25898d3dc73ffe812a635b6b61b,,,,public/prepared OOD source; verify license before dissertation submission,semantic_outlier,semantic_outlier,semantic_outlier,0.9670197120521645,0.5,cifar10_natural,cifar10_natural,0.72800446016269
images/dissertation_v1/ood/semantic_outlier/cifar10_natural/cifar10_natural_000327.png,1,test,public_semantic_outlier,semantic_outlier,cifar10_natural,prepared_cifar10_or_natural,,pending_manual_review,test,0d33eabdb7c253a420beaa1801e108e9bcc335a3fdc7a4c5676828ffaf98dd12,,,,public/prepared OOD source; verify license before dissertation submission,semantic_outlier,semantic_outlier,semantic_outlier,0.9762552260050279,0.5,cifar10_natural,cifar10_natural,0.8897540262170194
images/dissertation_v1/ood/semantic_outlier/cifar10_natural/cifar10_natural_000334.png,1,test,public_semantic_outlier,semantic_outlier,cifar10_natural,prepared_cifar10_or_natural,,pending_manual_review,test,550f3fb4d5b13852e17cfc6b07859038faf041e794be99d2cee597fd22f9d7f3,,,,public/prepared OOD source; verify license before dissertation submission,semantic_outlier,semantic_outlier,semantic_outlier,0.9609036772062768,0.5,cifar10_natural,cifar10_natural,0.7559573569104954
images/dissertation_v1/ood/semantic_outlier/cifar10_natural/cifar10_natural_000337.png,1,test,public_semantic_outlier,semantic_outlier,cifar10_natural,prepared_cifar10_or_natural,,pending_manual_review,test,6e90510fe40f64c7b4898b280f8d8d05187d7bcecea6386aaaa75a6ff8717bfa,,,,public/prepared OOD source; verify license before dissertation submission,semantic_outlier,semantic_outlier,semantic_outlier,0.9666655689904246,0.5,cifar10_natural,cifar10_natural,0.7572273142218102
images/dissertation_v1/ood/semantic_outlier/cifar10_natural/cifar10_natural_000350.png,1,test,public_semantic_outlier,semantic_outlier,cifar10_natural,prepared_cifar10_or_natural,,pending_manual_review,test,a3d4bf4c8717490757b69454ca2cbb4abc0e234dc8e677a24d62023084c2851d,,,,public/prepared OOD source; verify license before dissertation submission,semantic_outlier,semantic_outlier,semantic_outlier,0.9459023735587178,0.5,cifar10_natural,cifar10_natural,0.7615714832970396
images/dissertation_v1/ood/semantic_outlier/cifar10_natural/cifar10_natural_000352.png,1,test,public_semantic_outlier,semantic_outlier,cifar10_natural,prepared_cifar10_or_natural,,pending_manual_review,test,8e740538e4d8bc1fc9f767c602a87664432fa420f06ed3f3b55d80a31361c037,,,,public/prepared OOD source; verify license before dissertation submission,semantic_outlier,semantic_outlier,semantic_outlier,0.9805886722111412,0.5,cifar10_natural,cifar10_natural,0.9016861901605258
images/dissertation_v1/ood/semantic_outlier/cifar10_natural/cifar10_natural_000353.png,1,test,public_semantic_outlier,semantic_outlier,cifar10_natural,prepared_cifar10_or_natural,,pending_manual_review,test,e6685f948d963cd55b63548635c62dac22beb870e3391b5df154d772b3cdcb6e,,,,public/prepared OOD source; verify license before dissertation submission,semantic_outlier,semantic_outlier,semantic_outlier,0.98863518583069,0.5,cifar10_natural,cifar10_natural,0.962628000973156
images/dissertation_v1/ood/semantic_outlier/cifar10_natural/cifar10_natural_000356.png,1,test,public_semantic_outlier,semantic_outlier,cifar10_natural,prepared_cifar10_or_natural,,pending_manual_review,test,c3ddc13ffb96c2f9c82c3a89c1ad8e30d0db485d49e27e71a3ad048e102827ff,,,,public/prepared OOD source; verify license before dissertation submission,semantic_outlier,semantic_outlier,semantic_outlier,0.9466154230673917,0.5,cifar10_natural,cifar10_natural,0.909713026195327
images/dissertation_v1/ood/semantic_outlier/cifar10_natural/cifar10_natural_000359.png,1,test,public_semantic_outlier,semantic_outlier,cifar10_natural,prepared_cifar10_or_natural,,pending_manual_review,test,c48e7ef4538fa71735a989921bc78a0cca1e61f0574cb735be34894905cdd9ee,,,,public/prepared OOD source; verify license before dissertation submission,semantic_outlier,semantic_outlier,semantic_outlier,0.9631323920597139,0.5,cifar10_natural,cifar10_natural,0.7927449523496981
images/dissertation_v1/ood/semantic_outlier/cifar10_natural/cifar10_natural_000360.png,1,test,public_semantic_outlier,semantic_outlier,cifar10_natural,prepared_cifar10_or_natural,,pending_manual_review,test,74a0bd9cba82f750c1c4e921cf80c1ff63723c96eaf90e74d09a9f1607cf65c1,,,,public/prepared OOD source; verify license before dissertation submission,semantic_outlier,semantic_outlier,semantic_outlier,0.8801203844924699,0.5,cifar10_natural,composite_layout,0.39869049036837556
images/dissertation_v1/ood/semantic_outlier/cifar10_natural/cifar10_natural_000364.png,1,test,public_semantic_outlier,semantic_outlier,cifar10_natural,prepared_cifar10_or_natural,,pending_manual_review,test,ff59b73335b961dfc081f783c8833f2d4047d2e3fe798b03bccbf1cf29af056b,,,,public/prepared OOD source; verify license before dissertation submission,semantic_outlier,semantic_outlier,semantic_outlier,0.9796436109760809,0.5,cifar10_natural,cifar10_natural,0.9271214316716708
images/dissertation_v1/ood/semantic_outlier/cifar10_natural/cifar10_natural_000381.png,1,test,public_semantic_outlier,semantic_outlier,cifar10_natural,prepared_cifar10_or_natural,,pending_manual_review,test,ea60d52243edd705537a9d1ebb328a2c0e0e9707c297a8be384c4603ca2fc1b7,,,,public/prepared OOD source; verify license before dissertation submission,semantic_outlier,semantic_outlier,semantic_outlier,0.9800417187378582,0.5,cifar10_natural,cifar10_natural,0.9043656142577768
images/dissertation_v1/ood/semantic_outlier/cifar10_natural/cifar10_natural_000384.png,1,test,public_semantic_outlier,semantic_outlier,cifar10_natural,prepared_cifar10_or_natural,,pending_manual_review,test,17de7c002e0290102f8638339107c862a2ca8db3a89261d2c622bf5c00fd591f,,,,public/prepared OOD source; verify license before dissertation submission,semantic_outlier,semantic_outlier,semantic_outlier,0.9579376215856996,0.5,cifar10_natural,cifar10_natural,0.7777075602683385
images/dissertation_v1/ood/semantic_outlier/cifar10_natural/cifar10_natural_000391.png,1,test,public_semantic_outlier,semantic_outlier,cifar10_natural,prepared_cifar10_or_natural,,pending_manual_review,test,b78fadd1e5c60a487970058743a25f912861e64f7eb3105987b63d338b22d594,,,,public/prepared OOD source; verify license before dissertation submission,semantic_outlier,semantic_outlier,semantic_outlier,0.9633308510618208,0.5,cifar10_natural,cifar10_natural,0.6417989396720878
images/dissertation_v1/ood/semantic_outlier/cifar10_natural/cifar10_natural_000398.png,1,test,public_semantic_outlier,semantic_outlier,cifar10_natural,prepared_cifar10_or_natural,,pending_manual_review,test,40b418617efbd18a95a5c092484252a32496a92ca11fb47c527ff8a20ac95ebf,,,,public/prepared OOD source; verify license before dissertation submission,semantic_outlier,semantic_outlier,semantic_outlier,0.9678513978676722,0.5,cifar10_natural,cifar10_natural,0.803857743692341
images/dissertation_v1/ood/semantic_outlier/cifar10_natural/cifar10_natural_000400.png,1,test,public_semantic_outlier,semantic_outlier,cifar10_natural,prepared_cifar10_or_natural,,pending_manual_review,test,f2b9b84a94e13de0277786beb9c51643f1aabe23058acba83a6f9b6021b6b1a9,,,,public/prepared OOD source; verify license before dissertation submission,semantic_outlier,semantic_outlier,semantic_outlier,0.9815955458845801,0.5,cifar10_natural,cifar10_natural,0.9163849798976932
images/dissertation_v1/ood/semantic_outlier/cifar10_natural/cifar10_natural_000405.png,1,test,public_semantic_outlier,semantic_outlier,cifar10_natural,prepared_cifar10_or_natural,,pending_manual_review,test,fe23cf620a1576664a7fa77de04306eb155b334b4da6497847602e2bda2f9f32,,,,public/prepared OOD source; verify license before dissertation submission,semantic_outlier,semantic_outlier,semantic_outlier,0.7107975883138208,0.5,cifar10_natural,composite_layout,0.5142449291039345
images/dissertation_v1/ood/semantic_outlier/cifar10_natural/cifar10_natural_000410.png,1,test,public_semantic_outlier,semantic_outlier,cifar10_natural,prepared_cifar10_or_natural,,pending_manual_review,test,e317926d26d6951f7f3f9e71a5439fd7290cb897d31df9873c1e59c9d6855684,,,,public/prepared OOD source; verify license before dissertation submission,semantic_outlier,semantic_outlier,semantic_outlier,0.9787168552450531,0.5,cifar10_natural,cifar10_natural,0.8608419757786266
images/dissertation_v1/ood/semantic_outlier/cifar10_natural/cifar10_natural_000412.png,1,test,public_semantic_outlier,semantic_outlier,cifar10_natural,prepared_cifar10_or_natural,,pending_manual_review,test,41895b8d17a6c27ce7f3856c6529271746d4c366f0615bebe8d8bee208559a05,,,,public/prepared OOD source; verify license before dissertation submission,semantic_outlier,semantic_outlier,semantic_outlier,0.9749104753766018,0.5,cifar10_natural,cifar10_natural,0.8480642819314165
images/dissertation_v1/ood/semantic_outlier/cifar10_natural/cifar10_natural_000414.png,1,test,public_semantic_outlier,semantic_outlier,cifar10_natural,prepared_cifar10_or_natural,,pending_manual_review,test,e3c559173ed8b61ed03cc48bcd59ff5b9964f2d1a1ececfe0fecdd0bc159fd02,,,,public/prepared OOD source; verify license before dissertation submission,semantic_outlier,semantic_outlier,semantic_outlier,0.967328114349919,0.5,cifar10_natural,cifar10_natural,0.8321893629457101
images/dissertation_v1/ood/semantic_outlier/cifar10_natural/cifar10_natural_000430.png,1,test,public_semantic_outlier,semantic_outlier,cifar10_natural,prepared_cifar10_or_natural,,pending_manual_review,test,aa21dd2c5a55ad88c228a10b03ac0e956a948ac25f6480041e188f6739ed1518,,,,public/prepared OOD source; verify license before dissertation submission,semantic_outlier,semantic_outlier,semantic_outlier,0.9697480050656945,0.5,cifar10_natural,cifar10_natural,0.8412222157921277
images/dissertation_v1/ood/semantic_outlier/cifar10_natural/cifar10_natural_000431.png,1,test,public_semantic_outlier,semantic_outlier,cifar10_natural,prepared_cifar10_or_natural,,pending_manual_review,test,b2386693584de2a3bfeb3bd0a336d21ae380f3dbe9a31c918288af646916fcda,,,,public/prepared OOD source; verify license before dissertation submission,semantic_outlier,semantic_outlier,semantic_outlier,0.9917851150121125,0.5,cifar10_natural,cifar10_natural,0.9696649686395667
images/dissertation_v1/ood/semantic_outlier/cifar10_natural/cifar10_natural_000433.png,1,test,public_semantic_outlier,semantic_outlier,cifar10_natural,prepared_cifar10_or_natural,,pending_manual_review,test,6e29948f1d79d63d57c29808eeec1a1650c8e05c42e02b68c8938cc14ae7625b,,,,public/prepared OOD source; verify license before dissertation submission,semantic_outlier,semantic_outlier,semantic_outlier,0.949964197351985,0.5,cifar10_natural,cifar10_natural,0.7188675559640769
images/dissertation_v1/ood/semantic_outlier/cifar10_natural/cifar10_natural_000435.png,1,test,public_semantic_outlier,semantic_outlier,cifar10_natural,prepared_cifar10_or_natural,,pending_manual_review,test,da8ed0e28a5d9ef1e6c8e194c68d2ba4074fc1ed1b95c6c934b2d00cc8d55c75,,,,public/prepared OOD source; verify license before dissertation submission,semantic_outlier,semantic_outlier,semantic_outlier,0.9462348869785021,0.5,cifar10_natural,cifar10_natural,0.7470238193555674
images/dissertation_v1/ood/semantic_outlier/cifar10_natural/cifar10_natural_000439.png,1,test,public_semantic_outlier,semantic_outlier,cifar10_natural,prepared_cifar10_or_natural,,pending_manual_review,test,00fbeb7553d6f62de2b840626fd49d9c3a7157c969e84088c6a80f319c08e26c,,,,public/prepared OOD source; verify license before dissertation submission,semantic_outlier,semantic_outlier,semantic_outlier,0.9586053751754751,0.5,cifar10_natural,cifar10_natural,0.7456406275057841
images/dissertation_v1/ood/semantic_outlier/cifar10_natural/cifar10_natural_000455.png,1,test,public_semantic_outlier,semantic_outlier,cifar10_natural,prepared_cifar10_or_natural,,pending_manual_review,test,403613e2f373865c618e52145983795c4d8d1a9b652ca725acad8dab03709ee0,,,,public/prepared OOD source; verify license before dissertation submission,semantic_outlier,semantic_outlier,semantic_outlier,0.9856405458178213,0.5,cifar10_natural,cifar10_natural,0.9408302715105377
images/dissertation_v1/ood/semantic_outlier/cifar10_natural/cifar10_natural_000471.png,1,test,public_semantic_outlier,semantic_outlier,cifar10_natural,prepared_cifar10_or_natural,,pending_manual_review,test,89a355878c21d68644baea48722cdc0e002d42e5b4558c1b7bd819ccb345038f,,,,public/prepared OOD source; verify license before dissertation submission,semantic_outlier,semantic_outlier,semantic_outlier,0.9838177561572843,0.5,cifar10_natural,cifar10_natural,0.9261077415442867
images/dissertation_v1/ood/semantic_outlier/cifar10_natural/cifar10_natural_000475.png,1,test,public_semantic_outlier,semantic_outlier,cifar10_natural,prepared_cifar10_or_natural,,pending_manual_review,test,9a1b474ddfa7967e67f0bdb0cf10a5034e19def3c5494d197046db6b7ce15b8b,,,,public/prepared OOD source; verify license before dissertation submission,semantic_outlier,semantic_outlier,semantic_outlier,0.947872305907057,0.5,cifar10_natural,cifar10_natural,0.7219033408046188
images/dissertation_v1/ood/semantic_outlier/cifar10_natural/cifar10_natural_000480.png,1,test,public_semantic_outlier,semantic_outlier,cifar10_natural,prepared_cifar10_or_natural,,pending_manual_review,test,6a000010cf898bcd816e013d62d0e88d97596341664684b6759ac8f496c152a7,,,,public/prepared OOD source; verify license before dissertation submission,semantic_outlier,semantic_outlier,semantic_outlier,0.9826222665506031,0.5,cifar10_natural,cifar10_natural,0.9182115799551926
images/dissertation_v1/ood/semantic_outlier/cifar10_natural/cifar10_natural_000489.png,1,test,public_semantic_outlier,semantic_outlier,cifar10_natural,prepared_cifar10_or_natural,,pending_manual_review,test,6f2464b75a36afba70f94cf957fa131dfc4c3cd528315fb29b4fb39e794912e2,,,,public/prepared OOD source; verify license before dissertation submission,semantic_outlier,semantic_outlier,semantic_outlier,0.9614210115965645,0.5,cifar10_natural,cifar10_natural,0.9050138380744049
images/dissertation_v1/ood/semantic_outlier/cifar10_natural/cifar10_natural_000493.png,1,test,public_semantic_outlier,semantic_outlier,cifar10_natural,prepared_cifar10_or_natural,,pending_manual_review,test,f843d37226f1bcfa9527b9cbd10a19f232edf550f4fe7d3d48331d07fa90dbda,,,,public/prepared OOD source; verify license before dissertation submission,semantic_outlier,semantic_outlier,semantic_outlier,0.9438835403038633,0.5,cifar10_natural,cifar10_natural,0.7420311132476093
images/dissertation_v1/ood/semantic_outlier/cifar10_natural/cifar10_natural_000498.png,1,test,public_semantic_outlier,semantic_outlier,cifar10_natural,prepared_cifar10_or_natural,,pending_manual_review,test,8c4483c783553b0d923fa3398d1afe993fe7130b5976ba8ee24dda0ce0549781,,,,public/prepared OOD source; verify license before dissertation submission,semantic_outlier,semantic_outlier,semantic_outlier,0.9706168741676278,0.5,cifar10_natural,cifar10_natural,0.7671837798376806
images/dissertation_v1/ood/modality_shift/colour_fundus/colour_fundus_000004.png,1,test,public_modality_shift,modality_shift,colour_fundus,prepared_colour_fundus,,pending_manual_review,test,7f4cb1360ba0dfa8166f526bc0457e5a513e2b6a763e12d7da5ab1328ee4c6cb,,,,public/prepared OOD source; verify license before dissertation submission,modality_shift,modality_shift,modality_shift,0.9361439751129197,0.5,colour_fundus,colour_fundus,0.7633774450725782
images/dissertation_v1/ood/modality_shift/colour_fundus/colour_fundus_000012.png,1,test,public_modality_shift,modality_shift,colour_fundus,prepared_colour_fundus,,pending_manual_review,test,36d1a233f5a4d8df3f116e39cea3a1f97f46a810aa18140ade5266a659f47deb,,,,public/prepared OOD source; verify license before dissertation submission,modality_shift,modality_shift,modality_shift,0.961956163007665,0.5,colour_fundus,colour_fundus,0.9120002952350006
images/dissertation_v1/ood/modality_shift/colour_fundus/colour_fundus_000021.png,1,test,public_modality_shift,modality_shift,colour_fundus,prepared_colour_fundus,,pending_manual_review,test,d35f24ea8b858a2a5d752c053a6654bda6613b6ed0d725a83f944c455869488d,,,,public/prepared OOD source; verify license before dissertation submission,modality_shift,modality_shift,modality_shift,0.83204078060863,0.5,colour_fundus,colour_fundus,0.572915957112009
images/dissertation_v1/ood/modality_shift/colour_fundus/colour_fundus_000024.png,1,test,public_modality_shift,modality_shift,colour_fundus,prepared_colour_fundus,,pending_manual_review,test,97778bfb41d4501286114c08b6f455be1f3fe8360c7ff75a08b3492828bb89d3,,,,public/prepared OOD source; verify license before dissertation submission,modality_shift,modality_shift,modality_shift,0.9115520230663756,0.5,colour_fundus,colour_fundus,0.7375690743673219
images/dissertation_v1/ood/modality_shift/colour_fundus/colour_fundus_000027.png,1,test,public_modality_shift,modality_shift,colour_fundus,prepared_colour_fundus,,pending_manual_review,test,7429949465061f8bfbb8f48086977f7ebd65e8b59cce164236513e13903b9cd1,,,,public/prepared OOD source; verify license before dissertation submission,modality_shift,modality_shift,modality_shift,0.9035811447746384,0.5,colour_fundus,colour_fundus,0.7323690696760865
images/dissertation_v1/ood/modality_shift/colour_fundus/colour_fundus_000045.png,1,test,public_modality_shift,modality_shift,colour_fundus,prepared_colour_fundus,,pending_manual_review,test,559bfed87c889cae68646f6f4b55aa819845db154ac3cb85777a62b55e93b5c4,,,,public/prepared OOD source; verify license before dissertation submission,modality_shift,modality_shift,modality_shift,0.9287894015027239,0.5,colour_fundus,colour_fundus,0.7116641332889401
images/dissertation_v1/ood/modality_shift/colour_fundus/colour_fundus_000047.png,1,test,public_modality_shift,modality_shift,colour_fundus,prepared_colour_fundus,,pending_manual_review,test,b027daaf29f509d57f1f24296faef5284df5be7e121e3573f729baf092164718,,,,public/prepared OOD source; verify license before dissertation submission,modality_shift,modality_shift,modality_shift,0.6888666505590191,0.5,colour_fundus,colour_fundus,0.4807923843151884
images/dissertation_v1/ood/modality_shift/colour_fundus/colour_fundus_000064.png,1,test,public_modality_shift,modality_shift,colour_fundus,prepared_colour_fundus,,pending_manual_review,test,7c35ae990a8e822533471e9e08eefc890640df019475167fa1b713e35c1ad345,,,,public/prepared OOD source; verify license before dissertation submission,modality_shift,modality_shift,modality_shift,0.837647978308044,0.5,colour_fundus,colour_fundus,0.6471060351381179
images/dissertation_v1/ood/modality_shift/colour_fundus/colour_fundus_000066.png,1,test,public_modality_shift,modality_shift,colour_fundus,prepared_colour_fundus,,pending_manual_review,test,0dc7aaa65dc128dc444d3686573f5f6b15bf91d015c415b3cd6ecfaf5a21304c,,,,public/prepared OOD source; verify license before dissertation submission,modality_shift,modality_shift,modality_shift,0.9142234452291552,0.5,colour_fundus,colour_fundus,0.7982808220367743
images/dissertation_v1/ood/modality_shift/colour_fundus/colour_fundus_000068.png,1,test,public_modality_shift,modality_shift,colour_fundus,prepared_colour_fundus,,pending_manual_review,test,ecde704b533ce45bdd66f3c0178e72eb8f89036115ccb6cc687741ddd8c225af,,,,public/prepared OOD source; verify license before dissertation submission,modality_shift,modality_shift,modality_shift,0.8441925166932048,0.5,colour_fundus,colour_fundus,0.6527509310698273
images/dissertation_v1/ood/modality_shift/colour_fundus/colour_fundus_000074.png,1,test,public_modality_shift,modality_shift,colour_fundus,prepared_colour_fundus,,pending_manual_review,test,c574cc1723a156b39c474bc815e78964c79f76d58403d88e1459fd9ce3d245b2,,,,public/prepared OOD source; verify license before dissertation submission,modality_shift,modality_shift,modality_shift,0.928360399541757,0.5,colour_fundus,colour_fundus,0.8314901666904767
images/dissertation_v1/ood/modality_shift/colour_fundus/colour_fundus_000082.png,1,test,public_modality_shift,modality_shift,colour_fundus,prepared_colour_fundus,,pending_manual_review,test,464ff3f882da726b16e5a9330e69e198cdbd3129533de0a19ea510db38cf8696,,,,public/prepared OOD source; verify license before dissertation submission,modality_shift,modality_shift,modality_shift,0.745753447045098,0.5,colour_fundus,colour_fundus,0.38229708508208515
images/dissertation_v1/ood/modality_shift/colour_fundus/colour_fundus_000085.png,1,test,public_modality_shift,modality_shift,colour_fundus,prepared_colour_fundus,,pending_manual_review,test,4a2328c173bd59d7aab7a3d017eaad07dd5e182a66df05ec6eb162913a0465df,,,,public/prepared OOD source; verify license before dissertation submission,modality_shift,modality_shift,modality_shift,0.952048426753647,0.5,colour_fundus,colour_fundus,0.8661842582046863
images/dissertation_v1/ood/modality_shift/colour_fundus/colour_fundus_000087.png,1,test,public_modality_shift,modality_shift,colour_fundus,prepared_colour_fundus,,pending_manual_review,test,fc3db8c44f9987879d20e445c50183b58dbb5b4558c39f8d3839d48680d4c733,,,,public/prepared OOD source; verify license before dissertation submission,modality_shift,modality_shift,modality_shift,0.9205974754718548,0.5,colour_fundus,colour_fundus,0.7991559728914736
images/dissertation_v1/ood/modality_shift/colour_fundus/colour_fundus_000088.png,1,test,public_modality_shift,modality_shift,colour_fundus,prepared_colour_fundus,,pending_manual_review,test,570bd1f662b1d11d4bbf5d77ea58eb9b72e91d9281fdb60c4e7c43da01dbd9cc,,,,public/prepared OOD source; verify license before dissertation submission,modality_shift,modality_shift,modality_shift,0.8344274584035815,0.5,colour_fundus,colour_fundus,0.7377275800819006
images/dissertation_v1/ood/modality_shift/colour_fundus/colour_fundus_000091.png,1,test,public_modality_shift,modality_shift,colour_fundus,prepared_colour_fundus,,pending_manual_review,test,3a7c38479880ab054cce970da7dce76375e071a18566281974994e61c38a08a5,,,,public/prepared OOD source; verify license before dissertation submission,modality_shift,modality_shift,modality_shift,0.929373128082052,0.5,colour_fundus,colour_fundus,0.9148811203054211
images/dissertation_v1/ood/modality_shift/colour_fundus/colour_fundus_000094.png,1,test,public_modality_shift,modality_shift,colour_fundus,prepared_colour_fundus,,pending_manual_review,test,eeb9e99d588a6d9f10d44686ca42925975abf7570fec7b483ebb738602d73764,,,,public/prepared OOD source; verify license before dissertation submission,modality_shift,modality_shift,modality_shift,0.7879283376262018,0.5,colour_fundus,colour_fundus,0.6143139961461586
images/dissertation_v1/ood/modality_shift/colour_fundus/colour_fundus_000095.png,1,test,public_modality_shift,modality_shift,colour_fundus,prepared_colour_fundus,,pending_manual_review,test,7f024f419ba2df378d1fd248f4c36e4aec4b3dbb647c75621434eb5bf0b7f782,,,,public/prepared OOD source; verify license before dissertation submission,modality_shift,modality_shift,modality_shift,0.7887707255668763,0.5,colour_fundus,colour_fundus,0.7407552598741329
images/dissertation_v1/ood/modality_shift/colour_fundus/colour_fundus_000107.png,1,test,public_modality_shift,modality_shift,colour_fundus,prepared_colour_fundus,,pending_manual_review,test,6559ae1885c6f1ab9d89331be42a1a6aa3084df88ac44ead431c73ed1b7779eb,,,,public/prepared OOD source; verify license before dissertation submission,modality_shift,modality_shift,modality_shift,0.7728521398164621,0.5,colour_fundus,colour_fundus,0.598982609681132
images/dissertation_v1/ood/modality_shift/colour_fundus/colour_fundus_000108.png,1,test,public_modality_shift,modality_shift,colour_fundus,prepared_colour_fundus,,pending_manual_review,test,444319ec44fa310000d3a9050e98f068dbaeaed32997331ac7768aef4ee50b01,,,,public/prepared OOD source; verify license before dissertation submission,modality_shift,modality_shift,modality_shift,0.7773516624894784,0.5,colour_fundus,colour_fundus,0.5421012700485035
images/dissertation_v1/ood/modality_shift/colour_fundus/colour_fundus_000110.png,1,test,public_modality_shift,modality_shift,colour_fundus,prepared_colour_fundus,,pending_manual_review,test,140d900975fee1a48a6a484162588621a219ba4096e1000ac830871bbad17a74,,,,public/prepared OOD source; verify license before dissertation submission,modality_shift,modality_shift,modality_shift,0.890898275747244,0.5,colour_fundus,colour_fundus,0.6281771701838054
images/dissertation_v1/ood/modality_shift/colour_fundus/colour_fundus_000114.png,1,test,public_modality_shift,modality_shift,colour_fundus,prepared_colour_fundus,,pending_manual_review,test,e12fd4d82365e2a87d35062ab4cf19c1867d11a967f321c8d45faaef102797e8,,,,public/prepared OOD source; verify license before dissertation submission,modality_shift,modality_shift,modality_shift,0.6284746891321569,0.5,colour_fundus,colour_fundus,0.4602750045590697
images/dissertation_v1/ood/modality_shift/colour_fundus/colour_fundus_000116.png,1,test,public_modality_shift,modality_shift,colour_fundus,prepared_colour_fundus,,pending_manual_review,test,64bde2f5f1e66660fcfd33e931c8d0845a3aea212ef940cc3cb68ff5417fb2f7,,,,public/prepared OOD source; verify license before dissertation submission,modality_shift,modality_shift,modality_shift,0.7321238772748817,0.5,colour_fundus,colour_fundus,0.5034844489526954
images/dissertation_v1/ood/modality_shift/colour_fundus/colour_fundus_000122.png,1,test,public_modality_shift,modality_shift,colour_fundus,prepared_colour_fundus,,pending_manual_review,test,9613a7af03c271668456863f9b0326129ccaf390ca9a2e6c051866d9d0e3bd39,,,,public/prepared OOD source; verify license before dissertation submission,modality_shift,modality_shift,modality_shift,0.8610147898921227,0.5,colour_fundus,colour_fundus,0.6742399408024574
images/dissertation_v1/ood/modality_shift/colour_fundus/colour_fundus_000130.png,1,test,public_modality_shift,modality_shift,colour_fundus,prepared_colour_fundus,,pending_manual_review,test,63883d0edf8afac4d138f9caf3d29654a66635fd45e1adf6ab133c002103dc53,,,,public/prepared OOD source; verify license before dissertation submission,modality_shift,modality_shift,modality_shift,0.7528656621037271,0.5,colour_fundus,colour_fundus,0.6433254153358526
images/dissertation_v1/ood/modality_shift/colour_fundus/colour_fundus_000133.png,1,test,public_modality_shift,modality_shift,colour_fundus,prepared_colour_fundus,,pending_manual_review,test,2954637bb3b0870f7d717c8f06ed49ff9c228999a64d305357221c3c9cf107b7,,,,public/prepared OOD source; verify license before dissertation submission,modality_shift,modality_shift,modality_shift,0.6673030515304267,0.5,colour_fundus,colour_fundus,0.4668121335028322
images/dissertation_v1/ood/modality_shift/colour_fundus/colour_fundus_000139.png,1,test,public_modality_shift,modality_shift,colour_fundus,prepared_colour_fundus,,pending_manual_review,test,d5b7d4978916d00b75bbacac1630fe6f44fff49635872340fb5180c3d8330cb6,,,,public/prepared OOD source; verify license before dissertation submission,modality_shift,modality_shift,modality_shift,0.54519168990448,0.5,colour_fundus,colour_fundus,0.5934681025202638
images/dissertation_v1/ood/modality_shift/colour_fundus/colour_fundus_000147.png,1,test,public_modality_shift,modality_shift,colour_fundus,prepared_colour_fundus,,pending_manual_review,test,b9eae8d83c6a57b922a2d9a7a6730340e53eb896ea77df74c67eba306335ade9,,,,public/prepared OOD source; verify license before dissertation submission,modality_shift,modality_shift,modality_shift,0.8412646907277694,0.5,colour_fundus,colour_fundus,0.8827755535026485
images/dissertation_v1/ood/modality_shift/colour_fundus/colour_fundus_000148.png,1,test,public_modality_shift,modality_shift,colour_fundus,prepared_colour_fundus,,pending_manual_review,test,538d677fe220004545332d305fa1f3558064a9c7def3a279d1c16095d26620c5,,,,public/prepared OOD source; verify license before dissertation submission,modality_shift,modality_shift,modality_shift,0.8123256260931936,0.5,colour_fundus,colour_fundus,0.7944895259998073
images/dissertation_v1/ood/modality_shift/colour_fundus/colour_fundus_000152.png,1,test,public_modality_shift,modality_shift,colour_fundus,prepared_colour_fundus,,pending_manual_review,test,3fdf543c06692214820f5b123ff631c1a32e19fcdbc94266b9c20a7c54a71bbd,,,,public/prepared OOD source; verify license before dissertation submission,modality_shift,modality_shift,modality_shift,0.8414320101473949,0.5,colour_fundus,colour_fundus,0.882911461431238
images/dissertation_v1/ood/modality_shift/colour_fundus/colour_fundus_000163.png,1,test,public_modality_shift,modality_shift,colour_fundus,prepared_colour_fundus,,pending_manual_review,test,55e74280522338f96b6d7147503588fbe15a98bada6d9b75ad3e6750e5b9ddd0,,,,public/prepared OOD source; verify license before dissertation submission,modality_shift,modality_shift,modality_shift,0.8635317722830049,0.5,colour_fundus,colour_fundus,0.6779913746670012
images/dissertation_v1/ood/modality_shift/colour_fundus/colour_fundus_000168.png,1,test,public_modality_shift,modality_shift,colour_fundus,prepared_colour_fundus,,pending_manual_review,test,b698c9dee08c3501bba1ca670186f499e68fcd12348c79872734374e67f942d5,,,,public/prepared OOD source; verify license before dissertation submission,modality_shift,modality_shift,modality_shift,0.8768072004851917,0.5,colour_fundus,colour_fundus,0.6355455875142436
images/dissertation_v1/ood/modality_shift/colour_fundus/colour_fundus_000171.png,1,test,public_modality_shift,modality_shift,colour_fundus,prepared_colour_fundus,,pending_manual_review,test,b0591bc20041b6d0c404f4a229f064b7903fe00061f0d465e175197957815a5c,,,,public/prepared OOD source; verify license before dissertation submission,modality_shift,modality_shift,modality_shift,0.7372040854992825,0.5,colour_fundus,colour_fundus,0.49369389124530344
images/dissertation_v1/ood/modality_shift/colour_fundus/colour_fundus_000173.png,1,test,public_modality_shift,modality_shift,colour_fundus,prepared_colour_fundus,,pending_manual_review,test,bf3930e32dee3a75d270a5acc6fc25710cdc7a1a4580c9e51cadb1cfad035916,,,,public/prepared OOD source; verify license before dissertation submission,modality_shift,modality_shift,modality_shift,0.9377513838298361,0.5,colour_fundus,colour_fundus,0.8476582030071045
images/dissertation_v1/ood/modality_shift/colour_fundus/colour_fundus_000176.png,1,test,public_modality_shift,modality_shift,colour_fundus,prepared_colour_fundus,,pending_manual_review,test,c5eff5c7b1840b6f114cc46d5c229479da785515a9f51103fa93a62ebcecb041,,,,public/prepared OOD source; verify license before dissertation submission,modality_shift,modality_shift,modality_shift,0.6659063086384907,0.5,colour_fundus,colour_fundus,0.6978757120344438
images/dissertation_v1/ood/modality_shift/colour_fundus/colour_fundus_000179.png,1,test,public_modality_shift,modality_shift,colour_fundus,prepared_colour_fundus,,pending_manual_review,test,110feeb109554197604d932902f9931fc6e9cf86dbe5043b3aa9c60f5ee7cfc2,,,,public/prepared OOD source; verify license before dissertation submission,modality_shift,modality_shift,modality_shift,0.8706590602703453,0.5,colour_fundus,colour_fundus,0.8746392428882279
images/dissertation_v1/ood/modality_shift/colour_fundus/colour_fundus_000180.png,1,test,public_modality_shift,modality_shift,colour_fundus,prepared_colour_fundus,,pending_manual_review,test,5736755c27d2c9fa69ce7a2d21f0d3a26b8b8f81f862fba27f175197142b5a67,,,,public/prepared OOD source; verify license before dissertation submission,modality_shift,modality_shift,modality_shift,0.9082621781184558,0.5,colour_fundus,colour_fundus,0.9112999653348307
images/dissertation_v1/ood/modality_shift/colour_fundus/colour_fundus_000187.png,1,test,public_modality_shift,modality_shift,colour_fundus,prepared_colour_fundus,,pending_manual_review,test,cb1c7b449c97075041f987814e18b4718091bd3099e965e5b228801879e52f0d,,,,public/prepared OOD source; verify license before dissertation submission,modality_shift,modality_shift,modality_shift,0.9524637389182404,0.5,colour_fundus,colour_fundus,0.8822028728419268
images/dissertation_v1/ood/modality_shift/colour_fundus/colour_fundus_000195.png,1,test,public_modality_shift,modality_shift,colour_fundus,prepared_colour_fundus,,pending_manual_review,test,1e1b18bc3b4afb856970e7b48576309f69076c4deffe8869c62af3e74268a5cb,,,,public/prepared OOD source; verify license before dissertation submission,modality_shift,modality_shift,modality_shift,0.9372633730326503,0.5,colour_fundus,colour_fundus,0.9261649147968556
images/dissertation_v1/ood/modality_shift/colour_fundus/colour_fundus_000199.png,1,test,public_modality_shift,modality_shift,colour_fundus,prepared_colour_fundus,,pending_manual_review,test,55a6c99b682c7b4265c72a091c57ff645d29ee57614ae134e5dd9604624b9192,,,,public/prepared OOD source; verify license before dissertation submission,modality_shift,modality_shift,modality_shift,0.9709317542110357,0.5,colour_fundus,colour_fundus,0.8483042502021161
images/dissertation_v1/ood/sensory_artifact/composite_layout/artifact_000004_03_composite_layout.png,1,test,synthetic_artifact,sensory_artifact,composite_layout,derived_from_synthetic_faf,,derived_or_generated_synthetic,test,0f5aeb42764c653f70e0674e6646eb6d976e2bf3d922cc373539261167a5f79d,d1f816cb395b94664ca9fc285317aa28d5757c61e7466f4d035552df5a7b2ef4,composite_layout,,generated from held-out ID only; never from train,sensory_artifact,sensory_artifact,sensory_artifact,0.7427651867498052,0.5,composite_layout,composite_layout,0.4167306859637261
images/dissertation_v1/ood/sensory_artifact/composite_layout/artifact_000007_03_composite_layout.png,1,test,synthetic_artifact,sensory_artifact,composite_layout,derived_from_synthetic_faf,,derived_or_generated_synthetic,test,dc65b3c867c4e10886ac72e26e10552278284bdce42b1d6fe2da2d8b220a6a91,f42ab30d20b276c5fba40818aeb540adbd4fef553ec7196ea828c0a30f5f349f,composite_layout,,generated from held-out ID only; never from train,sensory_artifact,sensory_artifact,sensory_artifact,0.7763673696099304,0.5,composite_layout,composite_layout,0.43712814662257804
images/dissertation_v1/ood/sensory_artifact/composite_layout/artifact_000020_03_composite_layout.png,1,test,synthetic_artifact,sensory_artifact,composite_layout,derived_from_synthetic_faf,,derived_or_generated_synthetic,test,9fa515aebf623875fe967da62d9a71bf3941353b089f03ad7c85b85d778b0009,5db33929cee5ce3d7b21de926a708da9a1e5e2b0c82a9430eebe1296f81aeaa3,composite_layout,,generated from held-out ID only; never from train,sensory_artifact,sensory_artifact,sensory_artifact,0.5514244987769937,0.5,composite_layout,composite_layout,0.31725558734429804
images/dissertation_v1/ood/sensory_artifact/composite_layout/artifact_000025_03_composite_layout.png,1,test,synthetic_artifact,sensory_artifact,composite_layout,derived_from_synthetic_faf,,derived_or_generated_synthetic,test,ad968fe62a1f5cfdc0e6bd6a45d780b548ee3d3fb01d0380944a6dd6baae8f1f,45014680fe8cc341bc75b645b339be34a404d6394f3bb31ec63a903eff678f67,composite_layout,,generated from held-out ID only; never from train,sensory_artifact,sensory_artifact,sensory_artifact,0.7583590526023373,0.5,composite_layout,composite_layout,0.3363055037926119
images/dissertation_v1/ood/sensory_artifact/composite_layout/artifact_000027_03_composite_layout.png,1,test,synthetic_artifact,sensory_artifact,composite_layout,derived_from_synthetic_faf,,derived_or_generated_synthetic,test,84c228df446b4a4aadd5fda1e3fae052f1c26d4d385c2a44affb12e7ae079d5e,d17848e520a3ae00722eb99fa347570a8d433ea459bdccc4cd1875b60916af63,composite_layout,,generated from held-out ID only; never from train,sensory_artifact,unknown_ood,semantic_outlier,0.3905677844007858,0.5,composite_layout,composite_layout,0.3183207802026866
images/dissertation_v1/ood/sensory_artifact/composite_layout/artifact_000028_03_composite_layout.png,1,test,synthetic_artifact,sensory_artifact,composite_layout,derived_from_synthetic_faf,,derived_or_generated_synthetic,test,8a0501d7326781eabe2715690933ef9a82dc63143bd22b515bb3fc9994565330,9fa756177a21820bc1bf3ee057de8b0c540d40ca1f6ce62ecbf8b4027efca125,composite_layout,,generated from held-out ID only; never from train,sensory_artifact,sensory_artifact,sensory_artifact,0.9445163630390758,0.5,composite_layout,composite_layout,0.5751796945063696
images/dissertation_v1/ood/sensory_artifact/composite_layout/artifact_000048_03_composite_layout.png,1,test,synthetic_artifact,sensory_artifact,composite_layout,derived_from_synthetic_faf,,derived_or_generated_synthetic,test,7eb2cdaa959c69dc7ad65e7a5b56e23f713cd49efaab4c49a5f8e6c78bed1766,36f73c8b9761160f2d53cae70e3f531a67de1e24ad2ae6fcf48727198c793160,composite_layout,,generated from held-out ID only; never from train,sensory_artifact,sensory_artifact,sensory_artifact,0.6344693674002941,0.5,composite_layout,composite_layout,0.3636916268548296
images/dissertation_v1/ood/sensory_artifact/composite_layout/artifact_000054_03_composite_layout.png,1,test,synthetic_artifact,sensory_artifact,composite_layout,derived_from_synthetic_faf,,derived_or_generated_synthetic,test,d4149405f8a37105357172d867c7d56771ea98958c2b0eb7c4d6bd63ad5c9915,f54f3645c72dc3a2c8558dc0200730edd83c26c1adc2e1b5b2dfb6a192f08c5d,composite_layout,,generated from held-out ID only; never from train,sensory_artifact,sensory_artifact,sensory_artifact,0.6934001418379381,0.5,composite_layout,composite_layout,0.4143579813860795
images/dissertation_v1/ood/sensory_artifact/composite_layout/artifact_000055_03_composite_layout.png,1,test,synthetic_artifact,sensory_artifact,composite_layout,derived_from_synthetic_faf,,derived_or_generated_synthetic,test,262b21df4732346b9e40618e2967ea124d9d0e577e32499c78b0086cd79e65d1,bb7ced17f3ce7864da174a6b78b7f34b25cf97ec01c15d5452696207f3063416,composite_layout,,generated from held-out ID only; never from train,sensory_artifact,unknown_ood,sensory_artifact,0.3830056263367283,0.5,composite_layout,composite_layout,0.42829362660493614
images/dissertation_v1/ood/sensory_artifact/composite_layout/artifact_000061_03_composite_layout.png,1,test,synthetic_artifact,sensory_artifact,composite_layout,derived_from_synthetic_faf,,derived_or_generated_synthetic,test,0fdbd0b229fa8e430553a95321ea094c754e18f0a92ca15522ae169dbd55dfea,12d8af55f0db94152dfed5578d720d5e721370d87553d40e7e89b8d273299636,composite_layout,,generated from held-out ID only; never from train,sensory_artifact,unknown_ood,sensory_artifact,0.45111694462409335,0.5,composite_layout,composite_layout,0.33644267781405385
images/dissertation_v1/ood/sensory_artifact/composite_layout/artifact_000086_03_composite_layout.png,1,test,synthetic_artifact,sensory_artifact,composite_layout,derived_from_synthetic_faf,,derived_or_generated_synthetic,test,80af9b73b44f5210d039ca51d43bdcd07ee6dc6d39ca822441c29be5c7194c6e,31b02edfe736e04e35cd7f7a5b015298b7e2d1e515eab2fffefd23f0d137a0dc,composite_layout,,generated from held-out ID only; never from train,sensory_artifact,sensory_artifact,sensory_artifact,0.8978244129950641,0.5,composite_layout,composite_layout,0.4710824299429616
images/dissertation_v1/ood/sensory_artifact/composite_layout/artifact_000087_03_composite_layout.png,1,test,synthetic_artifact,sensory_artifact,composite_layout,derived_from_synthetic_faf,,derived_or_generated_synthetic,test,358d9191a0081c8da2ba458be1fe09e050af6bc82dc3246eb555f890fe9f7888,8483b73bf3d280c2e7e75a7509b0bc94b7dd44e58f6d9814a899fb0b9732175a,composite_layout,,generated from held-out ID only; never from train,sensory_artifact,sensory_artifact,sensory_artifact,0.7941899538928088,0.5,composite_layout,composite_layout,0.4134635910821629
images/dissertation_v1/ood/sensory_artifact/composite_layout/artifact_000089_03_composite_layout.png,1,test,synthetic_artifact,sensory_artifact,composite_layout,derived_from_synthetic_faf,,derived_or_generated_synthetic,test,75df80ff4ff57f3328abb9ae74c6c8134d02c40cd2304cefc42967063f53726c,b3a3c25e180e7101a1b8c68aaee59031e3cdfca99d012931bf3981f7cf7b3148,composite_layout,,generated from held-out ID only; never from train,sensory_artifact,sensory_artifact,sensory_artifact,0.8331684299678035,0.5,composite_layout,composite_layout,0.5138591012667799
images/dissertation_v1/ood/sensory_artifact/composite_layout/artifact_000099_03_composite_layout.png,1,test,synthetic_artifact,sensory_artifact,composite_layout,derived_from_synthetic_faf,,derived_or_generated_synthetic,test,0b54f456ae72d6216e1651da6f445fb1a530a1b5e97da133c5b493c1b1cf8ee4,4e700d840f030cd552e0b77feb275ff4e36ff95e9d9f4bbf2d7d059bdadc9a84,composite_layout,,generated from held-out ID only; never from train,sensory_artifact,sensory_artifact,sensory_artifact,0.8106788704336346,0.5,composite_layout,composite_layout,0.37855594643909407
images/dissertation_v1/ood/sensory_artifact/composite_layout/artifact_000100_03_composite_layout.png,1,test,synthetic_artifact,sensory_artifact,composite_layout,derived_from_synthetic_faf,,derived_or_generated_synthetic,test,06caad4bc94afcf6caac438337c27ca41459b105d5d4930c39e2a0ae9a3ffeb1,72629a18912da54c8f255baf6b2684e92df9a2ae8daa4964790904e299592680,composite_layout,,generated from held-out ID only; never from train,sensory_artifact,sensory_artifact,sensory_artifact,0.9089852417439694,0.5,composite_layout,composite_layout,0.2930201628410708
images/dissertation_v1/ood/sensory_artifact/composite_layout/artifact_000104_03_composite_layout.png,1,test,synthetic_artifact,sensory_artifact,composite_layout,derived_from_synthetic_faf,,derived_or_generated_synthetic,test,298a3c7e37ead77eddcf3501ae4fa0d71e600b0cdba4146570ea35542f4656cf,0bdedd689eb5072ae76a5bc2982fc930589c53a3ea641a9eb81e21b15098d67e,composite_layout,,generated from held-out ID only; never from train,sensory_artifact,sensory_artifact,sensory_artifact,0.8391322043163281,0.5,composite_layout,composite_layout,0.40641161713105745
images/dissertation_v1/ood/sensory_artifact/composite_layout/artifact_000106_03_composite_layout.png,1,test,synthetic_artifact,sensory_artifact,composite_layout,derived_from_synthetic_faf,,derived_or_generated_synthetic,test,9e86335cce845c8100612f4b880a8057e46dbf1d74d3481bb6dcc218989d9ec0,bd5ccc8dec52023f18c3ceb1ed1e4bc423722e98f7783bc9e167d7751fe12326,composite_layout,,generated from held-out ID only; never from train,sensory_artifact,sensory_artifact,sensory_artifact,0.8642733863514127,0.5,composite_layout,composite_layout,0.5622239205472738
images/dissertation_v1/ood/sensory_artifact/composite_layout/artifact_000107_03_composite_layout.png,1,test,synthetic_artifact,sensory_artifact,composite_layout,derived_from_synthetic_faf,,derived_or_generated_synthetic,test,a04daadd11446c58fcdc7ee8cdd60d08b8bdb0303dcbe8095bd23d5f16cfb6e5,44cad52a9605bcb262e06549a1f5752b5cfa0264bdac739c6e094b961caa0260,composite_layout,,generated from held-out ID only; never from train,sensory_artifact,sensory_artifact,sensory_artifact,0.9483453313878852,0.5,composite_layout,composite_layout,0.5786526007807423
images/dissertation_v1/ood/sensory_artifact/composite_layout/artifact_000124_03_composite_layout.png,1,test,synthetic_artifact,sensory_artifact,composite_layout,derived_from_synthetic_faf,,derived_or_generated_synthetic,test,ec94a87f640496b57e7359498bd45e2199086d739907e2168c77da4435b78401,1357c3ae2f0fba084aeed4a8283c596cb7847421f14f916d7feec6f64869c3b3,composite_layout,,generated from held-out ID only; never from train,sensory_artifact,unknown_ood,semantic_outlier,0.4472538454203408,0.5,composite_layout,cifar10_natural,0.3068037075746192
images/dissertation_v1/ood/sensory_artifact/composite_layout/artifact_000125_03_composite_layout.png,1,test,synthetic_artifact,sensory_artifact,composite_layout,derived_from_synthetic_faf,,derived_or_generated_synthetic,test,e8218222cc631dfeac03a97b684c8ff008f53414140a017b9dd8df4bc9df4882,7d411bc78dd10c916d8f3a829c53247234311a09b970a9f37107e2bee3f88e6f,composite_layout,,generated from held-out ID only; never from train,sensory_artifact,sensory_artifact,sensory_artifact,0.5877800300896935,0.5,composite_layout,composite_layout,0.3535295071576299
images/dissertation_v1/ood/sensory_artifact/composite_layout/artifact_000129_03_composite_layout.png,1,test,synthetic_artifact,sensory_artifact,composite_layout,derived_from_synthetic_faf,,derived_or_generated_synthetic,test,38e2ba89b34f3f6f3898a05b545db61100291ea77db3b0cdffa4ed5de0790add,77f45451bad9b412dd81bc34fd0e1bdc36b0ef7e9851223783152e6b269e527b,composite_layout,,generated from held-out ID only; never from train,sensory_artifact,sensory_artifact,sensory_artifact,0.5970713309853506,0.5,composite_layout,composite_layout,0.36185148813831564
images/dissertation_v1/ood/sensory_artifact/composite_layout/artifact_000133_03_composite_layout.png,1,test,synthetic_artifact,sensory_artifact,composite_layout,derived_from_synthetic_faf,,derived_or_generated_synthetic,test,a073b2bc3572ddc34d3a339b53e8196f2067a42b8cda34e1df53e2b6ed828b10,4939cf020113c74b587fc51d5a9628f40971fc08f2f4ebf3dc2f55b68a071b16,composite_layout,,generated from held-out ID only; never from train,sensory_artifact,sensory_artifact,sensory_artifact,0.9396395539579944,0.5,composite_layout,composite_layout,0.5168777109258686
images/dissertation_v1/ood/sensory_artifact/composite_layout/artifact_000135_03_composite_layout.png,1,test,synthetic_artifact,sensory_artifact,composite_layout,derived_from_synthetic_faf,,derived_or_generated_synthetic,test,453f33e573952134782d100c01cbdfbff02ace8b9587c20af63ecdf62cda4c9b,30954c72a9fb85152713d1ddf07ab06d48566e4f5a9101d121d95a220b380007,composite_layout,,generated from held-out ID only; never from train,sensory_artifact,unknown_ood,semantic_outlier,0.39733818015505806,0.5,composite_layout,composite_layout,0.3278341023235258
images/dissertation_v1/ood/sensory_artifact/composite_layout/artifact_000138_03_composite_layout.png,1,test,synthetic_artifact,sensory_artifact,composite_layout,derived_from_synthetic_faf,,derived_or_generated_synthetic,test,6da7cd970468b7a84b99f5ec057987e433f44cb9d44a1132db5c6460c764b069,4b305a31af3fef14a082608d569d1bb4c74d04b8759dd69bcc11af3ff51d76fd,composite_layout,,generated from held-out ID only; never from train,sensory_artifact,sensory_artifact,sensory_artifact,0.9496875577348641,0.5,composite_layout,composite_layout,0.5933204237636325
images/dissertation_v1/ood/sensory_artifact/composite_layout/artifact_000139_03_composite_layout.png,1,test,synthetic_artifact,sensory_artifact,composite_layout,derived_from_synthetic_faf,,derived_or_generated_synthetic,test,4399c3ee8041fdcddfdede2dc62c0f13a0c2e488cbb008fbbbd16f69ecf32581,4d2d7cfa2ba311c178fa68aa390eb321c4df388e5a907d7f5fa285965d42f64f,composite_layout,,generated from held-out ID only; never from train,sensory_artifact,sensory_artifact,sensory_artifact,0.9214557702162235,0.5,composite_layout,composite_layout,0.39457160598189245
images/dissertation_v1/ood/sensory_artifact/composite_layout/artifact_000143_03_composite_layout.png,1,test,synthetic_artifact,sensory_artifact,composite_layout,derived_from_synthetic_faf,,derived_or_generated_synthetic,test,18d4885c2263fec2d7d10d3f1a7abfb3389b4343d4e0fec1f14d0328666c6d37,29f8a59dce4344d3c3d5bcc8a0171474bd6e50bc1c0823a4ae0da7e45d8604e7,composite_layout,,generated from held-out ID only; never from train,sensory_artifact,sensory_artifact,sensory_artifact,0.8073161136428648,0.5,composite_layout,composite_layout,0.6789143389990754
images/dissertation_v1/ood/sensory_artifact/composite_layout/artifact_000144_03_composite_layout.png,1,test,synthetic_artifact,sensory_artifact,composite_layout,derived_from_synthetic_faf,,derived_or_generated_synthetic,test,34a541b921711ddf840fc2832f2874eaa5e77f236c482be862979c0062c48c39,28526eafc96040b17551539e608681e59dbf5ee6b68de9f382e4a6658baafac2,composite_layout,,generated from held-out ID only; never from train,sensory_artifact,sensory_artifact,sensory_artifact,0.6319831308100562,0.5,composite_layout,composite_layout,0.4037951450375273
images/dissertation_v1/ood/sensory_artifact/composite_layout/artifact_000145_03_composite_layout.png,1,test,synthetic_artifact,sensory_artifact,composite_layout,derived_from_synthetic_faf,,derived_or_generated_synthetic,test,c4dfd524dd5501bf9b72bbb9d192c27855fd53c713f434b6e86eb0b69c989438,578e6780b90d93dbd87714cf5bf1b0470f458e55596c36959b30ade921980aa8,composite_layout,,generated from held-out ID only; never from train,sensory_artifact,unknown_ood,sensory_artifact,0.4249076512406024,0.5,composite_layout,composite_layout,0.32084693063027353
images/dissertation_v1/ood/sensory_artifact/composite_layout/artifact_000146_03_composite_layout.png,1,test,synthetic_artifact,sensory_artifact,composite_layout,derived_from_synthetic_faf,,derived_or_generated_synthetic,test,2bcdab9bd9df34c06b1c18b9d40c77e2ae5b27edf60ee6dc2bc8bc63f0f2defa,8d5dca178d246415a20ec046eff2a6a1e8cc47537541685f618d66e08c87b448,composite_layout,,generated from held-out ID only; never from train,sensory_artifact,sensory_artifact,sensory_artifact,0.8661614772567938,0.5,composite_layout,composite_layout,0.5670841865227004
images/dissertation_v1/ood/sensory_artifact/composite_layout/artifact_000149_03_composite_layout.png,1,test,synthetic_artifact,sensory_artifact,composite_layout,derived_from_synthetic_faf,,derived_or_generated_synthetic,test,75c353ef768fb12669274161c19a738fff9adf429278a21ab61eab398c67da8a,98ee24975c82a09599460e77e4f5eccf8685da10de785739ae09ab4ed435ff72,composite_layout,,generated from held-out ID only; never from train,sensory_artifact,sensory_artifact,sensory_artifact,0.9052399924833192,0.5,composite_layout,composite_layout,0.4049123542113342
images/dissertation_v1/ood/sensory_artifact/gaussian_noise/artifact_000005_06_gaussian_noise.png,1,test,synthetic_artifact,sensory_artifact,gaussian_noise,derived_from_synthetic_faf,,derived_or_generated_synthetic,test,70653b7616d1d690f819537cadaef6a3ee0bb82a9cf94fc49f06e2ecc33d9b7e,a37d2499bdadac9b672e002cf5b14bc830d68e387c1ea4405083eb6eed030d26,gaussian_noise,,generated from held-out ID only; never from train,sensory_artifact,sensory_artifact,sensory_artifact,0.6363398426740877,0.5,gaussian_noise,rectangle_annotation,0.21194501407818822
images/dissertation_v1/ood/sensory_artifact/gaussian_noise/artifact_000008_06_gaussian_noise.png,1,test,synthetic_artifact,sensory_artifact,gaussian_noise,derived_from_synthetic_faf,,derived_or_generated_synthetic,test,92e312ffde9f36ab83d209545a67688bdc7f884e976ea43b8bfe6a11becd1f7c,e6c4a5d7163b7548a0b47040c1306557f98a486871b94c8da983fdc932729197,gaussian_noise,,generated from held-out ID only; never from train,sensory_artifact,sensory_artifact,sensory_artifact,0.9805382119931122,0.5,gaussian_noise,gaussian_noise,0.2848672339074374
images/dissertation_v1/ood/sensory_artifact/gaussian_noise/artifact_000011_06_gaussian_noise.png,1,test,synthetic_artifact,sensory_artifact,gaussian_noise,derived_from_synthetic_faf,,derived_or_generated_synthetic,test,7c334b1d2bb8cd05a869365679686bb78c39f801360f7927e3b508613a5edf0d,d822b0621f3574fb70a96904005d10d950c5fed12e7f0f1c78edbcb396fbd7ac,gaussian_noise,,generated from held-out ID only; never from train,sensory_artifact,sensory_artifact,sensory_artifact,0.7204135689018651,0.5,gaussian_noise,gaussian_noise,0.4040724642399627
images/dissertation_v1/ood/sensory_artifact/gaussian_noise/artifact_000027_06_gaussian_noise.png,1,test,synthetic_artifact,sensory_artifact,gaussian_noise,derived_from_synthetic_faf,,derived_or_generated_synthetic,test,d707c7d0492839d72614bbc5dcf7fecd7bc762fa1dc42cec5daaa722b7fd0783,d17848e520a3ae00722eb99fa347570a8d433ea459bdccc4cd1875b60916af63,gaussian_noise,,generated from held-out ID only; never from train,sensory_artifact,unknown_ood,sensory_artifact,0.45212230302225903,0.5,gaussian_noise,gaussian_noise,0.26368042554215565
images/dissertation_v1/ood/sensory_artifact/gaussian_noise/artifact_000030_06_gaussian_noise.png,1,test,synthetic_artifact,sensory_artifact,gaussian_noise,derived_from_synthetic_faf,,derived_or_generated_synthetic,test,f6ed57a9b2c24f5a1b26e765b3d6bade7447aa69767936417a6310fb2d71bc14,1abcc3a996b7ea0932243de4f741b523f245b8f81cda49fac05b1a1a0c363278,gaussian_noise,,generated from held-out ID only; never from train,sensory_artifact,sensory_artifact,sensory_artifact,0.9346993731131653,0.5,gaussian_noise,composite_layout,0.4423243104100461
images/dissertation_v1/ood/sensory_artifact/gaussian_noise/artifact_000032_06_gaussian_noise.png,1,test,synthetic_artifact,sensory_artifact,gaussian_noise,derived_from_synthetic_faf,,derived_or_generated_synthetic,test,104676f7d72d15961f5b5759525f1c746f14b19e47ce0d2bfe5f3c88c9517369,cd4f8184a0ffa557274b13b0ea3902f73d674253ac57ec26c12c3c5026cf2b80,gaussian_noise,,generated from held-out ID only; never from train,sensory_artifact,sensory_artifact,sensory_artifact,0.9962919930939936,0.5,gaussian_noise,gaussian_noise,0.489664814210685
images/dissertation_v1/ood/sensory_artifact/gaussian_noise/artifact_000037_06_gaussian_noise.png,1,test,synthetic_artifact,sensory_artifact,gaussian_noise,derived_from_synthetic_faf,,derived_or_generated_synthetic,test,f2037e73fbbdc6085388ef8b58d940bfeebc2fd1a9474ba8de5c478b4cea4843,1d93bc13ac331db7a072736022e31038f869f965793787c53f3d2a57ec76cd8d,gaussian_noise,,generated from held-out ID only; never from train,sensory_artifact,sensory_artifact,sensory_artifact,0.9387649880663096,0.5,gaussian_noise,gaussian_noise,0.39235222429625427
images/dissertation_v1/ood/sensory_artifact/gaussian_noise/artifact_000045_06_gaussian_noise.png,1,test,synthetic_artifact,sensory_artifact,gaussian_noise,derived_from_synthetic_faf,,derived_or_generated_synthetic,test,0c847d2bc5efa3c983eb6cd9ffa4679ce8ed9f0fd6f417fa49837cacff57e36a,0d8179602a20b54a7b76b2646b6ca767cab75446932874d1ef601275c796d6ba,gaussian_noise,,generated from held-out ID only; never from train,sensory_artifact,sensory_artifact,sensory_artifact,0.9455948072627102,0.5,gaussian_noise,composite_layout,0.395728953366622
images/dissertation_v1/ood/sensory_artifact/gaussian_noise/artifact_000052_06_gaussian_noise.png,1,test,synthetic_artifact,sensory_artifact,gaussian_noise,derived_from_synthetic_faf,,derived_or_generated_synthetic,test,834f896bc3d7d25a1df5494a48eec638fb51e2a0fea5b9faaad56f27728ee7c1,cd9af11e8731f9a6b9d13f0180c06c1f60c2ae8a695e16abc6268b79f1026b1e,gaussian_noise,,generated from held-out ID only; never from train,sensory_artifact,sensory_artifact,sensory_artifact,0.9814630701337437,0.5,gaussian_noise,gaussian_noise,0.5205869319917735
images/dissertation_v1/ood/sensory_artifact/gaussian_noise/artifact_000054_06_gaussian_noise.png,1,test,synthetic_artifact,sensory_artifact,gaussian_noise,derived_from_synthetic_faf,,derived_or_generated_synthetic,test,f6c9ac48518100bc9b550d277f9c6b190e6492b1887fe5fac22c11c5532f0ede,f54f3645c72dc3a2c8558dc0200730edd83c26c1adc2e1b5b2dfb6a192f08c5d,gaussian_noise,,generated from held-out ID only; never from train,sensory_artifact,sensory_artifact,sensory_artifact,0.7328664260292519,0.5,gaussian_noise,composite_layout,0.22068463204586483
images/dissertation_v1/ood/sensory_artifact/gaussian_noise/artifact_000055_06_gaussian_noise.png,1,test,synthetic_artifact,sensory_artifact,gaussian_noise,derived_from_synthetic_faf,,derived_or_generated_synthetic,test,f1f896a407e1356bd954b212c18b85789931e5d835e5f05afd2e27a58542e187,bb7ced17f3ce7864da174a6b78b7f34b25cf97ec01c15d5452696207f3063416,gaussian_noise,,generated from held-out ID only; never from train,sensory_artifact,semantic_outlier,semantic_outlier,0.5222318143659395,0.5,gaussian_noise,composite_layout,0.37348608827480106
images/dissertation_v1/ood/sensory_artifact/gaussian_noise/artifact_000058_06_gaussian_noise.png,1,test,synthetic_artifact,sensory_artifact,gaussian_noise,derived_from_synthetic_faf,,derived_or_generated_synthetic,test,437436b7592a0940fbe538b03ddf95ca8c9cea9cac4c4cc9b556f6ff3ac7eb39,1e2992825661100b10f082d608b60f166b2eecdd1dcd52d490128ed1a1ac49f4,gaussian_noise,,generated from held-out ID only; never from train,sensory_artifact,sensory_artifact,sensory_artifact,0.9749098201693832,0.5,gaussian_noise,text_watermark,0.21297980069769015
images/dissertation_v1/ood/sensory_artifact/gaussian_noise/artifact_000059_06_gaussian_noise.png,1,test,synthetic_artifact,sensory_artifact,gaussian_noise,derived_from_synthetic_faf,,derived_or_generated_synthetic,test,c7e5572cfce3d33ca55cae9bbbadbd8a49bc16c7d8e201e022fc82f5681ba71a,2869b22fa7b02533b8e39d46cc06f3f911655ac33a2ad6eb153d8279df5416b4,gaussian_noise,,generated from held-out ID only; never from train,sensory_artifact,sensory_artifact,sensory_artifact,0.8576333649726858,0.5,gaussian_noise,composite_layout,0.2864523729132903
images/dissertation_v1/ood/sensory_artifact/gaussian_noise/artifact_000060_06_gaussian_noise.png,1,test,synthetic_artifact,sensory_artifact,gaussian_noise,derived_from_synthetic_faf,,derived_or_generated_synthetic,test,51ec4c11c5a0dfdabe4716875bc209828fd504ea1c8443a1bf7cc49beb4360ac,3a1a39ff67d065cd684acfd8e796efadd79cc73dbda7ad12dc6627016af7bdfc,gaussian_noise,,generated from held-out ID only; never from train,sensory_artifact,sensory_artifact,sensory_artifact,0.9656904482450481,0.5,gaussian_noise,text_watermark,0.2083763537859375
images/dissertation_v1/ood/sensory_artifact/gaussian_noise/artifact_000064_06_gaussian_noise.png,1,test,synthetic_artifact,sensory_artifact,gaussian_noise,derived_from_synthetic_faf,,derived_or_generated_synthetic,test,36d2f7cae8d47512c747cdd752834c35d26cfb1db496635facf34818e34ce0bd,ed76f75a6431df837a0c96248c6d34a5feb8814386e0bff5e1c0200bdd9bde1c,gaussian_noise,,generated from held-out ID only; never from train,sensory_artifact,modality_shift,modality_shift,0.7052158688511031,0.5,gaussian_noise,colour_fundus,0.182753627552505
images/dissertation_v1/ood/sensory_artifact/gaussian_noise/artifact_000067_06_gaussian_noise.png,1,test,synthetic_artifact,sensory_artifact,gaussian_noise,derived_from_synthetic_faf,,derived_or_generated_synthetic,test,8231c2f4826b6b20d99df03afa86571bd3532d6888ab5cef04cfb7dab8e75bba,4537ee987e4cbb0f7d661f6b948ff440ff86ec102fe5267eab5b4c44a7b75a92,gaussian_noise,,generated from held-out ID only; never from train,sensory_artifact,sensory_artifact,sensory_artifact,0.9921910232481976,0.5,gaussian_noise,gaussian_noise,0.5315931864640495
images/dissertation_v1/ood/sensory_artifact/gaussian_noise/artifact_000069_06_gaussian_noise.png,1,test,synthetic_artifact,sensory_artifact,gaussian_noise,derived_from_synthetic_faf,,derived_or_generated_synthetic,test,92a422b7bd306e3c248cba22e749dc6edff0d7d5e598d07c6a5c8f3693d33ace,085c1b474fee2d6f0ae2e0bc9a953b1ed0e5f7f24e3106a6f47fec651897025f,gaussian_noise,,generated from held-out ID only; never from train,sensory_artifact,sensory_artifact,sensory_artifact,0.8857416627885283,0.5,gaussian_noise,composite_layout,0.41616019379245245
images/dissertation_v1/ood/sensory_artifact/gaussian_noise/artifact_000079_06_gaussian_noise.png,1,test,synthetic_artifact,sensory_artifact,gaussian_noise,derived_from_synthetic_faf,,derived_or_generated_synthetic,test,f3898439809841b7174a8fa69c210a103d114de79077c535066f7c1520af5351,82150b28a408cd90cad8ac33ead707590a8ba8d83cf3038f0788ed2cb27a2f89,gaussian_noise,,generated from held-out ID only; never from train,sensory_artifact,sensory_artifact,sensory_artifact,0.8831091224046825,0.5,gaussian_noise,gaussian_noise,0.4854202830694317
images/dissertation_v1/ood/sensory_artifact/gaussian_noise/artifact_000081_06_gaussian_noise.png,1,test,synthetic_artifact,sensory_artifact,gaussian_noise,derived_from_synthetic_faf,,derived_or_generated_synthetic,test,f743e19782629a1593a214c861f12ad621a44b8fb7a5072a11fa055a9dbeb86b,9c236864c4a7287d1a3842022901afb11f7ce1717d553e2fb931863137eb46fd,gaussian_noise,,generated from held-out ID only; never from train,sensory_artifact,unknown_ood,semantic_outlier,0.395465194994145,0.5,gaussian_noise,gaussian_noise,0.29071178791058233
images/dissertation_v1/ood/sensory_artifact/gaussian_noise/artifact_000082_06_gaussian_noise.png,1,test,synthetic_artifact,sensory_artifact,gaussian_noise,derived_from_synthetic_faf,,derived_or_generated_synthetic,test,f9c08cbeb5bed83fb25f99cdc69f3421ac18f4fe9ade3d8174e2ac7ffdb69c63,5d2c59717f3d4d8170ce1f409aaaf7db80f7ae2685fb909f9db1013ab32d5c49,gaussian_noise,,generated from held-out ID only; never from train,sensory_artifact,sensory_artifact,sensory_artifact,0.9633000762357521,0.5,gaussian_noise,gaussian_noise,0.3980872182165782
images/dissertation_v1/ood/sensory_artifact/gaussian_noise/artifact_000086_06_gaussian_noise.png,1,test,synthetic_artifact,sensory_artifact,gaussian_noise,derived_from_synthetic_faf,,derived_or_generated_synthetic,test,382576d372a3197fd601decc928217fc5ef0c725b60ba6bb7267637b124122c9,31b02edfe736e04e35cd7f7a5b015298b7e2d1e515eab2fffefd23f0d137a0dc,gaussian_noise,,generated from held-out ID only; never from train,sensory_artifact,sensory_artifact,sensory_artifact,0.8789772695496864,0.5,gaussian_noise,composite_layout,0.33765291398237773
images/dissertation_v1/ood/sensory_artifact/gaussian_noise/artifact_000091_06_gaussian_noise.png,1,test,synthetic_artifact,sensory_artifact,gaussian_noise,derived_from_synthetic_faf,,derived_or_generated_synthetic,test,61474fea0701e3828f901f13cd5b52f64fddd6dcd1b848f97cb98487f0d46c09,aad7e429cc48dcdb1988b8ca4ee0525bf04dee268b8380a14b179424300151d6,gaussian_noise,,generated from held-out ID only; never from train,sensory_artifact,sensory_artifact,sensory_artifact,0.6312625313326327,0.5,gaussian_noise,gaussian_noise,0.35869730437928027
images/dissertation_v1/ood/sensory_artifact/gaussian_noise/artifact_000095_06_gaussian_noise.png,1,test,synthetic_artifact,sensory_artifact,gaussian_noise,derived_from_synthetic_faf,,derived_or_generated_synthetic,test,b7b2121f9339b386256398a75cb640ecf73cb546e09ce90f4ff27160c36cf88f,36c01ce75ef8cd22d56a154a5e850c4a421754027b40778b2ec4204014e0ab30,gaussian_noise,,generated from held-out ID only; never from train,sensory_artifact,sensory_artifact,sensory_artifact,0.9289240987573241,0.5,gaussian_noise,gaussian_noise,0.1724210844913749
images/dissertation_v1/ood/sensory_artifact/gaussian_noise/artifact_000105_06_gaussian_noise.png,1,test,synthetic_artifact,sensory_artifact,gaussian_noise,derived_from_synthetic_faf,,derived_or_generated_synthetic,test,09717fecc1844797ce3f9efa548853a6d6ffd3eb6dd9b1bf21836b71df5cda0b,5aeefa494416110fc3806f91b7263e927a7398a19bcbe5c7e6b7e7cc6c626ce9,gaussian_noise,,generated from held-out ID only; never from train,sensory_artifact,sensory_artifact,sensory_artifact,0.802654145498842,0.5,gaussian_noise,gaussian_noise,0.40393474865009305
images/dissertation_v1/ood/sensory_artifact/gaussian_noise/artifact_000122_06_gaussian_noise.png,1,test,synthetic_artifact,sensory_artifact,gaussian_noise,derived_from_synthetic_faf,,derived_or_generated_synthetic,test,70d7d7e53f5c78beb3de1c8e462ede26b74f2b1acaa962b1287a7f59da424d3e,265117c12dd093ed24562953f1f5fb10cc2a9ed74f2fac2312bd6629f939e390,gaussian_noise,,generated from held-out ID only; never from train,sensory_artifact,unknown_ood,sensory_artifact,0.43419637573056846,0.5,gaussian_noise,gaussian_noise,0.29853188852023643
images/dissertation_v1/ood/sensory_artifact/gaussian_noise/artifact_000124_06_gaussian_noise.png,1,test,synthetic_artifact,sensory_artifact,gaussian_noise,derived_from_synthetic_faf,,derived_or_generated_synthetic,test,f9df8c65da41258b26076afa2fcaea65063aa353205cc2628a9811ebb2b0fb86,1357c3ae2f0fba084aeed4a8283c596cb7847421f14f916d7feec6f64869c3b3,gaussian_noise,,generated from held-out ID only; never from train,sensory_artifact,unknown_ood,semantic_outlier,0.3825499166073442,0.5,gaussian_noise,cifar10_natural,0.30816754340266195
images/dissertation_v1/ood/sensory_artifact/gaussian_noise/artifact_000127_06_gaussian_noise.png,1,test,synthetic_artifact,sensory_artifact,gaussian_noise,derived_from_synthetic_faf,,derived_or_generated_synthetic,test,b8dbb68745b9648f47af88bc4d066cc02bfd1066dd8f2097330c3ee25cf87be0,1d9bde0c3df2046a73385263a0f0f6b667dc8fcc40164c4219c812103b6ed89a,gaussian_noise,,generated from held-out ID only; never from train,sensory_artifact,sensory_artifact,sensory_artifact,0.8929205324570813,0.5,gaussian_noise,oct_screenshot,0.13476838626942497
images/dissertation_v1/ood/sensory_artifact/gaussian_noise/artifact_000131_06_gaussian_noise.png,1,test,synthetic_artifact,sensory_artifact,gaussian_noise,derived_from_synthetic_faf,,derived_or_generated_synthetic,test,4f6c860e6ab5e9e46d296dc5bbb20b878a0d76e1a515c261d040245e46c53676,75cdb6a34fef7077b3c995565448dce323f3c26eecab573379d9dfb734a8db7b,gaussian_noise,,generated from held-out ID only; never from train,sensory_artifact,sensory_artifact,sensory_artifact,0.9927289496271605,0.5,gaussian_noise,gaussian_noise,0.3402532657392121
images/dissertation_v1/ood/sensory_artifact/gaussian_noise/artifact_000139_06_gaussian_noise.png,1,test,synthetic_artifact,sensory_artifact,gaussian_noise,derived_from_synthetic_faf,,derived_or_generated_synthetic,test,6664fa4a8736df3a8be30ff31f01cd06632602bdfe96c317fe5a79c98e082d94,4d2d7cfa2ba311c178fa68aa390eb321c4df388e5a907d7f5fa285965d42f64f,gaussian_noise,,generated from held-out ID only; never from train,sensory_artifact,sensory_artifact,sensory_artifact,0.9160099698538734,0.5,gaussian_noise,gaussian_noise,0.37612998198119213
images/dissertation_v1/ood/sensory_artifact/gaussian_noise/artifact_000147_06_gaussian_noise.png,1,test,synthetic_artifact,sensory_artifact,gaussian_noise,derived_from_synthetic_faf,,derived_or_generated_synthetic,test,ebb9cac419d981de4f348138c6dd3aa21faa934e3e4660f1ea3f671d8d46b8e9,2e934d86b1b37029c030e42e88b7112e2b5f81459322644877d85a5593aed347,gaussian_noise,,generated from held-out ID only; never from train,sensory_artifact,sensory_artifact,sensory_artifact,0.9494027056655024,0.5,gaussian_noise,blur_artifact,0.2918914694975219
images/dissertation_v1/ood/sensory_artifact/jpeg_compression/artifact_000015_07_jpeg_compression.png,1,test,synthetic_artifact,sensory_artifact,jpeg_compression,derived_from_synthetic_faf,,derived_or_generated_synthetic,test,ddf389b609a5f06dad1dc739d29024c1a9c30137857c2d0bd03d1ef24fb1b9d0,38fbaedc8df6557c3519716071afbe70dbb54496bc3eda4dbd28443246ef0539,jpeg_compression,,generated from held-out ID only; never from train,sensory_artifact,sensory_artifact,sensory_artifact,0.9499483072084047,0.5,jpeg_compression,blur_artifact,0.37256285724742283
images/dissertation_v1/ood/sensory_artifact/jpeg_compression/artifact_000017_07_jpeg_compression.png,1,test,synthetic_artifact,sensory_artifact,jpeg_compression,derived_from_synthetic_faf,,derived_or_generated_synthetic,test,4a14caa3710dbb59887d0df372a708e6df7f90065ca4989941655f1b58a6a1ba,0861672a24270580387eea90d8f3ddd826a52d63c4428364052dec6bca1959ee,jpeg_compression,,generated from held-out ID only; never from train,sensory_artifact,sensory_artifact,sensory_artifact,0.9865681697043283,0.5,jpeg_compression,blur_artifact,0.2905786979181051
images/dissertation_v1/ood/sensory_artifact/jpeg_compression/artifact_000023_07_jpeg_compression.png,1,test,synthetic_artifact,sensory_artifact,jpeg_compression,derived_from_synthetic_faf,,derived_or_generated_synthetic,test,c08d94ddd4271ffa8e746e62449beb5d50d9f3868d9c558f9a790169a66fb65b,5c5de26e3693925f8d2d12200aa1eb36cf8d4f5713ead728d3a3a64bb8722356,jpeg_compression,,generated from held-out ID only; never from train,sensory_artifact,sensory_artifact,sensory_artifact,0.7846002912171987,0.5,jpeg_compression,blur_artifact,0.20098006626517118
images/dissertation_v1/ood/sensory_artifact/jpeg_compression/artifact_000024_07_jpeg_compression.png,1,test,synthetic_artifact,sensory_artifact,jpeg_compression,derived_from_synthetic_faf,,derived_or_generated_synthetic,test,57c9a92e443d81d479b965674182feb23f97460515d30b7a646cd38892539a7d,c79c1eadd5034a84c31a457a7f29eeab492a16ceab3ae65da8c348f9b42b67dc,jpeg_compression,,generated from held-out ID only; never from train,sensory_artifact,sensory_artifact,sensory_artifact,0.7477819218635794,0.5,jpeg_compression,blur_artifact,0.22429662068689674
images/dissertation_v1/ood/sensory_artifact/jpeg_compression/artifact_000025_07_jpeg_compression.png,1,test,synthetic_artifact,sensory_artifact,jpeg_compression,derived_from_synthetic_faf,,derived_or_generated_synthetic,test,3ec8efebf1b2fcb85b1077fb2e27ad498a7506cfbeebdd24c547afa376af6b20,45014680fe8cc341bc75b645b339be34a404d6394f3bb31ec63a903eff678f67,jpeg_compression,,generated from held-out ID only; never from train,sensory_artifact,sensory_artifact,sensory_artifact,0.9091238592131091,0.5,jpeg_compression,blur_artifact,0.3774714290325406
images/dissertation_v1/ood/sensory_artifact/jpeg_compression/artifact_000028_07_jpeg_compression.png,1,test,synthetic_artifact,sensory_artifact,jpeg_compression,derived_from_synthetic_faf,,derived_or_generated_synthetic,test,4f2386e0685bdb31de6da2d5667772044c71e550d2b839833e0b5158bc26b974,9fa756177a21820bc1bf3ee057de8b0c540d40ca1f6ce62ecbf8b4027efca125,jpeg_compression,,generated from held-out ID only; never from train,sensory_artifact,sensory_artifact,sensory_artifact,0.996594419363448,0.5,jpeg_compression,blur_artifact,0.33582816771602897
images/dissertation_v1/ood/sensory_artifact/jpeg_compression/artifact_000036_07_jpeg_compression.png,1,test,synthetic_artifact,sensory_artifact,jpeg_compression,derived_from_synthetic_faf,,derived_or_generated_synthetic,test,7c9f6d55ea22449b04002253679b40e47fcee2ba70abc3eab81b1af30d49f71c,6ec6209b2791522f0608c0e98d17415b05002c0ab9a4d1fff0df547aa6b1ecab,jpeg_compression,,generated from held-out ID only; never from train,sensory_artifact,sensory_artifact,sensory_artifact,0.9919281828052798,0.5,jpeg_compression,blur_artifact,0.28643395634598107
images/dissertation_v1/ood/sensory_artifact/jpeg_compression/artifact_000037_07_jpeg_compression.png,1,test,synthetic_artifact,sensory_artifact,jpeg_compression,derived_from_synthetic_faf,,derived_or_generated_synthetic,test,e2b82eb4f91e15112bbe4382e17073581abbd5e93b049c83a834981211077866,1d93bc13ac331db7a072736022e31038f869f965793787c53f3d2a57ec76cd8d,jpeg_compression,,generated from held-out ID only; never from train,sensory_artifact,sensory_artifact,sensory_artifact,0.9552149947973853,0.5,jpeg_compression,blur_artifact,0.29591640554509335
images/dissertation_v1/ood/sensory_artifact/jpeg_compression/artifact_000038_07_jpeg_compression.png,1,test,synthetic_artifact,sensory_artifact,jpeg_compression,derived_from_synthetic_faf,,derived_or_generated_synthetic,test,6abd48ee5f4155572aebb31f8a65ee38bde854888472d2bbeb28175c58d18448,8cc0640073e0f9c820b460efc0c58ec7414b7e8df823d5f1c93b38ba793d8902,jpeg_compression,,generated from held-out ID only; never from train,sensory_artifact,sensory_artifact,sensory_artifact,0.9676146305371678,0.5,jpeg_compression,jpeg_compression,0.2689501855211049
images/dissertation_v1/ood/sensory_artifact/jpeg_compression/artifact_000039_07_jpeg_compression.png,1,test,synthetic_artifact,sensory_artifact,jpeg_compression,derived_from_synthetic_faf,,derived_or_generated_synthetic,test,10795b4362c83b4e2db68e4b5028e79ca755193ca4a8ceecdb27d1dd6083399b,43e31a69e1ac562052f9cdbaced1925f36b93985a9d7052f8914674a577bd981,jpeg_compression,,generated from held-out ID only; never from train,sensory_artifact,sensory_artifact,sensory_artifact,0.9092215260632914,0.5,jpeg_compression,arrow_annotation,0.21055462087682483
images/dissertation_v1/ood/sensory_artifact/jpeg_compression/artifact_000041_07_jpeg_compression.png,1,test,synthetic_artifact,sensory_artifact,jpeg_compression,derived_from_synthetic_faf,,derived_or_generated_synthetic,test,4845bc02d96b2ce3ef91f23a56ea6ed91afda7340f7eca8670eae4b736adb2a0,81a78d254ea6b2a2f5a4affbfb96971984508cdd9229061837c581ec353ebdad,jpeg_compression,,generated from held-out ID only; never from train,sensory_artifact,sensory_artifact,sensory_artifact,0.9335855247144048,0.5,jpeg_compression,rectangle_annotation,0.24944718150344924
images/dissertation_v1/ood/sensory_artifact/jpeg_compression/artifact_000044_07_jpeg_compression.png,1,test,synthetic_artifact,sensory_artifact,jpeg_compression,derived_from_synthetic_faf,,derived_or_generated_synthetic,test,eae48e920e5ddd70d497034c773844835b6cd78644f791b15b1e18bcaf20312e,a0fc7b7ace1490826b0bfc495d19e7bc00e13443171428e6b5659b32253005a7,jpeg_compression,,generated from held-out ID only; never from train,sensory_artifact,sensory_artifact,sensory_artifact,0.9527051062948823,0.5,jpeg_compression,jpeg_compression,0.22809746272814904
images/dissertation_v1/ood/sensory_artifact/jpeg_compression/artifact_000050_07_jpeg_compression.png,1,test,synthetic_artifact,sensory_artifact,jpeg_compression,derived_from_synthetic_faf,,derived_or_generated_synthetic,test,e72dea924f90a039988eb02826a64b4d665fdf67cd1ef9476eea473982d55f51,3e2c8579f7265860b011fe747af201935e3621054f77e9ddfe92505744ff4141,jpeg_compression,,generated from held-out ID only; never from train,sensory_artifact,sensory_artifact,sensory_artifact,0.9273088748299854,0.5,jpeg_compression,blur_artifact,0.33701977329955196
images/dissertation_v1/ood/sensory_artifact/jpeg_compression/artifact_000051_07_jpeg_compression.png,1,test,synthetic_artifact,sensory_artifact,jpeg_compression,derived_from_synthetic_faf,,derived_or_generated_synthetic,test,2724d5477584ceda7ac38a44fd4998d0bd124d534ef5740828a1bc173338ea32,d98c4689f08b345b86108e34cac4f9e60ff36db08a9d29d0e3243ca1cf2c6941,jpeg_compression,,generated from held-out ID only; never from train,sensory_artifact,sensory_artifact,sensory_artifact,0.7859895790682014,0.5,jpeg_compression,text_watermark,0.18297371236614096
images/dissertation_v1/ood/sensory_artifact/jpeg_compression/artifact_000063_07_jpeg_compression.png,1,test,synthetic_artifact,sensory_artifact,jpeg_compression,derived_from_synthetic_faf,,derived_or_generated_synthetic,test,c039151193d1fbee32b64720c01e2aabb3f2f718e4055a450c8c660aa2be3fe1,58539b1cc5b2a259e54144a3d7324bd17b5f13ee4782a6a85efdd05699bf6c97,jpeg_compression,,generated from held-out ID only; never from train,sensory_artifact,modality_shift,modality_shift,0.5024326349141707,0.5,jpeg_compression,colour_fundus,0.14124315180714242
images/dissertation_v1/ood/sensory_artifact/jpeg_compression/artifact_000066_07_jpeg_compression.png,1,test,synthetic_artifact,sensory_artifact,jpeg_compression,derived_from_synthetic_faf,,derived_or_generated_synthetic,test,c90baba60725df2ce73e3f81b98dada3c2b2f3a7ca3e4695c5c674bd8fb4fcf3,bb563bc3bd6ec78b7023ed22eaaf1c66956f573f9bed0d4f9eb07fb708f4c884,jpeg_compression,,generated from held-out ID only; never from train,sensory_artifact,sensory_artifact,sensory_artifact,0.8857881037000509,0.5,jpeg_compression,blur_artifact,0.22994366564613736
images/dissertation_v1/ood/sensory_artifact/jpeg_compression/artifact_000067_07_jpeg_compression.png,1,test,synthetic_artifact,sensory_artifact,jpeg_compression,derived_from_synthetic_faf,,derived_or_generated_synthetic,test,29f028ad98aa09388a2633c819bf9ba3dbf5928a300143d6af291b7c1bc73d45,4537ee987e4cbb0f7d661f6b948ff440ff86ec102fe5267eab5b4c44a7b75a92,jpeg_compression,,generated from held-out ID only; never from train,sensory_artifact,sensory_artifact,sensory_artifact,0.991418867866955,0.5,jpeg_compression,blur_artifact,0.39726447940124787
images/dissertation_v1/ood/sensory_artifact/jpeg_compression/artifact_000076_07_jpeg_compression.png,1,test,synthetic_artifact,sensory_artifact,jpeg_compression,derived_from_synthetic_faf,,derived_or_generated_synthetic,test,e84aa6111f8dd9c45f039a57af5ba67b4975df0fb82319efd464c65a808f9fbc,c85bb9fb9937eec3a0f35515011e5ac1382b6995e2ad67861523bd730778ee5c,jpeg_compression,,generated from held-out ID only; never from train,sensory_artifact,sensory_artifact,sensory_artifact,0.7029918224273061,0.5,jpeg_compression,blur_artifact,0.2249896088705096
images/dissertation_v1/ood/sensory_artifact/jpeg_compression/artifact_000077_07_jpeg_compression.png,1,test,synthetic_artifact,sensory_artifact,jpeg_compression,derived_from_synthetic_faf,,derived_or_generated_synthetic,test,75262c7c3099b75740a62c225bc96e0b77c7a273a58d8a270fe1081ca4fb9198,e7627774111ea19b66b882a70a6b4e624d03c580bab2e995417adc97ae618fca,jpeg_compression,,generated from held-out ID only; never from train,sensory_artifact,sensory_artifact,sensory_artifact,0.9694354834106952,0.5,jpeg_compression,text_watermark,0.2554857052121275
images/dissertation_v1/ood/sensory_artifact/jpeg_compression/artifact_000084_07_jpeg_compression.png,1,test,synthetic_artifact,sensory_artifact,jpeg_compression,derived_from_synthetic_faf,,derived_or_generated_synthetic,test,4cf1ccf929410833c6130c06a7d6527edb530a2f847059130ce77942f97e9cf3,78be763eaa256c23ee59dbb43099a704088867a498e0712f9b39fca6e2a1a9e5,jpeg_compression,,generated from held-out ID only; never from train,sensory_artifact,sensory_artifact,sensory_artifact,0.7940537698019984,0.5,jpeg_compression,blur_artifact,0.32971200684005963
images/dissertation_v1/ood/sensory_artifact/jpeg_compression/artifact_000104_07_jpeg_compression.png,1,test,synthetic_artifact,sensory_artifact,jpeg_compression,derived_from_synthetic_faf,,derived_or_generated_synthetic,test,dd8ec69d80a5285050ecc2afdf94d1865a2653bca3d93dd5e68379546f666f02,0bdedd689eb5072ae76a5bc2982fc930589c53a3ea641a9eb81e21b15098d67e,jpeg_compression,,generated from held-out ID only; never from train,sensory_artifact,sensory_artifact,sensory_artifact,0.9795524845656145,0.5,jpeg_compression,blur_artifact,0.41605908122354246
images/dissertation_v1/ood/sensory_artifact/jpeg_compression/artifact_000110_07_jpeg_compression.png,1,test,synthetic_artifact,sensory_artifact,jpeg_compression,derived_from_synthetic_faf,,derived_or_generated_synthetic,test,95d318335382f8d1df3efdfec7ec4a049ddb4838dd3db7ba8d37b20aa7b744eb,fee378e906a17520f332f1acc698a2c84788b70cd2669ff7b40c88519c15f9d4,jpeg_compression,,generated from held-out ID only; never from train,sensory_artifact,sensory_artifact,sensory_artifact,0.9207517850310805,0.5,jpeg_compression,jpeg_compression,0.22331429149999646
images/dissertation_v1/ood/sensory_artifact/jpeg_compression/artifact_000114_07_jpeg_compression.png,1,test,synthetic_artifact,sensory_artifact,jpeg_compression,derived_from_synthetic_faf,,derived_or_generated_synthetic,test,203814bd5561ea0fc34f519f574d784f7aa53d14a1b41fcc6d07ba01d023184f,f899478c2f1d44604649c59e088f1ba582e468bacf515f9dd0249ee2cf16e0bb,jpeg_compression,,generated from held-out ID only; never from train,sensory_artifact,sensory_artifact,sensory_artifact,0.8163108474116421,0.5,jpeg_compression,jpeg_compression,0.2915486343050246
images/dissertation_v1/ood/sensory_artifact/jpeg_compression/artifact_000121_07_jpeg_compression.png,1,test,synthetic_artifact,sensory_artifact,jpeg_compression,derived_from_synthetic_faf,,derived_or_generated_synthetic,test,2bffacae1fadfafe6528498221937909912bb528d3922dc67340ac29192c815f,76663bd120041d5058985d3efa42b23e50de4086393997695a050775c4116f62,jpeg_compression,,generated from held-out ID only; never from train,sensory_artifact,sensory_artifact,sensory_artifact,0.9470591683488873,0.5,jpeg_compression,blur_artifact,0.26094163525092184
images/dissertation_v1/ood/sensory_artifact/jpeg_compression/artifact_000122_07_jpeg_compression.png,1,test,synthetic_artifact,sensory_artifact,jpeg_compression,derived_from_synthetic_faf,,derived_or_generated_synthetic,test,4f8ba8d2c1e4644deb0570c99c0b2498d6b5c69ba524293c866e241dacfa4211,265117c12dd093ed24562953f1f5fb10cc2a9ed74f2fac2312bd6629f939e390,jpeg_compression,,generated from held-out ID only; never from train,sensory_artifact,sensory_artifact,sensory_artifact,0.6127752202645204,0.5,jpeg_compression,text_watermark,0.16523425941905606
images/dissertation_v1/ood/sensory_artifact/jpeg_compression/artifact_000127_07_jpeg_compression.png,1,test,synthetic_artifact,sensory_artifact,jpeg_compression,derived_from_synthetic_faf,,derived_or_generated_synthetic,test,11e734bfeb7cd5cad1b0322c62203fcb0fec95cb03d90290d15322770f45bb41,1d9bde0c3df2046a73385263a0f0f6b667dc8fcc40164c4219c812103b6ed89a,jpeg_compression,,generated from held-out ID only; never from train,sensory_artifact,sensory_artifact,sensory_artifact,0.8605800184369121,0.5,jpeg_compression,border_crop,0.15160019807194852
images/dissertation_v1/ood/sensory_artifact/jpeg_compression/artifact_000133_07_jpeg_compression.png,1,test,synthetic_artifact,sensory_artifact,jpeg_compression,derived_from_synthetic_faf,,derived_or_generated_synthetic,test,f11772a3f0e53feba9a9f5659a81d0233b245072f78aee0ac5d1a054c75b4a3f,4939cf020113c74b587fc51d5a9628f40971fc08f2f4ebf3dc2f55b68a071b16,jpeg_compression,,generated from held-out ID only; never from train,sensory_artifact,sensory_artifact,sensory_artifact,0.9902084349482108,0.5,jpeg_compression,blur_artifact,0.37630941230800646
images/dissertation_v1/ood/sensory_artifact/jpeg_compression/artifact_000140_07_jpeg_compression.png,1,test,synthetic_artifact,sensory_artifact,jpeg_compression,derived_from_synthetic_faf,,derived_or_generated_synthetic,test,c53aa14b31084a45ec664491b33618e051bc77d68ba7ec9f643525e85bff4748,c3e729187cae4fd775b713fa853a2456200b4faab0240643a30ad5594fc62d51,jpeg_compression,,generated from held-out ID only; never from train,sensory_artifact,sensory_artifact,sensory_artifact,0.7875122875105152,0.5,jpeg_compression,arrow_annotation,0.20306819540943455
images/dissertation_v1/ood/sensory_artifact/jpeg_compression/artifact_000142_07_jpeg_compression.png,1,test,synthetic_artifact,sensory_artifact,jpeg_compression,derived_from_synthetic_faf,,derived_or_generated_synthetic,test,1640d90c09e24605d4e668434812cec7f01d8bda06548428c609381b82d143bb,b9b696bd906b4c55bc36c91d9a2b4388150f80bb9b930062cdd275733b118cf0,jpeg_compression,,generated from held-out ID only; never from train,sensory_artifact,sensory_artifact,sensory_artifact,0.8883237391892382,0.5,jpeg_compression,blur_artifact,0.34782993323471245
images/dissertation_v1/ood/sensory_artifact/jpeg_compression/artifact_000146_07_jpeg_compression.png,1,test,synthetic_artifact,sensory_artifact,jpeg_compression,derived_from_synthetic_faf,,derived_or_generated_synthetic,test,2b95435bb0e6b374f5e8a657fbbe6f53a629ead2ac7706b6142491f3134c5443,8d5dca178d246415a20ec046eff2a6a1e8cc47537541685f618d66e08c87b448,jpeg_compression,,generated from held-out ID only; never from train,sensory_artifact,sensory_artifact,sensory_artifact,0.869533568615585,0.5,jpeg_compression,jpeg_compression,0.2830024622226011
images/dissertation_v1/ood/modality_shift/oct_screenshot/oct_screenshot_000001.png,1,test,public_modality_shift,modality_shift,oct_screenshot,prepared_oct_screenshot,,pending_manual_review,test,872b630bccbcd39e86b5d639c76295f8999164c29829ce48cea16d44ecc6a2a4,,,,public/prepared OOD source; verify license before dissertation submission,modality_shift,modality_shift,modality_shift,0.9558674006846185,0.5,oct_screenshot,oct_screenshot,0.7508384198297402
images/dissertation_v1/ood/modality_shift/oct_screenshot/oct_screenshot_000003.png,1,test,public_modality_shift,modality_shift,oct_screenshot,prepared_oct_screenshot,,pending_manual_review,test,074b4b990addabfee240bdd64bc9a249ab3a3be4a2ccdf300563ca61b65f5df6,,,,public/prepared OOD source; verify license before dissertation submission,modality_shift,modality_shift,modality_shift,0.9584167902041681,0.5,oct_screenshot,oct_screenshot,0.7384763220486308
images/dissertation_v1/ood/modality_shift/oct_screenshot/oct_screenshot_000004.png,1,test,public_modality_shift,modality_shift,oct_screenshot,prepared_oct_screenshot,,pending_manual_review,test,04d0b45029571ed0ba37db42e8bed499b1267b2b6692a368ae55703f8acf623a,,,,public/prepared OOD source; verify license before dissertation submission,modality_shift,modality_shift,modality_shift,0.9585427100705887,0.5,oct_screenshot,oct_screenshot,0.7401761024475295
images/dissertation_v1/ood/modality_shift/oct_screenshot/oct_screenshot_000009.png,1,test,public_modality_shift,modality_shift,oct_screenshot,prepared_oct_screenshot,,pending_manual_review,test,89c8debe8096c03b4d3bff81a962af6430b9dd296126e17e7f115f9d9fb47214,,,,public/prepared OOD source; verify license before dissertation submission,modality_shift,modality_shift,modality_shift,0.9519790299708863,0.5,oct_screenshot,oct_screenshot,0.7987835302337258
images/dissertation_v1/ood/modality_shift/oct_screenshot/oct_screenshot_000011.png,1,test,public_modality_shift,modality_shift,oct_screenshot,prepared_oct_screenshot,,pending_manual_review,test,dc9c46bf71d014dcbdac946a6dea16855b73399fd45ffa77d1dde87e1c827ca9,,,,public/prepared OOD source; verify license before dissertation submission,modality_shift,modality_shift,modality_shift,0.9694653880179915,0.5,oct_screenshot,oct_screenshot,0.7730764881316842
images/dissertation_v1/ood/modality_shift/oct_screenshot/oct_screenshot_000013.png,1,test,public_modality_shift,modality_shift,oct_screenshot,prepared_oct_screenshot,,pending_manual_review,test,69a9ac5b2c46c44f14a62493f1f2903ae33aa344d7d5bad9577f26f35967fcd1,,,,public/prepared OOD source; verify license before dissertation submission,modality_shift,modality_shift,modality_shift,0.9649279013660559,0.5,oct_screenshot,oct_screenshot,0.7567956786775482
images/dissertation_v1/ood/modality_shift/oct_screenshot/oct_screenshot_000015.png,1,test,public_modality_shift,modality_shift,oct_screenshot,prepared_oct_screenshot,,pending_manual_review,test,2874c6519a2d8738648a41b789b60d7be2d449022c9288a0741e4912ac45445a,,,,public/prepared OOD source; verify license before dissertation submission,modality_shift,modality_shift,modality_shift,0.9609264849018347,0.5,oct_screenshot,oct_screenshot,0.7439095964307209
images/dissertation_v1/ood/modality_shift/oct_screenshot/oct_screenshot_000048.png,1,test,public_modality_shift,modality_shift,oct_screenshot,prepared_oct_screenshot,,pending_manual_review,test,c9ce57ef8aaba4f101bdf52881bd6633a6d88daae81088492a2dab8dedbd12c4,,,,public/prepared OOD source; verify license before dissertation submission,modality_shift,modality_shift,modality_shift,0.9629722099642923,0.5,oct_screenshot,oct_screenshot,0.8853211054316229
images/dissertation_v1/ood/modality_shift/oct_screenshot/oct_screenshot_000049.png,1,test,public_modality_shift,modality_shift,oct_screenshot,prepared_oct_screenshot,,pending_manual_review,test,6d71e70c0e9f96f2fbeef455b0b36ec5e9bb417f58adddfafb1ffca93196eac6,,,,public/prepared OOD source; verify license before dissertation submission,modality_shift,modality_shift,modality_shift,0.9739039401364481,0.5,oct_screenshot,oct_screenshot,0.7755491688963435
images/dissertation_v1/ood/modality_shift/oct_screenshot/oct_screenshot_000052.png,1,test,public_modality_shift,modality_shift,oct_screenshot,prepared_oct_screenshot,,pending_manual_review,test,06661b7f6becb9405a83d4057eefbe926a30a2ca0fdd62a5ff3fb605a2ff0fd8,,,,public/prepared OOD source; verify license before dissertation submission,modality_shift,modality_shift,modality_shift,0.9710145256943498,0.5,oct_screenshot,oct_screenshot,0.7494405270476415
images/dissertation_v1/ood/modality_shift/oct_screenshot/oct_screenshot_000053.png,1,test,public_modality_shift,modality_shift,oct_screenshot,prepared_oct_screenshot,,pending_manual_review,test,94cf15311e32137d61e0a874fd9d79edd75c64edb17ee4daff94c56b40fd5567,,,,public/prepared OOD source; verify license before dissertation submission,modality_shift,modality_shift,modality_shift,0.9735131686449847,0.5,oct_screenshot,oct_screenshot,0.7704938908852008
images/dissertation_v1/ood/modality_shift/oct_screenshot/oct_screenshot_000054.png,1,test,public_modality_shift,modality_shift,oct_screenshot,prepared_oct_screenshot,,pending_manual_review,test,62909b15805e2faf92058e163dd9be5554a3523d009bf0cd21730409ff6e9037,,,,public/prepared OOD source; verify license before dissertation submission,modality_shift,modality_shift,modality_shift,0.9709204403802186,0.5,oct_screenshot,oct_screenshot,0.7648759570853034
images/dissertation_v1/ood/modality_shift/oct_screenshot/oct_screenshot_000056.png,1,test,public_modality_shift,modality_shift,oct_screenshot,prepared_oct_screenshot,,pending_manual_review,test,a708f8a157fbe6a3f74e4779b41871b1eb23a329e6ce0094c0972bf6f8751835,,,,public/prepared OOD source; verify license before dissertation submission,modality_shift,modality_shift,modality_shift,0.9623103591737512,0.5,oct_screenshot,oct_screenshot,0.688720449788645
images/dissertation_v1/ood/modality_shift/oct_screenshot/oct_screenshot_000065.png,1,test,public_modality_shift,modality_shift,oct_screenshot,prepared_oct_screenshot,,pending_manual_review,test,5fa2cf0a5719c06e71e9bc1eb9035945aa07cc076891e3853cb257c54d2288c2,,,,public/prepared OOD source; verify license before dissertation submission,modality_shift,modality_shift,modality_shift,0.9650803414838531,0.5,oct_screenshot,oct_screenshot,0.7463738819083865
images/dissertation_v1/ood/modality_shift/oct_screenshot/oct_screenshot_000066.png,1,test,public_modality_shift,modality_shift,oct_screenshot,prepared_oct_screenshot,,pending_manual_review,test,a7269849e7bd134b773e296f9603a0126ea394860f1d7565a0d9d03b3b02eb91,,,,public/prepared OOD source; verify license before dissertation submission,modality_shift,modality_shift,modality_shift,0.9665319732158453,0.5,oct_screenshot,oct_screenshot,0.7612702431395572
images/dissertation_v1/ood/modality_shift/oct_screenshot/oct_screenshot_000071.png,1,test,public_modality_shift,modality_shift,oct_screenshot,prepared_oct_screenshot,,pending_manual_review,test,7b697501f7f543701ca1dbb6f2825a2d9bce0c9a6e370a2b5f134e8addcc8b39,,,,public/prepared OOD source; verify license before dissertation submission,modality_shift,modality_shift,modality_shift,0.9573884051995258,0.5,oct_screenshot,oct_screenshot,0.7325840296310254
images/dissertation_v1/ood/modality_shift/oct_screenshot/oct_screenshot_000086.png,1,test,public_modality_shift,modality_shift,oct_screenshot,prepared_oct_screenshot,,pending_manual_review,test,ea1f0b966bb0fef4d478761b1fdde3818cfb3ea396002ae30b0a2d5c8b06d4ea,,,,public/prepared OOD source; verify license before dissertation submission,modality_shift,modality_shift,modality_shift,0.9544409315840034,0.5,oct_screenshot,oct_screenshot,0.7435192000839208
images/dissertation_v1/ood/modality_shift/oct_screenshot/oct_screenshot_000087.png,1,test,public_modality_shift,modality_shift,oct_screenshot,prepared_oct_screenshot,,pending_manual_review,test,57a95042aab7e1827979c24b94588699d4cfec37766046f2512f700c09cb699d,,,,public/prepared OOD source; verify license before dissertation submission,modality_shift,modality_shift,modality_shift,0.9489368248238902,0.5,oct_screenshot,oct_screenshot,0.7195413277021785
images/dissertation_v1/ood/modality_shift/oct_screenshot/oct_screenshot_000089.png,1,test,public_modality_shift,modality_shift,oct_screenshot,prepared_oct_screenshot,,pending_manual_review,test,1b204e117dbef5bbe75871fbf6fa308663ecbf3492242ff6969e18ec5e2fdafc,,,,public/prepared OOD source; verify license before dissertation submission,modality_shift,modality_shift,modality_shift,0.9573541993229752,0.5,oct_screenshot,oct_screenshot,0.7305355991287954
images/dissertation_v1/ood/modality_shift/oct_screenshot/oct_screenshot_000096.png,1,test,public_modality_shift,modality_shift,oct_screenshot,prepared_oct_screenshot,,pending_manual_review,test,8942952d748f8ad6f062ffbfa023220ada246a7861ccea06e1a661ca7e64961b,,,,public/prepared OOD source; verify license before dissertation submission,modality_shift,modality_shift,modality_shift,0.9548429418620105,0.5,oct_screenshot,oct_screenshot,0.7508763489808097
images/dissertation_v1/ood/modality_shift/oct_screenshot/oct_screenshot_000098.png,1,test,public_modality_shift,modality_shift,oct_screenshot,prepared_oct_screenshot,,pending_manual_review,test,cc55219a2dbcc0c8303116ebbbbcb4323e107f1e0cebcd2f91190bbacc98a25e,,,,public/prepared OOD source; verify license before dissertation submission,modality_shift,modality_shift,modality_shift,0.892839639668748,0.5,oct_screenshot,oct_screenshot,0.6953515061672183
images/dissertation_v1/ood/modality_shift/oct_screenshot/oct_screenshot_000101.png,1,test,public_modality_shift,modality_shift,oct_screenshot,prepared_oct_screenshot,,pending_manual_review,test,300c89b1bd695bacc91230748e9848ea60a55597d0c561ac7a83eb74fb750b5b,,,,public/prepared OOD source; verify license before dissertation submission,modality_shift,modality_shift,modality_shift,0.8596210827435466,0.5,oct_screenshot,oct_screenshot,0.6691039832818169
images/dissertation_v1/ood/modality_shift/oct_screenshot/oct_screenshot_000105.png,1,test,public_modality_shift,modality_shift,oct_screenshot,prepared_oct_screenshot,,pending_manual_review,test,1923d6c605d0dfc3c4423278b4a4c24bf645fcfea79835342115548133c149a0,,,,public/prepared OOD source; verify license before dissertation submission,modality_shift,modality_shift,modality_shift,0.8577820502614127,0.5,oct_screenshot,oct_screenshot,0.7494756976289599
images/dissertation_v1/ood/modality_shift/oct_screenshot/oct_screenshot_000107.png,1,test,public_modality_shift,modality_shift,oct_screenshot,prepared_oct_screenshot,,pending_manual_review,test,9efca4a9c7c05feb5b3faf7b39ac4c400851106932f47340608ddc3e8b98644f,,,,public/prepared OOD source; verify license before dissertation submission,modality_shift,modality_shift,modality_shift,0.8706663473318663,0.5,oct_screenshot,oct_screenshot,0.672041693440755
images/dissertation_v1/ood/modality_shift/oct_screenshot/oct_screenshot_000113.png,1,test,public_modality_shift,modality_shift,oct_screenshot,prepared_oct_screenshot,,pending_manual_review,test,20c48f952101109f6de36d0864d3f93807af4bc7a9f46918ecf6b9a45d227b25,,,,public/prepared OOD source; verify license before dissertation submission,modality_shift,modality_shift,modality_shift,0.9054654361737982,0.5,oct_screenshot,oct_screenshot,0.6848053276437578
images/dissertation_v1/ood/modality_shift/oct_screenshot/oct_screenshot_000116.png,1,test,public_modality_shift,modality_shift,oct_screenshot,prepared_oct_screenshot,,pending_manual_review,test,20708ec872ed1e560e6424d8212abfd6687656b042ba565dc6eac42fc1025a6b,,,,public/prepared OOD source; verify license before dissertation submission,modality_shift,modality_shift,modality_shift,0.9426595999384633,0.5,oct_screenshot,oct_screenshot,0.7468828314982823
images/dissertation_v1/ood/modality_shift/oct_screenshot/oct_screenshot_000118.png,1,test,public_modality_shift,modality_shift,oct_screenshot,prepared_oct_screenshot,,pending_manual_review,test,b3b585e9816a1e4bcc1c6f6002577de5ea748fdc237154ad77215ad30a37e4e1,,,,public/prepared OOD source; verify license before dissertation submission,modality_shift,modality_shift,modality_shift,0.9220507439154824,0.5,oct_screenshot,oct_screenshot,0.7445127253496766
images/dissertation_v1/ood/modality_shift/oct_screenshot/oct_screenshot_000120.png,1,test,public_modality_shift,modality_shift,oct_screenshot,prepared_oct_screenshot,,pending_manual_review,test,9af26e68eb948482774b11409e4717dbf893449e029391b9e182858292fd1092,,,,public/prepared OOD source; verify license before dissertation submission,modality_shift,modality_shift,modality_shift,0.9401484455562528,0.5,oct_screenshot,oct_screenshot,0.7438156694559066
images/dissertation_v1/ood/modality_shift/oct_screenshot/oct_screenshot_000127.png,1,test,public_modality_shift,modality_shift,oct_screenshot,prepared_oct_screenshot,,pending_manual_review,test,d7980a8ee957ebc9224fff98ced64acef47cb6c0b28f59a82cc4667de865eada,,,,public/prepared OOD source; verify license before dissertation submission,modality_shift,modality_shift,modality_shift,0.9020742035997121,0.5,oct_screenshot,oct_screenshot,0.7387648396773374
images/dissertation_v1/ood/modality_shift/oct_screenshot/oct_screenshot_000135.png,1,test,public_modality_shift,modality_shift,oct_screenshot,prepared_oct_screenshot,,pending_manual_review,test,eb57801d69ba6a1cea34f95eb020666d78825732b87894b490ca098bf86797bf,,,,public/prepared OOD source; verify license before dissertation submission,modality_shift,modality_shift,modality_shift,0.9503844862370768,0.5,oct_screenshot,oct_screenshot,0.768131622715514
images/dissertation_v1/ood/modality_shift/oct_screenshot/oct_screenshot_000147.png,1,test,public_modality_shift,modality_shift,oct_screenshot,prepared_oct_screenshot,,pending_manual_review,test,c357108acf0bb34c8530834b61d6f4bccd00a384499bf9d9f9b9baedf464b343,,,,public/prepared OOD source; verify license before dissertation submission,modality_shift,unknown_ood,modality_shift,0.4198086498563909,0.5,oct_screenshot,oct_screenshot,0.2535525610160468
images/dissertation_v1/ood/modality_shift/oct_screenshot/oct_screenshot_000153.png,1,test,public_modality_shift,modality_shift,oct_screenshot,prepared_oct_screenshot,,pending_manual_review,test,20d2b63ee7917dacbc70d1a143e7e03be1ed412a970b26e90f75de7d81886a09,,,,public/prepared OOD source; verify license before dissertation submission,modality_shift,sensory_artifact,sensory_artifact,0.5486412018333008,0.5,oct_screenshot,composite_layout,0.21573680109557267
images/dissertation_v1/ood/modality_shift/oct_screenshot/oct_screenshot_000162.png,1,test,public_modality_shift,modality_shift,oct_screenshot,prepared_oct_screenshot,,pending_manual_review,test,9aca81722fa26a3e83a279a1e0b42587d2d5049f4664da54bb0c485283100867,,,,public/prepared OOD source; verify license before dissertation submission,modality_shift,unknown_ood,sensory_artifact,0.41098616753259964,0.5,oct_screenshot,oct_screenshot,0.26088823735940575
images/dissertation_v1/ood/modality_shift/oct_screenshot/oct_screenshot_000176.png,1,test,public_modality_shift,modality_shift,oct_screenshot,prepared_oct_screenshot,,pending_manual_review,test,3c857670e8752dbba8fbad949ec73b962640dfecba832994841b6fbd9c309ad4,,,,public/prepared OOD source; verify license before dissertation submission,modality_shift,sensory_artifact,sensory_artifact,0.50674751924454,0.5,oct_screenshot,oct_screenshot,0.3568929511668985
images/dissertation_v1/ood/modality_shift/oct_screenshot/oct_screenshot_000177.png,1,test,public_modality_shift,modality_shift,oct_screenshot,prepared_oct_screenshot,,pending_manual_review,test,7a728a6d0514c018ae224100ad3ba99bceb6e90bb6b7505ba500e2da5691a734,,,,public/prepared OOD source; verify license before dissertation submission,modality_shift,sensory_artifact,sensory_artifact,0.5994658491917015,0.5,oct_screenshot,oct_screenshot,0.2602948740615765
images/dissertation_v1/ood/modality_shift/oct_screenshot/oct_screenshot_000187.png,1,test,public_modality_shift,modality_shift,oct_screenshot,prepared_oct_screenshot,,pending_manual_review,test,9c8fb6e886111f23e83b7c79bedd3743e58f065c40239f22de2270baf8c417d8,,,,public/prepared OOD source; verify license before dissertation submission,modality_shift,sensory_artifact,sensory_artifact,0.5288648380308172,0.5,oct_screenshot,oct_screenshot,0.33453358472347444
images/dissertation_v1/ood/modality_shift/oct_screenshot/oct_screenshot_000191.png,1,test,public_modality_shift,modality_shift,oct_screenshot,prepared_oct_screenshot,,pending_manual_review,test,93809af735b61d70ce8cc1f0ee5c320d3e7657e144b1b36f7c208e1ef2c29eab,,,,public/prepared OOD source; verify license before dissertation submission,modality_shift,sensory_artifact,sensory_artifact,0.6134277163991092,0.5,oct_screenshot,oct_screenshot,0.23323224752953614
images/dissertation_v1/ood/modality_shift/oct_screenshot/oct_screenshot_000194.png,1,test,public_modality_shift,modality_shift,oct_screenshot,prepared_oct_screenshot,,pending_manual_review,test,f6f26cba7e25b7b0b2076960b5187fb986c44fb335d53b9f7903f0f9e3494e35,,,,public/prepared OOD source; verify license before dissertation submission,modality_shift,sensory_artifact,sensory_artifact,0.594172502750878,0.5,oct_screenshot,oct_screenshot,0.22235058182366424
images/dissertation_v1/ood/modality_shift/oct_screenshot/oct_screenshot_000198.png,1,test,public_modality_shift,modality_shift,oct_screenshot,prepared_oct_screenshot,,pending_manual_review,test,b4efda80347a779a38169b9a40a6e17bccecb8f6ab1b97dc0ebcfcd1ba98bada,,,,public/prepared OOD source; verify license before dissertation submission,modality_shift,modality_shift,modality_shift,0.6603815352836938,0.5,oct_screenshot,oct_screenshot,0.40836911924211045
images/dissertation_v1/ood/modality_shift/oct_screenshot/oct_screenshot_000199.png,1,test,public_modality_shift,modality_shift,oct_screenshot,prepared_oct_screenshot,,pending_manual_review,test,a222162335da5abf5da2801a994d9b494bb5604fcec6ee7bdb79cb363fdd345d,,,,public/prepared OOD source; verify license before dissertation submission,modality_shift,modality_shift,modality_shift,0.697606539435652,0.5,oct_screenshot,oct_screenshot,0.4629343416116514
images/dissertation_v1/ood/sensory_artifact/rectangle_annotation/artifact_000007_01_rectangle_annotation.png,1,test,synthetic_artifact,sensory_artifact,rectangle_annotation,derived_from_synthetic_faf,,derived_or_generated_synthetic,test,b6f9efc4b22a013a870e607b7153f69764a7231bc0f4e917dcd6c933db5280c8,f42ab30d20b276c5fba40818aeb540adbd4fef553ec7196ea828c0a30f5f349f,rectangle_annotation,,generated from held-out ID only; never from train,sensory_artifact,sensory_artifact,sensory_artifact,0.8499676483566984,0.5,rectangle_annotation,rectangle_annotation,0.3756122960493797
images/dissertation_v1/ood/sensory_artifact/rectangle_annotation/artifact_000012_01_rectangle_annotation.png,1,test,synthetic_artifact,sensory_artifact,rectangle_annotation,derived_from_synthetic_faf,,derived_or_generated_synthetic,test,9ea64267b2e5b27016d949f4181e06a397a52640cb3737aa5eb5d60545d47597,d924c9e1fbeb5b22e9ce25fbb30850ed8464394de79d31630d85707afefbd75b,rectangle_annotation,,generated from held-out ID only; never from train,sensory_artifact,sensory_artifact,sensory_artifact,0.767615249764723,0.5,rectangle_annotation,arrow_annotation,0.4130387040203304
images/dissertation_v1/ood/sensory_artifact/rectangle_annotation/artifact_000017_01_rectangle_annotation.png,1,test,synthetic_artifact,sensory_artifact,rectangle_annotation,derived_from_synthetic_faf,,derived_or_generated_synthetic,test,968ac61965afdbc7d0cf137f728137cf3d6c3efcf5132628f31cdb50fbc8dbfb,0861672a24270580387eea90d8f3ddd826a52d63c4428364052dec6bca1959ee,rectangle_annotation,,generated from held-out ID only; never from train,sensory_artifact,sensory_artifact,sensory_artifact,0.826361253965778,0.5,rectangle_annotation,rectangle_annotation,0.3742350706508207
images/dissertation_v1/ood/sensory_artifact/rectangle_annotation/artifact_000018_01_rectangle_annotation.png,1,test,synthetic_artifact,sensory_artifact,rectangle_annotation,derived_from_synthetic_faf,,derived_or_generated_synthetic,test,559e2926d50ea7d787460fd72a0c6288a8496cd76e50f2ab50fb2899f6b31473,fd6fd89f280a24b4873a415a5fc1f7315de7c22e49be7073c6a9348d08c1f07b,rectangle_annotation,,generated from held-out ID only; never from train,sensory_artifact,sensory_artifact,sensory_artifact,0.8135981542014665,0.5,rectangle_annotation,arrow_annotation,0.26771351294074125
images/dissertation_v1/ood/sensory_artifact/rectangle_annotation/artifact_000024_01_rectangle_annotation.png,1,test,synthetic_artifact,sensory_artifact,rectangle_annotation,derived_from_synthetic_faf,,derived_or_generated_synthetic,test,d9a297e58c6e1c8ff0ed8748a895fa4d1df5674786294b69c0cee068ed37ee62,c79c1eadd5034a84c31a457a7f29eeab492a16ceab3ae65da8c348f9b42b67dc,rectangle_annotation,,generated from held-out ID only; never from train,sensory_artifact,sensory_artifact,sensory_artifact,0.5340955124414161,0.5,rectangle_annotation,arrow_annotation,0.23037230464824668
images/dissertation_v1/ood/sensory_artifact/rectangle_annotation/artifact_000027_01_rectangle_annotation.png,1,test,synthetic_artifact,sensory_artifact,rectangle_annotation,derived_from_synthetic_faf,,derived_or_generated_synthetic,test,2b87ca1730a45bbe5d4b185385472b27f8262bbcf92ad4c28eff5ace7aadf17c,d17848e520a3ae00722eb99fa347570a8d433ea459bdccc4cd1875b60916af63,rectangle_annotation,,generated from held-out ID only; never from train,sensory_artifact,modality_shift,modality_shift,0.6768651688709235,0.5,rectangle_annotation,colour_fundus,0.21223087633769258
images/dissertation_v1/ood/sensory_artifact/rectangle_annotation/artifact_000029_01_rectangle_annotation.png,1,test,synthetic_artifact,sensory_artifact,rectangle_annotation,derived_from_synthetic_faf,,derived_or_generated_synthetic,test,c5f5c9458a5a90d142574aaeb5744a4636c1b8bd05611a2ad6b2acf158db32bb,06df7d1f687f8a014291b723a7281d280cf107ae764e77fc64a0958208a42440,rectangle_annotation,,generated from held-out ID only; never from train,sensory_artifact,modality_shift,modality_shift,0.508462444207224,0.5,rectangle_annotation,arrow_annotation,0.21432783451323803
images/dissertation_v1/ood/sensory_artifact/rectangle_annotation/artifact_000034_01_rectangle_annotation.png,1,test,synthetic_artifact,sensory_artifact,rectangle_annotation,derived_from_synthetic_faf,,derived_or_generated_synthetic,test,fdf59f2357379f5dc58b7a59e2a11cc81d578827029cf54afc7606089a9367e8,c6dd7425043cfeb65df2eb62643ca92c65f1cc68ddf4eb024e5e570e98350746,rectangle_annotation,,generated from held-out ID only; never from train,sensory_artifact,modality_shift,modality_shift,0.560366479088245,0.5,rectangle_annotation,arrow_annotation,0.2191723833749299
images/dissertation_v1/ood/sensory_artifact/rectangle_annotation/artifact_000036_01_rectangle_annotation.png,1,test,synthetic_artifact,sensory_artifact,rectangle_annotation,derived_from_synthetic_faf,,derived_or_generated_synthetic,test,400bac00750c98cb601108688199d012244d8ff4b5cd86e8ce199ed7f9fffb58,6ec6209b2791522f0608c0e98d17415b05002c0ab9a4d1fff0df547aa6b1ecab,rectangle_annotation,,generated from held-out ID only; never from train,sensory_artifact,sensory_artifact,sensory_artifact,0.7860565207505291,0.5,rectangle_annotation,rectangle_annotation,0.402899134668879
images/dissertation_v1/ood/sensory_artifact/rectangle_annotation/artifact_000041_01_rectangle_annotation.png,1,test,synthetic_artifact,sensory_artifact,rectangle_annotation,derived_from_synthetic_faf,,derived_or_generated_synthetic,test,e7b50dfef19e47e600e90b08b508ded2d1b900ea706dafbf0083cd31f2960e4d,81a78d254ea6b2a2f5a4affbfb96971984508cdd9229061837c581ec353ebdad,rectangle_annotation,,generated from held-out ID only; never from train,sensory_artifact,sensory_artifact,sensory_artifact,0.8160789636658548,0.5,rectangle_annotation,rectangle_annotation,0.4133428866118595
images/dissertation_v1/ood/sensory_artifact/rectangle_annotation/artifact_000059_01_rectangle_annotation.png,1,test,synthetic_artifact,sensory_artifact,rectangle_annotation,derived_from_synthetic_faf,,derived_or_generated_synthetic,test,3da009134834f41689e932bce061d5059eed5b0a71dfc7f13791ac80d6e69b0e,2869b22fa7b02533b8e39d46cc06f3f911655ac33a2ad6eb153d8279df5416b4,rectangle_annotation,,generated from held-out ID only; never from train,sensory_artifact,sensory_artifact,sensory_artifact,0.8490800794753808,0.5,rectangle_annotation,rectangle_annotation,0.4629489970635923
images/dissertation_v1/ood/sensory_artifact/rectangle_annotation/artifact_000061_01_rectangle_annotation.png,1,test,synthetic_artifact,sensory_artifact,rectangle_annotation,derived_from_synthetic_faf,,derived_or_generated_synthetic,test,5e22a9286c8fa4ec9dbef49da395e9e9df6fc1dff5b8d6d9f71b30b6b8a673d8,12d8af55f0db94152dfed5578d720d5e721370d87553d40e7e89b8d273299636,rectangle_annotation,,generated from held-out ID only; never from train,sensory_artifact,sensory_artifact,sensory_artifact,0.5037278018279745,0.5,rectangle_annotation,arrow_annotation,0.22789340770999642
images/dissertation_v1/ood/sensory_artifact/rectangle_annotation/artifact_000065_01_rectangle_annotation.png,1,test,synthetic_artifact,sensory_artifact,rectangle_annotation,derived_from_synthetic_faf,,derived_or_generated_synthetic,test,93b7cf6dc977eb28b87db572ff02426ebc47d77c9cf751a6865ccb8d9d469465,1460815c49f046447b715c813ef49142cfbdb7f75ab3bd32fcd769d05a3a3d64,rectangle_annotation,,generated from held-out ID only; never from train,sensory_artifact,sensory_artifact,sensory_artifact,0.8019380465279461,0.5,rectangle_annotation,arrow_annotation,0.29287975751799306
images/dissertation_v1/ood/sensory_artifact/rectangle_annotation/artifact_000076_01_rectangle_annotation.png,1,test,synthetic_artifact,sensory_artifact,rectangle_annotation,derived_from_synthetic_faf,,derived_or_generated_synthetic,test,7f2d9a829922bbd659b316fbd16a1561fa82d43ec0266149ba7d4ee84e34d868,c85bb9fb9937eec3a0f35515011e5ac1382b6995e2ad67861523bd730778ee5c,rectangle_annotation,,generated from held-out ID only; never from train,sensory_artifact,sensory_artifact,sensory_artifact,0.5693143876200588,0.5,rectangle_annotation,arrow_annotation,0.2175216797437242
images/dissertation_v1/ood/sensory_artifact/rectangle_annotation/artifact_000082_01_rectangle_annotation.png,1,test,synthetic_artifact,sensory_artifact,rectangle_annotation,derived_from_synthetic_faf,,derived_or_generated_synthetic,test,f882e7ac25e64fd5658427147fedb75ec4b52c522ba63b4b3cefa6403e77c218,5d2c59717f3d4d8170ce1f409aaaf7db80f7ae2685fb909f9db1013ab32d5c49,rectangle_annotation,,generated from held-out ID only; never from train,sensory_artifact,sensory_artifact,sensory_artifact,0.869240226318298,0.5,rectangle_annotation,rectangle_annotation,0.4036424909905357
images/dissertation_v1/ood/sensory_artifact/rectangle_annotation/artifact_000089_01_rectangle_annotation.png,1,test,synthetic_artifact,sensory_artifact,rectangle_annotation,derived_from_synthetic_faf,,derived_or_generated_synthetic,test,e1efa46834dff1877ed65e6c65965e4e39075f086c9aec785d44d59240afd031,b3a3c25e180e7101a1b8c68aaee59031e3cdfca99d012931bf3981f7cf7b3148,rectangle_annotation,,generated from held-out ID only; never from train,sensory_artifact,sensory_artifact,sensory_artifact,0.8408895329765504,0.5,rectangle_annotation,rectangle_annotation,0.44331121503269716
images/dissertation_v1/ood/sensory_artifact/rectangle_annotation/artifact_000091_01_rectangle_annotation.png,1,test,synthetic_artifact,sensory_artifact,rectangle_annotation,derived_from_synthetic_faf,,derived_or_generated_synthetic,test,f3e031475c90015174f52764594cbbc4a5f43f8438cbf033cacf2b1e8c3bb532,aad7e429cc48dcdb1988b8ca4ee0525bf04dee268b8380a14b179424300151d6,rectangle_annotation,,generated from held-out ID only; never from train,sensory_artifact,sensory_artifact,sensory_artifact,0.7764145664769451,0.5,rectangle_annotation,arrow_annotation,0.2696013243822087
images/dissertation_v1/ood/sensory_artifact/rectangle_annotation/artifact_000098_01_rectangle_annotation.png,1,test,synthetic_artifact,sensory_artifact,rectangle_annotation,derived_from_synthetic_faf,,derived_or_generated_synthetic,test,015873460f13944bdb6b8a75f38cbc3fa64bce59f35dba9a7e70191eae7ebedd,ad1776fe9a4a4e0ac6dbc4fc86dc77490335756c571e1cac5c09b465f0c4b535,rectangle_annotation,,generated from held-out ID only; never from train,sensory_artifact,sensory_artifact,sensory_artifact,0.7833184971591833,0.5,rectangle_annotation,rectangle_annotation,0.4124557814747553
images/dissertation_v1/ood/sensory_artifact/rectangle_annotation/artifact_000103_01_rectangle_annotation.png,1,test,synthetic_artifact,sensory_artifact,rectangle_annotation,derived_from_synthetic_faf,,derived_or_generated_synthetic,test,bf498a6d47f010e500e1997d6a8c637704b893b010cde8c7a602c0d05a976ffd,7e4e1f31c25f0a5bf586fe1a8946c76be7d0eef3fb520a018c3782c307394331,rectangle_annotation,,generated from held-out ID only; never from train,sensory_artifact,sensory_artifact,sensory_artifact,0.7974394050571906,0.5,rectangle_annotation,rectangle_annotation,0.4229297682380037
images/dissertation_v1/ood/sensory_artifact/rectangle_annotation/artifact_000112_01_rectangle_annotation.png,1,test,synthetic_artifact,sensory_artifact,rectangle_annotation,derived_from_synthetic_faf,,derived_or_generated_synthetic,test,b13e0c729061a3d77e1062076b678001325d0904fb0279e15cf01ede61bb1be8,0082a17690ee34f87cc084ca701192ff9bc09e65a2103ac1c6ae25c2f6d5afac,rectangle_annotation,,generated from held-out ID only; never from train,sensory_artifact,sensory_artifact,sensory_artifact,0.8892684236439086,0.5,rectangle_annotation,rectangle_annotation,0.3690368747953398
images/dissertation_v1/ood/sensory_artifact/rectangle_annotation/artifact_000114_01_rectangle_annotation.png,1,test,synthetic_artifact,sensory_artifact,rectangle_annotation,derived_from_synthetic_faf,,derived_or_generated_synthetic,test,1d66fa98e73766b1c9f90fc4d8ba88276c3ac798c7035afba2d5e8e07e150aa5,f899478c2f1d44604649c59e088f1ba582e468bacf515f9dd0249ee2cf16e0bb,rectangle_annotation,,generated from held-out ID only; never from train,sensory_artifact,modality_shift,modality_shift,0.5312460709628787,0.5,rectangle_annotation,rectangle_annotation,0.40854969190144147
images/dissertation_v1/ood/sensory_artifact/rectangle_annotation/artifact_000118_01_rectangle_annotation.png,1,test,synthetic_artifact,sensory_artifact,rectangle_annotation,derived_from_synthetic_faf,,derived_or_generated_synthetic,test,7e6bc5f4f46409cc8274facd54daa3a5b96bd7fc4dcc983706cb65619ba87c4d,16a1cc371228bd768eab2f371a75231fdc942e4ef4305c0baa4d1cba546b88bd,rectangle_annotation,,generated from held-out ID only; never from train,sensory_artifact,sensory_artifact,sensory_artifact,0.8707691127702404,0.5,rectangle_annotation,rectangle_annotation,0.425916798784308
images/dissertation_v1/ood/sensory_artifact/rectangle_annotation/artifact_000122_01_rectangle_annotation.png,1,test,synthetic_artifact,sensory_artifact,rectangle_annotation,derived_from_synthetic_faf,,derived_or_generated_synthetic,test,eb802fa37d8e9e96abfb8d83ddd9306f7aa0dee7206c7333f19ebc603f7ceccd,265117c12dd093ed24562953f1f5fb10cc2a9ed74f2fac2312bd6629f939e390,rectangle_annotation,,generated from held-out ID only; never from train,sensory_artifact,sensory_artifact,sensory_artifact,0.5557229541310855,0.5,rectangle_annotation,arrow_annotation,0.221481669967187
images/dissertation_v1/ood/sensory_artifact/rectangle_annotation/artifact_000131_01_rectangle_annotation.png,1,test,synthetic_artifact,sensory_artifact,rectangle_annotation,derived_from_synthetic_faf,,derived_or_generated_synthetic,test,dbd471e92eef335a23390e8533755ea4dfdbef4526789b470a64b0ac0ab9caaf,75cdb6a34fef7077b3c995565448dce323f3c26eecab573379d9dfb734a8db7b,rectangle_annotation,,generated from held-out ID only; never from train,sensory_artifact,sensory_artifact,sensory_artifact,0.8413037350342117,0.5,rectangle_annotation,rectangle_annotation,0.370478136617953
images/dissertation_v1/ood/sensory_artifact/rectangle_annotation/artifact_000132_01_rectangle_annotation.png,1,test,synthetic_artifact,sensory_artifact,rectangle_annotation,derived_from_synthetic_faf,,derived_or_generated_synthetic,test,0405b70c2cff56e18bbe7d97217270bd994f7d15f61de9c2baef0a51220c1a8b,3d935e27dafdbe49c27687fb83e10449e0a19e157734e6fa837e700ba93cefae,rectangle_annotation,,generated from held-out ID only; never from train,sensory_artifact,sensory_artifact,sensory_artifact,0.6712760484975471,0.5,rectangle_annotation,arrow_annotation,0.25463149382942046
images/dissertation_v1/ood/sensory_artifact/rectangle_annotation/artifact_000136_01_rectangle_annotation.png,1,test,synthetic_artifact,sensory_artifact,rectangle_annotation,derived_from_synthetic_faf,,derived_or_generated_synthetic,test,90dc9e9d6ae6e31807c7161628c03d034c59e9daf7e16c20c613b15c039befdd,f2a50ebec8d4c518d3dddfc9a597c3cd31e78cd19d54e81a0d05b6e0154973a6,rectangle_annotation,,generated from held-out ID only; never from train,sensory_artifact,sensory_artifact,sensory_artifact,0.6080536266462786,0.5,rectangle_annotation,arrow_annotation,0.22111903107390649
images/dissertation_v1/ood/sensory_artifact/rectangle_annotation/artifact_000137_01_rectangle_annotation.png,1,test,synthetic_artifact,sensory_artifact,rectangle_annotation,derived_from_synthetic_faf,,derived_or_generated_synthetic,test,9a7d9f6592b12d87c95d15198e6eb1aa46b2b3e09ee1280dfbc886be22cb9fb5,7a794e04216d10b75a621304cc1d0fc7699b12295c58000ad5f0d937c8cafdea,rectangle_annotation,,generated from held-out ID only; never from train,sensory_artifact,sensory_artifact,sensory_artifact,0.8704846089136817,0.5,rectangle_annotation,rectangle_annotation,0.3794607976034025
images/dissertation_v1/ood/sensory_artifact/rectangle_annotation/artifact_000140_01_rectangle_annotation.png,1,test,synthetic_artifact,sensory_artifact,rectangle_annotation,derived_from_synthetic_faf,,derived_or_generated_synthetic,test,be8dd57e0c269203322661885cdbd0578b6949c43ca087b3d2124ccd16bc6056,c3e729187cae4fd775b713fa853a2456200b4faab0240643a30ad5594fc62d51,rectangle_annotation,,generated from held-out ID only; never from train,sensory_artifact,sensory_artifact,sensory_artifact,0.74877754786008,0.5,rectangle_annotation,rectangle_annotation,0.2931263125549776
images/dissertation_v1/ood/sensory_artifact/rectangle_annotation/artifact_000143_01_rectangle_annotation.png,1,test,synthetic_artifact,sensory_artifact,rectangle_annotation,derived_from_synthetic_faf,,derived_or_generated_synthetic,test,c28427662d4fe221c6dcb7eef26c739f4cd0da73abc737bcc868217fb665bcfa,29f8a59dce4344d3c3d5bcc8a0171474bd6e50bc1c0823a4ae0da7e45d8604e7,rectangle_annotation,,generated from held-out ID only; never from train,sensory_artifact,sensory_artifact,sensory_artifact,0.6910956203681233,0.5,rectangle_annotation,rectangle_annotation,0.3587461385533213
images/dissertation_v1/ood/sensory_artifact/rectangle_annotation/artifact_000146_01_rectangle_annotation.png,1,test,synthetic_artifact,sensory_artifact,rectangle_annotation,derived_from_synthetic_faf,,derived_or_generated_synthetic,test,9cd527ce27e3431bc402e32e866efdb16cbcacb971e01f82938be2debf78da07,8d5dca178d246415a20ec046eff2a6a1e8cc47537541685f618d66e08c87b448,rectangle_annotation,,generated from held-out ID only; never from train,sensory_artifact,modality_shift,modality_shift,0.5133970234664896,0.5,rectangle_annotation,rectangle_annotation,0.41579036210898884
images/dissertation_v1/ood/sensory_artifact/text_watermark/artifact_000002_00_text_watermark.png,1,test,synthetic_artifact,sensory_artifact,text_watermark,derived_from_synthetic_faf,,derived_or_generated_synthetic,test,ee8601bb7943376be2101d89c7d50741c85fb317739083e487360a45e2119b82,3fe16ad039a6555522438a9b9dd1a0de6bd787a7001116e06a97b4f034684ba2,text_watermark,,generated from held-out ID only; never from train,sensory_artifact,sensory_artifact,sensory_artifact,0.8452631977595303,0.5,text_watermark,arrow_annotation,0.20960667026779528
images/dissertation_v1/ood/sensory_artifact/text_watermark/artifact_000003_00_text_watermark.png,1,test,synthetic_artifact,sensory_artifact,text_watermark,derived_from_synthetic_faf,,derived_or_generated_synthetic,test,6f1720a1da770300af9f230f74e5b0f0bbe08fd6ee35b0e84b8cfd7cba60fe33,24867463de88a27ed6056975a06b9e4409f987ffdcd4aa9d1894d7af0baf32f5,text_watermark,,generated from held-out ID only; never from train,sensory_artifact,modality_shift,modality_shift,0.5118041316984835,0.5,text_watermark,colour_fundus,0.33064160448094776
images/dissertation_v1/ood/sensory_artifact/text_watermark/artifact_000012_00_text_watermark.png,1,test,synthetic_artifact,sensory_artifact,text_watermark,derived_from_synthetic_faf,,derived_or_generated_synthetic,test,e224c6ccc1375bc376f971c5523a86d8cdf12a5e2096dafda7071c261d37f5d3,d924c9e1fbeb5b22e9ce25fbb30850ed8464394de79d31630d85707afefbd75b,text_watermark,,generated from held-out ID only; never from train,sensory_artifact,sensory_artifact,sensory_artifact,0.986235983813262,0.5,text_watermark,text_watermark,0.2756885276846928
images/dissertation_v1/ood/sensory_artifact/text_watermark/artifact_000013_00_text_watermark.png,1,test,synthetic_artifact,sensory_artifact,text_watermark,derived_from_synthetic_faf,,derived_or_generated_synthetic,test,cbe2f10700063af28b24cc8360296a834e8f6bd2879884c4a4747cb059fdc3e8,0b875e277b8f1482ac5d0457e95fcb05cd77208c0e9e5356f266f98ccab7e3ed,text_watermark,,generated from held-out ID only; never from train,sensory_artifact,sensory_artifact,sensory_artifact,0.7798097953536833,0.5,text_watermark,blur_artifact,0.3002786259868006
images/dissertation_v1/ood/sensory_artifact/text_watermark/artifact_000017_00_text_watermark.png,1,test,synthetic_artifact,sensory_artifact,text_watermark,derived_from_synthetic_faf,,derived_or_generated_synthetic,test,799ed626e57eb53b37645999a45aecf5e98fef480fae7151ec8c6a605ef916fd,0861672a24270580387eea90d8f3ddd826a52d63c4428364052dec6bca1959ee,text_watermark,,generated from held-out ID only; never from train,sensory_artifact,sensory_artifact,sensory_artifact,0.9875556598477053,0.5,text_watermark,blur_artifact,0.30244504969229313
images/dissertation_v1/ood/sensory_artifact/text_watermark/artifact_000020_00_text_watermark.png,1,test,synthetic_artifact,sensory_artifact,text_watermark,derived_from_synthetic_faf,,derived_or_generated_synthetic,test,110741a409ce90e5b9e958626ec8602ea2b0c6f102cb7b419b4536f0bdd4c0a8,5db33929cee5ce3d7b21de926a708da9a1e5e2b0c82a9430eebe1296f81aeaa3,text_watermark,,generated from held-out ID only; never from train,sensory_artifact,sensory_artifact,sensory_artifact,0.7381457333623362,0.5,text_watermark,blur_artifact,0.17855763472008435
images/dissertation_v1/ood/sensory_artifact/text_watermark/artifact_000022_00_text_watermark.png,1,test,synthetic_artifact,sensory_artifact,text_watermark,derived_from_synthetic_faf,,derived_or_generated_synthetic,test,8afb6cee78204f33afc3b35c3dea3f89bbebc235b43a5244c28943a838a9825a,8731067f5bddc9601fe392e35a58da1299a5178ab7dfa27ab0a5fa2737e53dc0,text_watermark,,generated from held-out ID only; never from train,sensory_artifact,sensory_artifact,sensory_artifact,0.9426052084068901,0.5,text_watermark,blur_artifact,0.29762111849180684
images/dissertation_v1/ood/sensory_artifact/text_watermark/artifact_000023_00_text_watermark.png,1,test,synthetic_artifact,sensory_artifact,text_watermark,derived_from_synthetic_faf,,derived_or_generated_synthetic,test,b8f125da442bf9a90b91afcf3776fcc8a384d8ab1fdc1807b7b588572871b594,5c5de26e3693925f8d2d12200aa1eb36cf8d4f5713ead728d3a3a64bb8722356,text_watermark,,generated from held-out ID only; never from train,sensory_artifact,sensory_artifact,sensory_artifact,0.7958754268249759,0.5,text_watermark,blur_artifact,0.2222696142119378
images/dissertation_v1/ood/sensory_artifact/text_watermark/artifact_000027_00_text_watermark.png,1,test,synthetic_artifact,sensory_artifact,text_watermark,derived_from_synthetic_faf,,derived_or_generated_synthetic,test,2ade7fd3d67257e555f11fb6158f07a9a6211eef33a38ffe4d5fe5e7bef33693,d17848e520a3ae00722eb99fa347570a8d433ea459bdccc4cd1875b60916af63,text_watermark,,generated from held-out ID only; never from train,sensory_artifact,unknown_ood,sensory_artifact,0.49420057754177243,0.5,text_watermark,colour_fundus,0.18163441919282644
images/dissertation_v1/ood/sensory_artifact/text_watermark/artifact_000029_00_text_watermark.png,1,test,synthetic_artifact,sensory_artifact,text_watermark,derived_from_synthetic_faf,,derived_or_generated_synthetic,test,8b08c4d62f2889882b077a3456fc7528e8adbdf6271d44c1fd9dbe2e95a1c040,06df7d1f687f8a014291b723a7281d280cf107ae764e77fc64a0958208a42440,text_watermark,,generated from held-out ID only; never from train,sensory_artifact,sensory_artifact,sensory_artifact,0.701572971136962,0.5,text_watermark,blur_artifact,0.2135938558904811
images/dissertation_v1/ood/sensory_artifact/text_watermark/artifact_000032_00_text_watermark.png,1,test,synthetic_artifact,sensory_artifact,text_watermark,derived_from_synthetic_faf,,derived_or_generated_synthetic,test,dc70738b1a8beba6640409e10f58fcbd85448f080c487389391584defaf29f35,cd4f8184a0ffa557274b13b0ea3902f73d674253ac57ec26c12c3c5026cf2b80,text_watermark,,generated from held-out ID only; never from train,sensory_artifact,sensory_artifact,sensory_artifact,0.9689022855530603,0.5,text_watermark,text_watermark,0.2501938510009713
images/dissertation_v1/ood/sensory_artifact/text_watermark/artifact_000043_00_text_watermark.png,1,test,synthetic_artifact,sensory_artifact,text_watermark,derived_from_synthetic_faf,,derived_or_generated_synthetic,test,0bb2a6f5f1579721d54cfec8b501fe2c1b6152608e6ed431ed96988f95269bf2,04e999c3cc47238167c308d410eb7ec5ae292210ef634047c55982b81fa3012d,text_watermark,,generated from held-out ID only; never from train,sensory_artifact,sensory_artifact,sensory_artifact,0.9256455013938616,0.5,text_watermark,jpeg_compression,0.23294261779706443
images/dissertation_v1/ood/sensory_artifact/text_watermark/artifact_000046_00_text_watermark.png,1,test,synthetic_artifact,sensory_artifact,text_watermark,derived_from_synthetic_faf,,derived_or_generated_synthetic,test,a113fc183fb8e3ea1b21e042eb5d6bd6e1587ea205c64444054425b4334614b9,13e2d91e78a8714c322247a847463a3c9b3942269050fac1dac7fa44bf951da6,text_watermark,,generated from held-out ID only; never from train,sensory_artifact,sensory_artifact,sensory_artifact,0.7573279298558558,0.5,text_watermark,arrow_annotation,0.1915953511451875
images/dissertation_v1/ood/sensory_artifact/text_watermark/artifact_000054_00_text_watermark.png,1,test,synthetic_artifact,sensory_artifact,text_watermark,derived_from_synthetic_faf,,derived_or_generated_synthetic,test,f5013af03e74d3f432fac2c6e9793585aa34f3eee18b738814ca8f12822bbc8b,f54f3645c72dc3a2c8558dc0200730edd83c26c1adc2e1b5b2dfb6a192f08c5d,text_watermark,,generated from held-out ID only; never from train,sensory_artifact,sensory_artifact,sensory_artifact,0.8568547890374661,0.5,text_watermark,text_watermark,0.18870561303760724
images/dissertation_v1/ood/sensory_artifact/text_watermark/artifact_000061_00_text_watermark.png,1,test,synthetic_artifact,sensory_artifact,text_watermark,derived_from_synthetic_faf,,derived_or_generated_synthetic,test,0dc6a22d404b474ecc3a388770f0480f82f8530c37eaf2aaebd6878826731640,12d8af55f0db94152dfed5578d720d5e721370d87553d40e7e89b8d273299636,text_watermark,,generated from held-out ID only; never from train,sensory_artifact,sensory_artifact,sensory_artifact,0.7098181240413136,0.5,text_watermark,blur_artifact,0.22377416853723064
images/dissertation_v1/ood/sensory_artifact/text_watermark/artifact_000062_00_text_watermark.png,1,test,synthetic_artifact,sensory_artifact,text_watermark,derived_from_synthetic_faf,,derived_or_generated_synthetic,test,04ead6439ead7fb4c1431c4b264a44110df4607324b54853e0ad978823c8a221,00811fb76c52f5c2bd8a6d96a6c619f11efac29ad5d8de78e863a4026b14a14e,text_watermark,,generated from held-out ID only; never from train,sensory_artifact,sensory_artifact,sensory_artifact,0.964533618760106,0.5,text_watermark,blur_artifact,0.37430849337359595
images/dissertation_v1/ood/sensory_artifact/text_watermark/artifact_000073_00_text_watermark.png,1,test,synthetic_artifact,sensory_artifact,text_watermark,derived_from_synthetic_faf,,derived_or_generated_synthetic,test,71cad6d5bc1004abfbc69d9d36c2b73d20d516265213937a73510e18ad868c48,dcd3f3349f07e1bed7856633db333e4747430455d15c5a8608c54e3f7a1e3d7d,text_watermark,,generated from held-out ID only; never from train,sensory_artifact,sensory_artifact,sensory_artifact,0.9765819922240805,0.5,text_watermark,text_watermark,0.3416102626992564
images/dissertation_v1/ood/sensory_artifact/text_watermark/artifact_000074_00_text_watermark.png,1,test,synthetic_artifact,sensory_artifact,text_watermark,derived_from_synthetic_faf,,derived_or_generated_synthetic,test,cd2737ba6617b53183d1fc63fb69443f772246776b6d3ad2c9cdf2b6b4c88afa,121676a35541005d3f7f769e374c3ffc28e6ae19878fc3c1ecd6709102443fe7,text_watermark,,generated from held-out ID only; never from train,sensory_artifact,sensory_artifact,sensory_artifact,0.6810472625414707,0.5,text_watermark,blur_artifact,0.17733676539869211
images/dissertation_v1/ood/sensory_artifact/text_watermark/artifact_000077_00_text_watermark.png,1,test,synthetic_artifact,sensory_artifact,text_watermark,derived_from_synthetic_faf,,derived_or_generated_synthetic,test,1aeee3e49fb82b55b710b7ada0adef7fb19e47dd1f2f4aea915ae28f205e569b,e7627774111ea19b66b882a70a6b4e624d03c580bab2e995417adc97ae618fca,text_watermark,,generated from held-out ID only; never from train,sensory_artifact,sensory_artifact,sensory_artifact,0.9755517251060076,0.5,text_watermark,text_watermark,0.24166129317267754
images/dissertation_v1/ood/sensory_artifact/text_watermark/artifact_000096_00_text_watermark.png,1,test,synthetic_artifact,sensory_artifact,text_watermark,derived_from_synthetic_faf,,derived_or_generated_synthetic,test,80c13073e87b334df13c3ef17c8681b254e50dfa6ef28eeeb684722baa05d637,618463cdedc1dfd6f8a910f4da6b05226a0546e4ace629eb24575e221d643b5a,text_watermark,,generated from held-out ID only; never from train,sensory_artifact,sensory_artifact,sensory_artifact,0.6738487224862999,0.5,text_watermark,jpeg_compression,0.18954508583866045
images/dissertation_v1/ood/sensory_artifact/text_watermark/artifact_000100_00_text_watermark.png,1,test,synthetic_artifact,sensory_artifact,text_watermark,derived_from_synthetic_faf,,derived_or_generated_synthetic,test,bd8b937ae4f436014a4e4b23184534fc7af5ef1d56d99e13fcc6c22ae9ee90ed,72629a18912da54c8f255baf6b2684e92df9a2ae8daa4964790904e299592680,text_watermark,,generated from held-out ID only; never from train,sensory_artifact,sensory_artifact,sensory_artifact,0.9502474075232992,0.5,text_watermark,text_watermark,0.2565097480482158
images/dissertation_v1/ood/sensory_artifact/text_watermark/artifact_000104_00_text_watermark.png,1,test,synthetic_artifact,sensory_artifact,text_watermark,derived_from_synthetic_faf,,derived_or_generated_synthetic,test,f7ae33fad14c6d0b714f1971a8741f0fd3869d3e5045efb66ff35e8318cde960,0bdedd689eb5072ae76a5bc2982fc930589c53a3ea641a9eb81e21b15098d67e,text_watermark,,generated from held-out ID only; never from train,sensory_artifact,sensory_artifact,sensory_artifact,0.9684705375446693,0.5,text_watermark,blur_artifact,0.36332610661400155
images/dissertation_v1/ood/sensory_artifact/text_watermark/artifact_000109_00_text_watermark.png,1,test,synthetic_artifact,sensory_artifact,text_watermark,derived_from_synthetic_faf,,derived_or_generated_synthetic,test,0ba95f495d3873b72e232ca8bdc25f23b51149393879fae9721927b1d66359f6,34f334303d87d3fece2fa5c693e847b9026173d7beed69537aeda43d5b114c55,text_watermark,,generated from held-out ID only; never from train,sensory_artifact,sensory_artifact,sensory_artifact,0.9800175999203282,0.5,text_watermark,jpeg_compression,0.26277058236892337
images/dissertation_v1/ood/sensory_artifact/text_watermark/artifact_000113_00_text_watermark.png,1,test,synthetic_artifact,sensory_artifact,text_watermark,derived_from_synthetic_faf,,derived_or_generated_synthetic,test,5f69c870eafe9d51e1a71b124fec65b94a02094f4a87522c2aa5fd3a18873903,f0a16dcee05bb93fc69293dec6b37b44edad69ce668e805549309e0aa6a401cc,text_watermark,,generated from held-out ID only; never from train,sensory_artifact,sensory_artifact,sensory_artifact,0.9884706264268409,0.5,text_watermark,text_watermark,0.322460272330743
images/dissertation_v1/ood/sensory_artifact/text_watermark/artifact_000115_00_text_watermark.png,1,test,synthetic_artifact,sensory_artifact,text_watermark,derived_from_synthetic_faf,,derived_or_generated_synthetic,test,a4604532b7c2a5f654a0544c42b5ab9ead064dde3fa904dc36ae1fcc492a65c2,f9dd7c6f3daaf3b557787bcdc1c3ecdd27fc21186ef190f88728218f6cea9bde,text_watermark,,generated from held-out ID only; never from train,sensory_artifact,sensory_artifact,sensory_artifact,0.9569630415699256,0.5,text_watermark,jpeg_compression,0.23646276646582295
images/dissertation_v1/ood/sensory_artifact/text_watermark/artifact_000125_00_text_watermark.png,1,test,synthetic_artifact,sensory_artifact,text_watermark,derived_from_synthetic_faf,,derived_or_generated_synthetic,test,3860415ba31b095ff99086662553a082322b3e964a3b016de1c0343a44e4db90,7d411bc78dd10c916d8f3a829c53247234311a09b970a9f37107e2bee3f88e6f,text_watermark,,generated from held-out ID only; never from train,sensory_artifact,sensory_artifact,sensory_artifact,0.739651175263645,0.5,text_watermark,text_watermark,0.1829707735404504
images/dissertation_v1/ood/sensory_artifact/text_watermark/artifact_000133_00_text_watermark.png,1,test,synthetic_artifact,sensory_artifact,text_watermark,derived_from_synthetic_faf,,derived_or_generated_synthetic,test,ed10ae82f04b211efb455aed67b782e2b5ebe82a8a5a317192f81a61d808756f,4939cf020113c74b587fc51d5a9628f40971fc08f2f4ebf3dc2f55b68a071b16,text_watermark,,generated from held-out ID only; never from train,sensory_artifact,sensory_artifact,sensory_artifact,0.9874153477994523,0.5,text_watermark,text_watermark,0.2617513483120502
images/dissertation_v1/ood/sensory_artifact/text_watermark/artifact_000135_00_text_watermark.png,1,test,synthetic_artifact,sensory_artifact,text_watermark,derived_from_synthetic_faf,,derived_or_generated_synthetic,test,42ea9cf535c13e6484ec0864d69af295e601979c84a678c8c876fb2a28e1b5c3,30954c72a9fb85152713d1ddf07ab06d48566e4f5a9101d121d95a220b380007,text_watermark,,generated from held-out ID only; never from train,sensory_artifact,modality_shift,modality_shift,0.5186603552228596,0.5,text_watermark,colour_fundus,0.20148207426139791
images/dissertation_v1/ood/sensory_artifact/text_watermark/artifact_000137_00_text_watermark.png,1,test,synthetic_artifact,sensory_artifact,text_watermark,derived_from_synthetic_faf,,derived_or_generated_synthetic,test,040e5b2bedf0b0a4de9000869425edd551f1757fe08185e1be15c1760a477216,7a794e04216d10b75a621304cc1d0fc7699b12295c58000ad5f0d937c8cafdea,text_watermark,,generated from held-out ID only; never from train,sensory_artifact,sensory_artifact,sensory_artifact,0.9780985079017495,0.5,text_watermark,blur_artifact,0.23719137686369254
images/dissertation_v1/ood/sensory_artifact/text_watermark/artifact_000144_00_text_watermark.png,1,test,synthetic_artifact,sensory_artifact,text_watermark,derived_from_synthetic_faf,,derived_or_generated_synthetic,test,69e581667c1de50df7f35e29bc23fb8d446a6f65e11ce64c49989c3765a09240,28526eafc96040b17551539e608681e59dbf5ee6b68de9f382e4a6658baafac2,text_watermark,,generated from held-out ID only; never from train,sensory_artifact,sensory_artifact,sensory_artifact,0.8521338369060631,0.5,text_watermark,rectangle_annotation,0.23295899287657634
